WARNING: Keyword 'lookup_table' ignored in calculation 'job_01_10GS_01_ab', it belongs to other interface (lookup)
WARNING: Interface aimnet2 is under development and should be used with care:
         Only basic functionality, no error checks
WARNING: Keyword 'lookup_table' ignored in calculation 'job_01_10GS_01_a', it belongs to other interface (lookup)
WARNING: Keyword 'lookup_table' ignored in calculation 'job_01_10GS_01_b', it belongs to other interface (lookup)
WARNING: Keyword 'lookup_table' ignored in calculation 'job_02_10GS_02_ab', it belongs to other interface (lookup)
WARNING: Keyword 'lookup_table' ignored in calculation 'job_02_10GS_02_a', it belongs to other interface (lookup)
WARNING: Keyword 'lookup_table' ignored in calculation 'job_02_10GS_02_b', it belongs to other interface (lookup)
WARNING: Keyword 'lookup_table' ignored in calculation 'job_03_10GS_03_ab', it belongs to other interface (lookup)
WARNING: Keyword 'lookup_table' ignored in calculation 'job_03_10GS_03_a', it belongs to other interface (lookup)
WARNING: Keyword 'lookup_table' ignored in calculation 'job_03_10GS_03_b', it belongs to other interface (lookup)
WARNING: Keyword 'lookup_table' ignored in calculation 'job_04_10GS_04_ab', it belongs to other interface (lookup)
WARNING: Keyword 'lookup_table' ignored in calculation 'job_04_10GS_04_a', it belongs to other interface (lookup)
WARNING: Keyword 'lookup_table' ignored in calculation 'job_04_10GS_04_b', it belongs to other interface (lookup)
WARNING: Keyword 'lookup_table' ignored in calculation 'job_05_10GS_05_ab', it belongs to other interface (lookup)
WARNING: Keyword 'lookup_table' ignored in calculation 'job_05_10GS_05_a', it belongs to other interface (lookup)
WARNING: Keyword 'lookup_table' ignored in calculation 'job_05_10GS_05_b', it belongs to other interface (lookup)
WARNING: Keyword 'lookup_table' ignored in calculation 'job_06_10GS_06_ab', it belongs to other interface (lookup)
WARNING: Keyword 'lookup_table' ignored in calculation 'job_06_10GS_06_a', it belongs to other interface (lookup)
WARNING: Keyword 'lookup_table' ignored in calculation 'job_06_10GS_06_b', it belongs to other interface (lookup)
WARNING: Keyword 'lookup_table' ignored in calculation 'job_07_10GS_07_ab', it belongs to other interface (lookup)
WARNING: Keyword 'lookup_table' ignored in calculation 'job_07_10GS_07_a', it belongs to other interface (lookup)
WARNING: Keyword 'lookup_table' ignored in calculation 'job_07_10GS_07_b', it belongs to other interface (lookup)
WARNING: Keyword 'lookup_table' ignored in calculation 'job_08_10GS_08_ab', it belongs to other interface (lookup)
WARNING: Keyword 'lookup_table' ignored in calculation 'job_08_10GS_08_a', it belongs to other interface (lookup)
WARNING: Keyword 'lookup_table' ignored in calculation 'job_08_10GS_08_b', it belongs to other interface (lookup)
WARNING: Keyword 'lookup_table' ignored in calculation 'job_09_10GS_09_ab', it belongs to other interface (lookup)
WARNING: Keyword 'lookup_table' ignored in calculation 'job_09_10GS_09_a', it belongs to other interface (lookup)
WARNING: Keyword 'lookup_table' ignored in calculation 'job_09_10GS_09_b', it belongs to other interface (lookup)
WARNING: Keyword 'lookup_table' ignored in calculation 'job_10_10GS_10_ab', it belongs to other interface (lookup)
WARNING: Keyword 'lookup_table' ignored in calculation 'job_10_10GS_10_a', it belongs to other interface (lookup)
WARNING: Keyword 'lookup_table' ignored in calculation 'job_10_10GS_10_b', it belongs to other interface (lookup)
WARNING: Keyword 'lookup_table' ignored in calculation 'job_11_10GS_11_ab', it belongs to other interface (lookup)
WARNING: Keyword 'lookup_table' ignored in calculation 'job_11_10GS_11_a', it belongs to other interface (lookup)
WARNING: Keyword 'lookup_table' ignored in calculation 'job_11_10GS_11_b', it belongs to other interface (lookup)
WARNING: Keyword 'lookup_table' ignored in calculation 'job_12_10GS_12_ab', it belongs to other interface (lookup)
WARNING: Keyword 'lookup_table' ignored in calculation 'job_12_10GS_12_a', it belongs to other interface (lookup)
WARNING: Keyword 'lookup_table' ignored in calculation 'job_12_10GS_12_b', it belongs to other interface (lookup)
WARNING: Keyword 'lookup_table' ignored in calculation 'job_13_10GS_13_ab', it belongs to other interface (lookup)
WARNING: Keyword 'lookup_table' ignored in calculation 'job_13_10GS_13_a', it belongs to other interface (lookup)
WARNING: Keyword 'lookup_table' ignored in calculation 'job_13_10GS_13_b', it belongs to other interface (lookup)
WARNING: Keyword 'lookup_table' ignored in calculation 'job_14_10GS_14_ab', it belongs to other interface (lookup)
WARNING: Keyword 'lookup_table' ignored in calculation 'job_14_10GS_14_a', it belongs to other interface (lookup)
WARNING: Keyword 'lookup_table' ignored in calculation 'job_14_10GS_14_b', it belongs to other interface (lookup)
WARNING: Keyword 'lookup_table' ignored in calculation 'job_15_10GS_15_ab', it belongs to other interface (lookup)
WARNING: Keyword 'lookup_table' ignored in calculation 'job_15_10GS_15_a', it belongs to other interface (lookup)
WARNING: Keyword 'lookup_table' ignored in calculation 'job_15_10GS_15_b', it belongs to other interface (lookup)
WARNING: Keyword 'lookup_table' ignored in calculation 'job_16_10GS_16_ab', it belongs to other interface (lookup)
WARNING: Keyword 'lookup_table' ignored in calculation 'job_16_10GS_16_a', it belongs to other interface (lookup)
WARNING: Keyword 'lookup_table' ignored in calculation 'job_16_10GS_16_b', it belongs to other interface (lookup)
WARNING: Keyword 'lookup_table' ignored in calculation 'job_17_10GS_17_ab', it belongs to other interface (lookup)
WARNING: Keyword 'lookup_table' ignored in calculation 'job_17_10GS_17_a', it belongs to other interface (lookup)
WARNING: Keyword 'lookup_table' ignored in calculation 'job_17_10GS_17_b', it belongs to other interface (lookup)
WARNING: Keyword 'lookup_table' ignored in calculation 'job_18_10GS_18_ab', it belongs to other interface (lookup)
WARNING: Keyword 'lookup_table' ignored in calculation 'job_18_10GS_18_a', it belongs to other interface (lookup)
WARNING: Keyword 'lookup_table' ignored in calculation 'job_18_10GS_18_b', it belongs to other interface (lookup)
WARNING: Keyword 'lookup_table' ignored in calculation 'job_19_10GS_19_ab', it belongs to other interface (lookup)
WARNING: Keyword 'lookup_table' ignored in calculation 'job_19_10GS_19_a', it belongs to other interface (lookup)
WARNING: Keyword 'lookup_table' ignored in calculation 'job_19_10GS_19_b', it belongs to other interface (lookup)
WARNING: Keyword 'lookup_table' ignored in calculation 'job_20_10GS_20_ab', it belongs to other interface (lookup)
WARNING: Keyword 'lookup_table' ignored in calculation 'job_20_10GS_20_a', it belongs to other interface (lookup)
WARNING: Keyword 'lookup_table' ignored in calculation 'job_20_10GS_20_b', it belongs to other interface (lookup)
WARNING: Keyword 'lookup_table' ignored in calculation 'job_21_10GS_21_ab', it belongs to other interface (lookup)
WARNING: Keyword 'lookup_table' ignored in calculation 'job_21_10GS_21_a', it belongs to other interface (lookup)
WARNING: Keyword 'lookup_table' ignored in calculation 'job_21_10GS_21_b', it belongs to other interface (lookup)
WARNING: Keyword 'lookup_table' ignored in calculation 'job_22_10GS_22_ab', it belongs to other interface (lookup)
WARNING: Keyword 'lookup_table' ignored in calculation 'job_22_10GS_22_a', it belongs to other interface (lookup)
WARNING: Keyword 'lookup_table' ignored in calculation 'job_22_10GS_22_b', it belongs to other interface (lookup)
WARNING: Keyword 'lookup_table' ignored in calculation 'job_23_10GS_23_ab', it belongs to other interface (lookup)
WARNING: Keyword 'lookup_table' ignored in calculation 'job_23_10GS_23_a', it belongs to other interface (lookup)
WARNING: Keyword 'lookup_table' ignored in calculation 'job_23_10GS_23_b', it belongs to other interface (lookup)
WARNING: Keyword 'lookup_table' ignored in calculation 'job_24_10GS_24_ab', it belongs to other interface (lookup)
WARNING: Keyword 'lookup_table' ignored in calculation 'job_24_10GS_24_a', it belongs to other interface (lookup)
WARNING: Keyword 'lookup_table' ignored in calculation 'job_24_10GS_24_b', it belongs to other interface (lookup)
WARNING: Keyword 'lookup_table' ignored in calculation 'job_25_10GS_25_ab', it belongs to other interface (lookup)
WARNING: Keyword 'lookup_table' ignored in calculation 'job_25_10GS_25_a', it belongs to other interface (lookup)
WARNING: Keyword 'lookup_table' ignored in calculation 'job_25_10GS_25_b', it belongs to other interface (lookup)
WARNING: Keyword 'lookup_table' ignored in calculation 'job_26_2CET_01_ab', it belongs to other interface (lookup)
WARNING: Keyword 'lookup_table' ignored in calculation 'job_26_2CET_01_a', it belongs to other interface (lookup)
WARNING: Keyword 'lookup_table' ignored in calculation 'job_26_2CET_01_b', it belongs to other interface (lookup)
WARNING: Keyword 'lookup_table' ignored in calculation 'job_27_2CET_02_ab', it belongs to other interface (lookup)
WARNING: Keyword 'lookup_table' ignored in calculation 'job_27_2CET_02_a', it belongs to other interface (lookup)
WARNING: Keyword 'lookup_table' ignored in calculation 'job_27_2CET_02_b', it belongs to other interface (lookup)
WARNING: Keyword 'lookup_table' ignored in calculation 'job_28_2CET_03_ab', it belongs to other interface (lookup)
WARNING: Keyword 'lookup_table' ignored in calculation 'job_28_2CET_03_a', it belongs to other interface (lookup)
WARNING: Keyword 'lookup_table' ignored in calculation 'job_28_2CET_03_b', it belongs to other interface (lookup)
WARNING: Keyword 'lookup_table' ignored in calculation 'job_29_2CET_04_ab', it belongs to other interface (lookup)
WARNING: Keyword 'lookup_table' ignored in calculation 'job_29_2CET_04_a', it belongs to other interface (lookup)
WARNING: Keyword 'lookup_table' ignored in calculation 'job_29_2CET_04_b', it belongs to other interface (lookup)
WARNING: Keyword 'lookup_table' ignored in calculation 'job_30_2CET_05_ab', it belongs to other interface (lookup)
WARNING: Keyword 'lookup_table' ignored in calculation 'job_30_2CET_05_a', it belongs to other interface (lookup)
WARNING: Keyword 'lookup_table' ignored in calculation 'job_30_2CET_05_b', it belongs to other interface (lookup)
WARNING: Keyword 'lookup_table' ignored in calculation 'job_31_2CET_06_ab', it belongs to other interface (lookup)
WARNING: Keyword 'lookup_table' ignored in calculation 'job_31_2CET_06_a', it belongs to other interface (lookup)
WARNING: Keyword 'lookup_table' ignored in calculation 'job_31_2CET_06_b', it belongs to other interface (lookup)
WARNING: Keyword 'lookup_table' ignored in calculation 'job_32_2CET_07_ab', it belongs to other interface (lookup)
WARNING: Keyword 'lookup_table' ignored in calculation 'job_32_2CET_07_a', it belongs to other interface (lookup)
WARNING: Keyword 'lookup_table' ignored in calculation 'job_32_2CET_07_b', it belongs to other interface (lookup)
WARNING: Keyword 'lookup_table' ignored in calculation 'job_33_2CET_08_ab', it belongs to other interface (lookup)
WARNING: Keyword 'lookup_table' ignored in calculation 'job_33_2CET_08_a', it belongs to other interface (lookup)
WARNING: Keyword 'lookup_table' ignored in calculation 'job_33_2CET_08_b', it belongs to other interface (lookup)
WARNING: Keyword 'lookup_table' ignored in calculation 'job_34_2CET_09_ab', it belongs to other interface (lookup)
WARNING: Keyword 'lookup_table' ignored in calculation 'job_34_2CET_09_a', it belongs to other interface (lookup)
WARNING: Keyword 'lookup_table' ignored in calculation 'job_34_2CET_09_b', it belongs to other interface (lookup)
WARNING: Keyword 'lookup_table' ignored in calculation 'job_35_2CET_10_ab', it belongs to other interface (lookup)
WARNING: Keyword 'lookup_table' ignored in calculation 'job_35_2CET_10_a', it belongs to other interface (lookup)
WARNING: Keyword 'lookup_table' ignored in calculation 'job_35_2CET_10_b', it belongs to other interface (lookup)
WARNING: Keyword 'lookup_table' ignored in calculation 'job_36_2CET_11_ab', it belongs to other interface (lookup)
WARNING: Keyword 'lookup_table' ignored in calculation 'job_36_2CET_11_a', it belongs to other interface (lookup)
WARNING: Keyword 'lookup_table' ignored in calculation 'job_36_2CET_11_b', it belongs to other interface (lookup)
WARNING: Keyword 'lookup_table' ignored in calculation 'job_37_2CET_12_ab', it belongs to other interface (lookup)
WARNING: Keyword 'lookup_table' ignored in calculation 'job_37_2CET_12_a', it belongs to other interface (lookup)
WARNING: Keyword 'lookup_table' ignored in calculation 'job_37_2CET_12_b', it belongs to other interface (lookup)
WARNING: Keyword 'lookup_table' ignored in calculation 'job_38_2CET_13_ab', it belongs to other interface (lookup)
WARNING: Keyword 'lookup_table' ignored in calculation 'job_38_2CET_13_a', it belongs to other interface (lookup)
WARNING: Keyword 'lookup_table' ignored in calculation 'job_38_2CET_13_b', it belongs to other interface (lookup)
WARNING: Keyword 'lookup_table' ignored in calculation 'job_39_2CET_14_ab', it belongs to other interface (lookup)
WARNING: Keyword 'lookup_table' ignored in calculation 'job_39_2CET_14_a', it belongs to other interface (lookup)
WARNING: Keyword 'lookup_table' ignored in calculation 'job_39_2CET_14_b', it belongs to other interface (lookup)
WARNING: Keyword 'lookup_table' ignored in calculation 'job_40_2CET_15_ab', it belongs to other interface (lookup)
WARNING: Keyword 'lookup_table' ignored in calculation 'job_40_2CET_15_a', it belongs to other interface (lookup)
WARNING: Keyword 'lookup_table' ignored in calculation 'job_40_2CET_15_b', it belongs to other interface (lookup)
WARNING: Keyword 'lookup_table' ignored in calculation 'job_41_2CET_16_ab', it belongs to other interface (lookup)
WARNING: Keyword 'lookup_table' ignored in calculation 'job_41_2CET_16_a', it belongs to other interface (lookup)
WARNING: Keyword 'lookup_table' ignored in calculation 'job_41_2CET_16_b', it belongs to other interface (lookup)
WARNING: Keyword 'lookup_table' ignored in calculation 'job_42_2CET_17_ab', it belongs to other interface (lookup)
WARNING: Keyword 'lookup_table' ignored in calculation 'job_42_2CET_17_a', it belongs to other interface (lookup)
WARNING: Keyword 'lookup_table' ignored in calculation 'job_42_2CET_17_b', it belongs to other interface (lookup)
WARNING: Keyword 'lookup_table' ignored in calculation 'job_43_2CET_18_ab', it belongs to other interface (lookup)
WARNING: Keyword 'lookup_table' ignored in calculation 'job_43_2CET_18_a', it belongs to other interface (lookup)
WARNING: Keyword 'lookup_table' ignored in calculation 'job_43_2CET_18_b', it belongs to other interface (lookup)
WARNING: Keyword 'lookup_table' ignored in calculation 'job_44_2CET_19_ab', it belongs to other interface (lookup)
WARNING: Keyword 'lookup_table' ignored in calculation 'job_44_2CET_19_a', it belongs to other interface (lookup)
WARNING: Keyword 'lookup_table' ignored in calculation 'job_44_2CET_19_b', it belongs to other interface (lookup)
WARNING: Keyword 'lookup_table' ignored in calculation 'job_45_2CET_20_ab', it belongs to other interface (lookup)
WARNING: Keyword 'lookup_table' ignored in calculation 'job_45_2CET_20_a', it belongs to other interface (lookup)
WARNING: Keyword 'lookup_table' ignored in calculation 'job_45_2CET_20_b', it belongs to other interface (lookup)
WARNING: Keyword 'lookup_table' ignored in calculation 'job_46_2CET_21_ab', it belongs to other interface (lookup)
WARNING: Keyword 'lookup_table' ignored in calculation 'job_46_2CET_21_a', it belongs to other interface (lookup)
WARNING: Keyword 'lookup_table' ignored in calculation 'job_46_2CET_21_b', it belongs to other interface (lookup)
WARNING: Keyword 'lookup_table' ignored in calculation 'job_47_2CET_22_ab', it belongs to other interface (lookup)
WARNING: Keyword 'lookup_table' ignored in calculation 'job_47_2CET_22_a', it belongs to other interface (lookup)
WARNING: Keyword 'lookup_table' ignored in calculation 'job_47_2CET_22_b', it belongs to other interface (lookup)
WARNING: Keyword 'lookup_table' ignored in calculation 'job_48_2CET_23_ab', it belongs to other interface (lookup)
WARNING: Keyword 'lookup_table' ignored in calculation 'job_48_2CET_23_a', it belongs to other interface (lookup)
WARNING: Keyword 'lookup_table' ignored in calculation 'job_48_2CET_23_b', it belongs to other interface (lookup)
WARNING: Keyword 'lookup_table' ignored in calculation 'job_49_2FVD_01_ab', it belongs to other interface (lookup)
WARNING: Keyword 'lookup_table' ignored in calculation 'job_49_2FVD_01_a', it belongs to other interface (lookup)
WARNING: Keyword 'lookup_table' ignored in calculation 'job_49_2FVD_01_b', it belongs to other interface (lookup)
WARNING: Keyword 'lookup_table' ignored in calculation 'job_50_2FVD_02_ab', it belongs to other interface (lookup)
WARNING: Keyword 'lookup_table' ignored in calculation 'job_50_2FVD_02_a', it belongs to other interface (lookup)
WARNING: Keyword 'lookup_table' ignored in calculation 'job_50_2FVD_02_b', it belongs to other interface (lookup)
WARNING: Keyword 'lookup_table' ignored in calculation 'job_51_2FVD_03_ab', it belongs to other interface (lookup)
WARNING: Keyword 'lookup_table' ignored in calculation 'job_51_2FVD_03_a', it belongs to other interface (lookup)
WARNING: Keyword 'lookup_table' ignored in calculation 'job_51_2FVD_03_b', it belongs to other interface (lookup)
WARNING: Keyword 'lookup_table' ignored in calculation 'job_52_2FVD_04_ab', it belongs to other interface (lookup)
WARNING: Keyword 'lookup_table' ignored in calculation 'job_52_2FVD_04_a', it belongs to other interface (lookup)
WARNING: Keyword 'lookup_table' ignored in calculation 'job_52_2FVD_04_b', it belongs to other interface (lookup)
WARNING: Keyword 'lookup_table' ignored in calculation 'job_53_2FVD_05_ab', it belongs to other interface (lookup)
WARNING: Keyword 'lookup_table' ignored in calculation 'job_53_2FVD_05_a', it belongs to other interface (lookup)
WARNING: Keyword 'lookup_table' ignored in calculation 'job_53_2FVD_05_b', it belongs to other interface (lookup)
WARNING: Keyword 'lookup_table' ignored in calculation 'job_54_2FVD_06_ab', it belongs to other interface (lookup)
WARNING: Keyword 'lookup_table' ignored in calculation 'job_54_2FVD_06_a', it belongs to other interface (lookup)
WARNING: Keyword 'lookup_table' ignored in calculation 'job_54_2FVD_06_b', it belongs to other interface (lookup)
WARNING: Keyword 'lookup_table' ignored in calculation 'job_55_2FVD_07_ab', it belongs to other interface (lookup)
WARNING: Keyword 'lookup_table' ignored in calculation 'job_55_2FVD_07_a', it belongs to other interface (lookup)
WARNING: Keyword 'lookup_table' ignored in calculation 'job_55_2FVD_07_b', it belongs to other interface (lookup)
WARNING: Keyword 'lookup_table' ignored in calculation 'job_56_2FVD_08_ab', it belongs to other interface (lookup)
WARNING: Keyword 'lookup_table' ignored in calculation 'job_56_2FVD_08_a', it belongs to other interface (lookup)
WARNING: Keyword 'lookup_table' ignored in calculation 'job_56_2FVD_08_b', it belongs to other interface (lookup)
WARNING: Keyword 'lookup_table' ignored in calculation 'job_57_2FVD_09_ab', it belongs to other interface (lookup)
WARNING: Keyword 'lookup_table' ignored in calculation 'job_57_2FVD_09_a', it belongs to other interface (lookup)
WARNING: Keyword 'lookup_table' ignored in calculation 'job_57_2FVD_09_b', it belongs to other interface (lookup)
WARNING: Keyword 'lookup_table' ignored in calculation 'job_58_2FVD_10_ab', it belongs to other interface (lookup)
WARNING: Keyword 'lookup_table' ignored in calculation 'job_58_2FVD_10_a', it belongs to other interface (lookup)
WARNING: Keyword 'lookup_table' ignored in calculation 'job_58_2FVD_10_b', it belongs to other interface (lookup)
WARNING: Keyword 'lookup_table' ignored in calculation 'job_59_2FVD_11_ab', it belongs to other interface (lookup)
WARNING: Keyword 'lookup_table' ignored in calculation 'job_59_2FVD_11_a', it belongs to other interface (lookup)
WARNING: Keyword 'lookup_table' ignored in calculation 'job_59_2FVD_11_b', it belongs to other interface (lookup)
WARNING: Keyword 'lookup_table' ignored in calculation 'job_60_2FVD_12_ab', it belongs to other interface (lookup)
WARNING: Keyword 'lookup_table' ignored in calculation 'job_60_2FVD_12_a', it belongs to other interface (lookup)
WARNING: Keyword 'lookup_table' ignored in calculation 'job_60_2FVD_12_b', it belongs to other interface (lookup)
WARNING: Keyword 'lookup_table' ignored in calculation 'job_61_2FVD_13_ab', it belongs to other interface (lookup)
WARNING: Keyword 'lookup_table' ignored in calculation 'job_61_2FVD_13_a', it belongs to other interface (lookup)
WARNING: Keyword 'lookup_table' ignored in calculation 'job_61_2FVD_13_b', it belongs to other interface (lookup)
WARNING: Keyword 'lookup_table' ignored in calculation 'job_62_2FVD_14_ab', it belongs to other interface (lookup)
WARNING: Keyword 'lookup_table' ignored in calculation 'job_62_2FVD_14_a', it belongs to other interface (lookup)
WARNING: Keyword 'lookup_table' ignored in calculation 'job_62_2FVD_14_b', it belongs to other interface (lookup)
WARNING: Keyword 'lookup_table' ignored in calculation 'job_63_2FVD_15_ab', it belongs to other interface (lookup)
WARNING: Keyword 'lookup_table' ignored in calculation 'job_63_2FVD_15_a', it belongs to other interface (lookup)
WARNING: Keyword 'lookup_table' ignored in calculation 'job_63_2FVD_15_b', it belongs to other interface (lookup)
WARNING: Keyword 'lookup_table' ignored in calculation 'job_64_2FVD_16_ab', it belongs to other interface (lookup)
WARNING: Keyword 'lookup_table' ignored in calculation 'job_64_2FVD_16_a', it belongs to other interface (lookup)
WARNING: Keyword 'lookup_table' ignored in calculation 'job_64_2FVD_16_b', it belongs to other interface (lookup)
WARNING: Keyword 'lookup_table' ignored in calculation 'job_65_2FVD_17_ab', it belongs to other interface (lookup)
WARNING: Keyword 'lookup_table' ignored in calculation 'job_65_2FVD_17_a', it belongs to other interface (lookup)
WARNING: Keyword 'lookup_table' ignored in calculation 'job_65_2FVD_17_b', it belongs to other interface (lookup)
WARNING: Keyword 'lookup_table' ignored in calculation 'job_66_2FVD_18_ab', it belongs to other interface (lookup)
WARNING: Keyword 'lookup_table' ignored in calculation 'job_66_2FVD_18_a', it belongs to other interface (lookup)
WARNING: Keyword 'lookup_table' ignored in calculation 'job_66_2FVD_18_b', it belongs to other interface (lookup)
WARNING: Keyword 'lookup_table' ignored in calculation 'job_67_2FVD_19_ab', it belongs to other interface (lookup)
WARNING: Keyword 'lookup_table' ignored in calculation 'job_67_2FVD_19_a', it belongs to other interface (lookup)
WARNING: Keyword 'lookup_table' ignored in calculation 'job_67_2FVD_19_b', it belongs to other interface (lookup)
WARNING: Keyword 'lookup_table' ignored in calculation 'job_68_2FVD_20_ab', it belongs to other interface (lookup)
WARNING: Keyword 'lookup_table' ignored in calculation 'job_68_2FVD_20_a', it belongs to other interface (lookup)
WARNING: Keyword 'lookup_table' ignored in calculation 'job_68_2FVD_20_b', it belongs to other interface (lookup)
WARNING: Keyword 'lookup_table' ignored in calculation 'job_69_2FVD_21_ab', it belongs to other interface (lookup)
WARNING: Keyword 'lookup_table' ignored in calculation 'job_69_2FVD_21_a', it belongs to other interface (lookup)
WARNING: Keyword 'lookup_table' ignored in calculation 'job_69_2FVD_21_b', it belongs to other interface (lookup)
WARNING: Keyword 'lookup_table' ignored in calculation 'job_70_2FVD_22_ab', it belongs to other interface (lookup)
WARNING: Keyword 'lookup_table' ignored in calculation 'job_70_2FVD_22_a', it belongs to other interface (lookup)
WARNING: Keyword 'lookup_table' ignored in calculation 'job_70_2FVD_22_b', it belongs to other interface (lookup)
WARNING: Keyword 'lookup_table' ignored in calculation 'job_71_2FVD_23_ab', it belongs to other interface (lookup)
WARNING: Keyword 'lookup_table' ignored in calculation 'job_71_2FVD_23_a', it belongs to other interface (lookup)
WARNING: Keyword 'lookup_table' ignored in calculation 'job_71_2FVD_23_b', it belongs to other interface (lookup)
WARNING: Keyword 'lookup_table' ignored in calculation 'job_72_2FVD_24_ab', it belongs to other interface (lookup)
WARNING: Keyword 'lookup_table' ignored in calculation 'job_72_2FVD_24_a', it belongs to other interface (lookup)
WARNING: Keyword 'lookup_table' ignored in calculation 'job_72_2FVD_24_b', it belongs to other interface (lookup)
WARNING: Keyword 'lookup_table' ignored in calculation 'job_73_2FVD_25_ab', it belongs to other interface (lookup)
WARNING: Keyword 'lookup_table' ignored in calculation 'job_73_2FVD_25_a', it belongs to other interface (lookup)
WARNING: Keyword 'lookup_table' ignored in calculation 'job_73_2FVD_25_b', it belongs to other interface (lookup)
WARNING: Keyword 'lookup_table' ignored in calculation 'job_74_2FVD_26_ab', it belongs to other interface (lookup)
WARNING: Keyword 'lookup_table' ignored in calculation 'job_74_2FVD_26_a', it belongs to other interface (lookup)
WARNING: Keyword 'lookup_table' ignored in calculation 'job_74_2FVD_26_b', it belongs to other interface (lookup)
WARNING: Keyword 'lookup_table' ignored in calculation 'job_75_2FVD_27_ab', it belongs to other interface (lookup)
WARNING: Keyword 'lookup_table' ignored in calculation 'job_75_2FVD_27_a', it belongs to other interface (lookup)
WARNING: Keyword 'lookup_table' ignored in calculation 'job_75_2FVD_27_b', it belongs to other interface (lookup)
WARNING: Keyword 'lookup_table' ignored in calculation 'job_76_2FVD_28_ab', it belongs to other interface (lookup)
WARNING: Keyword 'lookup_table' ignored in calculation 'job_76_2FVD_28_a', it belongs to other interface (lookup)
WARNING: Keyword 'lookup_table' ignored in calculation 'job_76_2FVD_28_b', it belongs to other interface (lookup)
WARNING: Keyword 'lookup_table' ignored in calculation 'job_77_2FVD_29_ab', it belongs to other interface (lookup)
WARNING: Keyword 'lookup_table' ignored in calculation 'job_77_2FVD_29_a', it belongs to other interface (lookup)
WARNING: Keyword 'lookup_table' ignored in calculation 'job_77_2FVD_29_b', it belongs to other interface (lookup)
WARNING: Keyword 'lookup_table' ignored in calculation 'job_78_2FVD_30_ab', it belongs to other interface (lookup)
WARNING: Keyword 'lookup_table' ignored in calculation 'job_78_2FVD_30_a', it belongs to other interface (lookup)
WARNING: Keyword 'lookup_table' ignored in calculation 'job_78_2FVD_30_b', it belongs to other interface (lookup)
WARNING: Keyword 'lookup_table' ignored in calculation 'job_79_2FVD_31_ab', it belongs to other interface (lookup)
WARNING: Keyword 'lookup_table' ignored in calculation 'job_79_2FVD_31_a', it belongs to other interface (lookup)
WARNING: Keyword 'lookup_table' ignored in calculation 'job_79_2FVD_31_b', it belongs to other interface (lookup)
WARNING: Keyword 'lookup_table' ignored in calculation 'job_80_2FVD_32_ab', it belongs to other interface (lookup)
WARNING: Keyword 'lookup_table' ignored in calculation 'job_80_2FVD_32_a', it belongs to other interface (lookup)
WARNING: Keyword 'lookup_table' ignored in calculation 'job_80_2FVD_32_b', it belongs to other interface (lookup)
WARNING: Keyword 'lookup_table' ignored in calculation 'job_81_2FVD_33_ab', it belongs to other interface (lookup)
WARNING: Keyword 'lookup_table' ignored in calculation 'job_81_2FVD_33_a', it belongs to other interface (lookup)
WARNING: Keyword 'lookup_table' ignored in calculation 'job_81_2FVD_33_b', it belongs to other interface (lookup)
WARNING: Keyword 'lookup_table' ignored in calculation 'job_82_2OBF_01_ab', it belongs to other interface (lookup)
WARNING: Keyword 'lookup_table' ignored in calculation 'job_82_2OBF_01_a', it belongs to other interface (lookup)
WARNING: Keyword 'lookup_table' ignored in calculation 'job_82_2OBF_01_b', it belongs to other interface (lookup)
WARNING: Keyword 'lookup_table' ignored in calculation 'job_83_2OBF_02_ab', it belongs to other interface (lookup)
WARNING: Keyword 'lookup_table' ignored in calculation 'job_83_2OBF_02_a', it belongs to other interface (lookup)
WARNING: Keyword 'lookup_table' ignored in calculation 'job_83_2OBF_02_b', it belongs to other interface (lookup)
WARNING: Keyword 'lookup_table' ignored in calculation 'job_84_2OBF_03_ab', it belongs to other interface (lookup)
WARNING: Keyword 'lookup_table' ignored in calculation 'job_84_2OBF_03_a', it belongs to other interface (lookup)
WARNING: Keyword 'lookup_table' ignored in calculation 'job_84_2OBF_03_b', it belongs to other interface (lookup)
WARNING: Keyword 'lookup_table' ignored in calculation 'job_85_2OBF_04_ab', it belongs to other interface (lookup)
WARNING: Keyword 'lookup_table' ignored in calculation 'job_85_2OBF_04_a', it belongs to other interface (lookup)
WARNING: Keyword 'lookup_table' ignored in calculation 'job_85_2OBF_04_b', it belongs to other interface (lookup)
WARNING: Keyword 'lookup_table' ignored in calculation 'job_86_2OBF_05_ab', it belongs to other interface (lookup)
WARNING: Keyword 'lookup_table' ignored in calculation 'job_86_2OBF_05_a', it belongs to other interface (lookup)
WARNING: Keyword 'lookup_table' ignored in calculation 'job_86_2OBF_05_b', it belongs to other interface (lookup)
WARNING: Keyword 'lookup_table' ignored in calculation 'job_87_2OBF_06_ab', it belongs to other interface (lookup)
WARNING: Keyword 'lookup_table' ignored in calculation 'job_87_2OBF_06_a', it belongs to other interface (lookup)
WARNING: Keyword 'lookup_table' ignored in calculation 'job_87_2OBF_06_b', it belongs to other interface (lookup)
WARNING: Keyword 'lookup_table' ignored in calculation 'job_88_2OBF_07_ab', it belongs to other interface (lookup)
WARNING: Keyword 'lookup_table' ignored in calculation 'job_88_2OBF_07_a', it belongs to other interface (lookup)
WARNING: Keyword 'lookup_table' ignored in calculation 'job_88_2OBF_07_b', it belongs to other interface (lookup)
WARNING: Keyword 'lookup_table' ignored in calculation 'job_89_2OBF_08_ab', it belongs to other interface (lookup)
WARNING: Keyword 'lookup_table' ignored in calculation 'job_89_2OBF_08_a', it belongs to other interface (lookup)
WARNING: Keyword 'lookup_table' ignored in calculation 'job_89_2OBF_08_b', it belongs to other interface (lookup)
WARNING: Keyword 'lookup_table' ignored in calculation 'job_90_2OBF_09_ab', it belongs to other interface (lookup)
WARNING: Keyword 'lookup_table' ignored in calculation 'job_90_2OBF_09_a', it belongs to other interface (lookup)
WARNING: Keyword 'lookup_table' ignored in calculation 'job_90_2OBF_09_b', it belongs to other interface (lookup)
WARNING: Keyword 'lookup_table' ignored in calculation 'job_91_2OBF_10_ab', it belongs to other interface (lookup)
WARNING: Keyword 'lookup_table' ignored in calculation 'job_91_2OBF_10_a', it belongs to other interface (lookup)
WARNING: Keyword 'lookup_table' ignored in calculation 'job_91_2OBF_10_b', it belongs to other interface (lookup)
WARNING: Keyword 'lookup_table' ignored in calculation 'job_92_2OBF_11_ab', it belongs to other interface (lookup)
WARNING: Keyword 'lookup_table' ignored in calculation 'job_92_2OBF_11_a', it belongs to other interface (lookup)
WARNING: Keyword 'lookup_table' ignored in calculation 'job_92_2OBF_11_b', it belongs to other interface (lookup)
WARNING: Keyword 'lookup_table' ignored in calculation 'job_93_2OBF_12_ab', it belongs to other interface (lookup)
WARNING: Keyword 'lookup_table' ignored in calculation 'job_93_2OBF_12_a', it belongs to other interface (lookup)
WARNING: Keyword 'lookup_table' ignored in calculation 'job_93_2OBF_12_b', it belongs to other interface (lookup)
WARNING: Keyword 'lookup_table' ignored in calculation 'job_94_2OBF_13_ab', it belongs to other interface (lookup)
WARNING: Keyword 'lookup_table' ignored in calculation 'job_94_2OBF_13_a', it belongs to other interface (lookup)
WARNING: Keyword 'lookup_table' ignored in calculation 'job_94_2OBF_13_b', it belongs to other interface (lookup)
WARNING: Keyword 'lookup_table' ignored in calculation 'job_95_2OBF_14_ab', it belongs to other interface (lookup)
WARNING: Keyword 'lookup_table' ignored in calculation 'job_95_2OBF_14_a', it belongs to other interface (lookup)
WARNING: Keyword 'lookup_table' ignored in calculation 'job_95_2OBF_14_b', it belongs to other interface (lookup)
WARNING: Keyword 'lookup_table' ignored in calculation 'job_96_2OBF_15_ab', it belongs to other interface (lookup)
WARNING: Keyword 'lookup_table' ignored in calculation 'job_96_2OBF_15_a', it belongs to other interface (lookup)
WARNING: Keyword 'lookup_table' ignored in calculation 'job_96_2OBF_15_b', it belongs to other interface (lookup)
WARNING: Keyword 'lookup_table' ignored in calculation 'job_97_2OBF_16_ab', it belongs to other interface (lookup)
WARNING: Keyword 'lookup_table' ignored in calculation 'job_97_2OBF_16_a', it belongs to other interface (lookup)
WARNING: Keyword 'lookup_table' ignored in calculation 'job_97_2OBF_16_b', it belongs to other interface (lookup)
WARNING: Keyword 'lookup_table' ignored in calculation 'job_98_2OBF_17_ab', it belongs to other interface (lookup)
WARNING: Keyword 'lookup_table' ignored in calculation 'job_98_2OBF_17_a', it belongs to other interface (lookup)
WARNING: Keyword 'lookup_table' ignored in calculation 'job_98_2OBF_17_b', it belongs to other interface (lookup)
WARNING: Keyword 'lookup_table' ignored in calculation 'job_99_2OBF_18_ab', it belongs to other interface (lookup)
WARNING: Keyword 'lookup_table' ignored in calculation 'job_99_2OBF_18_a', it belongs to other interface (lookup)
WARNING: Keyword 'lookup_table' ignored in calculation 'job_99_2OBF_18_b', it belongs to other interface (lookup)
WARNING: Keyword 'lookup_table' ignored in calculation 'job_100_2OBF_19_ab', it belongs to other interface (lookup)
WARNING: Keyword 'lookup_table' ignored in calculation 'job_100_2OBF_19_a', it belongs to other interface (lookup)
WARNING: Keyword 'lookup_table' ignored in calculation 'job_100_2OBF_19_b', it belongs to other interface (lookup)
WARNING: Keyword 'lookup_table' ignored in calculation 'job_101_2OBF_20_ab', it belongs to other interface (lookup)
WARNING: Keyword 'lookup_table' ignored in calculation 'job_101_2OBF_20_a', it belongs to other interface (lookup)
WARNING: Keyword 'lookup_table' ignored in calculation 'job_101_2OBF_20_b', it belongs to other interface (lookup)
WARNING: Keyword 'lookup_table' ignored in calculation 'job_102_2OBF_21_ab', it belongs to other interface (lookup)
WARNING: Keyword 'lookup_table' ignored in calculation 'job_102_2OBF_21_a', it belongs to other interface (lookup)
WARNING: Keyword 'lookup_table' ignored in calculation 'job_102_2OBF_21_b', it belongs to other interface (lookup)
WARNING: Keyword 'lookup_table' ignored in calculation 'job_103_2OBF_22_ab', it belongs to other interface (lookup)
WARNING: Keyword 'lookup_table' ignored in calculation 'job_103_2OBF_22_a', it belongs to other interface (lookup)
WARNING: Keyword 'lookup_table' ignored in calculation 'job_103_2OBF_22_b', it belongs to other interface (lookup)
WARNING: Keyword 'lookup_table' ignored in calculation 'job_104_2OBF_23_ab', it belongs to other interface (lookup)
WARNING: Keyword 'lookup_table' ignored in calculation 'job_104_2OBF_23_a', it belongs to other interface (lookup)
WARNING: Keyword 'lookup_table' ignored in calculation 'job_104_2OBF_23_b', it belongs to other interface (lookup)
WARNING: Keyword 'lookup_table' ignored in calculation 'job_105_2OBF_24_ab', it belongs to other interface (lookup)
WARNING: Keyword 'lookup_table' ignored in calculation 'job_105_2OBF_24_a', it belongs to other interface (lookup)
WARNING: Keyword 'lookup_table' ignored in calculation 'job_105_2OBF_24_b', it belongs to other interface (lookup)
WARNING: Keyword 'lookup_table' ignored in calculation 'job_106_2OBF_25_ab', it belongs to other interface (lookup)
WARNING: Keyword 'lookup_table' ignored in calculation 'job_106_2OBF_25_a', it belongs to other interface (lookup)
WARNING: Keyword 'lookup_table' ignored in calculation 'job_106_2OBF_25_b', it belongs to other interface (lookup)
WARNING: Keyword 'lookup_table' ignored in calculation 'job_107_2OBF_26_ab', it belongs to other interface (lookup)
WARNING: Keyword 'lookup_table' ignored in calculation 'job_107_2OBF_26_a', it belongs to other interface (lookup)
WARNING: Keyword 'lookup_table' ignored in calculation 'job_107_2OBF_26_b', it belongs to other interface (lookup)
WARNING: Keyword 'lookup_table' ignored in calculation 'job_108_2OBF_27_ab', it belongs to other interface (lookup)
WARNING: Keyword 'lookup_table' ignored in calculation 'job_108_2OBF_27_a', it belongs to other interface (lookup)
WARNING: Keyword 'lookup_table' ignored in calculation 'job_108_2OBF_27_b', it belongs to other interface (lookup)
WARNING: Keyword 'lookup_table' ignored in calculation 'job_109_2OBF_28_ab', it belongs to other interface (lookup)
WARNING: Keyword 'lookup_table' ignored in calculation 'job_109_2OBF_28_a', it belongs to other interface (lookup)
WARNING: Keyword 'lookup_table' ignored in calculation 'job_109_2OBF_28_b', it belongs to other interface (lookup)
WARNING: Keyword 'lookup_table' ignored in calculation 'job_110_2OBF_29_ab', it belongs to other interface (lookup)
WARNING: Keyword 'lookup_table' ignored in calculation 'job_110_2OBF_29_a', it belongs to other interface (lookup)
WARNING: Keyword 'lookup_table' ignored in calculation 'job_110_2OBF_29_b', it belongs to other interface (lookup)
WARNING: Keyword 'lookup_table' ignored in calculation 'job_111_2OBF_30_ab', it belongs to other interface (lookup)
WARNING: Keyword 'lookup_table' ignored in calculation 'job_111_2OBF_30_a', it belongs to other interface (lookup)
WARNING: Keyword 'lookup_table' ignored in calculation 'job_111_2OBF_30_b', it belongs to other interface (lookup)
WARNING: Keyword 'lookup_table' ignored in calculation 'job_112_2OBF_31_ab', it belongs to other interface (lookup)
WARNING: Keyword 'lookup_table' ignored in calculation 'job_112_2OBF_31_a', it belongs to other interface (lookup)
WARNING: Keyword 'lookup_table' ignored in calculation 'job_112_2OBF_31_b', it belongs to other interface (lookup)
WARNING: Keyword 'lookup_table' ignored in calculation 'job_113_2OBF_32_ab', it belongs to other interface (lookup)
WARNING: Keyword 'lookup_table' ignored in calculation 'job_113_2OBF_32_a', it belongs to other interface (lookup)
WARNING: Keyword 'lookup_table' ignored in calculation 'job_113_2OBF_32_b', it belongs to other interface (lookup)
WARNING: Keyword 'lookup_table' ignored in calculation 'job_114_2OBF_33_ab', it belongs to other interface (lookup)
WARNING: Keyword 'lookup_table' ignored in calculation 'job_114_2OBF_33_a', it belongs to other interface (lookup)
WARNING: Keyword 'lookup_table' ignored in calculation 'job_114_2OBF_33_b', it belongs to other interface (lookup)
WARNING: Keyword 'lookup_table' ignored in calculation 'job_115_2P4Y_01_ab', it belongs to other interface (lookup)
WARNING: Keyword 'lookup_table' ignored in calculation 'job_115_2P4Y_01_a', it belongs to other interface (lookup)
WARNING: Keyword 'lookup_table' ignored in calculation 'job_115_2P4Y_01_b', it belongs to other interface (lookup)
WARNING: Keyword 'lookup_table' ignored in calculation 'job_116_2P4Y_02_ab', it belongs to other interface (lookup)
WARNING: Keyword 'lookup_table' ignored in calculation 'job_116_2P4Y_02_a', it belongs to other interface (lookup)
WARNING: Keyword 'lookup_table' ignored in calculation 'job_116_2P4Y_02_b', it belongs to other interface (lookup)
WARNING: Keyword 'lookup_table' ignored in calculation 'job_117_2P4Y_03_ab', it belongs to other interface (lookup)
WARNING: Keyword 'lookup_table' ignored in calculation 'job_117_2P4Y_03_a', it belongs to other interface (lookup)
WARNING: Keyword 'lookup_table' ignored in calculation 'job_117_2P4Y_03_b', it belongs to other interface (lookup)
WARNING: Keyword 'lookup_table' ignored in calculation 'job_118_2P4Y_04_ab', it belongs to other interface (lookup)
WARNING: Keyword 'lookup_table' ignored in calculation 'job_118_2P4Y_04_a', it belongs to other interface (lookup)
WARNING: Keyword 'lookup_table' ignored in calculation 'job_118_2P4Y_04_b', it belongs to other interface (lookup)
WARNING: Keyword 'lookup_table' ignored in calculation 'job_119_2P4Y_05_ab', it belongs to other interface (lookup)
WARNING: Keyword 'lookup_table' ignored in calculation 'job_119_2P4Y_05_a', it belongs to other interface (lookup)
WARNING: Keyword 'lookup_table' ignored in calculation 'job_119_2P4Y_05_b', it belongs to other interface (lookup)
WARNING: Keyword 'lookup_table' ignored in calculation 'job_120_2P4Y_06_ab', it belongs to other interface (lookup)
WARNING: Keyword 'lookup_table' ignored in calculation 'job_120_2P4Y_06_a', it belongs to other interface (lookup)
WARNING: Keyword 'lookup_table' ignored in calculation 'job_120_2P4Y_06_b', it belongs to other interface (lookup)
WARNING: Keyword 'lookup_table' ignored in calculation 'job_121_2P4Y_07_ab', it belongs to other interface (lookup)
WARNING: Keyword 'lookup_table' ignored in calculation 'job_121_2P4Y_07_a', it belongs to other interface (lookup)
WARNING: Keyword 'lookup_table' ignored in calculation 'job_121_2P4Y_07_b', it belongs to other interface (lookup)
WARNING: Keyword 'lookup_table' ignored in calculation 'job_122_2P4Y_08_ab', it belongs to other interface (lookup)
WARNING: Keyword 'lookup_table' ignored in calculation 'job_122_2P4Y_08_a', it belongs to other interface (lookup)
WARNING: Keyword 'lookup_table' ignored in calculation 'job_122_2P4Y_08_b', it belongs to other interface (lookup)
WARNING: Keyword 'lookup_table' ignored in calculation 'job_123_2P4Y_09_ab', it belongs to other interface (lookup)
WARNING: Keyword 'lookup_table' ignored in calculation 'job_123_2P4Y_09_a', it belongs to other interface (lookup)
WARNING: Keyword 'lookup_table' ignored in calculation 'job_123_2P4Y_09_b', it belongs to other interface (lookup)
WARNING: Keyword 'lookup_table' ignored in calculation 'job_124_2P4Y_10_ab', it belongs to other interface (lookup)
WARNING: Keyword 'lookup_table' ignored in calculation 'job_124_2P4Y_10_a', it belongs to other interface (lookup)
WARNING: Keyword 'lookup_table' ignored in calculation 'job_124_2P4Y_10_b', it belongs to other interface (lookup)
WARNING: Keyword 'lookup_table' ignored in calculation 'job_125_2P4Y_11_ab', it belongs to other interface (lookup)
WARNING: Keyword 'lookup_table' ignored in calculation 'job_125_2P4Y_11_a', it belongs to other interface (lookup)
WARNING: Keyword 'lookup_table' ignored in calculation 'job_125_2P4Y_11_b', it belongs to other interface (lookup)
WARNING: Keyword 'lookup_table' ignored in calculation 'job_126_2P4Y_12_ab', it belongs to other interface (lookup)
WARNING: Keyword 'lookup_table' ignored in calculation 'job_126_2P4Y_12_a', it belongs to other interface (lookup)
WARNING: Keyword 'lookup_table' ignored in calculation 'job_126_2P4Y_12_b', it belongs to other interface (lookup)
WARNING: Keyword 'lookup_table' ignored in calculation 'job_127_2P4Y_13_ab', it belongs to other interface (lookup)
WARNING: Keyword 'lookup_table' ignored in calculation 'job_127_2P4Y_13_a', it belongs to other interface (lookup)
WARNING: Keyword 'lookup_table' ignored in calculation 'job_127_2P4Y_13_b', it belongs to other interface (lookup)
WARNING: Keyword 'lookup_table' ignored in calculation 'job_128_2P4Y_14_ab', it belongs to other interface (lookup)
WARNING: Keyword 'lookup_table' ignored in calculation 'job_128_2P4Y_14_a', it belongs to other interface (lookup)
WARNING: Keyword 'lookup_table' ignored in calculation 'job_128_2P4Y_14_b', it belongs to other interface (lookup)
WARNING: Keyword 'lookup_table' ignored in calculation 'job_129_2P4Y_15_ab', it belongs to other interface (lookup)
WARNING: Keyword 'lookup_table' ignored in calculation 'job_129_2P4Y_15_a', it belongs to other interface (lookup)
WARNING: Keyword 'lookup_table' ignored in calculation 'job_129_2P4Y_15_b', it belongs to other interface (lookup)
WARNING: Keyword 'lookup_table' ignored in calculation 'job_130_2P4Y_16_ab', it belongs to other interface (lookup)
WARNING: Keyword 'lookup_table' ignored in calculation 'job_130_2P4Y_16_a', it belongs to other interface (lookup)
WARNING: Keyword 'lookup_table' ignored in calculation 'job_130_2P4Y_16_b', it belongs to other interface (lookup)
WARNING: Keyword 'lookup_table' ignored in calculation 'job_131_2P4Y_17_ab', it belongs to other interface (lookup)
WARNING: Keyword 'lookup_table' ignored in calculation 'job_131_2P4Y_17_a', it belongs to other interface (lookup)
WARNING: Keyword 'lookup_table' ignored in calculation 'job_131_2P4Y_17_b', it belongs to other interface (lookup)
WARNING: Keyword 'lookup_table' ignored in calculation 'job_132_2P4Y_18_ab', it belongs to other interface (lookup)
WARNING: Keyword 'lookup_table' ignored in calculation 'job_132_2P4Y_18_a', it belongs to other interface (lookup)
WARNING: Keyword 'lookup_table' ignored in calculation 'job_132_2P4Y_18_b', it belongs to other interface (lookup)
WARNING: Keyword 'lookup_table' ignored in calculation 'job_133_2P4Y_19_ab', it belongs to other interface (lookup)
WARNING: Keyword 'lookup_table' ignored in calculation 'job_133_2P4Y_19_a', it belongs to other interface (lookup)
WARNING: Keyword 'lookup_table' ignored in calculation 'job_133_2P4Y_19_b', it belongs to other interface (lookup)
WARNING: Keyword 'lookup_table' ignored in calculation 'job_134_2P4Y_20_ab', it belongs to other interface (lookup)
WARNING: Keyword 'lookup_table' ignored in calculation 'job_134_2P4Y_20_a', it belongs to other interface (lookup)
WARNING: Keyword 'lookup_table' ignored in calculation 'job_134_2P4Y_20_b', it belongs to other interface (lookup)
WARNING: Keyword 'lookup_table' ignored in calculation 'job_135_2P4Y_21_ab', it belongs to other interface (lookup)
WARNING: Keyword 'lookup_table' ignored in calculation 'job_135_2P4Y_21_a', it belongs to other interface (lookup)
WARNING: Keyword 'lookup_table' ignored in calculation 'job_135_2P4Y_21_b', it belongs to other interface (lookup)
WARNING: Keyword 'lookup_table' ignored in calculation 'job_136_2P4Y_22_ab', it belongs to other interface (lookup)
WARNING: Keyword 'lookup_table' ignored in calculation 'job_136_2P4Y_22_a', it belongs to other interface (lookup)
WARNING: Keyword 'lookup_table' ignored in calculation 'job_136_2P4Y_22_b', it belongs to other interface (lookup)
WARNING: Keyword 'lookup_table' ignored in calculation 'job_137_2P4Y_23_ab', it belongs to other interface (lookup)
WARNING: Keyword 'lookup_table' ignored in calculation 'job_137_2P4Y_23_a', it belongs to other interface (lookup)
WARNING: Keyword 'lookup_table' ignored in calculation 'job_137_2P4Y_23_b', it belongs to other interface (lookup)
WARNING: Keyword 'lookup_table' ignored in calculation 'job_138_2P4Y_24_ab', it belongs to other interface (lookup)
WARNING: Keyword 'lookup_table' ignored in calculation 'job_138_2P4Y_24_a', it belongs to other interface (lookup)
WARNING: Keyword 'lookup_table' ignored in calculation 'job_138_2P4Y_24_b', it belongs to other interface (lookup)
WARNING: Keyword 'lookup_table' ignored in calculation 'job_139_2P4Y_25_ab', it belongs to other interface (lookup)
WARNING: Keyword 'lookup_table' ignored in calculation 'job_139_2P4Y_25_a', it belongs to other interface (lookup)
WARNING: Keyword 'lookup_table' ignored in calculation 'job_139_2P4Y_25_b', it belongs to other interface (lookup)
WARNING: Keyword 'lookup_table' ignored in calculation 'job_140_2P4Y_26_ab', it belongs to other interface (lookup)
WARNING: Keyword 'lookup_table' ignored in calculation 'job_140_2P4Y_26_a', it belongs to other interface (lookup)
WARNING: Keyword 'lookup_table' ignored in calculation 'job_140_2P4Y_26_b', it belongs to other interface (lookup)
WARNING: Keyword 'lookup_table' ignored in calculation 'job_141_2P4Y_27_ab', it belongs to other interface (lookup)
WARNING: Keyword 'lookup_table' ignored in calculation 'job_141_2P4Y_27_a', it belongs to other interface (lookup)
WARNING: Keyword 'lookup_table' ignored in calculation 'job_141_2P4Y_27_b', it belongs to other interface (lookup)
WARNING: Keyword 'lookup_table' ignored in calculation 'job_142_2P4Y_28_ab', it belongs to other interface (lookup)
WARNING: Keyword 'lookup_table' ignored in calculation 'job_142_2P4Y_28_a', it belongs to other interface (lookup)
WARNING: Keyword 'lookup_table' ignored in calculation 'job_142_2P4Y_28_b', it belongs to other interface (lookup)
WARNING: Keyword 'lookup_table' ignored in calculation 'job_143_2P4Y_29_ab', it belongs to other interface (lookup)
WARNING: Keyword 'lookup_table' ignored in calculation 'job_143_2P4Y_29_a', it belongs to other interface (lookup)
WARNING: Keyword 'lookup_table' ignored in calculation 'job_143_2P4Y_29_b', it belongs to other interface (lookup)
WARNING: Keyword 'lookup_table' ignored in calculation 'job_144_2P4Y_30_ab', it belongs to other interface (lookup)
WARNING: Keyword 'lookup_table' ignored in calculation 'job_144_2P4Y_30_a', it belongs to other interface (lookup)
WARNING: Keyword 'lookup_table' ignored in calculation 'job_144_2P4Y_30_b', it belongs to other interface (lookup)
WARNING: Keyword 'lookup_table' ignored in calculation 'job_145_2P4Y_31_ab', it belongs to other interface (lookup)
WARNING: Keyword 'lookup_table' ignored in calculation 'job_145_2P4Y_31_a', it belongs to other interface (lookup)
WARNING: Keyword 'lookup_table' ignored in calculation 'job_145_2P4Y_31_b', it belongs to other interface (lookup)
WARNING: Keyword 'lookup_table' ignored in calculation 'job_146_2P4Y_32_ab', it belongs to other interface (lookup)
WARNING: Keyword 'lookup_table' ignored in calculation 'job_146_2P4Y_32_a', it belongs to other interface (lookup)
WARNING: Keyword 'lookup_table' ignored in calculation 'job_146_2P4Y_32_b', it belongs to other interface (lookup)
WARNING: Keyword 'lookup_table' ignored in calculation 'job_147_2P4Y_33_ab', it belongs to other interface (lookup)
WARNING: Keyword 'lookup_table' ignored in calculation 'job_147_2P4Y_33_a', it belongs to other interface (lookup)
WARNING: Keyword 'lookup_table' ignored in calculation 'job_147_2P4Y_33_b', it belongs to other interface (lookup)
WARNING: Keyword 'lookup_table' ignored in calculation 'job_148_2P4Y_34_ab', it belongs to other interface (lookup)
WARNING: Keyword 'lookup_table' ignored in calculation 'job_148_2P4Y_34_a', it belongs to other interface (lookup)
WARNING: Keyword 'lookup_table' ignored in calculation 'job_148_2P4Y_34_b', it belongs to other interface (lookup)
WARNING: Keyword 'lookup_table' ignored in calculation 'job_149_2P4Y_35_ab', it belongs to other interface (lookup)
WARNING: Keyword 'lookup_table' ignored in calculation 'job_149_2P4Y_35_a', it belongs to other interface (lookup)
WARNING: Keyword 'lookup_table' ignored in calculation 'job_149_2P4Y_35_b', it belongs to other interface (lookup)
WARNING: Keyword 'lookup_table' ignored in calculation 'job_150_2P4Y_36_ab', it belongs to other interface (lookup)
WARNING: Keyword 'lookup_table' ignored in calculation 'job_150_2P4Y_36_a', it belongs to other interface (lookup)
WARNING: Keyword 'lookup_table' ignored in calculation 'job_150_2P4Y_36_b', it belongs to other interface (lookup)
WARNING: Keyword 'lookup_table' ignored in calculation 'job_151_2P4Y_37_ab', it belongs to other interface (lookup)
WARNING: Keyword 'lookup_table' ignored in calculation 'job_151_2P4Y_37_a', it belongs to other interface (lookup)
WARNING: Keyword 'lookup_table' ignored in calculation 'job_151_2P4Y_37_b', it belongs to other interface (lookup)
WARNING: Keyword 'lookup_table' ignored in calculation 'job_152_2P4Y_38_ab', it belongs to other interface (lookup)
WARNING: Keyword 'lookup_table' ignored in calculation 'job_152_2P4Y_38_a', it belongs to other interface (lookup)
WARNING: Keyword 'lookup_table' ignored in calculation 'job_152_2P4Y_38_b', it belongs to other interface (lookup)
WARNING: Keyword 'lookup_table' ignored in calculation 'job_153_2P4Y_39_ab', it belongs to other interface (lookup)
WARNING: Keyword 'lookup_table' ignored in calculation 'job_153_2P4Y_39_a', it belongs to other interface (lookup)
WARNING: Keyword 'lookup_table' ignored in calculation 'job_153_2P4Y_39_b', it belongs to other interface (lookup)
WARNING: Keyword 'lookup_table' ignored in calculation 'job_154_2VOT_01_ab', it belongs to other interface (lookup)
WARNING: Keyword 'lookup_table' ignored in calculation 'job_154_2VOT_01_a', it belongs to other interface (lookup)
WARNING: Keyword 'lookup_table' ignored in calculation 'job_154_2VOT_01_b', it belongs to other interface (lookup)
WARNING: Keyword 'lookup_table' ignored in calculation 'job_155_2VOT_02_ab', it belongs to other interface (lookup)
WARNING: Keyword 'lookup_table' ignored in calculation 'job_155_2VOT_02_a', it belongs to other interface (lookup)
WARNING: Keyword 'lookup_table' ignored in calculation 'job_155_2VOT_02_b', it belongs to other interface (lookup)
WARNING: Keyword 'lookup_table' ignored in calculation 'job_156_2VOT_03_ab', it belongs to other interface (lookup)
WARNING: Keyword 'lookup_table' ignored in calculation 'job_156_2VOT_03_a', it belongs to other interface (lookup)
WARNING: Keyword 'lookup_table' ignored in calculation 'job_156_2VOT_03_b', it belongs to other interface (lookup)
WARNING: Keyword 'lookup_table' ignored in calculation 'job_157_2VOT_04_ab', it belongs to other interface (lookup)
WARNING: Keyword 'lookup_table' ignored in calculation 'job_157_2VOT_04_a', it belongs to other interface (lookup)
WARNING: Keyword 'lookup_table' ignored in calculation 'job_157_2VOT_04_b', it belongs to other interface (lookup)
WARNING: Keyword 'lookup_table' ignored in calculation 'job_158_2VOT_05_ab', it belongs to other interface (lookup)
WARNING: Keyword 'lookup_table' ignored in calculation 'job_158_2VOT_05_a', it belongs to other interface (lookup)
WARNING: Keyword 'lookup_table' ignored in calculation 'job_158_2VOT_05_b', it belongs to other interface (lookup)
WARNING: Keyword 'lookup_table' ignored in calculation 'job_159_2VOT_06_ab', it belongs to other interface (lookup)
WARNING: Keyword 'lookup_table' ignored in calculation 'job_159_2VOT_06_a', it belongs to other interface (lookup)
WARNING: Keyword 'lookup_table' ignored in calculation 'job_159_2VOT_06_b', it belongs to other interface (lookup)
WARNING: Keyword 'lookup_table' ignored in calculation 'job_160_2VOT_07_ab', it belongs to other interface (lookup)
WARNING: Keyword 'lookup_table' ignored in calculation 'job_160_2VOT_07_a', it belongs to other interface (lookup)
WARNING: Keyword 'lookup_table' ignored in calculation 'job_160_2VOT_07_b', it belongs to other interface (lookup)
WARNING: Keyword 'lookup_table' ignored in calculation 'job_161_2VOT_08_ab', it belongs to other interface (lookup)
WARNING: Keyword 'lookup_table' ignored in calculation 'job_161_2VOT_08_a', it belongs to other interface (lookup)
WARNING: Keyword 'lookup_table' ignored in calculation 'job_161_2VOT_08_b', it belongs to other interface (lookup)
WARNING: Keyword 'lookup_table' ignored in calculation 'job_162_2VOT_09_ab', it belongs to other interface (lookup)
WARNING: Keyword 'lookup_table' ignored in calculation 'job_162_2VOT_09_a', it belongs to other interface (lookup)
WARNING: Keyword 'lookup_table' ignored in calculation 'job_162_2VOT_09_b', it belongs to other interface (lookup)
WARNING: Keyword 'lookup_table' ignored in calculation 'job_163_2VOT_10_ab', it belongs to other interface (lookup)
WARNING: Keyword 'lookup_table' ignored in calculation 'job_163_2VOT_10_a', it belongs to other interface (lookup)
WARNING: Keyword 'lookup_table' ignored in calculation 'job_163_2VOT_10_b', it belongs to other interface (lookup)
WARNING: Keyword 'lookup_table' ignored in calculation 'job_164_2VOT_11_ab', it belongs to other interface (lookup)
WARNING: Keyword 'lookup_table' ignored in calculation 'job_164_2VOT_11_a', it belongs to other interface (lookup)
WARNING: Keyword 'lookup_table' ignored in calculation 'job_164_2VOT_11_b', it belongs to other interface (lookup)
WARNING: Keyword 'lookup_table' ignored in calculation 'job_165_2VOT_12_ab', it belongs to other interface (lookup)
WARNING: Keyword 'lookup_table' ignored in calculation 'job_165_2VOT_12_a', it belongs to other interface (lookup)
WARNING: Keyword 'lookup_table' ignored in calculation 'job_165_2VOT_12_b', it belongs to other interface (lookup)
WARNING: Keyword 'lookup_table' ignored in calculation 'job_166_2VOT_13_ab', it belongs to other interface (lookup)
WARNING: Keyword 'lookup_table' ignored in calculation 'job_166_2VOT_13_a', it belongs to other interface (lookup)
WARNING: Keyword 'lookup_table' ignored in calculation 'job_166_2VOT_13_b', it belongs to other interface (lookup)
WARNING: Keyword 'lookup_table' ignored in calculation 'job_167_2VOT_14_ab', it belongs to other interface (lookup)
WARNING: Keyword 'lookup_table' ignored in calculation 'job_167_2VOT_14_a', it belongs to other interface (lookup)
WARNING: Keyword 'lookup_table' ignored in calculation 'job_167_2VOT_14_b', it belongs to other interface (lookup)
WARNING: Keyword 'lookup_table' ignored in calculation 'job_168_2VOT_15_ab', it belongs to other interface (lookup)
WARNING: Keyword 'lookup_table' ignored in calculation 'job_168_2VOT_15_a', it belongs to other interface (lookup)
WARNING: Keyword 'lookup_table' ignored in calculation 'job_168_2VOT_15_b', it belongs to other interface (lookup)
WARNING: Keyword 'lookup_table' ignored in calculation 'job_169_2VOT_16_ab', it belongs to other interface (lookup)
WARNING: Keyword 'lookup_table' ignored in calculation 'job_169_2VOT_16_a', it belongs to other interface (lookup)
WARNING: Keyword 'lookup_table' ignored in calculation 'job_169_2VOT_16_b', it belongs to other interface (lookup)
WARNING: Keyword 'lookup_table' ignored in calculation 'job_170_2VOT_17_ab', it belongs to other interface (lookup)
WARNING: Keyword 'lookup_table' ignored in calculation 'job_170_2VOT_17_a', it belongs to other interface (lookup)
WARNING: Keyword 'lookup_table' ignored in calculation 'job_170_2VOT_17_b', it belongs to other interface (lookup)
WARNING: Keyword 'lookup_table' ignored in calculation 'job_171_2VOT_18_ab', it belongs to other interface (lookup)
WARNING: Keyword 'lookup_table' ignored in calculation 'job_171_2VOT_18_a', it belongs to other interface (lookup)
WARNING: Keyword 'lookup_table' ignored in calculation 'job_171_2VOT_18_b', it belongs to other interface (lookup)
WARNING: Keyword 'lookup_table' ignored in calculation 'job_172_2VOT_19_ab', it belongs to other interface (lookup)
WARNING: Keyword 'lookup_table' ignored in calculation 'job_172_2VOT_19_a', it belongs to other interface (lookup)
WARNING: Keyword 'lookup_table' ignored in calculation 'job_172_2VOT_19_b', it belongs to other interface (lookup)
WARNING: Keyword 'lookup_table' ignored in calculation 'job_173_2VOT_20_ab', it belongs to other interface (lookup)
WARNING: Keyword 'lookup_table' ignored in calculation 'job_173_2VOT_20_a', it belongs to other interface (lookup)
WARNING: Keyword 'lookup_table' ignored in calculation 'job_173_2VOT_20_b', it belongs to other interface (lookup)
WARNING: Keyword 'lookup_table' ignored in calculation 'job_174_2VOT_21_ab', it belongs to other interface (lookup)
WARNING: Keyword 'lookup_table' ignored in calculation 'job_174_2VOT_21_a', it belongs to other interface (lookup)
WARNING: Keyword 'lookup_table' ignored in calculation 'job_174_2VOT_21_b', it belongs to other interface (lookup)
WARNING: Keyword 'lookup_table' ignored in calculation 'job_175_2VOT_22_ab', it belongs to other interface (lookup)
WARNING: Keyword 'lookup_table' ignored in calculation 'job_175_2VOT_22_a', it belongs to other interface (lookup)
WARNING: Keyword 'lookup_table' ignored in calculation 'job_175_2VOT_22_b', it belongs to other interface (lookup)
WARNING: Keyword 'lookup_table' ignored in calculation 'job_176_2VW5_01_ab', it belongs to other interface (lookup)
WARNING: Keyword 'lookup_table' ignored in calculation 'job_176_2VW5_01_a', it belongs to other interface (lookup)
WARNING: Keyword 'lookup_table' ignored in calculation 'job_176_2VW5_01_b', it belongs to other interface (lookup)
WARNING: Keyword 'lookup_table' ignored in calculation 'job_177_2VW5_02_ab', it belongs to other interface (lookup)
WARNING: Keyword 'lookup_table' ignored in calculation 'job_177_2VW5_02_a', it belongs to other interface (lookup)
WARNING: Keyword 'lookup_table' ignored in calculation 'job_177_2VW5_02_b', it belongs to other interface (lookup)
WARNING: Keyword 'lookup_table' ignored in calculation 'job_178_2VW5_03_ab', it belongs to other interface (lookup)
WARNING: Keyword 'lookup_table' ignored in calculation 'job_178_2VW5_03_a', it belongs to other interface (lookup)
WARNING: Keyword 'lookup_table' ignored in calculation 'job_178_2VW5_03_b', it belongs to other interface (lookup)
WARNING: Keyword 'lookup_table' ignored in calculation 'job_179_2VW5_04_ab', it belongs to other interface (lookup)
WARNING: Keyword 'lookup_table' ignored in calculation 'job_179_2VW5_04_a', it belongs to other interface (lookup)
WARNING: Keyword 'lookup_table' ignored in calculation 'job_179_2VW5_04_b', it belongs to other interface (lookup)
WARNING: Keyword 'lookup_table' ignored in calculation 'job_180_2VW5_05_ab', it belongs to other interface (lookup)
WARNING: Keyword 'lookup_table' ignored in calculation 'job_180_2VW5_05_a', it belongs to other interface (lookup)
WARNING: Keyword 'lookup_table' ignored in calculation 'job_180_2VW5_05_b', it belongs to other interface (lookup)
WARNING: Keyword 'lookup_table' ignored in calculation 'job_181_2VW5_06_ab', it belongs to other interface (lookup)
WARNING: Keyword 'lookup_table' ignored in calculation 'job_181_2VW5_06_a', it belongs to other interface (lookup)
WARNING: Keyword 'lookup_table' ignored in calculation 'job_181_2VW5_06_b', it belongs to other interface (lookup)
WARNING: Keyword 'lookup_table' ignored in calculation 'job_182_2VW5_07_ab', it belongs to other interface (lookup)
WARNING: Keyword 'lookup_table' ignored in calculation 'job_182_2VW5_07_a', it belongs to other interface (lookup)
WARNING: Keyword 'lookup_table' ignored in calculation 'job_182_2VW5_07_b', it belongs to other interface (lookup)
WARNING: Keyword 'lookup_table' ignored in calculation 'job_183_2VW5_08_ab', it belongs to other interface (lookup)
WARNING: Keyword 'lookup_table' ignored in calculation 'job_183_2VW5_08_a', it belongs to other interface (lookup)
WARNING: Keyword 'lookup_table' ignored in calculation 'job_183_2VW5_08_b', it belongs to other interface (lookup)
WARNING: Keyword 'lookup_table' ignored in calculation 'job_184_2VW5_09_ab', it belongs to other interface (lookup)
WARNING: Keyword 'lookup_table' ignored in calculation 'job_184_2VW5_09_a', it belongs to other interface (lookup)
WARNING: Keyword 'lookup_table' ignored in calculation 'job_184_2VW5_09_b', it belongs to other interface (lookup)
WARNING: Keyword 'lookup_table' ignored in calculation 'job_185_2VW5_10_ab', it belongs to other interface (lookup)
WARNING: Keyword 'lookup_table' ignored in calculation 'job_185_2VW5_10_a', it belongs to other interface (lookup)
WARNING: Keyword 'lookup_table' ignored in calculation 'job_185_2VW5_10_b', it belongs to other interface (lookup)
WARNING: Keyword 'lookup_table' ignored in calculation 'job_186_2VW5_11_ab', it belongs to other interface (lookup)
WARNING: Keyword 'lookup_table' ignored in calculation 'job_186_2VW5_11_a', it belongs to other interface (lookup)
WARNING: Keyword 'lookup_table' ignored in calculation 'job_186_2VW5_11_b', it belongs to other interface (lookup)
WARNING: Keyword 'lookup_table' ignored in calculation 'job_187_2VW5_12_ab', it belongs to other interface (lookup)
WARNING: Keyword 'lookup_table' ignored in calculation 'job_187_2VW5_12_a', it belongs to other interface (lookup)
WARNING: Keyword 'lookup_table' ignored in calculation 'job_187_2VW5_12_b', it belongs to other interface (lookup)
WARNING: Keyword 'lookup_table' ignored in calculation 'job_188_2VW5_13_ab', it belongs to other interface (lookup)
WARNING: Keyword 'lookup_table' ignored in calculation 'job_188_2VW5_13_a', it belongs to other interface (lookup)
WARNING: Keyword 'lookup_table' ignored in calculation 'job_188_2VW5_13_b', it belongs to other interface (lookup)
WARNING: Keyword 'lookup_table' ignored in calculation 'job_189_2VW5_14_ab', it belongs to other interface (lookup)
WARNING: Keyword 'lookup_table' ignored in calculation 'job_189_2VW5_14_a', it belongs to other interface (lookup)
WARNING: Keyword 'lookup_table' ignored in calculation 'job_189_2VW5_14_b', it belongs to other interface (lookup)
WARNING: Keyword 'lookup_table' ignored in calculation 'job_190_2VW5_15_ab', it belongs to other interface (lookup)
WARNING: Keyword 'lookup_table' ignored in calculation 'job_190_2VW5_15_a', it belongs to other interface (lookup)
WARNING: Keyword 'lookup_table' ignored in calculation 'job_190_2VW5_15_b', it belongs to other interface (lookup)
WARNING: Keyword 'lookup_table' ignored in calculation 'job_191_2VW5_16_ab', it belongs to other interface (lookup)
WARNING: Keyword 'lookup_table' ignored in calculation 'job_191_2VW5_16_a', it belongs to other interface (lookup)
WARNING: Keyword 'lookup_table' ignored in calculation 'job_191_2VW5_16_b', it belongs to other interface (lookup)
WARNING: Keyword 'lookup_table' ignored in calculation 'job_192_2VW5_17_ab', it belongs to other interface (lookup)
WARNING: Keyword 'lookup_table' ignored in calculation 'job_192_2VW5_17_a', it belongs to other interface (lookup)
WARNING: Keyword 'lookup_table' ignored in calculation 'job_192_2VW5_17_b', it belongs to other interface (lookup)
WARNING: Keyword 'lookup_table' ignored in calculation 'job_193_2VW5_18_ab', it belongs to other interface (lookup)
WARNING: Keyword 'lookup_table' ignored in calculation 'job_193_2VW5_18_a', it belongs to other interface (lookup)
WARNING: Keyword 'lookup_table' ignored in calculation 'job_193_2VW5_18_b', it belongs to other interface (lookup)
WARNING: Keyword 'lookup_table' ignored in calculation 'job_194_2VW5_19_ab', it belongs to other interface (lookup)
WARNING: Keyword 'lookup_table' ignored in calculation 'job_194_2VW5_19_a', it belongs to other interface (lookup)
WARNING: Keyword 'lookup_table' ignored in calculation 'job_194_2VW5_19_b', it belongs to other interface (lookup)
WARNING: Keyword 'lookup_table' ignored in calculation 'job_195_2VW5_20_ab', it belongs to other interface (lookup)
WARNING: Keyword 'lookup_table' ignored in calculation 'job_195_2VW5_20_a', it belongs to other interface (lookup)
WARNING: Keyword 'lookup_table' ignored in calculation 'job_195_2VW5_20_b', it belongs to other interface (lookup)
WARNING: Keyword 'lookup_table' ignored in calculation 'job_196_2VW5_21_ab', it belongs to other interface (lookup)
WARNING: Keyword 'lookup_table' ignored in calculation 'job_196_2VW5_21_a', it belongs to other interface (lookup)
WARNING: Keyword 'lookup_table' ignored in calculation 'job_196_2VW5_21_b', it belongs to other interface (lookup)
WARNING: Keyword 'lookup_table' ignored in calculation 'job_197_2VW5_22_ab', it belongs to other interface (lookup)
WARNING: Keyword 'lookup_table' ignored in calculation 'job_197_2VW5_22_a', it belongs to other interface (lookup)
WARNING: Keyword 'lookup_table' ignored in calculation 'job_197_2VW5_22_b', it belongs to other interface (lookup)
WARNING: Keyword 'lookup_table' ignored in calculation 'job_198_2VW5_23_ab', it belongs to other interface (lookup)
WARNING: Keyword 'lookup_table' ignored in calculation 'job_198_2VW5_23_a', it belongs to other interface (lookup)
WARNING: Keyword 'lookup_table' ignored in calculation 'job_198_2VW5_23_b', it belongs to other interface (lookup)
WARNING: Keyword 'lookup_table' ignored in calculation 'job_199_2VW5_24_ab', it belongs to other interface (lookup)
WARNING: Keyword 'lookup_table' ignored in calculation 'job_199_2VW5_24_a', it belongs to other interface (lookup)
WARNING: Keyword 'lookup_table' ignored in calculation 'job_199_2VW5_24_b', it belongs to other interface (lookup)
WARNING: Keyword 'lookup_table' ignored in calculation 'job_200_2VW5_25_ab', it belongs to other interface (lookup)
WARNING: Keyword 'lookup_table' ignored in calculation 'job_200_2VW5_25_a', it belongs to other interface (lookup)
WARNING: Keyword 'lookup_table' ignored in calculation 'job_200_2VW5_25_b', it belongs to other interface (lookup)
WARNING: Keyword 'lookup_table' ignored in calculation 'job_201_2VW5_26_ab', it belongs to other interface (lookup)
WARNING: Keyword 'lookup_table' ignored in calculation 'job_201_2VW5_26_a', it belongs to other interface (lookup)
WARNING: Keyword 'lookup_table' ignored in calculation 'job_201_2VW5_26_b', it belongs to other interface (lookup)
WARNING: Keyword 'lookup_table' ignored in calculation 'job_202_2VW5_28_ab', it belongs to other interface (lookup)
WARNING: Keyword 'lookup_table' ignored in calculation 'job_202_2VW5_28_a', it belongs to other interface (lookup)
WARNING: Keyword 'lookup_table' ignored in calculation 'job_202_2VW5_28_b', it belongs to other interface (lookup)
WARNING: Keyword 'lookup_table' ignored in calculation 'job_203_2VW5_29_ab', it belongs to other interface (lookup)
WARNING: Keyword 'lookup_table' ignored in calculation 'job_203_2VW5_29_a', it belongs to other interface (lookup)
WARNING: Keyword 'lookup_table' ignored in calculation 'job_203_2VW5_29_b', it belongs to other interface (lookup)
WARNING: Keyword 'lookup_table' ignored in calculation 'job_204_2VW5_30_ab', it belongs to other interface (lookup)
WARNING: Keyword 'lookup_table' ignored in calculation 'job_204_2VW5_30_a', it belongs to other interface (lookup)
WARNING: Keyword 'lookup_table' ignored in calculation 'job_204_2VW5_30_b', it belongs to other interface (lookup)
WARNING: Keyword 'lookup_table' ignored in calculation 'job_205_2VW5_31_ab', it belongs to other interface (lookup)
WARNING: Keyword 'lookup_table' ignored in calculation 'job_205_2VW5_31_a', it belongs to other interface (lookup)
WARNING: Keyword 'lookup_table' ignored in calculation 'job_205_2VW5_31_b', it belongs to other interface (lookup)
WARNING: Keyword 'lookup_table' ignored in calculation 'job_206_2VW5_32_ab', it belongs to other interface (lookup)
WARNING: Keyword 'lookup_table' ignored in calculation 'job_206_2VW5_32_a', it belongs to other interface (lookup)
WARNING: Keyword 'lookup_table' ignored in calculation 'job_206_2VW5_32_b', it belongs to other interface (lookup)
WARNING: Keyword 'lookup_table' ignored in calculation 'job_207_2VW5_33_ab', it belongs to other interface (lookup)
WARNING: Keyword 'lookup_table' ignored in calculation 'job_207_2VW5_33_a', it belongs to other interface (lookup)
WARNING: Keyword 'lookup_table' ignored in calculation 'job_207_2VW5_33_b', it belongs to other interface (lookup)
WARNING: Keyword 'lookup_table' ignored in calculation 'job_208_2XB8_01_ab', it belongs to other interface (lookup)
WARNING: Keyword 'lookup_table' ignored in calculation 'job_208_2XB8_01_a', it belongs to other interface (lookup)
WARNING: Keyword 'lookup_table' ignored in calculation 'job_208_2XB8_01_b', it belongs to other interface (lookup)
WARNING: Keyword 'lookup_table' ignored in calculation 'job_209_2XB8_02_ab', it belongs to other interface (lookup)
WARNING: Keyword 'lookup_table' ignored in calculation 'job_209_2XB8_02_a', it belongs to other interface (lookup)
WARNING: Keyword 'lookup_table' ignored in calculation 'job_209_2XB8_02_b', it belongs to other interface (lookup)
WARNING: Keyword 'lookup_table' ignored in calculation 'job_210_2XB8_03_ab', it belongs to other interface (lookup)
WARNING: Keyword 'lookup_table' ignored in calculation 'job_210_2XB8_03_a', it belongs to other interface (lookup)
WARNING: Keyword 'lookup_table' ignored in calculation 'job_210_2XB8_03_b', it belongs to other interface (lookup)
WARNING: Keyword 'lookup_table' ignored in calculation 'job_211_2XB8_04_ab', it belongs to other interface (lookup)
WARNING: Keyword 'lookup_table' ignored in calculation 'job_211_2XB8_04_a', it belongs to other interface (lookup)
WARNING: Keyword 'lookup_table' ignored in calculation 'job_211_2XB8_04_b', it belongs to other interface (lookup)
WARNING: Keyword 'lookup_table' ignored in calculation 'job_212_2XB8_05_ab', it belongs to other interface (lookup)
WARNING: Keyword 'lookup_table' ignored in calculation 'job_212_2XB8_05_a', it belongs to other interface (lookup)
WARNING: Keyword 'lookup_table' ignored in calculation 'job_212_2XB8_05_b', it belongs to other interface (lookup)
WARNING: Keyword 'lookup_table' ignored in calculation 'job_213_2XB8_06_ab', it belongs to other interface (lookup)
WARNING: Keyword 'lookup_table' ignored in calculation 'job_213_2XB8_06_a', it belongs to other interface (lookup)
WARNING: Keyword 'lookup_table' ignored in calculation 'job_213_2XB8_06_b', it belongs to other interface (lookup)
WARNING: Keyword 'lookup_table' ignored in calculation 'job_214_2XB8_07_ab', it belongs to other interface (lookup)
WARNING: Keyword 'lookup_table' ignored in calculation 'job_214_2XB8_07_a', it belongs to other interface (lookup)
WARNING: Keyword 'lookup_table' ignored in calculation 'job_214_2XB8_07_b', it belongs to other interface (lookup)
WARNING: Keyword 'lookup_table' ignored in calculation 'job_215_2XB8_08_ab', it belongs to other interface (lookup)
WARNING: Keyword 'lookup_table' ignored in calculation 'job_215_2XB8_08_a', it belongs to other interface (lookup)
WARNING: Keyword 'lookup_table' ignored in calculation 'job_215_2XB8_08_b', it belongs to other interface (lookup)
WARNING: Keyword 'lookup_table' ignored in calculation 'job_216_2XB8_09_ab', it belongs to other interface (lookup)
WARNING: Keyword 'lookup_table' ignored in calculation 'job_216_2XB8_09_a', it belongs to other interface (lookup)
WARNING: Keyword 'lookup_table' ignored in calculation 'job_216_2XB8_09_b', it belongs to other interface (lookup)
WARNING: Keyword 'lookup_table' ignored in calculation 'job_217_2XB8_10_ab', it belongs to other interface (lookup)
WARNING: Keyword 'lookup_table' ignored in calculation 'job_217_2XB8_10_a', it belongs to other interface (lookup)
WARNING: Keyword 'lookup_table' ignored in calculation 'job_217_2XB8_10_b', it belongs to other interface (lookup)
WARNING: Keyword 'lookup_table' ignored in calculation 'job_218_2XB8_11_ab', it belongs to other interface (lookup)
WARNING: Keyword 'lookup_table' ignored in calculation 'job_218_2XB8_11_a', it belongs to other interface (lookup)
WARNING: Keyword 'lookup_table' ignored in calculation 'job_218_2XB8_11_b', it belongs to other interface (lookup)
WARNING: Keyword 'lookup_table' ignored in calculation 'job_219_2XB8_12_ab', it belongs to other interface (lookup)
WARNING: Keyword 'lookup_table' ignored in calculation 'job_219_2XB8_12_a', it belongs to other interface (lookup)
WARNING: Keyword 'lookup_table' ignored in calculation 'job_219_2XB8_12_b', it belongs to other interface (lookup)
WARNING: Keyword 'lookup_table' ignored in calculation 'job_220_2XB8_13_ab', it belongs to other interface (lookup)
WARNING: Keyword 'lookup_table' ignored in calculation 'job_220_2XB8_13_a', it belongs to other interface (lookup)
WARNING: Keyword 'lookup_table' ignored in calculation 'job_220_2XB8_13_b', it belongs to other interface (lookup)
WARNING: Keyword 'lookup_table' ignored in calculation 'job_221_2XB8_14_ab', it belongs to other interface (lookup)
WARNING: Keyword 'lookup_table' ignored in calculation 'job_221_2XB8_14_a', it belongs to other interface (lookup)
WARNING: Keyword 'lookup_table' ignored in calculation 'job_221_2XB8_14_b', it belongs to other interface (lookup)
WARNING: Keyword 'lookup_table' ignored in calculation 'job_222_2XB8_15_ab', it belongs to other interface (lookup)
WARNING: Keyword 'lookup_table' ignored in calculation 'job_222_2XB8_15_a', it belongs to other interface (lookup)
WARNING: Keyword 'lookup_table' ignored in calculation 'job_222_2XB8_15_b', it belongs to other interface (lookup)
WARNING: Keyword 'lookup_table' ignored in calculation 'job_223_2XB8_16_ab', it belongs to other interface (lookup)
WARNING: Keyword 'lookup_table' ignored in calculation 'job_223_2XB8_16_a', it belongs to other interface (lookup)
WARNING: Keyword 'lookup_table' ignored in calculation 'job_223_2XB8_16_b', it belongs to other interface (lookup)
WARNING: Keyword 'lookup_table' ignored in calculation 'job_224_2XB8_17_ab', it belongs to other interface (lookup)
WARNING: Keyword 'lookup_table' ignored in calculation 'job_224_2XB8_17_a', it belongs to other interface (lookup)
WARNING: Keyword 'lookup_table' ignored in calculation 'job_224_2XB8_17_b', it belongs to other interface (lookup)
WARNING: Keyword 'lookup_table' ignored in calculation 'job_225_2XB8_18_ab', it belongs to other interface (lookup)
WARNING: Keyword 'lookup_table' ignored in calculation 'job_225_2XB8_18_a', it belongs to other interface (lookup)
WARNING: Keyword 'lookup_table' ignored in calculation 'job_225_2XB8_18_b', it belongs to other interface (lookup)
WARNING: Keyword 'lookup_table' ignored in calculation 'job_226_2XB8_19_ab', it belongs to other interface (lookup)
WARNING: Keyword 'lookup_table' ignored in calculation 'job_226_2XB8_19_a', it belongs to other interface (lookup)
WARNING: Keyword 'lookup_table' ignored in calculation 'job_226_2XB8_19_b', it belongs to other interface (lookup)
WARNING: Keyword 'lookup_table' ignored in calculation 'job_227_2XB8_20_ab', it belongs to other interface (lookup)
WARNING: Keyword 'lookup_table' ignored in calculation 'job_227_2XB8_20_a', it belongs to other interface (lookup)
WARNING: Keyword 'lookup_table' ignored in calculation 'job_227_2XB8_20_b', it belongs to other interface (lookup)
WARNING: Keyword 'lookup_table' ignored in calculation 'job_228_2XB8_21_ab', it belongs to other interface (lookup)
WARNING: Keyword 'lookup_table' ignored in calculation 'job_228_2XB8_21_a', it belongs to other interface (lookup)
WARNING: Keyword 'lookup_table' ignored in calculation 'job_228_2XB8_21_b', it belongs to other interface (lookup)
WARNING: Keyword 'lookup_table' ignored in calculation 'job_229_2XB8_22_ab', it belongs to other interface (lookup)
WARNING: Keyword 'lookup_table' ignored in calculation 'job_229_2XB8_22_a', it belongs to other interface (lookup)
WARNING: Keyword 'lookup_table' ignored in calculation 'job_229_2XB8_22_b', it belongs to other interface (lookup)
WARNING: Keyword 'lookup_table' ignored in calculation 'job_230_2XB8_23_ab', it belongs to other interface (lookup)
WARNING: Keyword 'lookup_table' ignored in calculation 'job_230_2XB8_23_a', it belongs to other interface (lookup)
WARNING: Keyword 'lookup_table' ignored in calculation 'job_230_2XB8_23_b', it belongs to other interface (lookup)
WARNING: Keyword 'lookup_table' ignored in calculation 'job_231_2XB8_24_ab', it belongs to other interface (lookup)
WARNING: Keyword 'lookup_table' ignored in calculation 'job_231_2XB8_24_a', it belongs to other interface (lookup)
WARNING: Keyword 'lookup_table' ignored in calculation 'job_231_2XB8_24_b', it belongs to other interface (lookup)
WARNING: Keyword 'lookup_table' ignored in calculation 'job_232_2XB8_25_ab', it belongs to other interface (lookup)
WARNING: Keyword 'lookup_table' ignored in calculation 'job_232_2XB8_25_a', it belongs to other interface (lookup)
WARNING: Keyword 'lookup_table' ignored in calculation 'job_232_2XB8_25_b', it belongs to other interface (lookup)
WARNING: Keyword 'lookup_table' ignored in calculation 'job_233_2XB8_26_ab', it belongs to other interface (lookup)
WARNING: Keyword 'lookup_table' ignored in calculation 'job_233_2XB8_26_a', it belongs to other interface (lookup)
WARNING: Keyword 'lookup_table' ignored in calculation 'job_233_2XB8_26_b', it belongs to other interface (lookup)
WARNING: Keyword 'lookup_table' ignored in calculation 'job_234_2XB8_27_ab', it belongs to other interface (lookup)
WARNING: Keyword 'lookup_table' ignored in calculation 'job_234_2XB8_27_a', it belongs to other interface (lookup)
WARNING: Keyword 'lookup_table' ignored in calculation 'job_234_2XB8_27_b', it belongs to other interface (lookup)
WARNING: Keyword 'lookup_table' ignored in calculation 'job_235_2XB8_28_ab', it belongs to other interface (lookup)
WARNING: Keyword 'lookup_table' ignored in calculation 'job_235_2XB8_28_a', it belongs to other interface (lookup)
WARNING: Keyword 'lookup_table' ignored in calculation 'job_235_2XB8_28_b', it belongs to other interface (lookup)
WARNING: Keyword 'lookup_table' ignored in calculation 'job_236_2XB8_29_ab', it belongs to other interface (lookup)
WARNING: Keyword 'lookup_table' ignored in calculation 'job_236_2XB8_29_a', it belongs to other interface (lookup)
WARNING: Keyword 'lookup_table' ignored in calculation 'job_236_2XB8_29_b', it belongs to other interface (lookup)
WARNING: Keyword 'lookup_table' ignored in calculation 'job_237_2XB8_30_ab', it belongs to other interface (lookup)
WARNING: Keyword 'lookup_table' ignored in calculation 'job_237_2XB8_30_a', it belongs to other interface (lookup)
WARNING: Keyword 'lookup_table' ignored in calculation 'job_237_2XB8_30_b', it belongs to other interface (lookup)
WARNING: Keyword 'lookup_table' ignored in calculation 'job_238_2XB8_31_ab', it belongs to other interface (lookup)
WARNING: Keyword 'lookup_table' ignored in calculation 'job_238_2XB8_31_a', it belongs to other interface (lookup)
WARNING: Keyword 'lookup_table' ignored in calculation 'job_238_2XB8_31_b', it belongs to other interface (lookup)
WARNING: Keyword 'lookup_table' ignored in calculation 'job_239_2XB8_32_ab', it belongs to other interface (lookup)
WARNING: Keyword 'lookup_table' ignored in calculation 'job_239_2XB8_32_a', it belongs to other interface (lookup)
WARNING: Keyword 'lookup_table' ignored in calculation 'job_239_2XB8_32_b', it belongs to other interface (lookup)
WARNING: Keyword 'lookup_table' ignored in calculation 'job_240_2XB8_33_ab', it belongs to other interface (lookup)
WARNING: Keyword 'lookup_table' ignored in calculation 'job_240_2XB8_33_a', it belongs to other interface (lookup)
WARNING: Keyword 'lookup_table' ignored in calculation 'job_240_2XB8_33_b', it belongs to other interface (lookup)
WARNING: Keyword 'lookup_table' ignored in calculation 'job_241_2YKI_01_ab', it belongs to other interface (lookup)
WARNING: Keyword 'lookup_table' ignored in calculation 'job_241_2YKI_01_a', it belongs to other interface (lookup)
WARNING: Keyword 'lookup_table' ignored in calculation 'job_241_2YKI_01_b', it belongs to other interface (lookup)
WARNING: Keyword 'lookup_table' ignored in calculation 'job_242_2YKI_02_ab', it belongs to other interface (lookup)
WARNING: Keyword 'lookup_table' ignored in calculation 'job_242_2YKI_02_a', it belongs to other interface (lookup)
WARNING: Keyword 'lookup_table' ignored in calculation 'job_242_2YKI_02_b', it belongs to other interface (lookup)
WARNING: Keyword 'lookup_table' ignored in calculation 'job_243_2YKI_03_ab', it belongs to other interface (lookup)
WARNING: Keyword 'lookup_table' ignored in calculation 'job_243_2YKI_03_a', it belongs to other interface (lookup)
WARNING: Keyword 'lookup_table' ignored in calculation 'job_243_2YKI_03_b', it belongs to other interface (lookup)
WARNING: Keyword 'lookup_table' ignored in calculation 'job_244_2YKI_04_ab', it belongs to other interface (lookup)
WARNING: Keyword 'lookup_table' ignored in calculation 'job_244_2YKI_04_a', it belongs to other interface (lookup)
WARNING: Keyword 'lookup_table' ignored in calculation 'job_244_2YKI_04_b', it belongs to other interface (lookup)
WARNING: Keyword 'lookup_table' ignored in calculation 'job_245_2YKI_05_ab', it belongs to other interface (lookup)
WARNING: Keyword 'lookup_table' ignored in calculation 'job_245_2YKI_05_a', it belongs to other interface (lookup)
WARNING: Keyword 'lookup_table' ignored in calculation 'job_245_2YKI_05_b', it belongs to other interface (lookup)
WARNING: Keyword 'lookup_table' ignored in calculation 'job_246_2YKI_06_ab', it belongs to other interface (lookup)
WARNING: Keyword 'lookup_table' ignored in calculation 'job_246_2YKI_06_a', it belongs to other interface (lookup)
WARNING: Keyword 'lookup_table' ignored in calculation 'job_246_2YKI_06_b', it belongs to other interface (lookup)
WARNING: Keyword 'lookup_table' ignored in calculation 'job_247_2YKI_07_ab', it belongs to other interface (lookup)
WARNING: Keyword 'lookup_table' ignored in calculation 'job_247_2YKI_07_a', it belongs to other interface (lookup)
WARNING: Keyword 'lookup_table' ignored in calculation 'job_247_2YKI_07_b', it belongs to other interface (lookup)
WARNING: Keyword 'lookup_table' ignored in calculation 'job_248_2YKI_08_ab', it belongs to other interface (lookup)
WARNING: Keyword 'lookup_table' ignored in calculation 'job_248_2YKI_08_a', it belongs to other interface (lookup)
WARNING: Keyword 'lookup_table' ignored in calculation 'job_248_2YKI_08_b', it belongs to other interface (lookup)
WARNING: Keyword 'lookup_table' ignored in calculation 'job_249_2YKI_09_ab', it belongs to other interface (lookup)
WARNING: Keyword 'lookup_table' ignored in calculation 'job_249_2YKI_09_a', it belongs to other interface (lookup)
WARNING: Keyword 'lookup_table' ignored in calculation 'job_249_2YKI_09_b', it belongs to other interface (lookup)
WARNING: Keyword 'lookup_table' ignored in calculation 'job_250_2YKI_10_ab', it belongs to other interface (lookup)
WARNING: Keyword 'lookup_table' ignored in calculation 'job_250_2YKI_10_a', it belongs to other interface (lookup)
WARNING: Keyword 'lookup_table' ignored in calculation 'job_250_2YKI_10_b', it belongs to other interface (lookup)
WARNING: Keyword 'lookup_table' ignored in calculation 'job_251_2YKI_11_ab', it belongs to other interface (lookup)
WARNING: Keyword 'lookup_table' ignored in calculation 'job_251_2YKI_11_a', it belongs to other interface (lookup)
WARNING: Keyword 'lookup_table' ignored in calculation 'job_251_2YKI_11_b', it belongs to other interface (lookup)
WARNING: Keyword 'lookup_table' ignored in calculation 'job_252_2YKI_12_ab', it belongs to other interface (lookup)
WARNING: Keyword 'lookup_table' ignored in calculation 'job_252_2YKI_12_a', it belongs to other interface (lookup)
WARNING: Keyword 'lookup_table' ignored in calculation 'job_252_2YKI_12_b', it belongs to other interface (lookup)
WARNING: Keyword 'lookup_table' ignored in calculation 'job_253_2YKI_13_ab', it belongs to other interface (lookup)
WARNING: Keyword 'lookup_table' ignored in calculation 'job_253_2YKI_13_a', it belongs to other interface (lookup)
WARNING: Keyword 'lookup_table' ignored in calculation 'job_253_2YKI_13_b', it belongs to other interface (lookup)
WARNING: Keyword 'lookup_table' ignored in calculation 'job_254_2YKI_14_ab', it belongs to other interface (lookup)
WARNING: Keyword 'lookup_table' ignored in calculation 'job_254_2YKI_14_a', it belongs to other interface (lookup)
WARNING: Keyword 'lookup_table' ignored in calculation 'job_254_2YKI_14_b', it belongs to other interface (lookup)
WARNING: Keyword 'lookup_table' ignored in calculation 'job_255_2YKI_15_ab', it belongs to other interface (lookup)
WARNING: Keyword 'lookup_table' ignored in calculation 'job_255_2YKI_15_a', it belongs to other interface (lookup)
WARNING: Keyword 'lookup_table' ignored in calculation 'job_255_2YKI_15_b', it belongs to other interface (lookup)
WARNING: Keyword 'lookup_table' ignored in calculation 'job_256_2YKI_16_ab', it belongs to other interface (lookup)
WARNING: Keyword 'lookup_table' ignored in calculation 'job_256_2YKI_16_a', it belongs to other interface (lookup)
WARNING: Keyword 'lookup_table' ignored in calculation 'job_256_2YKI_16_b', it belongs to other interface (lookup)
WARNING: Keyword 'lookup_table' ignored in calculation 'job_257_2YKI_17_ab', it belongs to other interface (lookup)
WARNING: Keyword 'lookup_table' ignored in calculation 'job_257_2YKI_17_a', it belongs to other interface (lookup)
WARNING: Keyword 'lookup_table' ignored in calculation 'job_257_2YKI_17_b', it belongs to other interface (lookup)
WARNING: Keyword 'lookup_table' ignored in calculation 'job_258_2YKI_18_ab', it belongs to other interface (lookup)
WARNING: Keyword 'lookup_table' ignored in calculation 'job_258_2YKI_18_a', it belongs to other interface (lookup)
WARNING: Keyword 'lookup_table' ignored in calculation 'job_258_2YKI_18_b', it belongs to other interface (lookup)
WARNING: Keyword 'lookup_table' ignored in calculation 'job_259_2YKI_19_ab', it belongs to other interface (lookup)
WARNING: Keyword 'lookup_table' ignored in calculation 'job_259_2YKI_19_a', it belongs to other interface (lookup)
WARNING: Keyword 'lookup_table' ignored in calculation 'job_259_2YKI_19_b', it belongs to other interface (lookup)
WARNING: Keyword 'lookup_table' ignored in calculation 'job_260_2YKI_20_ab', it belongs to other interface (lookup)
WARNING: Keyword 'lookup_table' ignored in calculation 'job_260_2YKI_20_a', it belongs to other interface (lookup)
WARNING: Keyword 'lookup_table' ignored in calculation 'job_260_2YKI_20_b', it belongs to other interface (lookup)
WARNING: Keyword 'lookup_table' ignored in calculation 'job_261_2YKI_21_ab', it belongs to other interface (lookup)
WARNING: Keyword 'lookup_table' ignored in calculation 'job_261_2YKI_21_a', it belongs to other interface (lookup)
WARNING: Keyword 'lookup_table' ignored in calculation 'job_261_2YKI_21_b', it belongs to other interface (lookup)
WARNING: Keyword 'lookup_table' ignored in calculation 'job_262_2YKI_22_ab', it belongs to other interface (lookup)
WARNING: Keyword 'lookup_table' ignored in calculation 'job_262_2YKI_22_a', it belongs to other interface (lookup)
WARNING: Keyword 'lookup_table' ignored in calculation 'job_262_2YKI_22_b', it belongs to other interface (lookup)
WARNING: Keyword 'lookup_table' ignored in calculation 'job_263_2YKI_23_ab', it belongs to other interface (lookup)
WARNING: Keyword 'lookup_table' ignored in calculation 'job_263_2YKI_23_a', it belongs to other interface (lookup)
WARNING: Keyword 'lookup_table' ignored in calculation 'job_263_2YKI_23_b', it belongs to other interface (lookup)
WARNING: Keyword 'lookup_table' ignored in calculation 'job_264_2YKI_24_ab', it belongs to other interface (lookup)
WARNING: Keyword 'lookup_table' ignored in calculation 'job_264_2YKI_24_a', it belongs to other interface (lookup)
WARNING: Keyword 'lookup_table' ignored in calculation 'job_264_2YKI_24_b', it belongs to other interface (lookup)
WARNING: Keyword 'lookup_table' ignored in calculation 'job_265_2YKI_25_ab', it belongs to other interface (lookup)
WARNING: Keyword 'lookup_table' ignored in calculation 'job_265_2YKI_25_a', it belongs to other interface (lookup)
WARNING: Keyword 'lookup_table' ignored in calculation 'job_265_2YKI_25_b', it belongs to other interface (lookup)
WARNING: Keyword 'lookup_table' ignored in calculation 'job_266_2YKI_26_ab', it belongs to other interface (lookup)
WARNING: Keyword 'lookup_table' ignored in calculation 'job_266_2YKI_26_a', it belongs to other interface (lookup)
WARNING: Keyword 'lookup_table' ignored in calculation 'job_266_2YKI_26_b', it belongs to other interface (lookup)
WARNING: Keyword 'lookup_table' ignored in calculation 'job_267_2YKI_27_ab', it belongs to other interface (lookup)
WARNING: Keyword 'lookup_table' ignored in calculation 'job_267_2YKI_27_a', it belongs to other interface (lookup)
WARNING: Keyword 'lookup_table' ignored in calculation 'job_267_2YKI_27_b', it belongs to other interface (lookup)
WARNING: Keyword 'lookup_table' ignored in calculation 'job_268_2YKI_28_ab', it belongs to other interface (lookup)
WARNING: Keyword 'lookup_table' ignored in calculation 'job_268_2YKI_28_a', it belongs to other interface (lookup)
WARNING: Keyword 'lookup_table' ignored in calculation 'job_268_2YKI_28_b', it belongs to other interface (lookup)
WARNING: Keyword 'lookup_table' ignored in calculation 'job_269_2YKI_29_ab', it belongs to other interface (lookup)
WARNING: Keyword 'lookup_table' ignored in calculation 'job_269_2YKI_29_a', it belongs to other interface (lookup)
WARNING: Keyword 'lookup_table' ignored in calculation 'job_269_2YKI_29_b', it belongs to other interface (lookup)
WARNING: Keyword 'lookup_table' ignored in calculation 'job_270_2YKI_30_ab', it belongs to other interface (lookup)
WARNING: Keyword 'lookup_table' ignored in calculation 'job_270_2YKI_30_a', it belongs to other interface (lookup)
WARNING: Keyword 'lookup_table' ignored in calculation 'job_270_2YKI_30_b', it belongs to other interface (lookup)
WARNING: Keyword 'lookup_table' ignored in calculation 'job_271_2YKI_31_ab', it belongs to other interface (lookup)
WARNING: Keyword 'lookup_table' ignored in calculation 'job_271_2YKI_31_a', it belongs to other interface (lookup)
WARNING: Keyword 'lookup_table' ignored in calculation 'job_271_2YKI_31_b', it belongs to other interface (lookup)
WARNING: Keyword 'lookup_table' ignored in calculation 'job_272_2YKI_32_ab', it belongs to other interface (lookup)
WARNING: Keyword 'lookup_table' ignored in calculation 'job_272_2YKI_32_a', it belongs to other interface (lookup)
WARNING: Keyword 'lookup_table' ignored in calculation 'job_272_2YKI_32_b', it belongs to other interface (lookup)
WARNING: Keyword 'lookup_table' ignored in calculation 'job_273_2YKI_33_ab', it belongs to other interface (lookup)
WARNING: Keyword 'lookup_table' ignored in calculation 'job_273_2YKI_33_a', it belongs to other interface (lookup)
WARNING: Keyword 'lookup_table' ignored in calculation 'job_273_2YKI_33_b', it belongs to other interface (lookup)
WARNING: Keyword 'lookup_table' ignored in calculation 'job_274_2YKI_34_ab', it belongs to other interface (lookup)
WARNING: Keyword 'lookup_table' ignored in calculation 'job_274_2YKI_34_a', it belongs to other interface (lookup)
WARNING: Keyword 'lookup_table' ignored in calculation 'job_274_2YKI_34_b', it belongs to other interface (lookup)
WARNING: Keyword 'lookup_table' ignored in calculation 'job_275_2YKI_35_ab', it belongs to other interface (lookup)
WARNING: Keyword 'lookup_table' ignored in calculation 'job_275_2YKI_35_a', it belongs to other interface (lookup)
WARNING: Keyword 'lookup_table' ignored in calculation 'job_275_2YKI_35_b', it belongs to other interface (lookup)
WARNING: Keyword 'lookup_table' ignored in calculation 'job_276_2YKI_36_ab', it belongs to other interface (lookup)
WARNING: Keyword 'lookup_table' ignored in calculation 'job_276_2YKI_36_a', it belongs to other interface (lookup)
WARNING: Keyword 'lookup_table' ignored in calculation 'job_276_2YKI_36_b', it belongs to other interface (lookup)
WARNING: Keyword 'lookup_table' ignored in calculation 'job_277_2YKI_37_ab', it belongs to other interface (lookup)
WARNING: Keyword 'lookup_table' ignored in calculation 'job_277_2YKI_37_a', it belongs to other interface (lookup)
WARNING: Keyword 'lookup_table' ignored in calculation 'job_277_2YKI_37_b', it belongs to other interface (lookup)
WARNING: Keyword 'lookup_table' ignored in calculation 'job_278_2YKI_38_ab', it belongs to other interface (lookup)
WARNING: Keyword 'lookup_table' ignored in calculation 'job_278_2YKI_38_a', it belongs to other interface (lookup)
WARNING: Keyword 'lookup_table' ignored in calculation 'job_278_2YKI_38_b', it belongs to other interface (lookup)
WARNING: Keyword 'lookup_table' ignored in calculation 'job_279_2YKI_40_ab', it belongs to other interface (lookup)
WARNING: Keyword 'lookup_table' ignored in calculation 'job_279_2YKI_40_a', it belongs to other interface (lookup)
WARNING: Keyword 'lookup_table' ignored in calculation 'job_279_2YKI_40_b', it belongs to other interface (lookup)
WARNING: Keyword 'lookup_table' ignored in calculation 'job_280_2YKI_41_ab', it belongs to other interface (lookup)
WARNING: Keyword 'lookup_table' ignored in calculation 'job_280_2YKI_41_a', it belongs to other interface (lookup)
WARNING: Keyword 'lookup_table' ignored in calculation 'job_280_2YKI_41_b', it belongs to other interface (lookup)
WARNING: Keyword 'lookup_table' ignored in calculation 'job_281_2YKI_42_ab', it belongs to other interface (lookup)
WARNING: Keyword 'lookup_table' ignored in calculation 'job_281_2YKI_42_a', it belongs to other interface (lookup)
WARNING: Keyword 'lookup_table' ignored in calculation 'job_281_2YKI_42_b', it belongs to other interface (lookup)
WARNING: Keyword 'lookup_table' ignored in calculation 'job_282_2YKI_43_ab', it belongs to other interface (lookup)
WARNING: Keyword 'lookup_table' ignored in calculation 'job_282_2YKI_43_a', it belongs to other interface (lookup)
WARNING: Keyword 'lookup_table' ignored in calculation 'job_282_2YKI_43_b', it belongs to other interface (lookup)
WARNING: Keyword 'lookup_table' ignored in calculation 'job_283_2YKI_44_ab', it belongs to other interface (lookup)
WARNING: Keyword 'lookup_table' ignored in calculation 'job_283_2YKI_44_a', it belongs to other interface (lookup)
WARNING: Keyword 'lookup_table' ignored in calculation 'job_283_2YKI_44_b', it belongs to other interface (lookup)
WARNING: Keyword 'lookup_table' ignored in calculation 'job_284_2ZX6_01_ab', it belongs to other interface (lookup)
WARNING: Keyword 'lookup_table' ignored in calculation 'job_284_2ZX6_01_a', it belongs to other interface (lookup)
WARNING: Keyword 'lookup_table' ignored in calculation 'job_284_2ZX6_01_b', it belongs to other interface (lookup)
WARNING: Keyword 'lookup_table' ignored in calculation 'job_285_2ZX6_02_ab', it belongs to other interface (lookup)
WARNING: Keyword 'lookup_table' ignored in calculation 'job_285_2ZX6_02_a', it belongs to other interface (lookup)
WARNING: Keyword 'lookup_table' ignored in calculation 'job_285_2ZX6_02_b', it belongs to other interface (lookup)
WARNING: Keyword 'lookup_table' ignored in calculation 'job_286_2ZX6_03_ab', it belongs to other interface (lookup)
WARNING: Keyword 'lookup_table' ignored in calculation 'job_286_2ZX6_03_a', it belongs to other interface (lookup)
WARNING: Keyword 'lookup_table' ignored in calculation 'job_286_2ZX6_03_b', it belongs to other interface (lookup)
WARNING: Keyword 'lookup_table' ignored in calculation 'job_287_2ZX6_04_ab', it belongs to other interface (lookup)
WARNING: Keyword 'lookup_table' ignored in calculation 'job_287_2ZX6_04_a', it belongs to other interface (lookup)
WARNING: Keyword 'lookup_table' ignored in calculation 'job_287_2ZX6_04_b', it belongs to other interface (lookup)
WARNING: Keyword 'lookup_table' ignored in calculation 'job_288_2ZX6_05_ab', it belongs to other interface (lookup)
WARNING: Keyword 'lookup_table' ignored in calculation 'job_288_2ZX6_05_a', it belongs to other interface (lookup)
WARNING: Keyword 'lookup_table' ignored in calculation 'job_288_2ZX6_05_b', it belongs to other interface (lookup)
WARNING: Keyword 'lookup_table' ignored in calculation 'job_289_2ZX6_06_ab', it belongs to other interface (lookup)
WARNING: Keyword 'lookup_table' ignored in calculation 'job_289_2ZX6_06_a', it belongs to other interface (lookup)
WARNING: Keyword 'lookup_table' ignored in calculation 'job_289_2ZX6_06_b', it belongs to other interface (lookup)
WARNING: Keyword 'lookup_table' ignored in calculation 'job_290_2ZX6_07_ab', it belongs to other interface (lookup)
WARNING: Keyword 'lookup_table' ignored in calculation 'job_290_2ZX6_07_a', it belongs to other interface (lookup)
WARNING: Keyword 'lookup_table' ignored in calculation 'job_290_2ZX6_07_b', it belongs to other interface (lookup)
WARNING: Keyword 'lookup_table' ignored in calculation 'job_291_2ZX6_08_ab', it belongs to other interface (lookup)
WARNING: Keyword 'lookup_table' ignored in calculation 'job_291_2ZX6_08_a', it belongs to other interface (lookup)
WARNING: Keyword 'lookup_table' ignored in calculation 'job_291_2ZX6_08_b', it belongs to other interface (lookup)
WARNING: Keyword 'lookup_table' ignored in calculation 'job_292_2ZX6_09_ab', it belongs to other interface (lookup)
WARNING: Keyword 'lookup_table' ignored in calculation 'job_292_2ZX6_09_a', it belongs to other interface (lookup)
WARNING: Keyword 'lookup_table' ignored in calculation 'job_292_2ZX6_09_b', it belongs to other interface (lookup)
WARNING: Keyword 'lookup_table' ignored in calculation 'job_293_2ZX6_10_ab', it belongs to other interface (lookup)
WARNING: Keyword 'lookup_table' ignored in calculation 'job_293_2ZX6_10_a', it belongs to other interface (lookup)
WARNING: Keyword 'lookup_table' ignored in calculation 'job_293_2ZX6_10_b', it belongs to other interface (lookup)
WARNING: Keyword 'lookup_table' ignored in calculation 'job_294_2ZX6_11_ab', it belongs to other interface (lookup)
WARNING: Keyword 'lookup_table' ignored in calculation 'job_294_2ZX6_11_a', it belongs to other interface (lookup)
WARNING: Keyword 'lookup_table' ignored in calculation 'job_294_2ZX6_11_b', it belongs to other interface (lookup)
WARNING: Keyword 'lookup_table' ignored in calculation 'job_295_2ZX6_12_ab', it belongs to other interface (lookup)
WARNING: Keyword 'lookup_table' ignored in calculation 'job_295_2ZX6_12_a', it belongs to other interface (lookup)
WARNING: Keyword 'lookup_table' ignored in calculation 'job_295_2ZX6_12_b', it belongs to other interface (lookup)
WARNING: Keyword 'lookup_table' ignored in calculation 'job_296_2ZX6_13_ab', it belongs to other interface (lookup)
WARNING: Keyword 'lookup_table' ignored in calculation 'job_296_2ZX6_13_a', it belongs to other interface (lookup)
WARNING: Keyword 'lookup_table' ignored in calculation 'job_296_2ZX6_13_b', it belongs to other interface (lookup)
WARNING: Keyword 'lookup_table' ignored in calculation 'job_297_2ZX6_14_ab', it belongs to other interface (lookup)
WARNING: Keyword 'lookup_table' ignored in calculation 'job_297_2ZX6_14_a', it belongs to other interface (lookup)
WARNING: Keyword 'lookup_table' ignored in calculation 'job_297_2ZX6_14_b', it belongs to other interface (lookup)
WARNING: Keyword 'lookup_table' ignored in calculation 'job_298_2ZX6_15_ab', it belongs to other interface (lookup)
WARNING: Keyword 'lookup_table' ignored in calculation 'job_298_2ZX6_15_a', it belongs to other interface (lookup)
WARNING: Keyword 'lookup_table' ignored in calculation 'job_298_2ZX6_15_b', it belongs to other interface (lookup)
WARNING: Keyword 'lookup_table' ignored in calculation 'job_299_2ZX6_16_ab', it belongs to other interface (lookup)
WARNING: Keyword 'lookup_table' ignored in calculation 'job_299_2ZX6_16_a', it belongs to other interface (lookup)
WARNING: Keyword 'lookup_table' ignored in calculation 'job_299_2ZX6_16_b', it belongs to other interface (lookup)
WARNING: Keyword 'lookup_table' ignored in calculation 'job_300_2ZX6_17_ab', it belongs to other interface (lookup)
WARNING: Keyword 'lookup_table' ignored in calculation 'job_300_2ZX6_17_a', it belongs to other interface (lookup)
WARNING: Keyword 'lookup_table' ignored in calculation 'job_300_2ZX6_17_b', it belongs to other interface (lookup)
WARNING: Keyword 'lookup_table' ignored in calculation 'job_301_2ZX6_18_ab', it belongs to other interface (lookup)
WARNING: Keyword 'lookup_table' ignored in calculation 'job_301_2ZX6_18_a', it belongs to other interface (lookup)
WARNING: Keyword 'lookup_table' ignored in calculation 'job_301_2ZX6_18_b', it belongs to other interface (lookup)
WARNING: Keyword 'lookup_table' ignored in calculation 'job_302_2ZX6_19_ab', it belongs to other interface (lookup)
WARNING: Keyword 'lookup_table' ignored in calculation 'job_302_2ZX6_19_a', it belongs to other interface (lookup)
WARNING: Keyword 'lookup_table' ignored in calculation 'job_302_2ZX6_19_b', it belongs to other interface (lookup)
WARNING: Keyword 'lookup_table' ignored in calculation 'job_303_2ZX6_20_ab', it belongs to other interface (lookup)
WARNING: Keyword 'lookup_table' ignored in calculation 'job_303_2ZX6_20_a', it belongs to other interface (lookup)
WARNING: Keyword 'lookup_table' ignored in calculation 'job_303_2ZX6_20_b', it belongs to other interface (lookup)
WARNING: Keyword 'lookup_table' ignored in calculation 'job_304_2ZX6_21_ab', it belongs to other interface (lookup)
WARNING: Keyword 'lookup_table' ignored in calculation 'job_304_2ZX6_21_a', it belongs to other interface (lookup)
WARNING: Keyword 'lookup_table' ignored in calculation 'job_304_2ZX6_21_b', it belongs to other interface (lookup)
WARNING: Keyword 'lookup_table' ignored in calculation 'job_305_2ZX6_22_ab', it belongs to other interface (lookup)
WARNING: Keyword 'lookup_table' ignored in calculation 'job_305_2ZX6_22_a', it belongs to other interface (lookup)
WARNING: Keyword 'lookup_table' ignored in calculation 'job_305_2ZX6_22_b', it belongs to other interface (lookup)
WARNING: Keyword 'lookup_table' ignored in calculation 'job_306_2ZX6_23_ab', it belongs to other interface (lookup)
WARNING: Keyword 'lookup_table' ignored in calculation 'job_306_2ZX6_23_a', it belongs to other interface (lookup)
WARNING: Keyword 'lookup_table' ignored in calculation 'job_306_2ZX6_23_b', it belongs to other interface (lookup)
WARNING: Keyword 'lookup_table' ignored in calculation 'job_307_3G0W_01_ab', it belongs to other interface (lookup)
WARNING: Keyword 'lookup_table' ignored in calculation 'job_307_3G0W_01_a', it belongs to other interface (lookup)
WARNING: Keyword 'lookup_table' ignored in calculation 'job_307_3G0W_01_b', it belongs to other interface (lookup)
WARNING: Keyword 'lookup_table' ignored in calculation 'job_308_3G0W_02_ab', it belongs to other interface (lookup)
WARNING: Keyword 'lookup_table' ignored in calculation 'job_308_3G0W_02_a', it belongs to other interface (lookup)
WARNING: Keyword 'lookup_table' ignored in calculation 'job_308_3G0W_02_b', it belongs to other interface (lookup)
WARNING: Keyword 'lookup_table' ignored in calculation 'job_309_3G0W_03_ab', it belongs to other interface (lookup)
WARNING: Keyword 'lookup_table' ignored in calculation 'job_309_3G0W_03_a', it belongs to other interface (lookup)
WARNING: Keyword 'lookup_table' ignored in calculation 'job_309_3G0W_03_b', it belongs to other interface (lookup)
WARNING: Keyword 'lookup_table' ignored in calculation 'job_310_3G0W_04_ab', it belongs to other interface (lookup)
WARNING: Keyword 'lookup_table' ignored in calculation 'job_310_3G0W_04_a', it belongs to other interface (lookup)
WARNING: Keyword 'lookup_table' ignored in calculation 'job_310_3G0W_04_b', it belongs to other interface (lookup)
WARNING: Keyword 'lookup_table' ignored in calculation 'job_311_3G0W_05_ab', it belongs to other interface (lookup)
WARNING: Keyword 'lookup_table' ignored in calculation 'job_311_3G0W_05_a', it belongs to other interface (lookup)
WARNING: Keyword 'lookup_table' ignored in calculation 'job_311_3G0W_05_b', it belongs to other interface (lookup)
WARNING: Keyword 'lookup_table' ignored in calculation 'job_312_3G0W_06_ab', it belongs to other interface (lookup)
WARNING: Keyword 'lookup_table' ignored in calculation 'job_312_3G0W_06_a', it belongs to other interface (lookup)
WARNING: Keyword 'lookup_table' ignored in calculation 'job_312_3G0W_06_b', it belongs to other interface (lookup)
WARNING: Keyword 'lookup_table' ignored in calculation 'job_313_3G0W_07_ab', it belongs to other interface (lookup)
WARNING: Keyword 'lookup_table' ignored in calculation 'job_313_3G0W_07_a', it belongs to other interface (lookup)
WARNING: Keyword 'lookup_table' ignored in calculation 'job_313_3G0W_07_b', it belongs to other interface (lookup)
WARNING: Keyword 'lookup_table' ignored in calculation 'job_314_3G0W_08_ab', it belongs to other interface (lookup)
WARNING: Keyword 'lookup_table' ignored in calculation 'job_314_3G0W_08_a', it belongs to other interface (lookup)
WARNING: Keyword 'lookup_table' ignored in calculation 'job_314_3G0W_08_b', it belongs to other interface (lookup)
WARNING: Keyword 'lookup_table' ignored in calculation 'job_315_3G0W_09_ab', it belongs to other interface (lookup)
WARNING: Keyword 'lookup_table' ignored in calculation 'job_315_3G0W_09_a', it belongs to other interface (lookup)
WARNING: Keyword 'lookup_table' ignored in calculation 'job_315_3G0W_09_b', it belongs to other interface (lookup)
WARNING: Keyword 'lookup_table' ignored in calculation 'job_316_3G0W_10_ab', it belongs to other interface (lookup)
WARNING: Keyword 'lookup_table' ignored in calculation 'job_316_3G0W_10_a', it belongs to other interface (lookup)
WARNING: Keyword 'lookup_table' ignored in calculation 'job_316_3G0W_10_b', it belongs to other interface (lookup)
WARNING: Keyword 'lookup_table' ignored in calculation 'job_317_3G0W_11_ab', it belongs to other interface (lookup)
WARNING: Keyword 'lookup_table' ignored in calculation 'job_317_3G0W_11_a', it belongs to other interface (lookup)
WARNING: Keyword 'lookup_table' ignored in calculation 'job_317_3G0W_11_b', it belongs to other interface (lookup)
WARNING: Keyword 'lookup_table' ignored in calculation 'job_318_3G0W_12_ab', it belongs to other interface (lookup)
WARNING: Keyword 'lookup_table' ignored in calculation 'job_318_3G0W_12_a', it belongs to other interface (lookup)
WARNING: Keyword 'lookup_table' ignored in calculation 'job_318_3G0W_12_b', it belongs to other interface (lookup)
WARNING: Keyword 'lookup_table' ignored in calculation 'job_319_3G0W_13_ab', it belongs to other interface (lookup)
WARNING: Keyword 'lookup_table' ignored in calculation 'job_319_3G0W_13_a', it belongs to other interface (lookup)
WARNING: Keyword 'lookup_table' ignored in calculation 'job_319_3G0W_13_b', it belongs to other interface (lookup)
WARNING: Keyword 'lookup_table' ignored in calculation 'job_320_3G0W_14_ab', it belongs to other interface (lookup)
WARNING: Keyword 'lookup_table' ignored in calculation 'job_320_3G0W_14_a', it belongs to other interface (lookup)
WARNING: Keyword 'lookup_table' ignored in calculation 'job_320_3G0W_14_b', it belongs to other interface (lookup)
WARNING: Keyword 'lookup_table' ignored in calculation 'job_321_3G0W_15_ab', it belongs to other interface (lookup)
WARNING: Keyword 'lookup_table' ignored in calculation 'job_321_3G0W_15_a', it belongs to other interface (lookup)
WARNING: Keyword 'lookup_table' ignored in calculation 'job_321_3G0W_15_b', it belongs to other interface (lookup)
WARNING: Keyword 'lookup_table' ignored in calculation 'job_322_3G0W_16_ab', it belongs to other interface (lookup)
WARNING: Keyword 'lookup_table' ignored in calculation 'job_322_3G0W_16_a', it belongs to other interface (lookup)
WARNING: Keyword 'lookup_table' ignored in calculation 'job_322_3G0W_16_b', it belongs to other interface (lookup)
WARNING: Keyword 'lookup_table' ignored in calculation 'job_323_3G0W_17_ab', it belongs to other interface (lookup)
WARNING: Keyword 'lookup_table' ignored in calculation 'job_323_3G0W_17_a', it belongs to other interface (lookup)
WARNING: Keyword 'lookup_table' ignored in calculation 'job_323_3G0W_17_b', it belongs to other interface (lookup)
WARNING: Keyword 'lookup_table' ignored in calculation 'job_324_3G0W_18_ab', it belongs to other interface (lookup)
WARNING: Keyword 'lookup_table' ignored in calculation 'job_324_3G0W_18_a', it belongs to other interface (lookup)
WARNING: Keyword 'lookup_table' ignored in calculation 'job_324_3G0W_18_b', it belongs to other interface (lookup)
WARNING: Keyword 'lookup_table' ignored in calculation 'job_325_3G0W_19_ab', it belongs to other interface (lookup)
WARNING: Keyword 'lookup_table' ignored in calculation 'job_325_3G0W_19_a', it belongs to other interface (lookup)
WARNING: Keyword 'lookup_table' ignored in calculation 'job_325_3G0W_19_b', it belongs to other interface (lookup)
WARNING: Keyword 'lookup_table' ignored in calculation 'job_326_3G0W_20_ab', it belongs to other interface (lookup)
WARNING: Keyword 'lookup_table' ignored in calculation 'job_326_3G0W_20_a', it belongs to other interface (lookup)
WARNING: Keyword 'lookup_table' ignored in calculation 'job_326_3G0W_20_b', it belongs to other interface (lookup)
WARNING: Keyword 'lookup_table' ignored in calculation 'job_327_3G0W_21_ab', it belongs to other interface (lookup)
WARNING: Keyword 'lookup_table' ignored in calculation 'job_327_3G0W_21_a', it belongs to other interface (lookup)
WARNING: Keyword 'lookup_table' ignored in calculation 'job_327_3G0W_21_b', it belongs to other interface (lookup)
WARNING: Keyword 'lookup_table' ignored in calculation 'job_328_3G0W_22_ab', it belongs to other interface (lookup)
WARNING: Keyword 'lookup_table' ignored in calculation 'job_328_3G0W_22_a', it belongs to other interface (lookup)
WARNING: Keyword 'lookup_table' ignored in calculation 'job_328_3G0W_22_b', it belongs to other interface (lookup)
WARNING: Keyword 'lookup_table' ignored in calculation 'job_329_3G0W_23_ab', it belongs to other interface (lookup)
WARNING: Keyword 'lookup_table' ignored in calculation 'job_329_3G0W_23_a', it belongs to other interface (lookup)
WARNING: Keyword 'lookup_table' ignored in calculation 'job_329_3G0W_23_b', it belongs to other interface (lookup)
WARNING: Keyword 'lookup_table' ignored in calculation 'job_330_3G0W_24_ab', it belongs to other interface (lookup)
WARNING: Keyword 'lookup_table' ignored in calculation 'job_330_3G0W_24_a', it belongs to other interface (lookup)
WARNING: Keyword 'lookup_table' ignored in calculation 'job_330_3G0W_24_b', it belongs to other interface (lookup)
WARNING: Keyword 'lookup_table' ignored in calculation 'job_331_3G0W_25_ab', it belongs to other interface (lookup)
WARNING: Keyword 'lookup_table' ignored in calculation 'job_331_3G0W_25_a', it belongs to other interface (lookup)
WARNING: Keyword 'lookup_table' ignored in calculation 'job_331_3G0W_25_b', it belongs to other interface (lookup)
WARNING: Keyword 'lookup_table' ignored in calculation 'job_332_3G0W_26_ab', it belongs to other interface (lookup)
WARNING: Keyword 'lookup_table' ignored in calculation 'job_332_3G0W_26_a', it belongs to other interface (lookup)
WARNING: Keyword 'lookup_table' ignored in calculation 'job_332_3G0W_26_b', it belongs to other interface (lookup)
WARNING: Keyword 'lookup_table' ignored in calculation 'job_333_3G0W_27_ab', it belongs to other interface (lookup)
WARNING: Keyword 'lookup_table' ignored in calculation 'job_333_3G0W_27_a', it belongs to other interface (lookup)
WARNING: Keyword 'lookup_table' ignored in calculation 'job_333_3G0W_27_b', it belongs to other interface (lookup)
WARNING: Keyword 'lookup_table' ignored in calculation 'job_334_3G0W_28_ab', it belongs to other interface (lookup)
WARNING: Keyword 'lookup_table' ignored in calculation 'job_334_3G0W_28_a', it belongs to other interface (lookup)
WARNING: Keyword 'lookup_table' ignored in calculation 'job_334_3G0W_28_b', it belongs to other interface (lookup)
WARNING: Keyword 'lookup_table' ignored in calculation 'job_335_3G0W_29_ab', it belongs to other interface (lookup)
WARNING: Keyword 'lookup_table' ignored in calculation 'job_335_3G0W_29_a', it belongs to other interface (lookup)
WARNING: Keyword 'lookup_table' ignored in calculation 'job_335_3G0W_29_b', it belongs to other interface (lookup)
WARNING: Keyword 'lookup_table' ignored in calculation 'job_336_3G0W_30_ab', it belongs to other interface (lookup)
WARNING: Keyword 'lookup_table' ignored in calculation 'job_336_3G0W_30_a', it belongs to other interface (lookup)
WARNING: Keyword 'lookup_table' ignored in calculation 'job_336_3G0W_30_b', it belongs to other interface (lookup)
WARNING: Keyword 'lookup_table' ignored in calculation 'job_337_3G0W_31_ab', it belongs to other interface (lookup)
WARNING: Keyword 'lookup_table' ignored in calculation 'job_337_3G0W_31_a', it belongs to other interface (lookup)
WARNING: Keyword 'lookup_table' ignored in calculation 'job_337_3G0W_31_b', it belongs to other interface (lookup)
WARNING: Keyword 'lookup_table' ignored in calculation 'job_338_3G0W_32_ab', it belongs to other interface (lookup)
WARNING: Keyword 'lookup_table' ignored in calculation 'job_338_3G0W_32_a', it belongs to other interface (lookup)
WARNING: Keyword 'lookup_table' ignored in calculation 'job_338_3G0W_32_b', it belongs to other interface (lookup)
WARNING: Keyword 'lookup_table' ignored in calculation 'job_339_3G0W_33_ab', it belongs to other interface (lookup)
WARNING: Keyword 'lookup_table' ignored in calculation 'job_339_3G0W_33_a', it belongs to other interface (lookup)
WARNING: Keyword 'lookup_table' ignored in calculation 'job_339_3G0W_33_b', it belongs to other interface (lookup)
WARNING: Keyword 'lookup_table' ignored in calculation 'job_340_3G0W_34_ab', it belongs to other interface (lookup)
WARNING: Keyword 'lookup_table' ignored in calculation 'job_340_3G0W_34_a', it belongs to other interface (lookup)
WARNING: Keyword 'lookup_table' ignored in calculation 'job_340_3G0W_34_b', it belongs to other interface (lookup)
WARNING: Keyword 'lookup_table' ignored in calculation 'job_341_3G0W_35_ab', it belongs to other interface (lookup)
WARNING: Keyword 'lookup_table' ignored in calculation 'job_341_3G0W_35_a', it belongs to other interface (lookup)
WARNING: Keyword 'lookup_table' ignored in calculation 'job_341_3G0W_35_b', it belongs to other interface (lookup)
WARNING: Keyword 'lookup_table' ignored in calculation 'job_342_3G0W_36_ab', it belongs to other interface (lookup)
WARNING: Keyword 'lookup_table' ignored in calculation 'job_342_3G0W_36_a', it belongs to other interface (lookup)
WARNING: Keyword 'lookup_table' ignored in calculation 'job_342_3G0W_36_b', it belongs to other interface (lookup)
WARNING: Keyword 'lookup_table' ignored in calculation 'job_343_3GCU_01_ab', it belongs to other interface (lookup)
WARNING: Keyword 'lookup_table' ignored in calculation 'job_343_3GCU_01_a', it belongs to other interface (lookup)
WARNING: Keyword 'lookup_table' ignored in calculation 'job_343_3GCU_01_b', it belongs to other interface (lookup)
WARNING: Keyword 'lookup_table' ignored in calculation 'job_344_3GCU_02_ab', it belongs to other interface (lookup)
WARNING: Keyword 'lookup_table' ignored in calculation 'job_344_3GCU_02_a', it belongs to other interface (lookup)
WARNING: Keyword 'lookup_table' ignored in calculation 'job_344_3GCU_02_b', it belongs to other interface (lookup)
WARNING: Keyword 'lookup_table' ignored in calculation 'job_345_3GCU_03_ab', it belongs to other interface (lookup)
WARNING: Keyword 'lookup_table' ignored in calculation 'job_345_3GCU_03_a', it belongs to other interface (lookup)
WARNING: Keyword 'lookup_table' ignored in calculation 'job_345_3GCU_03_b', it belongs to other interface (lookup)
WARNING: Keyword 'lookup_table' ignored in calculation 'job_346_3GCU_04_ab', it belongs to other interface (lookup)
WARNING: Keyword 'lookup_table' ignored in calculation 'job_346_3GCU_04_a', it belongs to other interface (lookup)
WARNING: Keyword 'lookup_table' ignored in calculation 'job_346_3GCU_04_b', it belongs to other interface (lookup)
WARNING: Keyword 'lookup_table' ignored in calculation 'job_347_3GCU_05_ab', it belongs to other interface (lookup)
WARNING: Keyword 'lookup_table' ignored in calculation 'job_347_3GCU_05_a', it belongs to other interface (lookup)
WARNING: Keyword 'lookup_table' ignored in calculation 'job_347_3GCU_05_b', it belongs to other interface (lookup)
WARNING: Keyword 'lookup_table' ignored in calculation 'job_348_3GCU_06_ab', it belongs to other interface (lookup)
WARNING: Keyword 'lookup_table' ignored in calculation 'job_348_3GCU_06_a', it belongs to other interface (lookup)
WARNING: Keyword 'lookup_table' ignored in calculation 'job_348_3GCU_06_b', it belongs to other interface (lookup)
WARNING: Keyword 'lookup_table' ignored in calculation 'job_349_3GCU_07_ab', it belongs to other interface (lookup)
WARNING: Keyword 'lookup_table' ignored in calculation 'job_349_3GCU_07_a', it belongs to other interface (lookup)
WARNING: Keyword 'lookup_table' ignored in calculation 'job_349_3GCU_07_b', it belongs to other interface (lookup)
WARNING: Keyword 'lookup_table' ignored in calculation 'job_350_3GCU_08_ab', it belongs to other interface (lookup)
WARNING: Keyword 'lookup_table' ignored in calculation 'job_350_3GCU_08_a', it belongs to other interface (lookup)
WARNING: Keyword 'lookup_table' ignored in calculation 'job_350_3GCU_08_b', it belongs to other interface (lookup)
WARNING: Keyword 'lookup_table' ignored in calculation 'job_351_3GCU_09_ab', it belongs to other interface (lookup)
WARNING: Keyword 'lookup_table' ignored in calculation 'job_351_3GCU_09_a', it belongs to other interface (lookup)
WARNING: Keyword 'lookup_table' ignored in calculation 'job_351_3GCU_09_b', it belongs to other interface (lookup)
WARNING: Keyword 'lookup_table' ignored in calculation 'job_352_3GCU_10_ab', it belongs to other interface (lookup)
WARNING: Keyword 'lookup_table' ignored in calculation 'job_352_3GCU_10_a', it belongs to other interface (lookup)
WARNING: Keyword 'lookup_table' ignored in calculation 'job_352_3GCU_10_b', it belongs to other interface (lookup)
WARNING: Keyword 'lookup_table' ignored in calculation 'job_353_3GCU_11_ab', it belongs to other interface (lookup)
WARNING: Keyword 'lookup_table' ignored in calculation 'job_353_3GCU_11_a', it belongs to other interface (lookup)
WARNING: Keyword 'lookup_table' ignored in calculation 'job_353_3GCU_11_b', it belongs to other interface (lookup)
WARNING: Keyword 'lookup_table' ignored in calculation 'job_354_3GCU_12_ab', it belongs to other interface (lookup)
WARNING: Keyword 'lookup_table' ignored in calculation 'job_354_3GCU_12_a', it belongs to other interface (lookup)
WARNING: Keyword 'lookup_table' ignored in calculation 'job_354_3GCU_12_b', it belongs to other interface (lookup)
WARNING: Keyword 'lookup_table' ignored in calculation 'job_355_3GCU_13_ab', it belongs to other interface (lookup)
WARNING: Keyword 'lookup_table' ignored in calculation 'job_355_3GCU_13_a', it belongs to other interface (lookup)
WARNING: Keyword 'lookup_table' ignored in calculation 'job_355_3GCU_13_b', it belongs to other interface (lookup)
WARNING: Keyword 'lookup_table' ignored in calculation 'job_356_3GCU_14_ab', it belongs to other interface (lookup)
WARNING: Keyword 'lookup_table' ignored in calculation 'job_356_3GCU_14_a', it belongs to other interface (lookup)
WARNING: Keyword 'lookup_table' ignored in calculation 'job_356_3GCU_14_b', it belongs to other interface (lookup)
WARNING: Keyword 'lookup_table' ignored in calculation 'job_357_3GCU_15_ab', it belongs to other interface (lookup)
WARNING: Keyword 'lookup_table' ignored in calculation 'job_357_3GCU_15_a', it belongs to other interface (lookup)
WARNING: Keyword 'lookup_table' ignored in calculation 'job_357_3GCU_15_b', it belongs to other interface (lookup)
WARNING: Keyword 'lookup_table' ignored in calculation 'job_358_3GCU_16_ab', it belongs to other interface (lookup)
WARNING: Keyword 'lookup_table' ignored in calculation 'job_358_3GCU_16_a', it belongs to other interface (lookup)
WARNING: Keyword 'lookup_table' ignored in calculation 'job_358_3GCU_16_b', it belongs to other interface (lookup)
WARNING: Keyword 'lookup_table' ignored in calculation 'job_359_3GCU_17_ab', it belongs to other interface (lookup)
WARNING: Keyword 'lookup_table' ignored in calculation 'job_359_3GCU_17_a', it belongs to other interface (lookup)
WARNING: Keyword 'lookup_table' ignored in calculation 'job_359_3GCU_17_b', it belongs to other interface (lookup)
WARNING: Keyword 'lookup_table' ignored in calculation 'job_360_3GCU_18_ab', it belongs to other interface (lookup)
WARNING: Keyword 'lookup_table' ignored in calculation 'job_360_3GCU_18_a', it belongs to other interface (lookup)
WARNING: Keyword 'lookup_table' ignored in calculation 'job_360_3GCU_18_b', it belongs to other interface (lookup)
WARNING: Keyword 'lookup_table' ignored in calculation 'job_361_3GCU_19_ab', it belongs to other interface (lookup)
WARNING: Keyword 'lookup_table' ignored in calculation 'job_361_3GCU_19_a', it belongs to other interface (lookup)
WARNING: Keyword 'lookup_table' ignored in calculation 'job_361_3GCU_19_b', it belongs to other interface (lookup)
WARNING: Keyword 'lookup_table' ignored in calculation 'job_362_3GCU_20_ab', it belongs to other interface (lookup)
WARNING: Keyword 'lookup_table' ignored in calculation 'job_362_3GCU_20_a', it belongs to other interface (lookup)
WARNING: Keyword 'lookup_table' ignored in calculation 'job_362_3GCU_20_b', it belongs to other interface (lookup)
WARNING: Keyword 'lookup_table' ignored in calculation 'job_363_3GCU_21_ab', it belongs to other interface (lookup)
WARNING: Keyword 'lookup_table' ignored in calculation 'job_363_3GCU_21_a', it belongs to other interface (lookup)
WARNING: Keyword 'lookup_table' ignored in calculation 'job_363_3GCU_21_b', it belongs to other interface (lookup)
WARNING: Keyword 'lookup_table' ignored in calculation 'job_364_3GCU_22_ab', it belongs to other interface (lookup)
WARNING: Keyword 'lookup_table' ignored in calculation 'job_364_3GCU_22_a', it belongs to other interface (lookup)
WARNING: Keyword 'lookup_table' ignored in calculation 'job_364_3GCU_22_b', it belongs to other interface (lookup)
WARNING: Keyword 'lookup_table' ignored in calculation 'job_365_3GCU_23_ab', it belongs to other interface (lookup)
WARNING: Keyword 'lookup_table' ignored in calculation 'job_365_3GCU_23_a', it belongs to other interface (lookup)
WARNING: Keyword 'lookup_table' ignored in calculation 'job_365_3GCU_23_b', it belongs to other interface (lookup)
WARNING: Keyword 'lookup_table' ignored in calculation 'job_366_3GCU_24_ab', it belongs to other interface (lookup)
WARNING: Keyword 'lookup_table' ignored in calculation 'job_366_3GCU_24_a', it belongs to other interface (lookup)
WARNING: Keyword 'lookup_table' ignored in calculation 'job_366_3GCU_24_b', it belongs to other interface (lookup)
WARNING: Keyword 'lookup_table' ignored in calculation 'job_367_3GCU_25_ab', it belongs to other interface (lookup)
WARNING: Keyword 'lookup_table' ignored in calculation 'job_367_3GCU_25_a', it belongs to other interface (lookup)
WARNING: Keyword 'lookup_table' ignored in calculation 'job_367_3GCU_25_b', it belongs to other interface (lookup)
WARNING: Keyword 'lookup_table' ignored in calculation 'job_368_3GCU_26_ab', it belongs to other interface (lookup)
WARNING: Keyword 'lookup_table' ignored in calculation 'job_368_3GCU_26_a', it belongs to other interface (lookup)
WARNING: Keyword 'lookup_table' ignored in calculation 'job_368_3GCU_26_b', it belongs to other interface (lookup)
WARNING: Keyword 'lookup_table' ignored in calculation 'job_369_3GCU_27_ab', it belongs to other interface (lookup)
WARNING: Keyword 'lookup_table' ignored in calculation 'job_369_3GCU_27_a', it belongs to other interface (lookup)
WARNING: Keyword 'lookup_table' ignored in calculation 'job_369_3GCU_27_b', it belongs to other interface (lookup)
WARNING: Keyword 'lookup_table' ignored in calculation 'job_370_3GCU_28_ab', it belongs to other interface (lookup)
WARNING: Keyword 'lookup_table' ignored in calculation 'job_370_3GCU_28_a', it belongs to other interface (lookup)
WARNING: Keyword 'lookup_table' ignored in calculation 'job_370_3GCU_28_b', it belongs to other interface (lookup)
WARNING: Keyword 'lookup_table' ignored in calculation 'job_371_3GCU_29_ab', it belongs to other interface (lookup)
WARNING: Keyword 'lookup_table' ignored in calculation 'job_371_3GCU_29_a', it belongs to other interface (lookup)
WARNING: Keyword 'lookup_table' ignored in calculation 'job_371_3GCU_29_b', it belongs to other interface (lookup)
WARNING: Keyword 'lookup_table' ignored in calculation 'job_372_3GCU_30_ab', it belongs to other interface (lookup)
WARNING: Keyword 'lookup_table' ignored in calculation 'job_372_3GCU_30_a', it belongs to other interface (lookup)
WARNING: Keyword 'lookup_table' ignored in calculation 'job_372_3GCU_30_b', it belongs to other interface (lookup)
WARNING: Keyword 'lookup_table' ignored in calculation 'job_373_3GCU_31_ab', it belongs to other interface (lookup)
WARNING: Keyword 'lookup_table' ignored in calculation 'job_373_3GCU_31_a', it belongs to other interface (lookup)
WARNING: Keyword 'lookup_table' ignored in calculation 'job_373_3GCU_31_b', it belongs to other interface (lookup)
WARNING: Keyword 'lookup_table' ignored in calculation 'job_374_3GCU_32_ab', it belongs to other interface (lookup)
WARNING: Keyword 'lookup_table' ignored in calculation 'job_374_3GCU_32_a', it belongs to other interface (lookup)
WARNING: Keyword 'lookup_table' ignored in calculation 'job_374_3GCU_32_b', it belongs to other interface (lookup)
WARNING: Keyword 'lookup_table' ignored in calculation 'job_375_3GCU_33_ab', it belongs to other interface (lookup)
WARNING: Keyword 'lookup_table' ignored in calculation 'job_375_3GCU_33_a', it belongs to other interface (lookup)
WARNING: Keyword 'lookup_table' ignored in calculation 'job_375_3GCU_33_b', it belongs to other interface (lookup)
WARNING: Keyword 'lookup_table' ignored in calculation 'job_376_3GCU_34_ab', it belongs to other interface (lookup)
WARNING: Keyword 'lookup_table' ignored in calculation 'job_376_3GCU_34_a', it belongs to other interface (lookup)
WARNING: Keyword 'lookup_table' ignored in calculation 'job_376_3GCU_34_b', it belongs to other interface (lookup)
WARNING: Keyword 'lookup_table' ignored in calculation 'job_377_3GCU_35_ab', it belongs to other interface (lookup)
WARNING: Keyword 'lookup_table' ignored in calculation 'job_377_3GCU_35_a', it belongs to other interface (lookup)
WARNING: Keyword 'lookup_table' ignored in calculation 'job_377_3GCU_35_b', it belongs to other interface (lookup)
WARNING: Keyword 'lookup_table' ignored in calculation 'job_378_3GCU_36_ab', it belongs to other interface (lookup)
WARNING: Keyword 'lookup_table' ignored in calculation 'job_378_3GCU_36_a', it belongs to other interface (lookup)
WARNING: Keyword 'lookup_table' ignored in calculation 'job_378_3GCU_36_b', it belongs to other interface (lookup)
WARNING: Keyword 'lookup_table' ignored in calculation 'job_379_3GCU_37_ab', it belongs to other interface (lookup)
WARNING: Keyword 'lookup_table' ignored in calculation 'job_379_3GCU_37_a', it belongs to other interface (lookup)
WARNING: Keyword 'lookup_table' ignored in calculation 'job_379_3GCU_37_b', it belongs to other interface (lookup)
WARNING: Keyword 'lookup_table' ignored in calculation 'job_380_3GCU_38_ab', it belongs to other interface (lookup)
WARNING: Keyword 'lookup_table' ignored in calculation 'job_380_3GCU_38_a', it belongs to other interface (lookup)
WARNING: Keyword 'lookup_table' ignored in calculation 'job_380_3GCU_38_b', it belongs to other interface (lookup)
WARNING: Keyword 'lookup_table' ignored in calculation 'job_381_3GCU_39_ab', it belongs to other interface (lookup)
WARNING: Keyword 'lookup_table' ignored in calculation 'job_381_3GCU_39_a', it belongs to other interface (lookup)
WARNING: Keyword 'lookup_table' ignored in calculation 'job_381_3GCU_39_b', it belongs to other interface (lookup)
WARNING: Keyword 'lookup_table' ignored in calculation 'job_382_3GCU_40_ab', it belongs to other interface (lookup)
WARNING: Keyword 'lookup_table' ignored in calculation 'job_382_3GCU_40_a', it belongs to other interface (lookup)
WARNING: Keyword 'lookup_table' ignored in calculation 'job_382_3GCU_40_b', it belongs to other interface (lookup)
WARNING: Keyword 'lookup_table' ignored in calculation 'job_383_3GCU_41_ab', it belongs to other interface (lookup)
WARNING: Keyword 'lookup_table' ignored in calculation 'job_383_3GCU_41_a', it belongs to other interface (lookup)
WARNING: Keyword 'lookup_table' ignored in calculation 'job_383_3GCU_41_b', it belongs to other interface (lookup)
WARNING: Keyword 'lookup_table' ignored in calculation 'job_384_3GCU_42_ab', it belongs to other interface (lookup)
WARNING: Keyword 'lookup_table' ignored in calculation 'job_384_3GCU_42_a', it belongs to other interface (lookup)
WARNING: Keyword 'lookup_table' ignored in calculation 'job_384_3GCU_42_b', it belongs to other interface (lookup)
WARNING: Keyword 'lookup_table' ignored in calculation 'job_385_3GCU_43_ab', it belongs to other interface (lookup)
WARNING: Keyword 'lookup_table' ignored in calculation 'job_385_3GCU_43_a', it belongs to other interface (lookup)
WARNING: Keyword 'lookup_table' ignored in calculation 'job_385_3GCU_43_b', it belongs to other interface (lookup)
WARNING: Keyword 'lookup_table' ignored in calculation 'job_386_3GCU_44_ab', it belongs to other interface (lookup)
WARNING: Keyword 'lookup_table' ignored in calculation 'job_386_3GCU_44_a', it belongs to other interface (lookup)
WARNING: Keyword 'lookup_table' ignored in calculation 'job_386_3GCU_44_b', it belongs to other interface (lookup)
WARNING: Keyword 'lookup_table' ignored in calculation 'job_387_3GCU_45_ab', it belongs to other interface (lookup)
WARNING: Keyword 'lookup_table' ignored in calculation 'job_387_3GCU_45_a', it belongs to other interface (lookup)
WARNING: Keyword 'lookup_table' ignored in calculation 'job_387_3GCU_45_b', it belongs to other interface (lookup)
WARNING: Keyword 'lookup_table' ignored in calculation 'job_388_3GCU_46_ab', it belongs to other interface (lookup)
WARNING: Keyword 'lookup_table' ignored in calculation 'job_388_3GCU_46_a', it belongs to other interface (lookup)
WARNING: Keyword 'lookup_table' ignored in calculation 'job_388_3GCU_46_b', it belongs to other interface (lookup)
WARNING: Keyword 'lookup_table' ignored in calculation 'job_389_3GCU_47_ab', it belongs to other interface (lookup)
WARNING: Keyword 'lookup_table' ignored in calculation 'job_389_3GCU_47_a', it belongs to other interface (lookup)
WARNING: Keyword 'lookup_table' ignored in calculation 'job_389_3GCU_47_b', it belongs to other interface (lookup)
WARNING: Keyword 'lookup_table' ignored in calculation 'job_390_3GCU_48_ab', it belongs to other interface (lookup)
WARNING: Keyword 'lookup_table' ignored in calculation 'job_390_3GCU_48_a', it belongs to other interface (lookup)
WARNING: Keyword 'lookup_table' ignored in calculation 'job_390_3GCU_48_b', it belongs to other interface (lookup)
WARNING: Keyword 'lookup_table' ignored in calculation 'job_391_3GNW_01_ab', it belongs to other interface (lookup)
WARNING: Keyword 'lookup_table' ignored in calculation 'job_391_3GNW_01_a', it belongs to other interface (lookup)
WARNING: Keyword 'lookup_table' ignored in calculation 'job_391_3GNW_01_b', it belongs to other interface (lookup)
WARNING: Keyword 'lookup_table' ignored in calculation 'job_392_3GNW_02_ab', it belongs to other interface (lookup)
WARNING: Keyword 'lookup_table' ignored in calculation 'job_392_3GNW_02_a', it belongs to other interface (lookup)
WARNING: Keyword 'lookup_table' ignored in calculation 'job_392_3GNW_02_b', it belongs to other interface (lookup)
WARNING: Keyword 'lookup_table' ignored in calculation 'job_393_3GNW_03_ab', it belongs to other interface (lookup)
WARNING: Keyword 'lookup_table' ignored in calculation 'job_393_3GNW_03_a', it belongs to other interface (lookup)
WARNING: Keyword 'lookup_table' ignored in calculation 'job_393_3GNW_03_b', it belongs to other interface (lookup)
WARNING: Keyword 'lookup_table' ignored in calculation 'job_394_3GNW_04_ab', it belongs to other interface (lookup)
WARNING: Keyword 'lookup_table' ignored in calculation 'job_394_3GNW_04_a', it belongs to other interface (lookup)
WARNING: Keyword 'lookup_table' ignored in calculation 'job_394_3GNW_04_b', it belongs to other interface (lookup)
WARNING: Keyword 'lookup_table' ignored in calculation 'job_395_3GNW_05_ab', it belongs to other interface (lookup)
WARNING: Keyword 'lookup_table' ignored in calculation 'job_395_3GNW_05_a', it belongs to other interface (lookup)
WARNING: Keyword 'lookup_table' ignored in calculation 'job_395_3GNW_05_b', it belongs to other interface (lookup)
WARNING: Keyword 'lookup_table' ignored in calculation 'job_396_3GNW_06_ab', it belongs to other interface (lookup)
WARNING: Keyword 'lookup_table' ignored in calculation 'job_396_3GNW_06_a', it belongs to other interface (lookup)
WARNING: Keyword 'lookup_table' ignored in calculation 'job_396_3GNW_06_b', it belongs to other interface (lookup)
WARNING: Keyword 'lookup_table' ignored in calculation 'job_397_3GNW_07_ab', it belongs to other interface (lookup)
WARNING: Keyword 'lookup_table' ignored in calculation 'job_397_3GNW_07_a', it belongs to other interface (lookup)
WARNING: Keyword 'lookup_table' ignored in calculation 'job_397_3GNW_07_b', it belongs to other interface (lookup)
WARNING: Keyword 'lookup_table' ignored in calculation 'job_398_3GNW_08_ab', it belongs to other interface (lookup)
WARNING: Keyword 'lookup_table' ignored in calculation 'job_398_3GNW_08_a', it belongs to other interface (lookup)
WARNING: Keyword 'lookup_table' ignored in calculation 'job_398_3GNW_08_b', it belongs to other interface (lookup)
WARNING: Keyword 'lookup_table' ignored in calculation 'job_399_3GNW_09_ab', it belongs to other interface (lookup)
WARNING: Keyword 'lookup_table' ignored in calculation 'job_399_3GNW_09_a', it belongs to other interface (lookup)
WARNING: Keyword 'lookup_table' ignored in calculation 'job_399_3GNW_09_b', it belongs to other interface (lookup)
WARNING: Keyword 'lookup_table' ignored in calculation 'job_400_3GNW_10_ab', it belongs to other interface (lookup)
WARNING: Keyword 'lookup_table' ignored in calculation 'job_400_3GNW_10_a', it belongs to other interface (lookup)
WARNING: Keyword 'lookup_table' ignored in calculation 'job_400_3GNW_10_b', it belongs to other interface (lookup)
WARNING: Keyword 'lookup_table' ignored in calculation 'job_401_3GNW_11_ab', it belongs to other interface (lookup)
WARNING: Keyword 'lookup_table' ignored in calculation 'job_401_3GNW_11_a', it belongs to other interface (lookup)
WARNING: Keyword 'lookup_table' ignored in calculation 'job_401_3GNW_11_b', it belongs to other interface (lookup)
WARNING: Keyword 'lookup_table' ignored in calculation 'job_402_3GNW_12_ab', it belongs to other interface (lookup)
WARNING: Keyword 'lookup_table' ignored in calculation 'job_402_3GNW_12_a', it belongs to other interface (lookup)
WARNING: Keyword 'lookup_table' ignored in calculation 'job_402_3GNW_12_b', it belongs to other interface (lookup)
WARNING: Keyword 'lookup_table' ignored in calculation 'job_403_3GNW_13_ab', it belongs to other interface (lookup)
WARNING: Keyword 'lookup_table' ignored in calculation 'job_403_3GNW_13_a', it belongs to other interface (lookup)
WARNING: Keyword 'lookup_table' ignored in calculation 'job_403_3GNW_13_b', it belongs to other interface (lookup)
WARNING: Keyword 'lookup_table' ignored in calculation 'job_404_3GNW_14_ab', it belongs to other interface (lookup)
WARNING: Keyword 'lookup_table' ignored in calculation 'job_404_3GNW_14_a', it belongs to other interface (lookup)
WARNING: Keyword 'lookup_table' ignored in calculation 'job_404_3GNW_14_b', it belongs to other interface (lookup)
WARNING: Keyword 'lookup_table' ignored in calculation 'job_405_3GNW_15_ab', it belongs to other interface (lookup)
WARNING: Keyword 'lookup_table' ignored in calculation 'job_405_3GNW_15_a', it belongs to other interface (lookup)
WARNING: Keyword 'lookup_table' ignored in calculation 'job_405_3GNW_15_b', it belongs to other interface (lookup)
WARNING: Keyword 'lookup_table' ignored in calculation 'job_406_3GNW_16_ab', it belongs to other interface (lookup)
WARNING: Keyword 'lookup_table' ignored in calculation 'job_406_3GNW_16_a', it belongs to other interface (lookup)
WARNING: Keyword 'lookup_table' ignored in calculation 'job_406_3GNW_16_b', it belongs to other interface (lookup)
WARNING: Keyword 'lookup_table' ignored in calculation 'job_407_3GNW_17_ab', it belongs to other interface (lookup)
WARNING: Keyword 'lookup_table' ignored in calculation 'job_407_3GNW_17_a', it belongs to other interface (lookup)
WARNING: Keyword 'lookup_table' ignored in calculation 'job_407_3GNW_17_b', it belongs to other interface (lookup)
WARNING: Keyword 'lookup_table' ignored in calculation 'job_408_3GNW_18_ab', it belongs to other interface (lookup)
WARNING: Keyword 'lookup_table' ignored in calculation 'job_408_3GNW_18_a', it belongs to other interface (lookup)
WARNING: Keyword 'lookup_table' ignored in calculation 'job_408_3GNW_18_b', it belongs to other interface (lookup)
WARNING: Keyword 'lookup_table' ignored in calculation 'job_409_3GNW_19_ab', it belongs to other interface (lookup)
WARNING: Keyword 'lookup_table' ignored in calculation 'job_409_3GNW_19_a', it belongs to other interface (lookup)
WARNING: Keyword 'lookup_table' ignored in calculation 'job_409_3GNW_19_b', it belongs to other interface (lookup)
WARNING: Keyword 'lookup_table' ignored in calculation 'job_410_3GNW_20_ab', it belongs to other interface (lookup)
WARNING: Keyword 'lookup_table' ignored in calculation 'job_410_3GNW_20_a', it belongs to other interface (lookup)
WARNING: Keyword 'lookup_table' ignored in calculation 'job_410_3GNW_20_b', it belongs to other interface (lookup)
WARNING: Keyword 'lookup_table' ignored in calculation 'job_411_3GNW_21_ab', it belongs to other interface (lookup)
WARNING: Keyword 'lookup_table' ignored in calculation 'job_411_3GNW_21_a', it belongs to other interface (lookup)
WARNING: Keyword 'lookup_table' ignored in calculation 'job_411_3GNW_21_b', it belongs to other interface (lookup)
WARNING: Keyword 'lookup_table' ignored in calculation 'job_412_3GNW_22_ab', it belongs to other interface (lookup)
WARNING: Keyword 'lookup_table' ignored in calculation 'job_412_3GNW_22_a', it belongs to other interface (lookup)
WARNING: Keyword 'lookup_table' ignored in calculation 'job_412_3GNW_22_b', it belongs to other interface (lookup)
WARNING: Keyword 'lookup_table' ignored in calculation 'job_413_3GNW_23_ab', it belongs to other interface (lookup)
WARNING: Keyword 'lookup_table' ignored in calculation 'job_413_3GNW_23_a', it belongs to other interface (lookup)
WARNING: Keyword 'lookup_table' ignored in calculation 'job_413_3GNW_23_b', it belongs to other interface (lookup)
WARNING: Keyword 'lookup_table' ignored in calculation 'job_414_3GNW_24_ab', it belongs to other interface (lookup)
WARNING: Keyword 'lookup_table' ignored in calculation 'job_414_3GNW_24_a', it belongs to other interface (lookup)
WARNING: Keyword 'lookup_table' ignored in calculation 'job_414_3GNW_24_b', it belongs to other interface (lookup)
WARNING: Keyword 'lookup_table' ignored in calculation 'job_415_3GNW_25_ab', it belongs to other interface (lookup)
WARNING: Keyword 'lookup_table' ignored in calculation 'job_415_3GNW_25_a', it belongs to other interface (lookup)
WARNING: Keyword 'lookup_table' ignored in calculation 'job_415_3GNW_25_b', it belongs to other interface (lookup)
WARNING: Keyword 'lookup_table' ignored in calculation 'job_416_3GNW_26_ab', it belongs to other interface (lookup)
WARNING: Keyword 'lookup_table' ignored in calculation 'job_416_3GNW_26_a', it belongs to other interface (lookup)
WARNING: Keyword 'lookup_table' ignored in calculation 'job_416_3GNW_26_b', it belongs to other interface (lookup)
WARNING: Keyword 'lookup_table' ignored in calculation 'job_417_3GNW_27_ab', it belongs to other interface (lookup)
WARNING: Keyword 'lookup_table' ignored in calculation 'job_417_3GNW_27_a', it belongs to other interface (lookup)
WARNING: Keyword 'lookup_table' ignored in calculation 'job_417_3GNW_27_b', it belongs to other interface (lookup)
WARNING: Keyword 'lookup_table' ignored in calculation 'job_418_3GNW_28_ab', it belongs to other interface (lookup)
WARNING: Keyword 'lookup_table' ignored in calculation 'job_418_3GNW_28_a', it belongs to other interface (lookup)
WARNING: Keyword 'lookup_table' ignored in calculation 'job_418_3GNW_28_b', it belongs to other interface (lookup)
WARNING: Keyword 'lookup_table' ignored in calculation 'job_419_3GNW_29_ab', it belongs to other interface (lookup)
WARNING: Keyword 'lookup_table' ignored in calculation 'job_419_3GNW_29_a', it belongs to other interface (lookup)
WARNING: Keyword 'lookup_table' ignored in calculation 'job_419_3GNW_29_b', it belongs to other interface (lookup)
WARNING: Keyword 'lookup_table' ignored in calculation 'job_420_3GNW_30_ab', it belongs to other interface (lookup)
WARNING: Keyword 'lookup_table' ignored in calculation 'job_420_3GNW_30_a', it belongs to other interface (lookup)
WARNING: Keyword 'lookup_table' ignored in calculation 'job_420_3GNW_30_b', it belongs to other interface (lookup)
WARNING: Keyword 'lookup_table' ignored in calculation 'job_421_3GNW_31_ab', it belongs to other interface (lookup)
WARNING: Keyword 'lookup_table' ignored in calculation 'job_421_3GNW_31_a', it belongs to other interface (lookup)
WARNING: Keyword 'lookup_table' ignored in calculation 'job_421_3GNW_31_b', it belongs to other interface (lookup)
WARNING: Keyword 'lookup_table' ignored in calculation 'job_422_3GNW_32_ab', it belongs to other interface (lookup)
WARNING: Keyword 'lookup_table' ignored in calculation 'job_422_3GNW_32_a', it belongs to other interface (lookup)
WARNING: Keyword 'lookup_table' ignored in calculation 'job_422_3GNW_32_b', it belongs to other interface (lookup)
WARNING: Keyword 'lookup_table' ignored in calculation 'job_423_3GNW_33_ab', it belongs to other interface (lookup)
WARNING: Keyword 'lookup_table' ignored in calculation 'job_423_3GNW_33_a', it belongs to other interface (lookup)
WARNING: Keyword 'lookup_table' ignored in calculation 'job_423_3GNW_33_b', it belongs to other interface (lookup)
WARNING: Keyword 'lookup_table' ignored in calculation 'job_424_3GNW_34_ab', it belongs to other interface (lookup)
WARNING: Keyword 'lookup_table' ignored in calculation 'job_424_3GNW_34_a', it belongs to other interface (lookup)
WARNING: Keyword 'lookup_table' ignored in calculation 'job_424_3GNW_34_b', it belongs to other interface (lookup)
WARNING: Keyword 'lookup_table' ignored in calculation 'job_425_3GNW_35_ab', it belongs to other interface (lookup)
WARNING: Keyword 'lookup_table' ignored in calculation 'job_425_3GNW_35_a', it belongs to other interface (lookup)
WARNING: Keyword 'lookup_table' ignored in calculation 'job_425_3GNW_35_b', it belongs to other interface (lookup)
WARNING: Keyword 'lookup_table' ignored in calculation 'job_426_3JVS_01_ab', it belongs to other interface (lookup)
WARNING: Keyword 'lookup_table' ignored in calculation 'job_426_3JVS_01_a', it belongs to other interface (lookup)
WARNING: Keyword 'lookup_table' ignored in calculation 'job_426_3JVS_01_b', it belongs to other interface (lookup)
WARNING: Keyword 'lookup_table' ignored in calculation 'job_427_3JVS_02_ab', it belongs to other interface (lookup)
WARNING: Keyword 'lookup_table' ignored in calculation 'job_427_3JVS_02_a', it belongs to other interface (lookup)
WARNING: Keyword 'lookup_table' ignored in calculation 'job_427_3JVS_02_b', it belongs to other interface (lookup)
WARNING: Keyword 'lookup_table' ignored in calculation 'job_428_3JVS_03_ab', it belongs to other interface (lookup)
WARNING: Keyword 'lookup_table' ignored in calculation 'job_428_3JVS_03_a', it belongs to other interface (lookup)
WARNING: Keyword 'lookup_table' ignored in calculation 'job_428_3JVS_03_b', it belongs to other interface (lookup)
WARNING: Keyword 'lookup_table' ignored in calculation 'job_429_3JVS_04_ab', it belongs to other interface (lookup)
WARNING: Keyword 'lookup_table' ignored in calculation 'job_429_3JVS_04_a', it belongs to other interface (lookup)
WARNING: Keyword 'lookup_table' ignored in calculation 'job_429_3JVS_04_b', it belongs to other interface (lookup)
WARNING: Keyword 'lookup_table' ignored in calculation 'job_430_3JVS_05_ab', it belongs to other interface (lookup)
WARNING: Keyword 'lookup_table' ignored in calculation 'job_430_3JVS_05_a', it belongs to other interface (lookup)
WARNING: Keyword 'lookup_table' ignored in calculation 'job_430_3JVS_05_b', it belongs to other interface (lookup)
WARNING: Keyword 'lookup_table' ignored in calculation 'job_431_3JVS_06_ab', it belongs to other interface (lookup)
WARNING: Keyword 'lookup_table' ignored in calculation 'job_431_3JVS_06_a', it belongs to other interface (lookup)
WARNING: Keyword 'lookup_table' ignored in calculation 'job_431_3JVS_06_b', it belongs to other interface (lookup)
WARNING: Keyword 'lookup_table' ignored in calculation 'job_432_3JVS_07_ab', it belongs to other interface (lookup)
WARNING: Keyword 'lookup_table' ignored in calculation 'job_432_3JVS_07_a', it belongs to other interface (lookup)
WARNING: Keyword 'lookup_table' ignored in calculation 'job_432_3JVS_07_b', it belongs to other interface (lookup)
WARNING: Keyword 'lookup_table' ignored in calculation 'job_433_3JVS_08_ab', it belongs to other interface (lookup)
WARNING: Keyword 'lookup_table' ignored in calculation 'job_433_3JVS_08_a', it belongs to other interface (lookup)
WARNING: Keyword 'lookup_table' ignored in calculation 'job_433_3JVS_08_b', it belongs to other interface (lookup)
WARNING: Keyword 'lookup_table' ignored in calculation 'job_434_3JVS_09_ab', it belongs to other interface (lookup)
WARNING: Keyword 'lookup_table' ignored in calculation 'job_434_3JVS_09_a', it belongs to other interface (lookup)
WARNING: Keyword 'lookup_table' ignored in calculation 'job_434_3JVS_09_b', it belongs to other interface (lookup)
WARNING: Keyword 'lookup_table' ignored in calculation 'job_435_3JVS_10_ab', it belongs to other interface (lookup)
WARNING: Keyword 'lookup_table' ignored in calculation 'job_435_3JVS_10_a', it belongs to other interface (lookup)
WARNING: Keyword 'lookup_table' ignored in calculation 'job_435_3JVS_10_b', it belongs to other interface (lookup)
WARNING: Keyword 'lookup_table' ignored in calculation 'job_436_3JVS_11_ab', it belongs to other interface (lookup)
WARNING: Keyword 'lookup_table' ignored in calculation 'job_436_3JVS_11_a', it belongs to other interface (lookup)
WARNING: Keyword 'lookup_table' ignored in calculation 'job_436_3JVS_11_b', it belongs to other interface (lookup)
WARNING: Keyword 'lookup_table' ignored in calculation 'job_437_3JVS_12_ab', it belongs to other interface (lookup)
WARNING: Keyword 'lookup_table' ignored in calculation 'job_437_3JVS_12_a', it belongs to other interface (lookup)
WARNING: Keyword 'lookup_table' ignored in calculation 'job_437_3JVS_12_b', it belongs to other interface (lookup)
WARNING: Keyword 'lookup_table' ignored in calculation 'job_438_3JVS_13_ab', it belongs to other interface (lookup)
WARNING: Keyword 'lookup_table' ignored in calculation 'job_438_3JVS_13_a', it belongs to other interface (lookup)
WARNING: Keyword 'lookup_table' ignored in calculation 'job_438_3JVS_13_b', it belongs to other interface (lookup)
WARNING: Keyword 'lookup_table' ignored in calculation 'job_439_3JVS_14_ab', it belongs to other interface (lookup)
WARNING: Keyword 'lookup_table' ignored in calculation 'job_439_3JVS_14_a', it belongs to other interface (lookup)
WARNING: Keyword 'lookup_table' ignored in calculation 'job_439_3JVS_14_b', it belongs to other interface (lookup)
WARNING: Keyword 'lookup_table' ignored in calculation 'job_440_3JVS_15_ab', it belongs to other interface (lookup)
WARNING: Keyword 'lookup_table' ignored in calculation 'job_440_3JVS_15_a', it belongs to other interface (lookup)
WARNING: Keyword 'lookup_table' ignored in calculation 'job_440_3JVS_15_b', it belongs to other interface (lookup)
WARNING: Keyword 'lookup_table' ignored in calculation 'job_441_3JVS_16_ab', it belongs to other interface (lookup)
WARNING: Keyword 'lookup_table' ignored in calculation 'job_441_3JVS_16_a', it belongs to other interface (lookup)
WARNING: Keyword 'lookup_table' ignored in calculation 'job_441_3JVS_16_b', it belongs to other interface (lookup)
WARNING: Keyword 'lookup_table' ignored in calculation 'job_442_3JVS_17_ab', it belongs to other interface (lookup)
WARNING: Keyword 'lookup_table' ignored in calculation 'job_442_3JVS_17_a', it belongs to other interface (lookup)
WARNING: Keyword 'lookup_table' ignored in calculation 'job_442_3JVS_17_b', it belongs to other interface (lookup)
WARNING: Keyword 'lookup_table' ignored in calculation 'job_443_3JVS_18_ab', it belongs to other interface (lookup)
WARNING: Keyword 'lookup_table' ignored in calculation 'job_443_3JVS_18_a', it belongs to other interface (lookup)
WARNING: Keyword 'lookup_table' ignored in calculation 'job_443_3JVS_18_b', it belongs to other interface (lookup)
WARNING: Keyword 'lookup_table' ignored in calculation 'job_444_3JVS_19_ab', it belongs to other interface (lookup)
WARNING: Keyword 'lookup_table' ignored in calculation 'job_444_3JVS_19_a', it belongs to other interface (lookup)
WARNING: Keyword 'lookup_table' ignored in calculation 'job_444_3JVS_19_b', it belongs to other interface (lookup)
WARNING: Keyword 'lookup_table' ignored in calculation 'job_445_3JVS_20_ab', it belongs to other interface (lookup)
WARNING: Keyword 'lookup_table' ignored in calculation 'job_445_3JVS_20_a', it belongs to other interface (lookup)
WARNING: Keyword 'lookup_table' ignored in calculation 'job_445_3JVS_20_b', it belongs to other interface (lookup)
WARNING: Keyword 'lookup_table' ignored in calculation 'job_446_3JVS_21_ab', it belongs to other interface (lookup)
WARNING: Keyword 'lookup_table' ignored in calculation 'job_446_3JVS_21_a', it belongs to other interface (lookup)
WARNING: Keyword 'lookup_table' ignored in calculation 'job_446_3JVS_21_b', it belongs to other interface (lookup)
WARNING: Keyword 'lookup_table' ignored in calculation 'job_447_3JVS_22_ab', it belongs to other interface (lookup)
WARNING: Keyword 'lookup_table' ignored in calculation 'job_447_3JVS_22_a', it belongs to other interface (lookup)
WARNING: Keyword 'lookup_table' ignored in calculation 'job_447_3JVS_22_b', it belongs to other interface (lookup)
WARNING: Keyword 'lookup_table' ignored in calculation 'job_448_3NOX_01_ab', it belongs to other interface (lookup)
WARNING: Keyword 'lookup_table' ignored in calculation 'job_448_3NOX_01_a', it belongs to other interface (lookup)
WARNING: Keyword 'lookup_table' ignored in calculation 'job_448_3NOX_01_b', it belongs to other interface (lookup)
WARNING: Keyword 'lookup_table' ignored in calculation 'job_449_3NOX_02_ab', it belongs to other interface (lookup)
WARNING: Keyword 'lookup_table' ignored in calculation 'job_449_3NOX_02_a', it belongs to other interface (lookup)
WARNING: Keyword 'lookup_table' ignored in calculation 'job_449_3NOX_02_b', it belongs to other interface (lookup)
WARNING: Keyword 'lookup_table' ignored in calculation 'job_450_3NOX_03_ab', it belongs to other interface (lookup)
WARNING: Keyword 'lookup_table' ignored in calculation 'job_450_3NOX_03_a', it belongs to other interface (lookup)
WARNING: Keyword 'lookup_table' ignored in calculation 'job_450_3NOX_03_b', it belongs to other interface (lookup)
WARNING: Keyword 'lookup_table' ignored in calculation 'job_451_3NOX_04_ab', it belongs to other interface (lookup)
WARNING: Keyword 'lookup_table' ignored in calculation 'job_451_3NOX_04_a', it belongs to other interface (lookup)
WARNING: Keyword 'lookup_table' ignored in calculation 'job_451_3NOX_04_b', it belongs to other interface (lookup)
WARNING: Keyword 'lookup_table' ignored in calculation 'job_452_3NOX_05_ab', it belongs to other interface (lookup)
WARNING: Keyword 'lookup_table' ignored in calculation 'job_452_3NOX_05_a', it belongs to other interface (lookup)
WARNING: Keyword 'lookup_table' ignored in calculation 'job_452_3NOX_05_b', it belongs to other interface (lookup)
WARNING: Keyword 'lookup_table' ignored in calculation 'job_453_3NOX_06_ab', it belongs to other interface (lookup)
WARNING: Keyword 'lookup_table' ignored in calculation 'job_453_3NOX_06_a', it belongs to other interface (lookup)
WARNING: Keyword 'lookup_table' ignored in calculation 'job_453_3NOX_06_b', it belongs to other interface (lookup)
WARNING: Keyword 'lookup_table' ignored in calculation 'job_454_3NOX_07_ab', it belongs to other interface (lookup)
WARNING: Keyword 'lookup_table' ignored in calculation 'job_454_3NOX_07_a', it belongs to other interface (lookup)
WARNING: Keyword 'lookup_table' ignored in calculation 'job_454_3NOX_07_b', it belongs to other interface (lookup)
WARNING: Keyword 'lookup_table' ignored in calculation 'job_455_3NOX_08_ab', it belongs to other interface (lookup)
WARNING: Keyword 'lookup_table' ignored in calculation 'job_455_3NOX_08_a', it belongs to other interface (lookup)
WARNING: Keyword 'lookup_table' ignored in calculation 'job_455_3NOX_08_b', it belongs to other interface (lookup)
WARNING: Keyword 'lookup_table' ignored in calculation 'job_456_3NOX_09_ab', it belongs to other interface (lookup)
WARNING: Keyword 'lookup_table' ignored in calculation 'job_456_3NOX_09_a', it belongs to other interface (lookup)
WARNING: Keyword 'lookup_table' ignored in calculation 'job_456_3NOX_09_b', it belongs to other interface (lookup)
WARNING: Keyword 'lookup_table' ignored in calculation 'job_457_3NOX_10_ab', it belongs to other interface (lookup)
WARNING: Keyword 'lookup_table' ignored in calculation 'job_457_3NOX_10_a', it belongs to other interface (lookup)
WARNING: Keyword 'lookup_table' ignored in calculation 'job_457_3NOX_10_b', it belongs to other interface (lookup)
WARNING: Keyword 'lookup_table' ignored in calculation 'job_458_3NOX_11_ab', it belongs to other interface (lookup)
WARNING: Keyword 'lookup_table' ignored in calculation 'job_458_3NOX_11_a', it belongs to other interface (lookup)
WARNING: Keyword 'lookup_table' ignored in calculation 'job_458_3NOX_11_b', it belongs to other interface (lookup)
WARNING: Keyword 'lookup_table' ignored in calculation 'job_459_3NOX_12_ab', it belongs to other interface (lookup)
WARNING: Keyword 'lookup_table' ignored in calculation 'job_459_3NOX_12_a', it belongs to other interface (lookup)
WARNING: Keyword 'lookup_table' ignored in calculation 'job_459_3NOX_12_b', it belongs to other interface (lookup)
WARNING: Keyword 'lookup_table' ignored in calculation 'job_460_3NOX_13_ab', it belongs to other interface (lookup)
WARNING: Keyword 'lookup_table' ignored in calculation 'job_460_3NOX_13_a', it belongs to other interface (lookup)
WARNING: Keyword 'lookup_table' ignored in calculation 'job_460_3NOX_13_b', it belongs to other interface (lookup)
WARNING: Keyword 'lookup_table' ignored in calculation 'job_461_3NOX_14_ab', it belongs to other interface (lookup)
WARNING: Keyword 'lookup_table' ignored in calculation 'job_461_3NOX_14_a', it belongs to other interface (lookup)
WARNING: Keyword 'lookup_table' ignored in calculation 'job_461_3NOX_14_b', it belongs to other interface (lookup)
WARNING: Keyword 'lookup_table' ignored in calculation 'job_462_3NOX_15_ab', it belongs to other interface (lookup)
WARNING: Keyword 'lookup_table' ignored in calculation 'job_462_3NOX_15_a', it belongs to other interface (lookup)
WARNING: Keyword 'lookup_table' ignored in calculation 'job_462_3NOX_15_b', it belongs to other interface (lookup)
WARNING: Keyword 'lookup_table' ignored in calculation 'job_463_3NOX_16_ab', it belongs to other interface (lookup)
WARNING: Keyword 'lookup_table' ignored in calculation 'job_463_3NOX_16_a', it belongs to other interface (lookup)
WARNING: Keyword 'lookup_table' ignored in calculation 'job_463_3NOX_16_b', it belongs to other interface (lookup)
WARNING: Keyword 'lookup_table' ignored in calculation 'job_464_3NOX_17_ab', it belongs to other interface (lookup)
WARNING: Keyword 'lookup_table' ignored in calculation 'job_464_3NOX_17_a', it belongs to other interface (lookup)
WARNING: Keyword 'lookup_table' ignored in calculation 'job_464_3NOX_17_b', it belongs to other interface (lookup)
WARNING: Keyword 'lookup_table' ignored in calculation 'job_465_3NOX_18_ab', it belongs to other interface (lookup)
WARNING: Keyword 'lookup_table' ignored in calculation 'job_465_3NOX_18_a', it belongs to other interface (lookup)
WARNING: Keyword 'lookup_table' ignored in calculation 'job_465_3NOX_18_b', it belongs to other interface (lookup)
WARNING: Keyword 'lookup_table' ignored in calculation 'job_466_3NOX_19_ab', it belongs to other interface (lookup)
WARNING: Keyword 'lookup_table' ignored in calculation 'job_466_3NOX_19_a', it belongs to other interface (lookup)
WARNING: Keyword 'lookup_table' ignored in calculation 'job_466_3NOX_19_b', it belongs to other interface (lookup)
WARNING: Keyword 'lookup_table' ignored in calculation 'job_467_3NOX_20_ab', it belongs to other interface (lookup)
WARNING: Keyword 'lookup_table' ignored in calculation 'job_467_3NOX_20_a', it belongs to other interface (lookup)
WARNING: Keyword 'lookup_table' ignored in calculation 'job_467_3NOX_20_b', it belongs to other interface (lookup)
WARNING: Keyword 'lookup_table' ignored in calculation 'job_468_3NOX_21_ab', it belongs to other interface (lookup)
WARNING: Keyword 'lookup_table' ignored in calculation 'job_468_3NOX_21_a', it belongs to other interface (lookup)
WARNING: Keyword 'lookup_table' ignored in calculation 'job_468_3NOX_21_b', it belongs to other interface (lookup)
WARNING: Keyword 'lookup_table' ignored in calculation 'job_469_3PE2_01_ab', it belongs to other interface (lookup)
WARNING: Keyword 'lookup_table' ignored in calculation 'job_469_3PE2_01_a', it belongs to other interface (lookup)
WARNING: Keyword 'lookup_table' ignored in calculation 'job_469_3PE2_01_b', it belongs to other interface (lookup)
WARNING: Keyword 'lookup_table' ignored in calculation 'job_470_3PE2_02_ab', it belongs to other interface (lookup)
WARNING: Keyword 'lookup_table' ignored in calculation 'job_470_3PE2_02_a', it belongs to other interface (lookup)
WARNING: Keyword 'lookup_table' ignored in calculation 'job_470_3PE2_02_b', it belongs to other interface (lookup)
WARNING: Keyword 'lookup_table' ignored in calculation 'job_471_3PE2_03_ab', it belongs to other interface (lookup)
WARNING: Keyword 'lookup_table' ignored in calculation 'job_471_3PE2_03_a', it belongs to other interface (lookup)
WARNING: Keyword 'lookup_table' ignored in calculation 'job_471_3PE2_03_b', it belongs to other interface (lookup)
WARNING: Keyword 'lookup_table' ignored in calculation 'job_472_3PE2_04_ab', it belongs to other interface (lookup)
WARNING: Keyword 'lookup_table' ignored in calculation 'job_472_3PE2_04_a', it belongs to other interface (lookup)
WARNING: Keyword 'lookup_table' ignored in calculation 'job_472_3PE2_04_b', it belongs to other interface (lookup)
WARNING: Keyword 'lookup_table' ignored in calculation 'job_473_3PE2_05_ab', it belongs to other interface (lookup)
WARNING: Keyword 'lookup_table' ignored in calculation 'job_473_3PE2_05_a', it belongs to other interface (lookup)
WARNING: Keyword 'lookup_table' ignored in calculation 'job_473_3PE2_05_b', it belongs to other interface (lookup)
WARNING: Keyword 'lookup_table' ignored in calculation 'job_474_3PE2_06_ab', it belongs to other interface (lookup)
WARNING: Keyword 'lookup_table' ignored in calculation 'job_474_3PE2_06_a', it belongs to other interface (lookup)
WARNING: Keyword 'lookup_table' ignored in calculation 'job_474_3PE2_06_b', it belongs to other interface (lookup)
WARNING: Keyword 'lookup_table' ignored in calculation 'job_475_3PE2_07_ab', it belongs to other interface (lookup)
WARNING: Keyword 'lookup_table' ignored in calculation 'job_475_3PE2_07_a', it belongs to other interface (lookup)
WARNING: Keyword 'lookup_table' ignored in calculation 'job_475_3PE2_07_b', it belongs to other interface (lookup)
WARNING: Keyword 'lookup_table' ignored in calculation 'job_476_3PE2_08_ab', it belongs to other interface (lookup)
WARNING: Keyword 'lookup_table' ignored in calculation 'job_476_3PE2_08_a', it belongs to other interface (lookup)
WARNING: Keyword 'lookup_table' ignored in calculation 'job_476_3PE2_08_b', it belongs to other interface (lookup)
WARNING: Keyword 'lookup_table' ignored in calculation 'job_477_3PE2_09_ab', it belongs to other interface (lookup)
WARNING: Keyword 'lookup_table' ignored in calculation 'job_477_3PE2_09_a', it belongs to other interface (lookup)
WARNING: Keyword 'lookup_table' ignored in calculation 'job_477_3PE2_09_b', it belongs to other interface (lookup)
WARNING: Keyword 'lookup_table' ignored in calculation 'job_478_3PE2_10_ab', it belongs to other interface (lookup)
WARNING: Keyword 'lookup_table' ignored in calculation 'job_478_3PE2_10_a', it belongs to other interface (lookup)
WARNING: Keyword 'lookup_table' ignored in calculation 'job_478_3PE2_10_b', it belongs to other interface (lookup)
WARNING: Keyword 'lookup_table' ignored in calculation 'job_479_3PE2_11_ab', it belongs to other interface (lookup)
WARNING: Keyword 'lookup_table' ignored in calculation 'job_479_3PE2_11_a', it belongs to other interface (lookup)
WARNING: Keyword 'lookup_table' ignored in calculation 'job_479_3PE2_11_b', it belongs to other interface (lookup)
WARNING: Keyword 'lookup_table' ignored in calculation 'job_480_3PE2_12_ab', it belongs to other interface (lookup)
WARNING: Keyword 'lookup_table' ignored in calculation 'job_480_3PE2_12_a', it belongs to other interface (lookup)
WARNING: Keyword 'lookup_table' ignored in calculation 'job_480_3PE2_12_b', it belongs to other interface (lookup)
WARNING: Keyword 'lookup_table' ignored in calculation 'job_481_3PE2_13_ab', it belongs to other interface (lookup)
WARNING: Keyword 'lookup_table' ignored in calculation 'job_481_3PE2_13_a', it belongs to other interface (lookup)
WARNING: Keyword 'lookup_table' ignored in calculation 'job_481_3PE2_13_b', it belongs to other interface (lookup)
WARNING: Keyword 'lookup_table' ignored in calculation 'job_482_3PE2_14_ab', it belongs to other interface (lookup)
WARNING: Keyword 'lookup_table' ignored in calculation 'job_482_3PE2_14_a', it belongs to other interface (lookup)
WARNING: Keyword 'lookup_table' ignored in calculation 'job_482_3PE2_14_b', it belongs to other interface (lookup)
WARNING: Keyword 'lookup_table' ignored in calculation 'job_483_3PE2_15_ab', it belongs to other interface (lookup)
WARNING: Keyword 'lookup_table' ignored in calculation 'job_483_3PE2_15_a', it belongs to other interface (lookup)
WARNING: Keyword 'lookup_table' ignored in calculation 'job_483_3PE2_15_b', it belongs to other interface (lookup)
WARNING: Keyword 'lookup_table' ignored in calculation 'job_484_3PE2_16_ab', it belongs to other interface (lookup)
WARNING: Keyword 'lookup_table' ignored in calculation 'job_484_3PE2_16_a', it belongs to other interface (lookup)
WARNING: Keyword 'lookup_table' ignored in calculation 'job_484_3PE2_16_b', it belongs to other interface (lookup)
WARNING: Keyword 'lookup_table' ignored in calculation 'job_485_3PE2_17_ab', it belongs to other interface (lookup)
WARNING: Keyword 'lookup_table' ignored in calculation 'job_485_3PE2_17_a', it belongs to other interface (lookup)
WARNING: Keyword 'lookup_table' ignored in calculation 'job_485_3PE2_17_b', it belongs to other interface (lookup)
WARNING: Keyword 'lookup_table' ignored in calculation 'job_486_3PE2_18_ab', it belongs to other interface (lookup)
WARNING: Keyword 'lookup_table' ignored in calculation 'job_486_3PE2_18_a', it belongs to other interface (lookup)
WARNING: Keyword 'lookup_table' ignored in calculation 'job_486_3PE2_18_b', it belongs to other interface (lookup)
WARNING: Keyword 'lookup_table' ignored in calculation 'job_487_3PE2_19_ab', it belongs to other interface (lookup)
WARNING: Keyword 'lookup_table' ignored in calculation 'job_487_3PE2_19_a', it belongs to other interface (lookup)
WARNING: Keyword 'lookup_table' ignored in calculation 'job_487_3PE2_19_b', it belongs to other interface (lookup)
WARNING: Keyword 'lookup_table' ignored in calculation 'job_488_3PE2_20_ab', it belongs to other interface (lookup)
WARNING: Keyword 'lookup_table' ignored in calculation 'job_488_3PE2_20_a', it belongs to other interface (lookup)
WARNING: Keyword 'lookup_table' ignored in calculation 'job_488_3PE2_20_b', it belongs to other interface (lookup)
WARNING: Keyword 'lookup_table' ignored in calculation 'job_489_3PE2_21_ab', it belongs to other interface (lookup)
WARNING: Keyword 'lookup_table' ignored in calculation 'job_489_3PE2_21_a', it belongs to other interface (lookup)
WARNING: Keyword 'lookup_table' ignored in calculation 'job_489_3PE2_21_b', it belongs to other interface (lookup)
WARNING: Keyword 'lookup_table' ignored in calculation 'job_490_3PE2_22_ab', it belongs to other interface (lookup)
WARNING: Keyword 'lookup_table' ignored in calculation 'job_490_3PE2_22_a', it belongs to other interface (lookup)
WARNING: Keyword 'lookup_table' ignored in calculation 'job_490_3PE2_22_b', it belongs to other interface (lookup)
WARNING: Keyword 'lookup_table' ignored in calculation 'job_491_3PE2_23_ab', it belongs to other interface (lookup)
WARNING: Keyword 'lookup_table' ignored in calculation 'job_491_3PE2_23_a', it belongs to other interface (lookup)
WARNING: Keyword 'lookup_table' ignored in calculation 'job_491_3PE2_23_b', it belongs to other interface (lookup)
WARNING: Keyword 'lookup_table' ignored in calculation 'job_492_3PE2_24_ab', it belongs to other interface (lookup)
WARNING: Keyword 'lookup_table' ignored in calculation 'job_492_3PE2_24_a', it belongs to other interface (lookup)
WARNING: Keyword 'lookup_table' ignored in calculation 'job_492_3PE2_24_b', it belongs to other interface (lookup)
WARNING: Keyword 'lookup_table' ignored in calculation 'job_493_3PE2_25_ab', it belongs to other interface (lookup)
WARNING: Keyword 'lookup_table' ignored in calculation 'job_493_3PE2_25_a', it belongs to other interface (lookup)
WARNING: Keyword 'lookup_table' ignored in calculation 'job_493_3PE2_25_b', it belongs to other interface (lookup)
WARNING: Keyword 'lookup_table' ignored in calculation 'job_494_3PE2_26_ab', it belongs to other interface (lookup)
WARNING: Keyword 'lookup_table' ignored in calculation 'job_494_3PE2_26_a', it belongs to other interface (lookup)
WARNING: Keyword 'lookup_table' ignored in calculation 'job_494_3PE2_26_b', it belongs to other interface (lookup)
WARNING: Keyword 'lookup_table' ignored in calculation 'job_495_3PE2_27_ab', it belongs to other interface (lookup)
WARNING: Keyword 'lookup_table' ignored in calculation 'job_495_3PE2_27_a', it belongs to other interface (lookup)
WARNING: Keyword 'lookup_table' ignored in calculation 'job_495_3PE2_27_b', it belongs to other interface (lookup)
WARNING: Keyword 'lookup_table' ignored in calculation 'job_496_3PE2_28_ab', it belongs to other interface (lookup)
WARNING: Keyword 'lookup_table' ignored in calculation 'job_496_3PE2_28_a', it belongs to other interface (lookup)
WARNING: Keyword 'lookup_table' ignored in calculation 'job_496_3PE2_28_b', it belongs to other interface (lookup)
WARNING: Keyword 'lookup_table' ignored in calculation 'job_497_4GID_01_ab', it belongs to other interface (lookup)
WARNING: Keyword 'lookup_table' ignored in calculation 'job_497_4GID_01_a', it belongs to other interface (lookup)
WARNING: Keyword 'lookup_table' ignored in calculation 'job_497_4GID_01_b', it belongs to other interface (lookup)
WARNING: Keyword 'lookup_table' ignored in calculation 'job_498_4GID_02_ab', it belongs to other interface (lookup)
WARNING: Keyword 'lookup_table' ignored in calculation 'job_498_4GID_02_a', it belongs to other interface (lookup)
WARNING: Keyword 'lookup_table' ignored in calculation 'job_498_4GID_02_b', it belongs to other interface (lookup)
WARNING: Keyword 'lookup_table' ignored in calculation 'job_499_4GID_03_ab', it belongs to other interface (lookup)
WARNING: Keyword 'lookup_table' ignored in calculation 'job_499_4GID_03_a', it belongs to other interface (lookup)
WARNING: Keyword 'lookup_table' ignored in calculation 'job_499_4GID_03_b', it belongs to other interface (lookup)
WARNING: Keyword 'lookup_table' ignored in calculation 'job_500_4GID_04_ab', it belongs to other interface (lookup)
WARNING: Keyword 'lookup_table' ignored in calculation 'job_500_4GID_04_a', it belongs to other interface (lookup)
WARNING: Keyword 'lookup_table' ignored in calculation 'job_500_4GID_04_b', it belongs to other interface (lookup)
WARNING: Keyword 'lookup_table' ignored in calculation 'job_501_4GID_05_ab', it belongs to other interface (lookup)
WARNING: Keyword 'lookup_table' ignored in calculation 'job_501_4GID_05_a', it belongs to other interface (lookup)
WARNING: Keyword 'lookup_table' ignored in calculation 'job_501_4GID_05_b', it belongs to other interface (lookup)
WARNING: Keyword 'lookup_table' ignored in calculation 'job_502_4GID_06_ab', it belongs to other interface (lookup)
WARNING: Keyword 'lookup_table' ignored in calculation 'job_502_4GID_06_a', it belongs to other interface (lookup)
WARNING: Keyword 'lookup_table' ignored in calculation 'job_502_4GID_06_b', it belongs to other interface (lookup)
WARNING: Keyword 'lookup_table' ignored in calculation 'job_503_4GID_07_ab', it belongs to other interface (lookup)
WARNING: Keyword 'lookup_table' ignored in calculation 'job_503_4GID_07_a', it belongs to other interface (lookup)
WARNING: Keyword 'lookup_table' ignored in calculation 'job_503_4GID_07_b', it belongs to other interface (lookup)
WARNING: Keyword 'lookup_table' ignored in calculation 'job_504_4GID_08_ab', it belongs to other interface (lookup)
WARNING: Keyword 'lookup_table' ignored in calculation 'job_504_4GID_08_a', it belongs to other interface (lookup)
WARNING: Keyword 'lookup_table' ignored in calculation 'job_504_4GID_08_b', it belongs to other interface (lookup)
WARNING: Keyword 'lookup_table' ignored in calculation 'job_505_4GID_09_ab', it belongs to other interface (lookup)
WARNING: Keyword 'lookup_table' ignored in calculation 'job_505_4GID_09_a', it belongs to other interface (lookup)
WARNING: Keyword 'lookup_table' ignored in calculation 'job_505_4GID_09_b', it belongs to other interface (lookup)
WARNING: Keyword 'lookup_table' ignored in calculation 'job_506_4GID_10_ab', it belongs to other interface (lookup)
WARNING: Keyword 'lookup_table' ignored in calculation 'job_506_4GID_10_a', it belongs to other interface (lookup)
WARNING: Keyword 'lookup_table' ignored in calculation 'job_506_4GID_10_b', it belongs to other interface (lookup)
WARNING: Keyword 'lookup_table' ignored in calculation 'job_507_4GID_11_ab', it belongs to other interface (lookup)
WARNING: Keyword 'lookup_table' ignored in calculation 'job_507_4GID_11_a', it belongs to other interface (lookup)
WARNING: Keyword 'lookup_table' ignored in calculation 'job_507_4GID_11_b', it belongs to other interface (lookup)
WARNING: Keyword 'lookup_table' ignored in calculation 'job_508_4GID_12_ab', it belongs to other interface (lookup)
WARNING: Keyword 'lookup_table' ignored in calculation 'job_508_4GID_12_a', it belongs to other interface (lookup)
WARNING: Keyword 'lookup_table' ignored in calculation 'job_508_4GID_12_b', it belongs to other interface (lookup)
WARNING: Keyword 'lookup_table' ignored in calculation 'job_509_4GID_13_ab', it belongs to other interface (lookup)
WARNING: Keyword 'lookup_table' ignored in calculation 'job_509_4GID_13_a', it belongs to other interface (lookup)
WARNING: Keyword 'lookup_table' ignored in calculation 'job_509_4GID_13_b', it belongs to other interface (lookup)
WARNING: Keyword 'lookup_table' ignored in calculation 'job_510_4GID_14_ab', it belongs to other interface (lookup)
WARNING: Keyword 'lookup_table' ignored in calculation 'job_510_4GID_14_a', it belongs to other interface (lookup)
WARNING: Keyword 'lookup_table' ignored in calculation 'job_510_4GID_14_b', it belongs to other interface (lookup)
WARNING: Keyword 'lookup_table' ignored in calculation 'job_511_4GID_15_ab', it belongs to other interface (lookup)
WARNING: Keyword 'lookup_table' ignored in calculation 'job_511_4GID_15_a', it belongs to other interface (lookup)
WARNING: Keyword 'lookup_table' ignored in calculation 'job_511_4GID_15_b', it belongs to other interface (lookup)
WARNING: Keyword 'lookup_table' ignored in calculation 'job_512_4GID_16_ab', it belongs to other interface (lookup)
WARNING: Keyword 'lookup_table' ignored in calculation 'job_512_4GID_16_a', it belongs to other interface (lookup)
WARNING: Keyword 'lookup_table' ignored in calculation 'job_512_4GID_16_b', it belongs to other interface (lookup)
WARNING: Keyword 'lookup_table' ignored in calculation 'job_513_4GID_17_ab', it belongs to other interface (lookup)
WARNING: Keyword 'lookup_table' ignored in calculation 'job_513_4GID_17_a', it belongs to other interface (lookup)
WARNING: Keyword 'lookup_table' ignored in calculation 'job_513_4GID_17_b', it belongs to other interface (lookup)
WARNING: Keyword 'lookup_table' ignored in calculation 'job_514_4GID_18_ab', it belongs to other interface (lookup)
WARNING: Keyword 'lookup_table' ignored in calculation 'job_514_4GID_18_a', it belongs to other interface (lookup)
WARNING: Keyword 'lookup_table' ignored in calculation 'job_514_4GID_18_b', it belongs to other interface (lookup)
WARNING: Keyword 'lookup_table' ignored in calculation 'job_515_4GID_19_ab', it belongs to other interface (lookup)
WARNING: Keyword 'lookup_table' ignored in calculation 'job_515_4GID_19_a', it belongs to other interface (lookup)
WARNING: Keyword 'lookup_table' ignored in calculation 'job_515_4GID_19_b', it belongs to other interface (lookup)
WARNING: Keyword 'lookup_table' ignored in calculation 'job_516_4GID_20_ab', it belongs to other interface (lookup)
WARNING: Keyword 'lookup_table' ignored in calculation 'job_516_4GID_20_a', it belongs to other interface (lookup)
WARNING: Keyword 'lookup_table' ignored in calculation 'job_516_4GID_20_b', it belongs to other interface (lookup)
WARNING: Keyword 'lookup_table' ignored in calculation 'job_517_4GID_21_ab', it belongs to other interface (lookup)
WARNING: Keyword 'lookup_table' ignored in calculation 'job_517_4GID_21_a', it belongs to other interface (lookup)
WARNING: Keyword 'lookup_table' ignored in calculation 'job_517_4GID_21_b', it belongs to other interface (lookup)
WARNING: Keyword 'lookup_table' ignored in calculation 'job_518_4GID_22_ab', it belongs to other interface (lookup)
WARNING: Keyword 'lookup_table' ignored in calculation 'job_518_4GID_22_a', it belongs to other interface (lookup)
WARNING: Keyword 'lookup_table' ignored in calculation 'job_518_4GID_22_b', it belongs to other interface (lookup)
WARNING: Keyword 'lookup_table' ignored in calculation 'job_519_4GID_23_ab', it belongs to other interface (lookup)
WARNING: Keyword 'lookup_table' ignored in calculation 'job_519_4GID_23_a', it belongs to other interface (lookup)
WARNING: Keyword 'lookup_table' ignored in calculation 'job_519_4GID_23_b', it belongs to other interface (lookup)
WARNING: Keyword 'lookup_table' ignored in calculation 'job_520_4GID_24_ab', it belongs to other interface (lookup)
WARNING: Keyword 'lookup_table' ignored in calculation 'job_520_4GID_24_a', it belongs to other interface (lookup)
WARNING: Keyword 'lookup_table' ignored in calculation 'job_520_4GID_24_b', it belongs to other interface (lookup)
WARNING: Keyword 'lookup_table' ignored in calculation 'job_521_4GID_25_ab', it belongs to other interface (lookup)
WARNING: Keyword 'lookup_table' ignored in calculation 'job_521_4GID_25_a', it belongs to other interface (lookup)
WARNING: Keyword 'lookup_table' ignored in calculation 'job_521_4GID_25_b', it belongs to other interface (lookup)
WARNING: Keyword 'lookup_table' ignored in calculation 'job_522_4GID_26_ab', it belongs to other interface (lookup)
WARNING: Keyword 'lookup_table' ignored in calculation 'job_522_4GID_26_a', it belongs to other interface (lookup)
WARNING: Keyword 'lookup_table' ignored in calculation 'job_522_4GID_26_b', it belongs to other interface (lookup)
WARNING: Keyword 'lookup_table' ignored in calculation 'job_523_4GID_27_ab', it belongs to other interface (lookup)
WARNING: Keyword 'lookup_table' ignored in calculation 'job_523_4GID_27_a', it belongs to other interface (lookup)
WARNING: Keyword 'lookup_table' ignored in calculation 'job_523_4GID_27_b', it belongs to other interface (lookup)
WARNING: Keyword 'lookup_table' ignored in calculation 'job_524_4GID_28_ab', it belongs to other interface (lookup)
WARNING: Keyword 'lookup_table' ignored in calculation 'job_524_4GID_28_a', it belongs to other interface (lookup)
WARNING: Keyword 'lookup_table' ignored in calculation 'job_524_4GID_28_b', it belongs to other interface (lookup)
WARNING: Keyword 'lookup_table' ignored in calculation 'job_525_4GID_29_ab', it belongs to other interface (lookup)
WARNING: Keyword 'lookup_table' ignored in calculation 'job_525_4GID_29_a', it belongs to other interface (lookup)
WARNING: Keyword 'lookup_table' ignored in calculation 'job_525_4GID_29_b', it belongs to other interface (lookup)
WARNING: Keyword 'lookup_table' ignored in calculation 'job_526_4GID_30_ab', it belongs to other interface (lookup)
WARNING: Keyword 'lookup_table' ignored in calculation 'job_526_4GID_30_a', it belongs to other interface (lookup)
WARNING: Keyword 'lookup_table' ignored in calculation 'job_526_4GID_30_b', it belongs to other interface (lookup)
WARNING: Keyword 'lookup_table' ignored in calculation 'job_527_4GID_31_ab', it belongs to other interface (lookup)
WARNING: Keyword 'lookup_table' ignored in calculation 'job_527_4GID_31_a', it belongs to other interface (lookup)
WARNING: Keyword 'lookup_table' ignored in calculation 'job_527_4GID_31_b', it belongs to other interface (lookup)
WARNING: Keyword 'lookup_table' ignored in calculation 'job_528_4GID_32_ab', it belongs to other interface (lookup)
WARNING: Keyword 'lookup_table' ignored in calculation 'job_528_4GID_32_a', it belongs to other interface (lookup)
WARNING: Keyword 'lookup_table' ignored in calculation 'job_528_4GID_32_b', it belongs to other interface (lookup)
WARNING: Keyword 'lookup_table' ignored in calculation 'job_529_4GID_33_ab', it belongs to other interface (lookup)
WARNING: Keyword 'lookup_table' ignored in calculation 'job_529_4GID_33_a', it belongs to other interface (lookup)
WARNING: Keyword 'lookup_table' ignored in calculation 'job_529_4GID_33_b', it belongs to other interface (lookup)
WARNING: Keyword 'lookup_table' ignored in calculation 'job_530_4GID_34_ab', it belongs to other interface (lookup)
WARNING: Keyword 'lookup_table' ignored in calculation 'job_530_4GID_34_a', it belongs to other interface (lookup)
WARNING: Keyword 'lookup_table' ignored in calculation 'job_530_4GID_34_b', it belongs to other interface (lookup)
WARNING: Keyword 'lookup_table' ignored in calculation 'job_531_4GID_35_ab', it belongs to other interface (lookup)
WARNING: Keyword 'lookup_table' ignored in calculation 'job_531_4GID_35_a', it belongs to other interface (lookup)
WARNING: Keyword 'lookup_table' ignored in calculation 'job_531_4GID_35_b', it belongs to other interface (lookup)
WARNING: Keyword 'lookup_table' ignored in calculation 'job_532_4GID_36_ab', it belongs to other interface (lookup)
WARNING: Keyword 'lookup_table' ignored in calculation 'job_532_4GID_36_a', it belongs to other interface (lookup)
WARNING: Keyword 'lookup_table' ignored in calculation 'job_532_4GID_36_b', it belongs to other interface (lookup)
WARNING: Keyword 'lookup_table' ignored in calculation 'job_533_4GID_37_ab', it belongs to other interface (lookup)
WARNING: Keyword 'lookup_table' ignored in calculation 'job_533_4GID_37_a', it belongs to other interface (lookup)
WARNING: Keyword 'lookup_table' ignored in calculation 'job_533_4GID_37_b', it belongs to other interface (lookup)
WARNING: Keyword 'lookup_table' ignored in calculation 'job_534_4GID_38_ab', it belongs to other interface (lookup)
WARNING: Keyword 'lookup_table' ignored in calculation 'job_534_4GID_38_a', it belongs to other interface (lookup)
WARNING: Keyword 'lookup_table' ignored in calculation 'job_534_4GID_38_b', it belongs to other interface (lookup)
WARNING: Keyword 'lookup_table' ignored in calculation 'job_535_4GID_39_ab', it belongs to other interface (lookup)
WARNING: Keyword 'lookup_table' ignored in calculation 'job_535_4GID_39_a', it belongs to other interface (lookup)
WARNING: Keyword 'lookup_table' ignored in calculation 'job_535_4GID_39_b', it belongs to other interface (lookup)
WARNING: Keyword 'lookup_table' ignored in calculation 'job_536_4GID_40_ab', it belongs to other interface (lookup)
WARNING: Keyword 'lookup_table' ignored in calculation 'job_536_4GID_40_a', it belongs to other interface (lookup)
WARNING: Keyword 'lookup_table' ignored in calculation 'job_536_4GID_40_b', it belongs to other interface (lookup)
WARNING: Keyword 'lookup_table' ignored in calculation 'job_537_4GID_41_ab', it belongs to other interface (lookup)
WARNING: Keyword 'lookup_table' ignored in calculation 'job_537_4GID_41_a', it belongs to other interface (lookup)
WARNING: Keyword 'lookup_table' ignored in calculation 'job_537_4GID_41_b', it belongs to other interface (lookup)
WARNING: Keyword 'lookup_table' ignored in calculation 'job_538_4GID_42_ab', it belongs to other interface (lookup)
WARNING: Keyword 'lookup_table' ignored in calculation 'job_538_4GID_42_a', it belongs to other interface (lookup)
WARNING: Keyword 'lookup_table' ignored in calculation 'job_538_4GID_42_b', it belongs to other interface (lookup)
WARNING: Keyword 'lookup_table' ignored in calculation 'job_539_4GID_43_ab', it belongs to other interface (lookup)
WARNING: Keyword 'lookup_table' ignored in calculation 'job_539_4GID_43_a', it belongs to other interface (lookup)
WARNING: Keyword 'lookup_table' ignored in calculation 'job_539_4GID_43_b', it belongs to other interface (lookup)
WARNING: Keyword 'lookup_table' ignored in calculation 'job_540_4GID_44_ab', it belongs to other interface (lookup)
WARNING: Keyword 'lookup_table' ignored in calculation 'job_540_4GID_44_a', it belongs to other interface (lookup)
WARNING: Keyword 'lookup_table' ignored in calculation 'job_540_4GID_44_b', it belongs to other interface (lookup)
WARNING: Keyword 'lookup_table' ignored in calculation 'job_541_4GID_45_ab', it belongs to other interface (lookup)
WARNING: Keyword 'lookup_table' ignored in calculation 'job_541_4GID_45_a', it belongs to other interface (lookup)
WARNING: Keyword 'lookup_table' ignored in calculation 'job_541_4GID_45_b', it belongs to other interface (lookup)
WARNING: Keyword 'lookup_table' ignored in calculation 'job_542_4GID_46_ab', it belongs to other interface (lookup)
WARNING: Keyword 'lookup_table' ignored in calculation 'job_542_4GID_46_a', it belongs to other interface (lookup)
WARNING: Keyword 'lookup_table' ignored in calculation 'job_542_4GID_46_b', it belongs to other interface (lookup)
WARNING: Keyword 'lookup_table' ignored in calculation 'job_543_4GID_47_ab', it belongs to other interface (lookup)
WARNING: Keyword 'lookup_table' ignored in calculation 'job_543_4GID_47_a', it belongs to other interface (lookup)
WARNING: Keyword 'lookup_table' ignored in calculation 'job_543_4GID_47_b', it belongs to other interface (lookup)
WARNING: Keyword 'lookup_table' ignored in calculation 'job_544_4GID_48_ab', it belongs to other interface (lookup)
WARNING: Keyword 'lookup_table' ignored in calculation 'job_544_4GID_48_a', it belongs to other interface (lookup)
WARNING: Keyword 'lookup_table' ignored in calculation 'job_544_4GID_48_b', it belongs to other interface (lookup)
WARNING: Keyword 'lookup_table' ignored in calculation 'job_545_4GID_49_ab', it belongs to other interface (lookup)
WARNING: Keyword 'lookup_table' ignored in calculation 'job_545_4GID_49_a', it belongs to other interface (lookup)
WARNING: Keyword 'lookup_table' ignored in calculation 'job_545_4GID_49_b', it belongs to other interface (lookup)
WARNING: Keyword 'lookup_table' ignored in calculation 'job_546_4GID_50_ab', it belongs to other interface (lookup)
WARNING: Keyword 'lookup_table' ignored in calculation 'job_546_4GID_50_a', it belongs to other interface (lookup)
WARNING: Keyword 'lookup_table' ignored in calculation 'job_546_4GID_50_b', it belongs to other interface (lookup)
WARNING: Keyword 'lookup_table' ignored in calculation 'job_547_4GID_51_ab', it belongs to other interface (lookup)
WARNING: Keyword 'lookup_table' ignored in calculation 'job_547_4GID_51_a', it belongs to other interface (lookup)
WARNING: Keyword 'lookup_table' ignored in calculation 'job_547_4GID_51_b', it belongs to other interface (lookup)
        _______  
       /\______\ 
      / /      / 
     / / Cuby /   Dataset calculation
     \/______/   
                 
  Failed to kekulize aromatic bonds in OBMol::PerceiveBondOrders

*** Open Babel Warning  in PerceiveBondOrders
  Failed to kekulize aromatic bonds in OBMol::PerceiveBondOrders

*** Open Babel Warning  in PerceiveBondOrders
  Failed to kekulize aromatic bonds in OBMol::PerceiveBondOrders

*** Open Babel Warning  in PerceiveBondOrders
  Failed to kekulize aromatic bonds in OBMol::PerceiveBondOrders

*** Open Babel Warning  in PerceiveBondOrders
  Failed to kekulize aromatic bonds in OBMol::PerceiveBondOrders

*** Open Babel Warning  in PerceiveBondOrders
  Failed to kekulize aromatic bonds in OBMol::PerceiveBondOrders

*** Open Babel Warning  in PerceiveBondOrders
  Failed to kekulize aromatic bonds in OBMol::PerceiveBondOrders

*** Open Babel Warning  in PerceiveBondOrders
  Failed to kekulize aromatic bonds in OBMol::PerceiveBondOrders

*** Open Babel Warning  in PerceiveBondOrders
  Failed to kekulize aromatic bonds in OBMol::PerceiveBondOrders

*** Open Babel Warning  in PerceiveBondOrders
  Failed to kekulize aromatic bonds in OBMol::PerceiveBondOrders

*** Open Babel Warning  in PerceiveBondOrders
  Failed to kekulize aromatic bonds in OBMol::PerceiveBondOrders

*** Open Babel Warning  in PerceiveBondOrders
  Failed to kekulize aromatic bonds in OBMol::PerceiveBondOrders

*** Open Babel Warning  in PerceiveBondOrders
  Failed to kekulize aromatic bonds in OBMol::PerceiveBondOrders

*** Open Babel Warning  in PerceiveBondOrders
  Failed to kekulize aromatic bonds in OBMol::PerceiveBondOrders

*** Open Babel Warning  in PerceiveBondOrders
  Failed to kekulize aromatic bonds in OBMol::PerceiveBondOrders

==========================================================================================
name                                             E      Eref     error  error(%)
------------------------------------------------------------------------------------------
01 10GS_01_bbn                              -2.563    -2.184    -0.379   -17.365
02 10GS_02_bbn                              -0.467    -0.132    -0.335  -253.921
03 10GS_03_bbn                               0.106     0.428    -0.322   -75.330
04 10GS_04_bbn                               4.611     4.504     0.107     2.367
05 10GS_05_bbn                             -12.104   -11.437    -0.667    -5.834
06 10GS_06_pro                              -6.108    -6.883     0.775    11.253
07 10GS_07_bbn                              -6.295    -6.112    -0.183    -2.996
08 10GS_08_bbn                             -14.278   -14.282     0.004     0.028
09 10GS_09_bbn                              -3.295    -4.063     0.768    18.898
10 10GS_10_bbn                              -4.487    -3.957    -0.530   -13.396
11 10GS_11_bbn                              -0.894    -0.762    -0.132   -17.383
12 10GS_12_tyr                              -5.985    -7.821     1.836    23.470
13 10GS_13_phe                              -3.256    -5.857     2.601    44.411
14 10GS_14_val                              -0.522    -1.308     0.786    60.100
15 10GS_15_arg                             -53.455   -53.819     0.364     0.676
16 10GS_16_val                              -0.684    -0.618    -0.066   -10.606
17 10GS_17_trp                             -18.525   -19.558     1.033     5.281
18 10GS_18_lys                             -88.562   -89.344     0.782     0.876
19 10GS_19_gln                             -33.051   -32.038    -1.013    -3.162
20 10GS_20_leu                              -1.057    -1.287     0.230    17.884
21 10GS_21_gln                             -11.211   -10.897    -0.314    -2.883
22 10GS_22_ser                             -11.979   -11.270    -0.709    -6.288
23 10GS_23_tyr                              -1.658    -1.617    -0.041    -2.551
24 10GS_24_asp                              20.068    19.608     0.460     2.344
25 10GS_25_asp                             -15.646   -14.741    -0.905    -6.140
26 2CET_01_bbn                              -0.070     0.231    -0.301  -130.159
27 2CET_02_bbn                              -1.179    -0.814    -0.365   -44.814
28 2CET_03_ala                              -0.332    -0.260    -0.072   -27.809
29 2CET_04_gln                             -10.893    -9.867    -1.026   -10.398
30 2CET_05_arg                              35.006    34.922     0.084     0.242
31 2CET_06_hie                              -1.268    -1.059    -0.209   -19.744
32 2CET_07_trp                              -3.731    -5.045     1.314    26.045
33 2CET_08_asn                              -1.792    -2.421     0.629    25.971
34 2CET_09_glu                            -103.770  -103.150    -0.620    -0.601
35 2CET_10_val                              -2.191    -2.021    -0.170    -8.421
36 2CET_11_val                              -0.665    -0.645    -0.020    -3.028
37 2CET_12_hie                               0.528    -0.152     0.680   447.123
38 2CET_13_asn                              -0.411    -0.471     0.060    12.672
39 2CET_14_asn                               4.556     3.300     1.256    38.046
40 2CET_15_tyr                              -5.465    -6.712     1.247    18.583
41 2CET_16_met                              -1.039    -0.626    -0.413   -65.907
42 2CET_17_trp                              -4.827    -4.775    -0.052    -1.096
43 2CET_18_glu                             -93.192   -92.916    -0.276    -0.297
44 2CET_19_trp                              -8.301    -9.608     1.307    13.602
45 2CET_20_asn                              -0.215     0.300    -0.515  -171.722
46 2CET_21_glu                            -110.076  -110.346     0.270     0.244
47 2CET_22_trp                              -3.046    -2.321    -0.725   -31.215
48 2CET_23_phe                              -6.136    -5.529    -0.607   -10.971
49 2FVD_01_bbn                              -1.318    -1.071    -0.247   -23.053
50 2FVD_02_bbn                              -1.293    -0.993    -0.300   -30.167
51 2FVD_03_bbn                              -0.735    -0.802     0.067     8.294
52 2FVD_04_bbn                              -0.961    -0.422    -0.539  -127.701
53 2FVD_05_bbn                              -4.017    -5.863     1.846    31.478
54 2FVD_06_bbn                              -3.107    -3.338     0.231     6.916
55 2FVD_07_bbn                              -8.407    -8.131    -0.276    -3.390
56 2FVD_08_bbn                              -2.747    -2.300    -0.447   -19.420
57 2FVD_09_bbn                              -8.272    -7.877    -0.395    -5.012
58 2FVD_10_bbn                               2.068     1.604     0.464    28.913
59 2FVD_11_bbn                              -1.697    -1.444    -0.253   -17.501
60 2FVD_12_bbn                               0.262     0.235     0.027    11.660
61 2FVD_13_bbn                              -2.663    -3.477     0.814    23.417
62 2FVD_14_bbn                              -0.080     0.073    -0.153  -209.060
63 2FVD_15_bbn                              -0.340    -0.301    -0.039   -12.912
64 2FVD_16_bbn                              -3.080    -3.018    -0.062    -2.049
65 2FVD_17_ile                              -3.678    -3.780     0.102     2.692
66 2FVD_18_val                              -1.527    -2.692     1.165    43.290
67 2FVD_19_ala                              -1.906    -1.773    -0.133    -7.526
68 2FVD_20_lys                              -4.754    -5.495     0.741    13.492
69 2FVD_21_val                              -0.684    -1.148     0.464    40.394
70 2FVD_22_phe                              -1.350    -2.355     1.005    42.693
71 2FVD_23_glu                              -0.623    -1.405     0.782    55.648
72 2FVD_24_phe                              -3.344    -3.086    -0.258    -8.371
73 2FVD_25_leu                              -0.928    -1.099     0.171    15.522
74 2FVD_26_hie                              -0.520    -0.527     0.007     1.311
75 2FVD_27_gln                              -3.792    -3.566    -0.226    -6.346
76 2FVD_28_asp                              -9.182    -9.816     0.634     6.461
77 2FVD_29_lys                             -20.565   -18.966    -1.599    -8.430
78 2FVD_30_asn                              -4.999    -4.527    -0.472   -10.435
79 2FVD_31_leu                              -4.225    -4.344     0.119     2.739
80 2FVD_32_ala                              -1.200    -1.161    -0.039    -3.319
81 2FVD_33_asp                              -7.248    -9.472     2.224    23.479
82 2OBF_01_bbn                              -0.584    -0.518    -0.066   -12.724
83 2OBF_02_bbn                              -8.089    -7.805    -0.284    -3.639
84 2OBF_03_bbn                               0.299     0.825    -0.526   -63.794
85 2OBF_04_bbn                              -4.023    -3.767    -0.256    -6.788
86 2OBF_05_bbn                              -0.776    -0.402    -0.374   -93.017
87 2OBF_06_bbn                              -0.973    -0.817    -0.156   -19.111
88 2OBF_07_pro                              -1.497    -1.039    -0.458   -44.047
89 2OBF_08_bbn                              -0.208     0.362    -0.570  -157.519
90 2OBF_09_bbn                              -0.424    -0.473     0.049    10.262
91 2OBF_10_bbn                              -5.209    -5.683     0.474     8.333
92 2OBF_11_bbn                               0.408     0.668    -0.260   -38.957
93 2OBF_12_bbn                               1.460     1.836    -0.376   -20.502
94 2OBF_13_bbn                              -3.040    -2.971    -0.069    -2.310
95 2OBF_14_tyr                              -6.907    -6.909     0.002     0.022
96 2OBF_15_asn                              -8.397    -7.005    -1.392   -19.866
97 2OBF_16_tyr                              -5.139    -5.912     0.773    13.080
98 2OBF_17_arg                              39.247    41.108    -1.861    -4.528
99 2OBF_18_leu                              -1.072    -0.537    -0.535   -99.670
100 2OBF_19_val                             -2.478    -2.422    -0.056    -2.328
101 2OBF_20_ala                             -0.634    -0.973     0.339    34.877
102 2OBF_21_leu                             -1.541    -1.240    -0.301   -24.312
103 2OBF_22_tyr                             -3.888    -3.891     0.003     0.076
104 2OBF_23_tyr                             -3.061    -2.925    -0.136    -4.665
105 2OBF_24_phe                             -9.287    -9.337     0.050     0.538
106 2OBF_25_ala                             -0.867    -0.605    -0.262   -43.253
107 2OBF_26_ala                             -2.165    -1.585    -0.580   -36.562
108 2OBF_27_glu                           -136.974  -135.109    -1.865    -1.380
109 2OBF_28_tyr                             -8.819    -8.661    -0.158    -1.822
110 2OBF_29_val                             -1.438    -0.943    -0.495   -52.494
111 2OBF_30_met                             -0.888    -0.341    -0.547  -160.307
112 2OBF_31_asp                            -83.852   -82.912    -0.940    -1.134
113 2OBF_32_val                             -1.862    -1.915     0.053     2.748
114 2OBF_33_val                             -1.975    -1.506    -0.469   -31.134
115 2P4Y_01_bbn                              0.825     0.633     0.192    30.365
116 2P4Y_02_bbn                             -3.357    -3.158    -0.199    -6.309
117 2P4Y_03_bbn                             -0.919    -1.621     0.702    43.280
118 2P4Y_04_bbn                              0.364    -0.504     0.868   172.274
119 2P4Y_05_bbn                             -2.508    -3.285     0.777    23.664
120 2P4Y_06_bbn                             -1.152    -1.259     0.107     8.472
121 2P4Y_07_bbn                             -2.880    -1.965    -0.915   -46.542
122 2P4Y_08_bbn                             -1.837    -1.945     0.108     5.544
123 2P4Y_09_bbn                             -0.959    -0.814    -0.145   -17.832
124 2P4Y_10_bbn                             -0.625    -1.060     0.435    41.043
125 2P4Y_11_bbn                             -2.495    -1.549    -0.946   -61.047
126 2P4Y_12_bbn                             -1.851    -1.648    -0.203   -12.303
127 2P4Y_13_bbn                              0.623     0.388     0.235    60.636
128 2P4Y_14_bbn                             -7.025    -7.223     0.198     2.736
129 2P4Y_15_bbn                            -22.991   -22.002    -0.989    -4.495
130 2P4Y_16_bbn                             -6.180    -6.373     0.193     3.035
131 2P4Y_17_phe                             -0.340    -0.118    -0.222  -188.558
132 2P4Y_18_ile                             -0.680    -0.958     0.278    29.022
133 2P4Y_19_cys                             -4.912    -5.376     0.464     8.635
134 2P4Y_20_phe                             -0.940    -1.502     0.562    37.433
135 2P4Y_21_arg                            -72.510   -70.559    -1.951    -2.765
136 2P4Y_22_ser                             -2.958    -1.952    -1.006   -51.553
137 2P4Y_23_ala                             -2.661    -2.010    -0.651   -32.366
138 2P4Y_24_glu                             19.899    19.435     0.464     2.389
139 2P4Y_25_ile                             -1.260    -1.935     0.675    34.901
140 2P4Y_26_ile                             -1.924    -2.787     0.863    30.980
141 2P4Y_27_tyr                             -2.278    -1.841    -0.437   -23.724
142 2P4Y_28_met                             -3.691    -2.641    -1.050   -39.741
143 2P4Y_29_leu                             -4.098    -4.607     0.509    11.046
144 2P4Y_30_leu                             -3.178    -2.673    -0.505   -18.882
145 2P4Y_31_val                             -0.952    -1.593     0.641    40.243
146 2P4Y_32_ile                             -8.435    -7.524    -0.911   -12.110
147 2P4Y_33_ser                             -4.293    -3.787    -0.506   -13.372
148 2P4Y_34_met                             -1.242    -2.077     0.835    40.200
149 2P4Y_35_leu                             -1.210    -1.370     0.160    11.661
150 2P4Y_36_phe                             -0.540    -1.510     0.970    64.225
151 2P4Y_37_met                             -1.890    -3.066     1.176    38.351
152 2P4Y_38_lys                            -27.748   -28.948     1.200     4.146
153 2P4Y_39_hie                             -1.046    -1.154     0.108     9.365
154 2VOT_01_bbn                              1.521     2.471    -0.950   -38.461
155 2VOT_02_bbn                              0.464     0.834    -0.370   -44.382
156 2VOT_03_bbn                              1.597     1.814    -0.217   -11.956
157 2VOT_04_trp                             -2.737    -1.855    -0.882   -47.561
158 2VOT_05_asp                           -107.907  -108.715     0.808     0.744
159 2VOT_06_trp                             -1.929    -0.130    -1.799 -1384.009
160 2VOT_07_arg                             40.406    41.149    -0.743    -1.806
161 2VOT_08_trp                             -1.469    -1.687     0.218    12.914
162 2VOT_09_cys                             -2.230    -1.784    -0.446   -24.974
163 2VOT_10_asn                             -3.580    -3.554    -0.026    -0.741
164 2VOT_11_glu                           -112.476  -109.350    -3.126    -2.859
165 2VOT_12_glu                            -45.172   -45.354     0.182     0.402
166 2VOT_13_trp                             -0.535    -0.448    -0.087   -19.347
167 2VOT_14_trp                             -1.441     0.355    -1.796  -505.805
168 2VOT_15_hip                             49.876    52.496    -2.620    -4.991
169 2VOT_16_trp                             -5.559    -7.689     2.130    27.699
170 2VOT_17_tyr                             -3.273    -4.084     0.811    19.861
171 2VOT_18_glu                           -111.942  -111.797    -0.145    -0.129
172 2VOT_19_ser                              0.432     0.657    -0.225   -34.220
173 2VOT_20_ser                             -1.144    -1.306     0.162    12.390
174 2VOT_21_trp                            -12.190   -14.338     2.148    14.979
175 2VOT_22_trp                             -7.212    -7.156    -0.056    -0.782
176 2VW5_01_bbn                             -1.283    -1.602     0.319    19.897
177 2VW5_02_bbn                             -1.085    -2.012     0.927    46.078
178 2VW5_03_bbn                              0.184    -0.165     0.349   211.408
179 2VW5_04_bbn                             -0.528    -0.347    -0.181   -52.053
180 2VW5_05_bbn                             -1.320    -1.513     0.193    12.727
181 2VW5_06_bbn                              0.252     0.010     0.242  2416.284
182 2VW5_07_bbn                             -0.269    -0.062    -0.207  -333.249
183 2VW5_08_bbn                             -0.342    -0.306    -0.036   -11.775
184 2VW5_09_bbn                             -2.164    -1.959    -0.205   -10.459
185 2VW5_10_bbn                             -0.741    -0.747     0.006     0.855
186 2VW5_11_bbn                             -3.900    -3.942     0.042     1.063
187 2VW5_12_bbn                              1.431     0.092     1.339  1454.933
188 2VW5_13_bbn                             -7.302    -7.609     0.307     4.036
189 2VW5_14_bbn                             -2.692    -2.653    -0.039    -1.473
190 2VW5_15_bbn                              0.029     0.119    -0.090   -75.547
191 2VW5_16_asn                             -5.252    -6.153     0.901    14.641
192 2VW5_17_ala                             -0.501    -0.437    -0.064   -14.701
193 2VW5_18_asp                            -28.363   -27.702    -0.661    -2.388
194 2VW5_19_ala                             -1.180    -1.574     0.394    25.014
195 2VW5_20_lys                            -16.759   -16.841     0.082     0.487
196 2VW5_21_asp                            -20.932   -20.676    -0.256    -1.238
197 2VW5_22_ile                             -0.673    -0.966     0.293    30.284
198 2VW5_23_met                             -4.919    -5.847     0.928    15.865
199 2VW5_24_glu                             -6.066    -6.855     0.789    11.509
200 2VW5_25_asn                             -1.760    -1.838     0.078     4.244
201 2VW5_26_leu                             -1.157    -1.397     0.240    17.197
202 2VW5_28_val                             -0.228    -0.688     0.460    66.924
203 2VW5_29_phe                             -2.964    -3.685     0.721    19.575
204 2VW5_30_tyr                             -0.555    -1.319     0.764    57.907
205 2VW5_31_val                             -0.276    -0.469     0.193    41.162
206 2VW5_32_thr                             -4.622    -4.575    -0.047    -1.036
207 2VW5_33_leu                             -0.785    -0.905     0.120    13.234
208 2XB8_01_bbn                              3.687     2.947     0.740    25.121
209 2XB8_02_bbn                             -2.467    -3.648     1.181    32.378
210 2XB8_03_bbn                             -2.484    -2.281    -0.203    -8.904
211 2XB8_04_bbn                             -2.787    -3.228     0.441    13.672
212 2XB8_05_bbn                             -2.101    -1.707    -0.394   -23.053
213 2XB8_06_bbn                              1.903     1.795     0.108     6.024
214 2XB8_07_bbn                              1.071     0.743     0.328    44.137
215 2XB8_08_bbn                             -7.863    -8.427     0.564     6.695
216 2XB8_09_bbn                             -5.184    -4.519    -0.665   -14.716
217 2XB8_10_bbn                             -0.997    -1.881     0.884    47.015
218 2XB8_11_bbn                             -3.761    -3.191    -0.570   -17.876
219 2XB8_12_bbn                            -17.833   -18.509     0.676     3.653
220 2XB8_13_bbn                            -18.529   -18.726     0.197     1.053
221 2XB8_14_bbn                              3.544     3.105     0.439    14.125
222 2XB8_15_bbn                             -1.066    -1.108     0.042     3.813
223 2XB8_16_asn                              1.062     0.457     0.605   132.494
224 2XB8_17_leu                             -3.788    -4.157     0.369     8.881
225 2XB8_18_arg                            -24.990   -24.340    -0.650    -2.671
226 2XB8_19_leu                             -0.167    -0.451     0.284    62.883
227 2XB8_20_arg                            -21.479   -19.929    -1.550    -7.777
228 2XB8_21_tyr                             -6.540    -7.905     1.365    17.269
229 2XB8_22_asn                             -7.539    -9.067     1.528    16.849
230 2XB8_23_thr                             -0.727    -1.159     0.432    37.261
231 2XB8_24_hid                             -3.429    -4.787     1.358    28.362
232 2XB8_25_hie                              2.822     3.033    -0.211    -6.966
233 2XB8_26_ile                             -4.314    -3.670    -0.644   -17.559
234 2XB8_27_ser                            -14.071   -13.012    -1.059    -8.136
235 2XB8_28_val                             -1.279    -1.439     0.160    11.141
236 2XB8_29_arg                            -48.709   -51.470     2.761     5.364
237 2XB8_30_arg                            -58.440   -58.856     0.416     0.707
238 2XB8_31_val                             -1.117    -0.697    -0.420   -60.313
239 2XB8_32_asp                             29.205    28.727     0.478     1.664
240 2XB8_33_glu                             22.408    22.273     0.135     0.606
241 2YKI_01_bbn                              0.452     0.150     0.302   201.500
242 2YKI_02_bbn                             -0.045    -0.223     0.178    79.894
243 2YKI_03_bbn                             -0.723    -0.885     0.162    18.249
244 2YKI_04_bbn                              0.120    -0.501     0.621   124.042
245 2YKI_05_bbn                             -1.293    -1.095    -0.198   -18.055
246 2YKI_06_bbn                             -0.390    -0.852     0.462    54.244
247 2YKI_07_bbn                             -1.830    -1.001    -0.829   -82.846
248 2YKI_08_bbn                             -8.749   -10.123     1.374    13.569
249 2YKI_09_bbn                              0.440    -0.006     0.446  7440.665
250 2YKI_10_bbn                             -1.961    -1.105    -0.856   -77.462
251 2YKI_11_bbn                             -4.455    -4.313    -0.142    -3.302
252 2YKI_12_bbn                             -0.384    -1.057     0.673    63.670
253 2YKI_13_bbn                             -0.030    -0.391     0.361    92.405
254 2YKI_14_bbn                             -1.475    -1.846     0.371    20.077
255 2YKI_15_bbn                              0.105    -0.336     0.441   131.322
256 2YKI_16_bbn                             -0.023    -0.240     0.217    90.448
257 2YKI_17_bbn                             -2.584    -2.670     0.086     3.227
258 2YKI_18_bbn                             -1.660    -1.851     0.191    10.306
259 2YKI_19_bbn                              0.079     0.096    -0.017   -17.469
260 2YKI_20_bbn                              0.072     0.160    -0.088   -54.761
261 2YKI_21_bbn                             -0.202    -0.036    -0.166  -460.188
262 2YKI_22_phe                             -0.867    -2.016     1.149    56.985
263 2YKI_23_gln                             -0.542    -0.677     0.135    19.883
264 2YKI_24_ile                             -0.675    -1.114     0.439    39.383
265 2YKI_25_leu                             -0.322    -0.415     0.093    22.360
266 2YKI_26_asn                             -6.510    -7.324     0.814    11.108
267 2YKI_27_ser                             -0.124     0.118    -0.242  -205.116
268 2YKI_28_ala                             -0.886    -0.284    -0.602  -211.940
269 2YKI_29_asp                            -25.500   -25.837     0.337     1.305
270 2YKI_30_ile                             -0.282    -0.373     0.091    24.333
271 2YKI_31_met                             -6.544    -7.012     0.468     6.674
272 2YKI_32_leu                             -2.029    -1.697    -0.332   -19.568
273 2YKI_33_ile                             -0.225    -0.356     0.131    36.832
274 2YKI_34_leu                             -5.469    -5.688     0.219     3.846
275 2YKI_35_ile                             -0.536    -1.195     0.659    55.144
276 2YKI_36_ala                             -0.755    -1.598     0.843    52.776
277 2YKI_37_val                             -0.512    -0.790     0.278    35.143
278 2YKI_38_phe                             -6.387    -8.399     2.012    23.954
279 2YKI_40_val                             -0.658    -1.733     1.075    62.026
280 2YKI_41_trp                             -6.672    -6.213    -0.459    -7.390
281 2YKI_42_phe                             -1.996    -2.736     0.740    27.057
282 2YKI_43_thr                             -3.944    -3.713    -0.231    -6.215
283 2YKI_44_val                             -0.515    -0.972     0.457    46.977
284 2ZX6_01_bbn                              1.675     2.718    -1.043   -38.375
285 2ZX6_02_bbn                              0.199    -0.331     0.530   160.063
286 2ZX6_03_bbn                              0.173    -0.366     0.539   147.339
287 2ZX6_04_bbn                              1.863     1.694     0.169     9.948
288 2ZX6_05_phe                             -1.869    -2.454     0.585    23.855
289 2ZX6_06_hid                            -20.297   -21.607     1.310     6.061
290 2ZX6_07_leu                             -1.548    -1.413    -0.135    -9.534
291 2ZX6_08_tyr                             -2.187    -3.321     1.134    34.153
292 2ZX6_09_glu                            -81.085   -80.174    -0.911    -1.137
293 2ZX6_10_trp                              0.292    -1.055     1.347   127.646
294 2ZX6_11_hie                              0.384    -1.054     1.438   136.457
295 2ZX6_12_hid                            -17.266   -18.071     0.805     4.456
296 2ZX6_13_tyr                             -0.767    -0.065    -0.702 -1079.496
297 2ZX6_14_leu                              0.041    -0.230     0.271   117.888
298 2ZX6_15_trp                             -2.918    -3.758     0.840    22.350
299 2ZX6_16_asp                           -111.133  -110.036    -1.097    -0.997
300 2ZX6_17_met                             -5.229    -4.204    -1.025   -24.377
301 2ZX6_18_arg                             53.562    55.564    -2.002    -3.603
302 2ZX6_19_glu                           -113.989  -111.740    -2.249    -2.013
303 2ZX6_20_val                             -0.780    -1.102     0.322    29.250
304 2ZX6_21_asn                             -5.581    -5.871     0.290     4.936
305 2ZX6_22_thr                             -2.435    -2.562     0.127     4.967
306 2ZX6_23_phe                             -7.377    -8.275     0.898    10.856
307 3G0W_01_bbn                             -0.209    -0.280     0.071    25.206
308 3G0W_02_bbn                             -4.000    -3.220    -0.780   -24.230
309 3G0W_03_bbn                              0.121     0.001     0.120 12005.663
310 3G0W_04_bbn                             -0.016    -0.022     0.006    26.768
311 3G0W_05_bbn                             -0.151    -0.757     0.606    80.092
312 3G0W_06_bbn                              0.580     0.348     0.232    66.671
313 3G0W_07_bbn                             -0.453    -0.797     0.344    43.164
314 3G0W_08_bbn                              0.576    -0.335     0.911   271.998
315 3G0W_09_bbn                             -1.398    -1.026    -0.372   -36.269
316 3G0W_10_bbn                              0.105     1.077    -0.972   -90.219
317 3G0W_11_bbn                              2.540     2.491     0.049     1.950
318 3G0W_12_bbn                             -0.396    -0.473     0.077    16.305
319 3G0W_13_bbn                             -1.945    -1.851    -0.094    -5.078
320 3G0W_14_bbn                             -0.913    -0.879    -0.034    -3.816
321 3G0W_15_bbn                              0.241    -0.077     0.318   412.993
322 3G0W_16_leu                             -0.898    -1.582     0.684    43.217
323 3G0W_17_leu                             -3.938    -4.177     0.239     5.711
324 3G0W_18_asn                            -14.038   -15.230     1.192     7.830
325 3G0W_19_leu                             -2.384    -2.527     0.143     5.644
326 3G0W_20_gln                              0.332     0.770    -0.438   -56.836
327 3G0W_21_trp                             -0.255    -1.224     0.969    79.171
328 3G0W_22_met                             -2.206    -2.943     0.737    25.050
329 3G0W_23_met                             -4.951    -6.038     1.087    18.000
330 3G0W_24_val                             -0.940    -2.021     1.081    53.506
331 3G0W_25_met                             -2.057    -2.591     0.534    20.622
332 3G0W_26_arg                            -18.747   -18.754     0.007     0.037
333 3G0W_27_phe                             -3.261    -3.633     0.372    10.251
334 3G0W_28_met                             -1.994    -2.138     0.144     6.746
335 3G0W_29_met                             -0.679    -0.973     0.294    30.197
336 3G0W_30_leu                             -1.492    -1.954     0.462    23.655
337 3G0W_31_phe                             -0.039    -0.746     0.707    94.752
338 3G0W_32_thr                             -5.302    -4.362    -0.940   -21.558
339 3G0W_33_leu                             -0.451    -0.959     0.508    52.946
340 3G0W_34_phe                             -1.666    -2.385     0.719    30.165
341 3G0W_35_met                             -0.653    -0.625    -0.028    -4.447
342 3G0W_36_ile                             -0.355    -0.474     0.119    25.179
343 3GCU_01_bbn                             -0.196    -0.282     0.086    30.375
344 3GCU_02_bbn                             -3.818    -3.124    -0.694   -22.212
345 3GCU_03_bbn                             -1.566    -1.441    -0.125    -8.648
346 3GCU_04_bbn                             -0.742    -1.028     0.286    27.829
347 3GCU_05_bbn                             -0.694    -0.689    -0.005    -0.791
348 3GCU_06_bbn                              0.204    -0.328     0.532   162.101
349 3GCU_07_bbn                             -1.388    -1.867     0.479    25.662
350 3GCU_08_bbn                             -0.206    -0.029    -0.177  -611.327
351 3GCU_09_bbn                             -1.471    -1.389    -0.082    -5.900
352 3GCU_10_bbn                             -0.066    -0.503     0.437    86.810
353 3GCU_11_bbn                             -1.145    -1.166     0.021     1.794
354 3GCU_12_bbn                             -0.110    -0.152     0.042    27.557
355 3GCU_13_bbn                             -1.051    -1.220     0.169    13.888
356 3GCU_14_bbn                             -0.753    -1.261     0.508    40.290
357 3GCU_15_bbn                             -0.004    -0.618     0.614    99.331
358 3GCU_16_bbn                             -2.881    -2.654    -0.227    -8.558
359 3GCU_17_bbn                             -9.933    -8.222    -1.711   -20.807
360 3GCU_18_bbn                             -1.708    -2.033     0.325    15.984
361 3GCU_19_bbn                             -0.519    -0.332    -0.187   -56.272
362 3GCU_20_bbn                             -0.285    -0.237    -0.048   -20.435
363 3GCU_21_bbn                             -1.797    -1.341    -0.456   -33.975
364 3GCU_22_bbn                             -8.631    -8.470    -0.161    -1.902
365 3GCU_23_bbn                             -2.969    -3.359     0.390    11.619
366 3GCU_24_val                             -1.646    -1.617    -0.029    -1.779
367 3GCU_25_tyr                             -0.365    -0.332    -0.033    -9.992
368 3GCU_26_val                             -2.707    -2.777     0.070     2.523
369 3GCU_27_ala                             -1.689    -1.853     0.164     8.862
370 3GCU_28_lys                             -0.394    -1.564     1.170    74.786
371 3GCU_29_arg                              1.439     1.022     0.417    40.761
372 3GCU_30_arg                             -1.885    -0.302    -1.583  -524.235
373 3GCU_31_glu                            -42.656   -40.107    -2.549    -6.356
374 3GCU_32_leu                             -1.704    -1.619    -0.085    -5.222
375 3GCU_33_leu                             -3.470    -3.539     0.069     1.957
376 3GCU_34_met                             -1.236    -1.363     0.127     9.288
377 3GCU_35_val                             -0.826    -0.854     0.028     3.274
378 3GCU_36_ile                             -2.639    -3.419     0.780    22.799
379 3GCU_37_leu                             -0.837    -1.666     0.829    49.783
380 3GCU_38_thr                             -5.626    -6.012     0.386     6.420
381 3GCU_39_leu                             -1.507    -1.675     0.168    10.021
382 3GCU_40_met                             -1.867    -1.631    -0.236   -14.496
383 3GCU_41_ile                             -1.569    -1.316    -0.253   -19.246
384 3GCU_42_ile                             -0.504    -0.576     0.072    12.424
385 3GCU_43_hie                             -1.563    -2.070     0.507    24.495
386 3GCU_44_ile                             -0.574    -0.486    -0.088   -18.165
387 3GCU_45_leu                             -2.191    -3.753     1.562    41.630
388 3GCU_46_asp                             -2.221    -3.510     1.289    36.717
389 3GCU_47_phe                             -3.774    -3.750    -0.024    -0.650
390 3GCU_48_leu                             -0.732    -0.619    -0.113   -18.325
391 3GNW_01_pro                             -2.482    -1.763    -0.719   -40.779
392 3GNW_02_bbn                              0.374    -1.277     1.651   129.321
393 3GNW_03_bbn                             -3.243    -3.254     0.011     0.343
394 3GNW_04_bbn                             -3.495    -2.857    -0.638   -22.318
395 3GNW_05_bbn                             -1.117    -0.513    -0.604  -117.710
396 3GNW_06_bbn                             -0.274    -0.230    -0.044   -19.147
397 3GNW_07_bbn                             -1.746    -1.752     0.006     0.365
398 3GNW_08_bbn                             -0.711    -0.221    -0.490  -221.697
399 3GNW_09_bbn                             -1.485    -1.049    -0.436   -41.558
400 3GNW_10_bbn                             -0.477    -0.798     0.321    40.216
401 3GNW_11_bbn                             -2.182    -2.458     0.276    11.229
402 3GNW_12_bbn                             -1.068    -0.729    -0.339   -46.514
403 3GNW_13_bbn                             -8.287    -7.914    -0.373    -4.715
404 3GNW_14_bbn                             -9.082    -7.893    -1.189   -15.062
405 3GNW_15_bbn                             -9.071    -8.705    -0.366    -4.201
406 3GNW_16_bbn                             -2.797    -2.751    -0.046    -1.665
407 3GNW_17_arg                             -1.207    -1.153    -0.054    -4.655
408 3GNW_18_phe                             -1.113    -1.633     0.520    31.862
409 3GNW_19_arg                             -6.552    -5.693    -0.859   -15.084
410 3GNW_20_asn                             -2.505    -1.994    -0.511   -25.603
411 3GNW_21_asp                             -3.404    -4.875     1.471    30.179
412 3GNW_22_cys                             -4.378    -4.152    -0.226    -5.432
413 3GNW_23_ser                             -8.246    -8.521     0.275     3.227
414 3GNW_24_ser                             -1.542    -1.549     0.007     0.464
415 3GNW_25_leu                             -1.888    -2.381     0.493    20.703
416 3GNW_26_arg                              3.545     3.776    -0.231    -6.117
417 3GNW_27_ser                             -0.421    -0.516     0.095    18.479
418 3GNW_28_asn                             -2.138    -1.264    -0.874   -69.128
419 3GNW_29_met                             -5.997    -6.025     0.028     0.458
420 3GNW_30_tyr                             -4.665    -4.562    -0.103    -2.250
421 3GNW_31_gln                             -0.695    -0.305    -0.390  -127.738
422 3GNW_32_ile                             -1.137    -0.859    -0.278   -32.310
423 3GNW_33_tyr                             -4.903    -6.613     1.710    25.865
424 3GNW_34_hie                             -0.334    -0.146    -0.188  -128.623
425 3GNW_35_ser                             -5.358    -4.733    -0.625   -13.198
426 3JVS_01_bbn                             -2.204    -1.960    -0.244   -12.453
427 3JVS_02_bbn                            -13.324   -13.696     0.372     2.719
428 3JVS_03_bbn                             -1.604    -1.071    -0.533   -49.806
429 3JVS_04_bbn                             -1.375    -0.504    -0.871  -172.807
430 3JVS_05_bbn                            -12.975   -12.381    -0.594    -4.797
431 3JVS_06_pro                             -4.370    -4.961     0.591    11.908
432 3JVS_07_bbn                              0.776     0.651     0.125    19.248
433 3JVS_08_pro                             -2.221    -2.382     0.161     6.779
434 3JVS_09_bbn                             -0.945    -0.536    -0.409   -76.214
435 3JVS_10_bbn                             -1.355    -1.080    -0.275   -25.421
436 3JVS_11_bbn                             -0.703    -0.457    -0.246   -53.732
437 3JVS_12_bbn                             -3.657    -2.491    -1.166   -46.818
438 3JVS_13_bbn                             -1.853    -1.033    -0.820   -79.362
439 3JVS_14_phe                             -5.104    -7.727     2.623    33.941
440 3JVS_15_asp                             -6.311    -7.306     0.995    13.612
441 3JVS_16_arg                             -0.050    -0.422     0.372    88.131
442 3JVS_17_ile                             -3.988    -3.698    -0.290    -7.855
443 3JVS_18_glu                             -5.225    -8.054     2.829    35.120
444 3JVS_19_tyr                             -1.567    -1.071    -0.496   -46.318
445 3JVS_20_ala                             -1.511    -0.589    -0.922  -156.551
446 3JVS_21_glu                             -2.663    -3.715     1.052    28.307
447 3JVS_22_leu                             -1.955    -1.646    -0.309   -18.785
448 3NOX_01_bbn                              1.186     0.798     0.388    48.582
449 3NOX_02_bbn                             -7.017    -6.207    -0.810   -13.046
450 3NOX_03_bbn                              0.791     0.757     0.034     4.454
451 3NOX_04_bbn                             -1.631    -1.971     0.340    17.264
452 3NOX_05_bbn                              2.691     1.333     1.358   101.885
453 3NOX_06_bbn                             -1.403    -1.433     0.030     2.093
454 3NOX_07_arg                             46.669    45.802     0.867     1.892
455 3NOX_08_glu                           -111.933  -111.564    -0.369    -0.330
456 3NOX_09_glu                           -125.712  -122.376    -3.336    -2.726
457 3NOX_10_tyr                             -2.089    -4.538     2.449    53.973
458 3NOX_11_trp                             -1.741    -0.699    -1.042  -149.024
459 3NOX_12_ser                             -5.326    -6.327     1.001    15.819
460 3NOX_13_tyr                             -1.276    -2.286     1.010    44.179
461 3NOX_14_val                              0.846    -0.341     1.187   348.203
462 3NOX_15_trp                             -1.629    -2.227     0.598    26.849
463 3NOX_16_tyr                            -12.694   -16.022     3.328    20.772
464 3NOX_17_asp                            -61.434   -62.357     0.923     1.479
465 3NOX_18_tyr                             -8.493    -8.583     0.090     1.052
466 3NOX_19_asn                             -1.793    -4.442     2.649    59.637
467 3NOX_20_val                             -1.218    -1.718     0.500    29.085
468 3NOX_21_hid                             -6.543    -8.313     1.770    21.289
469 3PE2_01_bbn                             -3.609    -3.063    -0.546   -17.812
470 3PE2_02_bbn                             -0.460    -0.120    -0.340  -283.097
471 3PE2_03_bbn                             -0.828    -1.582     0.754    47.641
472 3PE2_04_bbn                             -1.276    -1.140    -0.136   -11.887
473 3PE2_05_bbn                             -2.068    -2.152     0.084     3.915
474 3PE2_06_bbn                             -2.068    -2.152     0.084     3.911
475 3PE2_07_bbn                             -2.213    -1.632    -0.581   -35.623
476 3PE2_08_bbn                             -8.993    -8.648    -0.345    -3.985
477 3PE2_09_bbn                             -0.018     0.102    -0.120  -117.615
478 3PE2_10_bbn                             -2.184    -1.706    -0.478   -28.021
479 3PE2_11_bbn                             -3.814    -3.556    -0.258    -7.247
480 3PE2_12_bbn                            -18.530   -18.392    -0.138    -0.752
481 3PE2_13_bbn                             -5.668    -6.612     0.944    14.277
482 3PE2_14_leu                             -2.818    -3.361     0.543    16.145
483 3PE2_15_arg                            -25.326   -22.648    -2.678   -11.825
484 3PE2_16_val                             -3.591    -5.128     1.537    29.968
485 3PE2_17_val                             -2.372    -3.574     1.202    33.643
486 3PE2_18_lys                           -102.016  -101.837    -0.179    -0.176
487 3PE2_19_ile                             -3.107    -3.154     0.047     1.501
488 3PE2_20_phe                             -2.895    -2.992     0.097     3.237
489 3PE2_21_hid                             -2.158    -1.757    -0.401   -22.802
490 3PE2_22_val                             -1.537    -1.155    -0.382   -33.081
491 3PE2_23_asn                             -0.529    -0.799     0.270    33.743
492 3PE2_24_hid                             -3.002    -2.844    -0.158    -5.541
493 3PE2_25_met                             -4.127    -4.093    -0.034    -0.831
494 3PE2_26_ile                             -5.226    -5.304     0.078     1.473
495 3PE2_27_asp                             60.056    57.516     2.540     4.416
496 3PE2_28_trp                             -3.158    -4.656     1.498    32.180
497 4GID_01_bbn                             -1.257    -2.050     0.793    38.675
498 4GID_02_bbn                              2.013     1.595     0.418    26.204
499 4GID_03_bbn                             -1.349    -1.725     0.376    21.792
500 4GID_04_bbn                             -4.776    -5.236     0.460     8.794
501 4GID_05_bbn                              0.594     0.112     0.482   430.204
502 4GID_06_bbn                              2.469     2.493    -0.024    -0.982
503 4GID_07_bbn                            -14.834   -14.417    -0.417    -2.893
504 4GID_08_bbn                             -0.123    -0.097    -0.026   -27.170
505 4GID_09_pro                             -1.347    -1.047    -0.300   -28.673
506 4GID_10_bbn                             -3.753    -4.144     0.391     9.430
507 4GID_11_bbn                             -2.140    -2.179     0.039     1.774
508 4GID_12_bbn                             -4.127    -2.931    -1.196   -40.793
509 4GID_13_bbn                             -5.829    -5.824    -0.005    -0.094
510 4GID_14_bbn                             -2.048    -2.012    -0.036    -1.795
511 4GID_15_bbn                             -1.827    -1.966     0.139     7.071
512 4GID_16_bbn                             -4.150    -4.380     0.230     5.258
513 4GID_17_bbn                              0.962     0.779     0.183    23.503
514 4GID_18_bbn                             -3.609    -3.432    -0.177    -5.153
515 4GID_19_bbn                             -1.571    -1.652     0.081     4.926
516 4GID_20_bbn                              0.390    -0.379     0.769   202.826
517 4GID_21_bbn                            -16.536   -18.166     1.630     8.973
518 4GID_22_bbn                             -6.091    -6.907     0.816    11.820
519 4GID_23_bbn                             -6.748    -5.857    -0.891   -15.219
520 4GID_24_bbn                              0.502     0.454     0.048    10.601
521 4GID_25_ser                              0.341     0.291     0.050    17.112
522 4GID_26_gln                             -1.694    -1.744     0.050     2.845
523 4GID_27_tyr                              0.176    -0.498     0.674   135.243
524 4GID_28_leu                             -2.605    -2.591    -0.014    -0.523
525 4GID_29_asp                            -81.439   -79.976    -1.463    -1.829
526 4GID_30_ser                              0.806     0.726     0.080    11.003
527 4GID_31_val                             -0.748    -0.830     0.082     9.887
528 4GID_32_tyr                             -6.385    -8.307     1.922    23.138
529 4GID_33_thr                             -1.690    -1.485    -0.205   -13.772
530 4GID_34_gln                             -2.297    -2.954     0.657    22.232
531 4GID_35_phe                             -1.337    -2.732     1.395    51.046
532 4GID_36_ile                             -1.898    -1.625    -0.273   -16.810
533 4GID_37_trp                             -1.338    -3.718     2.380    64.020
534 4GID_38_ile                             -1.808    -1.892     0.084     4.461
535 4GID_39_ile                             -1.608    -1.303    -0.305   -23.370
536 4GID_40_arg                             28.170    28.317    -0.147    -0.521
537 4GID_41_tyr                             -4.604    -4.078    -0.526   -12.906
538 4GID_42_ile                             -1.234    -1.315     0.081     6.122
539 4GID_43_asp                           -116.104  -114.321    -1.783    -1.559
540 4GID_44_thr                             -6.826    -6.629    -0.197    -2.969
541 4GID_45_thr                             -5.048    -4.836    -0.212    -4.382
542 4GID_46_asn                             -5.807    -5.295    -0.512    -9.673
543 4GID_47_arg                             25.886    27.645    -1.759    -6.363
544 4GID_48_lys                             23.401    23.587    -0.186    -0.787
545 4GID_49_ser                             -0.150     0.084    -0.234  -278.955
546 4GID_50_val                             -1.206    -1.455     0.249    17.125
547 4GID_51_ala                             -0.975    -0.385    -0.590  -153.157
==========================================================================================
RMSE                0.812   kcal/mol
MUE                 0.569   kcal/mol
------------------------------------------------------------------------------------------
MSE                 0.100   kcal/mol
min                -3.336   kcal/mol
max                 3.328   kcal/mol
range               6.664   kcal/mol
min abs             0.002   kcal/mol
max abs             3.336   kcal/mol
==========================================================================================
RMSE              625.533   %
MUE                85.339   %
MSE                38.546   %
min             -1384.009   %
max             12005.663   %
range           13389.672   %
min abs             0.022   %
max abs         12005.663   %
------------------------------------------------------------------------------------------
RMSE/|avg|         10.027   %
MUE/|avg|           7.022   %
==========================================================================================
Statistics for groups:
neutral-neutral(225)RMSE      0.584   MSE       0.127   kcal/mol
charged-neutral(280)RMSE      0.831   MSE       0.175   kcal/mol
charged-charged(42) RMSE      1.468   MSE      -0.540   kcal/mol
--------------------------------------------------------------------------------
neutral-neutralRMSE/|avg|     25.86 %
charged-neutralRMSE/|avg|     19.48 %
charged-chargedRMSE/|avg|     2.26 %
==========================================================================================

