WARNING: Keyword 'lookup_table' ignored in calculation 'job_01_10GS_01_ab', it belongs to other interface (lookup)
WARNING: Interface uma is under development and should be used with care:
         Only basic functionality, no error checks
WARNING: Keyword 'lookup_table' ignored in calculation 'job_01_10GS_01_a', it belongs to other interface (lookup)
WARNING: Keyword 'lookup_table' ignored in calculation 'job_01_10GS_01_b', it belongs to other interface (lookup)
WARNING: Keyword 'lookup_table' ignored in calculation 'job_02_10GS_02_ab', it belongs to other interface (lookup)
WARNING: Keyword 'lookup_table' ignored in calculation 'job_02_10GS_02_a', it belongs to other interface (lookup)
WARNING: Keyword 'lookup_table' ignored in calculation 'job_02_10GS_02_b', it belongs to other interface (lookup)
WARNING: Keyword 'lookup_table' ignored in calculation 'job_03_10GS_03_ab', it belongs to other interface (lookup)
WARNING: Keyword 'lookup_table' ignored in calculation 'job_03_10GS_03_a', it belongs to other interface (lookup)
WARNING: Keyword 'lookup_table' ignored in calculation 'job_03_10GS_03_b', it belongs to other interface (lookup)
WARNING: Keyword 'lookup_table' ignored in calculation 'job_04_10GS_04_ab', it belongs to other interface (lookup)
WARNING: Keyword 'lookup_table' ignored in calculation 'job_04_10GS_04_a', it belongs to other interface (lookup)
WARNING: Keyword 'lookup_table' ignored in calculation 'job_04_10GS_04_b', it belongs to other interface (lookup)
WARNING: Keyword 'lookup_table' ignored in calculation 'job_05_10GS_05_ab', it belongs to other interface (lookup)
WARNING: Keyword 'lookup_table' ignored in calculation 'job_05_10GS_05_a', it belongs to other interface (lookup)
WARNING: Keyword 'lookup_table' ignored in calculation 'job_05_10GS_05_b', it belongs to other interface (lookup)
WARNING: Keyword 'lookup_table' ignored in calculation 'job_06_10GS_06_ab', it belongs to other interface (lookup)
WARNING: Keyword 'lookup_table' ignored in calculation 'job_06_10GS_06_a', it belongs to other interface (lookup)
WARNING: Keyword 'lookup_table' ignored in calculation 'job_06_10GS_06_b', it belongs to other interface (lookup)
WARNING: Keyword 'lookup_table' ignored in calculation 'job_07_10GS_07_ab', it belongs to other interface (lookup)
WARNING: Keyword 'lookup_table' ignored in calculation 'job_07_10GS_07_a', it belongs to other interface (lookup)
WARNING: Keyword 'lookup_table' ignored in calculation 'job_07_10GS_07_b', it belongs to other interface (lookup)
WARNING: Keyword 'lookup_table' ignored in calculation 'job_08_10GS_08_ab', it belongs to other interface (lookup)
WARNING: Keyword 'lookup_table' ignored in calculation 'job_08_10GS_08_a', it belongs to other interface (lookup)
WARNING: Keyword 'lookup_table' ignored in calculation 'job_08_10GS_08_b', it belongs to other interface (lookup)
WARNING: Keyword 'lookup_table' ignored in calculation 'job_09_10GS_09_ab', it belongs to other interface (lookup)
WARNING: Keyword 'lookup_table' ignored in calculation 'job_09_10GS_09_a', it belongs to other interface (lookup)
WARNING: Keyword 'lookup_table' ignored in calculation 'job_09_10GS_09_b', it belongs to other interface (lookup)
WARNING: Keyword 'lookup_table' ignored in calculation 'job_10_10GS_10_ab', it belongs to other interface (lookup)
WARNING: Keyword 'lookup_table' ignored in calculation 'job_10_10GS_10_a', it belongs to other interface (lookup)
WARNING: Keyword 'lookup_table' ignored in calculation 'job_10_10GS_10_b', it belongs to other interface (lookup)
WARNING: Keyword 'lookup_table' ignored in calculation 'job_11_10GS_11_ab', it belongs to other interface (lookup)
WARNING: Keyword 'lookup_table' ignored in calculation 'job_11_10GS_11_a', it belongs to other interface (lookup)
WARNING: Keyword 'lookup_table' ignored in calculation 'job_11_10GS_11_b', it belongs to other interface (lookup)
WARNING: Keyword 'lookup_table' ignored in calculation 'job_12_10GS_12_ab', it belongs to other interface (lookup)
WARNING: Keyword 'lookup_table' ignored in calculation 'job_12_10GS_12_a', it belongs to other interface (lookup)
WARNING: Keyword 'lookup_table' ignored in calculation 'job_12_10GS_12_b', it belongs to other interface (lookup)
WARNING: Keyword 'lookup_table' ignored in calculation 'job_13_10GS_13_ab', it belongs to other interface (lookup)
WARNING: Keyword 'lookup_table' ignored in calculation 'job_13_10GS_13_a', it belongs to other interface (lookup)
WARNING: Keyword 'lookup_table' ignored in calculation 'job_13_10GS_13_b', it belongs to other interface (lookup)
WARNING: Keyword 'lookup_table' ignored in calculation 'job_14_10GS_14_ab', it belongs to other interface (lookup)
WARNING: Keyword 'lookup_table' ignored in calculation 'job_14_10GS_14_a', it belongs to other interface (lookup)
WARNING: Keyword 'lookup_table' ignored in calculation 'job_14_10GS_14_b', it belongs to other interface (lookup)
WARNING: Keyword 'lookup_table' ignored in calculation 'job_15_10GS_15_ab', it belongs to other interface (lookup)
WARNING: Keyword 'lookup_table' ignored in calculation 'job_15_10GS_15_a', it belongs to other interface (lookup)
WARNING: Keyword 'lookup_table' ignored in calculation 'job_15_10GS_15_b', it belongs to other interface (lookup)
WARNING: Keyword 'lookup_table' ignored in calculation 'job_16_10GS_16_ab', it belongs to other interface (lookup)
WARNING: Keyword 'lookup_table' ignored in calculation 'job_16_10GS_16_a', it belongs to other interface (lookup)
WARNING: Keyword 'lookup_table' ignored in calculation 'job_16_10GS_16_b', it belongs to other interface (lookup)
WARNING: Keyword 'lookup_table' ignored in calculation 'job_17_10GS_17_ab', it belongs to other interface (lookup)
WARNING: Keyword 'lookup_table' ignored in calculation 'job_17_10GS_17_a', it belongs to other interface (lookup)
WARNING: Keyword 'lookup_table' ignored in calculation 'job_17_10GS_17_b', it belongs to other interface (lookup)
WARNING: Keyword 'lookup_table' ignored in calculation 'job_18_10GS_18_ab', it belongs to other interface (lookup)
WARNING: Keyword 'lookup_table' ignored in calculation 'job_18_10GS_18_a', it belongs to other interface (lookup)
WARNING: Keyword 'lookup_table' ignored in calculation 'job_18_10GS_18_b', it belongs to other interface (lookup)
WARNING: Keyword 'lookup_table' ignored in calculation 'job_19_10GS_19_ab', it belongs to other interface (lookup)
WARNING: Keyword 'lookup_table' ignored in calculation 'job_19_10GS_19_a', it belongs to other interface (lookup)
WARNING: Keyword 'lookup_table' ignored in calculation 'job_19_10GS_19_b', it belongs to other interface (lookup)
WARNING: Keyword 'lookup_table' ignored in calculation 'job_20_10GS_20_ab', it belongs to other interface (lookup)
WARNING: Keyword 'lookup_table' ignored in calculation 'job_20_10GS_20_a', it belongs to other interface (lookup)
WARNING: Keyword 'lookup_table' ignored in calculation 'job_20_10GS_20_b', it belongs to other interface (lookup)
WARNING: Keyword 'lookup_table' ignored in calculation 'job_21_10GS_21_ab', it belongs to other interface (lookup)
WARNING: Keyword 'lookup_table' ignored in calculation 'job_21_10GS_21_a', it belongs to other interface (lookup)
WARNING: Keyword 'lookup_table' ignored in calculation 'job_21_10GS_21_b', it belongs to other interface (lookup)
WARNING: Keyword 'lookup_table' ignored in calculation 'job_22_10GS_22_ab', it belongs to other interface (lookup)
WARNING: Keyword 'lookup_table' ignored in calculation 'job_22_10GS_22_a', it belongs to other interface (lookup)
WARNING: Keyword 'lookup_table' ignored in calculation 'job_22_10GS_22_b', it belongs to other interface (lookup)
WARNING: Keyword 'lookup_table' ignored in calculation 'job_23_10GS_23_ab', it belongs to other interface (lookup)
WARNING: Keyword 'lookup_table' ignored in calculation 'job_23_10GS_23_a', it belongs to other interface (lookup)
WARNING: Keyword 'lookup_table' ignored in calculation 'job_23_10GS_23_b', it belongs to other interface (lookup)
WARNING: Keyword 'lookup_table' ignored in calculation 'job_24_10GS_24_ab', it belongs to other interface (lookup)
WARNING: Keyword 'lookup_table' ignored in calculation 'job_24_10GS_24_a', it belongs to other interface (lookup)
WARNING: Keyword 'lookup_table' ignored in calculation 'job_24_10GS_24_b', it belongs to other interface (lookup)
WARNING: Keyword 'lookup_table' ignored in calculation 'job_25_10GS_25_ab', it belongs to other interface (lookup)
WARNING: Keyword 'lookup_table' ignored in calculation 'job_25_10GS_25_a', it belongs to other interface (lookup)
WARNING: Keyword 'lookup_table' ignored in calculation 'job_25_10GS_25_b', it belongs to other interface (lookup)
WARNING: Keyword 'lookup_table' ignored in calculation 'job_26_2CET_01_ab', it belongs to other interface (lookup)
WARNING: Keyword 'lookup_table' ignored in calculation 'job_26_2CET_01_a', it belongs to other interface (lookup)
WARNING: Keyword 'lookup_table' ignored in calculation 'job_26_2CET_01_b', it belongs to other interface (lookup)
WARNING: Keyword 'lookup_table' ignored in calculation 'job_27_2CET_02_ab', it belongs to other interface (lookup)
WARNING: Keyword 'lookup_table' ignored in calculation 'job_27_2CET_02_a', it belongs to other interface (lookup)
WARNING: Keyword 'lookup_table' ignored in calculation 'job_27_2CET_02_b', it belongs to other interface (lookup)
WARNING: Keyword 'lookup_table' ignored in calculation 'job_28_2CET_03_ab', it belongs to other interface (lookup)
WARNING: Keyword 'lookup_table' ignored in calculation 'job_28_2CET_03_a', it belongs to other interface (lookup)
WARNING: Keyword 'lookup_table' ignored in calculation 'job_28_2CET_03_b', it belongs to other interface (lookup)
WARNING: Keyword 'lookup_table' ignored in calculation 'job_29_2CET_04_ab', it belongs to other interface (lookup)
WARNING: Keyword 'lookup_table' ignored in calculation 'job_29_2CET_04_a', it belongs to other interface (lookup)
WARNING: Keyword 'lookup_table' ignored in calculation 'job_29_2CET_04_b', it belongs to other interface (lookup)
WARNING: Keyword 'lookup_table' ignored in calculation 'job_30_2CET_05_ab', it belongs to other interface (lookup)
WARNING: Keyword 'lookup_table' ignored in calculation 'job_30_2CET_05_a', it belongs to other interface (lookup)
WARNING: Keyword 'lookup_table' ignored in calculation 'job_30_2CET_05_b', it belongs to other interface (lookup)
WARNING: Keyword 'lookup_table' ignored in calculation 'job_31_2CET_06_ab', it belongs to other interface (lookup)
WARNING: Keyword 'lookup_table' ignored in calculation 'job_31_2CET_06_a', it belongs to other interface (lookup)
WARNING: Keyword 'lookup_table' ignored in calculation 'job_31_2CET_06_b', it belongs to other interface (lookup)
WARNING: Keyword 'lookup_table' ignored in calculation 'job_32_2CET_07_ab', it belongs to other interface (lookup)
WARNING: Keyword 'lookup_table' ignored in calculation 'job_32_2CET_07_a', it belongs to other interface (lookup)
WARNING: Keyword 'lookup_table' ignored in calculation 'job_32_2CET_07_b', it belongs to other interface (lookup)
WARNING: Keyword 'lookup_table' ignored in calculation 'job_33_2CET_08_ab', it belongs to other interface (lookup)
WARNING: Keyword 'lookup_table' ignored in calculation 'job_33_2CET_08_a', it belongs to other interface (lookup)
WARNING: Keyword 'lookup_table' ignored in calculation 'job_33_2CET_08_b', it belongs to other interface (lookup)
WARNING: Keyword 'lookup_table' ignored in calculation 'job_34_2CET_09_ab', it belongs to other interface (lookup)
WARNING: Keyword 'lookup_table' ignored in calculation 'job_34_2CET_09_a', it belongs to other interface (lookup)
WARNING: Keyword 'lookup_table' ignored in calculation 'job_34_2CET_09_b', it belongs to other interface (lookup)
WARNING: Keyword 'lookup_table' ignored in calculation 'job_35_2CET_10_ab', it belongs to other interface (lookup)
WARNING: Keyword 'lookup_table' ignored in calculation 'job_35_2CET_10_a', it belongs to other interface (lookup)
WARNING: Keyword 'lookup_table' ignored in calculation 'job_35_2CET_10_b', it belongs to other interface (lookup)
WARNING: Keyword 'lookup_table' ignored in calculation 'job_36_2CET_11_ab', it belongs to other interface (lookup)
WARNING: Keyword 'lookup_table' ignored in calculation 'job_36_2CET_11_a', it belongs to other interface (lookup)
WARNING: Keyword 'lookup_table' ignored in calculation 'job_36_2CET_11_b', it belongs to other interface (lookup)
WARNING: Keyword 'lookup_table' ignored in calculation 'job_37_2CET_12_ab', it belongs to other interface (lookup)
WARNING: Keyword 'lookup_table' ignored in calculation 'job_37_2CET_12_a', it belongs to other interface (lookup)
WARNING: Keyword 'lookup_table' ignored in calculation 'job_37_2CET_12_b', it belongs to other interface (lookup)
WARNING: Keyword 'lookup_table' ignored in calculation 'job_38_2CET_13_ab', it belongs to other interface (lookup)
WARNING: Keyword 'lookup_table' ignored in calculation 'job_38_2CET_13_a', it belongs to other interface (lookup)
WARNING: Keyword 'lookup_table' ignored in calculation 'job_38_2CET_13_b', it belongs to other interface (lookup)
WARNING: Keyword 'lookup_table' ignored in calculation 'job_39_2CET_14_ab', it belongs to other interface (lookup)
WARNING: Keyword 'lookup_table' ignored in calculation 'job_39_2CET_14_a', it belongs to other interface (lookup)
WARNING: Keyword 'lookup_table' ignored in calculation 'job_39_2CET_14_b', it belongs to other interface (lookup)
WARNING: Keyword 'lookup_table' ignored in calculation 'job_40_2CET_15_ab', it belongs to other interface (lookup)
WARNING: Keyword 'lookup_table' ignored in calculation 'job_40_2CET_15_a', it belongs to other interface (lookup)
WARNING: Keyword 'lookup_table' ignored in calculation 'job_40_2CET_15_b', it belongs to other interface (lookup)
WARNING: Keyword 'lookup_table' ignored in calculation 'job_41_2CET_16_ab', it belongs to other interface (lookup)
WARNING: Keyword 'lookup_table' ignored in calculation 'job_41_2CET_16_a', it belongs to other interface (lookup)
WARNING: Keyword 'lookup_table' ignored in calculation 'job_41_2CET_16_b', it belongs to other interface (lookup)
WARNING: Keyword 'lookup_table' ignored in calculation 'job_42_2CET_17_ab', it belongs to other interface (lookup)
WARNING: Keyword 'lookup_table' ignored in calculation 'job_42_2CET_17_a', it belongs to other interface (lookup)
WARNING: Keyword 'lookup_table' ignored in calculation 'job_42_2CET_17_b', it belongs to other interface (lookup)
WARNING: Keyword 'lookup_table' ignored in calculation 'job_43_2CET_18_ab', it belongs to other interface (lookup)
WARNING: Keyword 'lookup_table' ignored in calculation 'job_43_2CET_18_a', it belongs to other interface (lookup)
WARNING: Keyword 'lookup_table' ignored in calculation 'job_43_2CET_18_b', it belongs to other interface (lookup)
WARNING: Keyword 'lookup_table' ignored in calculation 'job_44_2CET_19_ab', it belongs to other interface (lookup)
WARNING: Keyword 'lookup_table' ignored in calculation 'job_44_2CET_19_a', it belongs to other interface (lookup)
WARNING: Keyword 'lookup_table' ignored in calculation 'job_44_2CET_19_b', it belongs to other interface (lookup)
WARNING: Keyword 'lookup_table' ignored in calculation 'job_45_2CET_20_ab', it belongs to other interface (lookup)
WARNING: Keyword 'lookup_table' ignored in calculation 'job_45_2CET_20_a', it belongs to other interface (lookup)
WARNING: Keyword 'lookup_table' ignored in calculation 'job_45_2CET_20_b', it belongs to other interface (lookup)
WARNING: Keyword 'lookup_table' ignored in calculation 'job_46_2CET_21_ab', it belongs to other interface (lookup)
WARNING: Keyword 'lookup_table' ignored in calculation 'job_46_2CET_21_a', it belongs to other interface (lookup)
WARNING: Keyword 'lookup_table' ignored in calculation 'job_46_2CET_21_b', it belongs to other interface (lookup)
WARNING: Keyword 'lookup_table' ignored in calculation 'job_47_2CET_22_ab', it belongs to other interface (lookup)
WARNING: Keyword 'lookup_table' ignored in calculation 'job_47_2CET_22_a', it belongs to other interface (lookup)
WARNING: Keyword 'lookup_table' ignored in calculation 'job_47_2CET_22_b', it belongs to other interface (lookup)
WARNING: Keyword 'lookup_table' ignored in calculation 'job_48_2CET_23_ab', it belongs to other interface (lookup)
WARNING: Keyword 'lookup_table' ignored in calculation 'job_48_2CET_23_a', it belongs to other interface (lookup)
WARNING: Keyword 'lookup_table' ignored in calculation 'job_48_2CET_23_b', it belongs to other interface (lookup)
WARNING: Keyword 'lookup_table' ignored in calculation 'job_49_2FVD_01_ab', it belongs to other interface (lookup)
WARNING: Keyword 'lookup_table' ignored in calculation 'job_49_2FVD_01_a', it belongs to other interface (lookup)
WARNING: Keyword 'lookup_table' ignored in calculation 'job_49_2FVD_01_b', it belongs to other interface (lookup)
WARNING: Keyword 'lookup_table' ignored in calculation 'job_50_2FVD_02_ab', it belongs to other interface (lookup)
WARNING: Keyword 'lookup_table' ignored in calculation 'job_50_2FVD_02_a', it belongs to other interface (lookup)
WARNING: Keyword 'lookup_table' ignored in calculation 'job_50_2FVD_02_b', it belongs to other interface (lookup)
WARNING: Keyword 'lookup_table' ignored in calculation 'job_51_2FVD_03_ab', it belongs to other interface (lookup)
WARNING: Keyword 'lookup_table' ignored in calculation 'job_51_2FVD_03_a', it belongs to other interface (lookup)
WARNING: Keyword 'lookup_table' ignored in calculation 'job_51_2FVD_03_b', it belongs to other interface (lookup)
WARNING: Keyword 'lookup_table' ignored in calculation 'job_52_2FVD_04_ab', it belongs to other interface (lookup)
WARNING: Keyword 'lookup_table' ignored in calculation 'job_52_2FVD_04_a', it belongs to other interface (lookup)
WARNING: Keyword 'lookup_table' ignored in calculation 'job_52_2FVD_04_b', it belongs to other interface (lookup)
WARNING: Keyword 'lookup_table' ignored in calculation 'job_53_2FVD_05_ab', it belongs to other interface (lookup)
WARNING: Keyword 'lookup_table' ignored in calculation 'job_53_2FVD_05_a', it belongs to other interface (lookup)
WARNING: Keyword 'lookup_table' ignored in calculation 'job_53_2FVD_05_b', it belongs to other interface (lookup)
WARNING: Keyword 'lookup_table' ignored in calculation 'job_54_2FVD_06_ab', it belongs to other interface (lookup)
WARNING: Keyword 'lookup_table' ignored in calculation 'job_54_2FVD_06_a', it belongs to other interface (lookup)
WARNING: Keyword 'lookup_table' ignored in calculation 'job_54_2FVD_06_b', it belongs to other interface (lookup)
WARNING: Keyword 'lookup_table' ignored in calculation 'job_55_2FVD_07_ab', it belongs to other interface (lookup)
WARNING: Keyword 'lookup_table' ignored in calculation 'job_55_2FVD_07_a', it belongs to other interface (lookup)
WARNING: Keyword 'lookup_table' ignored in calculation 'job_55_2FVD_07_b', it belongs to other interface (lookup)
WARNING: Keyword 'lookup_table' ignored in calculation 'job_56_2FVD_08_ab', it belongs to other interface (lookup)
WARNING: Keyword 'lookup_table' ignored in calculation 'job_56_2FVD_08_a', it belongs to other interface (lookup)
WARNING: Keyword 'lookup_table' ignored in calculation 'job_56_2FVD_08_b', it belongs to other interface (lookup)
WARNING: Keyword 'lookup_table' ignored in calculation 'job_57_2FVD_09_ab', it belongs to other interface (lookup)
WARNING: Keyword 'lookup_table' ignored in calculation 'job_57_2FVD_09_a', it belongs to other interface (lookup)
WARNING: Keyword 'lookup_table' ignored in calculation 'job_57_2FVD_09_b', it belongs to other interface (lookup)
WARNING: Keyword 'lookup_table' ignored in calculation 'job_58_2FVD_10_ab', it belongs to other interface (lookup)
WARNING: Keyword 'lookup_table' ignored in calculation 'job_58_2FVD_10_a', it belongs to other interface (lookup)
WARNING: Keyword 'lookup_table' ignored in calculation 'job_58_2FVD_10_b', it belongs to other interface (lookup)
WARNING: Keyword 'lookup_table' ignored in calculation 'job_59_2FVD_11_ab', it belongs to other interface (lookup)
WARNING: Keyword 'lookup_table' ignored in calculation 'job_59_2FVD_11_a', it belongs to other interface (lookup)
WARNING: Keyword 'lookup_table' ignored in calculation 'job_59_2FVD_11_b', it belongs to other interface (lookup)
WARNING: Keyword 'lookup_table' ignored in calculation 'job_60_2FVD_12_ab', it belongs to other interface (lookup)
WARNING: Keyword 'lookup_table' ignored in calculation 'job_60_2FVD_12_a', it belongs to other interface (lookup)
WARNING: Keyword 'lookup_table' ignored in calculation 'job_60_2FVD_12_b', it belongs to other interface (lookup)
WARNING: Keyword 'lookup_table' ignored in calculation 'job_61_2FVD_13_ab', it belongs to other interface (lookup)
WARNING: Keyword 'lookup_table' ignored in calculation 'job_61_2FVD_13_a', it belongs to other interface (lookup)
WARNING: Keyword 'lookup_table' ignored in calculation 'job_61_2FVD_13_b', it belongs to other interface (lookup)
WARNING: Keyword 'lookup_table' ignored in calculation 'job_62_2FVD_14_ab', it belongs to other interface (lookup)
WARNING: Keyword 'lookup_table' ignored in calculation 'job_62_2FVD_14_a', it belongs to other interface (lookup)
WARNING: Keyword 'lookup_table' ignored in calculation 'job_62_2FVD_14_b', it belongs to other interface (lookup)
WARNING: Keyword 'lookup_table' ignored in calculation 'job_63_2FVD_15_ab', it belongs to other interface (lookup)
WARNING: Keyword 'lookup_table' ignored in calculation 'job_63_2FVD_15_a', it belongs to other interface (lookup)
WARNING: Keyword 'lookup_table' ignored in calculation 'job_63_2FVD_15_b', it belongs to other interface (lookup)
WARNING: Keyword 'lookup_table' ignored in calculation 'job_64_2FVD_16_ab', it belongs to other interface (lookup)
WARNING: Keyword 'lookup_table' ignored in calculation 'job_64_2FVD_16_a', it belongs to other interface (lookup)
WARNING: Keyword 'lookup_table' ignored in calculation 'job_64_2FVD_16_b', it belongs to other interface (lookup)
WARNING: Keyword 'lookup_table' ignored in calculation 'job_65_2FVD_17_ab', it belongs to other interface (lookup)
WARNING: Keyword 'lookup_table' ignored in calculation 'job_65_2FVD_17_a', it belongs to other interface (lookup)
WARNING: Keyword 'lookup_table' ignored in calculation 'job_65_2FVD_17_b', it belongs to other interface (lookup)
WARNING: Keyword 'lookup_table' ignored in calculation 'job_66_2FVD_18_ab', it belongs to other interface (lookup)
WARNING: Keyword 'lookup_table' ignored in calculation 'job_66_2FVD_18_a', it belongs to other interface (lookup)
WARNING: Keyword 'lookup_table' ignored in calculation 'job_66_2FVD_18_b', it belongs to other interface (lookup)
WARNING: Keyword 'lookup_table' ignored in calculation 'job_67_2FVD_19_ab', it belongs to other interface (lookup)
WARNING: Keyword 'lookup_table' ignored in calculation 'job_67_2FVD_19_a', it belongs to other interface (lookup)
WARNING: Keyword 'lookup_table' ignored in calculation 'job_67_2FVD_19_b', it belongs to other interface (lookup)
WARNING: Keyword 'lookup_table' ignored in calculation 'job_68_2FVD_20_ab', it belongs to other interface (lookup)
WARNING: Keyword 'lookup_table' ignored in calculation 'job_68_2FVD_20_a', it belongs to other interface (lookup)
WARNING: Keyword 'lookup_table' ignored in calculation 'job_68_2FVD_20_b', it belongs to other interface (lookup)
WARNING: Keyword 'lookup_table' ignored in calculation 'job_69_2FVD_21_ab', it belongs to other interface (lookup)
WARNING: Keyword 'lookup_table' ignored in calculation 'job_69_2FVD_21_a', it belongs to other interface (lookup)
WARNING: Keyword 'lookup_table' ignored in calculation 'job_69_2FVD_21_b', it belongs to other interface (lookup)
WARNING: Keyword 'lookup_table' ignored in calculation 'job_70_2FVD_22_ab', it belongs to other interface (lookup)
WARNING: Keyword 'lookup_table' ignored in calculation 'job_70_2FVD_22_a', it belongs to other interface (lookup)
WARNING: Keyword 'lookup_table' ignored in calculation 'job_70_2FVD_22_b', it belongs to other interface (lookup)
WARNING: Keyword 'lookup_table' ignored in calculation 'job_71_2FVD_23_ab', it belongs to other interface (lookup)
WARNING: Keyword 'lookup_table' ignored in calculation 'job_71_2FVD_23_a', it belongs to other interface (lookup)
WARNING: Keyword 'lookup_table' ignored in calculation 'job_71_2FVD_23_b', it belongs to other interface (lookup)
WARNING: Keyword 'lookup_table' ignored in calculation 'job_72_2FVD_24_ab', it belongs to other interface (lookup)
WARNING: Keyword 'lookup_table' ignored in calculation 'job_72_2FVD_24_a', it belongs to other interface (lookup)
WARNING: Keyword 'lookup_table' ignored in calculation 'job_72_2FVD_24_b', it belongs to other interface (lookup)
WARNING: Keyword 'lookup_table' ignored in calculation 'job_73_2FVD_25_ab', it belongs to other interface (lookup)
WARNING: Keyword 'lookup_table' ignored in calculation 'job_73_2FVD_25_a', it belongs to other interface (lookup)
WARNING: Keyword 'lookup_table' ignored in calculation 'job_73_2FVD_25_b', it belongs to other interface (lookup)
WARNING: Keyword 'lookup_table' ignored in calculation 'job_74_2FVD_26_ab', it belongs to other interface (lookup)
WARNING: Keyword 'lookup_table' ignored in calculation 'job_74_2FVD_26_a', it belongs to other interface (lookup)
WARNING: Keyword 'lookup_table' ignored in calculation 'job_74_2FVD_26_b', it belongs to other interface (lookup)
WARNING: Keyword 'lookup_table' ignored in calculation 'job_75_2FVD_27_ab', it belongs to other interface (lookup)
WARNING: Keyword 'lookup_table' ignored in calculation 'job_75_2FVD_27_a', it belongs to other interface (lookup)
WARNING: Keyword 'lookup_table' ignored in calculation 'job_75_2FVD_27_b', it belongs to other interface (lookup)
WARNING: Keyword 'lookup_table' ignored in calculation 'job_76_2FVD_28_ab', it belongs to other interface (lookup)
WARNING: Keyword 'lookup_table' ignored in calculation 'job_76_2FVD_28_a', it belongs to other interface (lookup)
WARNING: Keyword 'lookup_table' ignored in calculation 'job_76_2FVD_28_b', it belongs to other interface (lookup)
WARNING: Keyword 'lookup_table' ignored in calculation 'job_77_2FVD_29_ab', it belongs to other interface (lookup)
WARNING: Keyword 'lookup_table' ignored in calculation 'job_77_2FVD_29_a', it belongs to other interface (lookup)
WARNING: Keyword 'lookup_table' ignored in calculation 'job_77_2FVD_29_b', it belongs to other interface (lookup)
WARNING: Keyword 'lookup_table' ignored in calculation 'job_78_2FVD_30_ab', it belongs to other interface (lookup)
WARNING: Keyword 'lookup_table' ignored in calculation 'job_78_2FVD_30_a', it belongs to other interface (lookup)
WARNING: Keyword 'lookup_table' ignored in calculation 'job_78_2FVD_30_b', it belongs to other interface (lookup)
WARNING: Keyword 'lookup_table' ignored in calculation 'job_79_2FVD_31_ab', it belongs to other interface (lookup)
WARNING: Keyword 'lookup_table' ignored in calculation 'job_79_2FVD_31_a', it belongs to other interface (lookup)
WARNING: Keyword 'lookup_table' ignored in calculation 'job_79_2FVD_31_b', it belongs to other interface (lookup)
WARNING: Keyword 'lookup_table' ignored in calculation 'job_80_2FVD_32_ab', it belongs to other interface (lookup)
WARNING: Keyword 'lookup_table' ignored in calculation 'job_80_2FVD_32_a', it belongs to other interface (lookup)
WARNING: Keyword 'lookup_table' ignored in calculation 'job_80_2FVD_32_b', it belongs to other interface (lookup)
WARNING: Keyword 'lookup_table' ignored in calculation 'job_81_2FVD_33_ab', it belongs to other interface (lookup)
WARNING: Keyword 'lookup_table' ignored in calculation 'job_81_2FVD_33_a', it belongs to other interface (lookup)
WARNING: Keyword 'lookup_table' ignored in calculation 'job_81_2FVD_33_b', it belongs to other interface (lookup)
WARNING: Keyword 'lookup_table' ignored in calculation 'job_82_2OBF_01_ab', it belongs to other interface (lookup)
WARNING: Keyword 'lookup_table' ignored in calculation 'job_82_2OBF_01_a', it belongs to other interface (lookup)
WARNING: Keyword 'lookup_table' ignored in calculation 'job_82_2OBF_01_b', it belongs to other interface (lookup)
WARNING: Keyword 'lookup_table' ignored in calculation 'job_83_2OBF_02_ab', it belongs to other interface (lookup)
WARNING: Keyword 'lookup_table' ignored in calculation 'job_83_2OBF_02_a', it belongs to other interface (lookup)
WARNING: Keyword 'lookup_table' ignored in calculation 'job_83_2OBF_02_b', it belongs to other interface (lookup)
WARNING: Keyword 'lookup_table' ignored in calculation 'job_84_2OBF_03_ab', it belongs to other interface (lookup)
WARNING: Keyword 'lookup_table' ignored in calculation 'job_84_2OBF_03_a', it belongs to other interface (lookup)
WARNING: Keyword 'lookup_table' ignored in calculation 'job_84_2OBF_03_b', it belongs to other interface (lookup)
WARNING: Keyword 'lookup_table' ignored in calculation 'job_85_2OBF_04_ab', it belongs to other interface (lookup)
WARNING: Keyword 'lookup_table' ignored in calculation 'job_85_2OBF_04_a', it belongs to other interface (lookup)
WARNING: Keyword 'lookup_table' ignored in calculation 'job_85_2OBF_04_b', it belongs to other interface (lookup)
WARNING: Keyword 'lookup_table' ignored in calculation 'job_86_2OBF_05_ab', it belongs to other interface (lookup)
WARNING: Keyword 'lookup_table' ignored in calculation 'job_86_2OBF_05_a', it belongs to other interface (lookup)
WARNING: Keyword 'lookup_table' ignored in calculation 'job_86_2OBF_05_b', it belongs to other interface (lookup)
WARNING: Keyword 'lookup_table' ignored in calculation 'job_87_2OBF_06_ab', it belongs to other interface (lookup)
WARNING: Keyword 'lookup_table' ignored in calculation 'job_87_2OBF_06_a', it belongs to other interface (lookup)
WARNING: Keyword 'lookup_table' ignored in calculation 'job_87_2OBF_06_b', it belongs to other interface (lookup)
WARNING: Keyword 'lookup_table' ignored in calculation 'job_88_2OBF_07_ab', it belongs to other interface (lookup)
WARNING: Keyword 'lookup_table' ignored in calculation 'job_88_2OBF_07_a', it belongs to other interface (lookup)
WARNING: Keyword 'lookup_table' ignored in calculation 'job_88_2OBF_07_b', it belongs to other interface (lookup)
WARNING: Keyword 'lookup_table' ignored in calculation 'job_89_2OBF_08_ab', it belongs to other interface (lookup)
WARNING: Keyword 'lookup_table' ignored in calculation 'job_89_2OBF_08_a', it belongs to other interface (lookup)
WARNING: Keyword 'lookup_table' ignored in calculation 'job_89_2OBF_08_b', it belongs to other interface (lookup)
WARNING: Keyword 'lookup_table' ignored in calculation 'job_90_2OBF_09_ab', it belongs to other interface (lookup)
WARNING: Keyword 'lookup_table' ignored in calculation 'job_90_2OBF_09_a', it belongs to other interface (lookup)
WARNING: Keyword 'lookup_table' ignored in calculation 'job_90_2OBF_09_b', it belongs to other interface (lookup)
WARNING: Keyword 'lookup_table' ignored in calculation 'job_91_2OBF_10_ab', it belongs to other interface (lookup)
WARNING: Keyword 'lookup_table' ignored in calculation 'job_91_2OBF_10_a', it belongs to other interface (lookup)
WARNING: Keyword 'lookup_table' ignored in calculation 'job_91_2OBF_10_b', it belongs to other interface (lookup)
WARNING: Keyword 'lookup_table' ignored in calculation 'job_92_2OBF_11_ab', it belongs to other interface (lookup)
WARNING: Keyword 'lookup_table' ignored in calculation 'job_92_2OBF_11_a', it belongs to other interface (lookup)
WARNING: Keyword 'lookup_table' ignored in calculation 'job_92_2OBF_11_b', it belongs to other interface (lookup)
WARNING: Keyword 'lookup_table' ignored in calculation 'job_93_2OBF_12_ab', it belongs to other interface (lookup)
WARNING: Keyword 'lookup_table' ignored in calculation 'job_93_2OBF_12_a', it belongs to other interface (lookup)
WARNING: Keyword 'lookup_table' ignored in calculation 'job_93_2OBF_12_b', it belongs to other interface (lookup)
WARNING: Keyword 'lookup_table' ignored in calculation 'job_94_2OBF_13_ab', it belongs to other interface (lookup)
WARNING: Keyword 'lookup_table' ignored in calculation 'job_94_2OBF_13_a', it belongs to other interface (lookup)
WARNING: Keyword 'lookup_table' ignored in calculation 'job_94_2OBF_13_b', it belongs to other interface (lookup)
WARNING: Keyword 'lookup_table' ignored in calculation 'job_95_2OBF_14_ab', it belongs to other interface (lookup)
WARNING: Keyword 'lookup_table' ignored in calculation 'job_95_2OBF_14_a', it belongs to other interface (lookup)
WARNING: Keyword 'lookup_table' ignored in calculation 'job_95_2OBF_14_b', it belongs to other interface (lookup)
WARNING: Keyword 'lookup_table' ignored in calculation 'job_96_2OBF_15_ab', it belongs to other interface (lookup)
WARNING: Keyword 'lookup_table' ignored in calculation 'job_96_2OBF_15_a', it belongs to other interface (lookup)
WARNING: Keyword 'lookup_table' ignored in calculation 'job_96_2OBF_15_b', it belongs to other interface (lookup)
WARNING: Keyword 'lookup_table' ignored in calculation 'job_97_2OBF_16_ab', it belongs to other interface (lookup)
WARNING: Keyword 'lookup_table' ignored in calculation 'job_97_2OBF_16_a', it belongs to other interface (lookup)
WARNING: Keyword 'lookup_table' ignored in calculation 'job_97_2OBF_16_b', it belongs to other interface (lookup)
WARNING: Keyword 'lookup_table' ignored in calculation 'job_98_2OBF_17_ab', it belongs to other interface (lookup)
WARNING: Keyword 'lookup_table' ignored in calculation 'job_98_2OBF_17_a', it belongs to other interface (lookup)
WARNING: Keyword 'lookup_table' ignored in calculation 'job_98_2OBF_17_b', it belongs to other interface (lookup)
WARNING: Keyword 'lookup_table' ignored in calculation 'job_99_2OBF_18_ab', it belongs to other interface (lookup)
WARNING: Keyword 'lookup_table' ignored in calculation 'job_99_2OBF_18_a', it belongs to other interface (lookup)
WARNING: Keyword 'lookup_table' ignored in calculation 'job_99_2OBF_18_b', it belongs to other interface (lookup)
WARNING: Keyword 'lookup_table' ignored in calculation 'job_100_2OBF_19_ab', it belongs to other interface (lookup)
WARNING: Keyword 'lookup_table' ignored in calculation 'job_100_2OBF_19_a', it belongs to other interface (lookup)
WARNING: Keyword 'lookup_table' ignored in calculation 'job_100_2OBF_19_b', it belongs to other interface (lookup)
WARNING: Keyword 'lookup_table' ignored in calculation 'job_101_2OBF_20_ab', it belongs to other interface (lookup)
WARNING: Keyword 'lookup_table' ignored in calculation 'job_101_2OBF_20_a', it belongs to other interface (lookup)
WARNING: Keyword 'lookup_table' ignored in calculation 'job_101_2OBF_20_b', it belongs to other interface (lookup)
WARNING: Keyword 'lookup_table' ignored in calculation 'job_102_2OBF_21_ab', it belongs to other interface (lookup)
WARNING: Keyword 'lookup_table' ignored in calculation 'job_102_2OBF_21_a', it belongs to other interface (lookup)
WARNING: Keyword 'lookup_table' ignored in calculation 'job_102_2OBF_21_b', it belongs to other interface (lookup)
WARNING: Keyword 'lookup_table' ignored in calculation 'job_103_2OBF_22_ab', it belongs to other interface (lookup)
WARNING: Keyword 'lookup_table' ignored in calculation 'job_103_2OBF_22_a', it belongs to other interface (lookup)
WARNING: Keyword 'lookup_table' ignored in calculation 'job_103_2OBF_22_b', it belongs to other interface (lookup)
WARNING: Keyword 'lookup_table' ignored in calculation 'job_104_2OBF_23_ab', it belongs to other interface (lookup)
WARNING: Keyword 'lookup_table' ignored in calculation 'job_104_2OBF_23_a', it belongs to other interface (lookup)
WARNING: Keyword 'lookup_table' ignored in calculation 'job_104_2OBF_23_b', it belongs to other interface (lookup)
WARNING: Keyword 'lookup_table' ignored in calculation 'job_105_2OBF_24_ab', it belongs to other interface (lookup)
WARNING: Keyword 'lookup_table' ignored in calculation 'job_105_2OBF_24_a', it belongs to other interface (lookup)
WARNING: Keyword 'lookup_table' ignored in calculation 'job_105_2OBF_24_b', it belongs to other interface (lookup)
WARNING: Keyword 'lookup_table' ignored in calculation 'job_106_2OBF_25_ab', it belongs to other interface (lookup)
WARNING: Keyword 'lookup_table' ignored in calculation 'job_106_2OBF_25_a', it belongs to other interface (lookup)
WARNING: Keyword 'lookup_table' ignored in calculation 'job_106_2OBF_25_b', it belongs to other interface (lookup)
WARNING: Keyword 'lookup_table' ignored in calculation 'job_107_2OBF_26_ab', it belongs to other interface (lookup)
WARNING: Keyword 'lookup_table' ignored in calculation 'job_107_2OBF_26_a', it belongs to other interface (lookup)
WARNING: Keyword 'lookup_table' ignored in calculation 'job_107_2OBF_26_b', it belongs to other interface (lookup)
WARNING: Keyword 'lookup_table' ignored in calculation 'job_108_2OBF_27_ab', it belongs to other interface (lookup)
WARNING: Keyword 'lookup_table' ignored in calculation 'job_108_2OBF_27_a', it belongs to other interface (lookup)
WARNING: Keyword 'lookup_table' ignored in calculation 'job_108_2OBF_27_b', it belongs to other interface (lookup)
WARNING: Keyword 'lookup_table' ignored in calculation 'job_109_2OBF_28_ab', it belongs to other interface (lookup)
WARNING: Keyword 'lookup_table' ignored in calculation 'job_109_2OBF_28_a', it belongs to other interface (lookup)
WARNING: Keyword 'lookup_table' ignored in calculation 'job_109_2OBF_28_b', it belongs to other interface (lookup)
WARNING: Keyword 'lookup_table' ignored in calculation 'job_110_2OBF_29_ab', it belongs to other interface (lookup)
WARNING: Keyword 'lookup_table' ignored in calculation 'job_110_2OBF_29_a', it belongs to other interface (lookup)
WARNING: Keyword 'lookup_table' ignored in calculation 'job_110_2OBF_29_b', it belongs to other interface (lookup)
WARNING: Keyword 'lookup_table' ignored in calculation 'job_111_2OBF_30_ab', it belongs to other interface (lookup)
WARNING: Keyword 'lookup_table' ignored in calculation 'job_111_2OBF_30_a', it belongs to other interface (lookup)
WARNING: Keyword 'lookup_table' ignored in calculation 'job_111_2OBF_30_b', it belongs to other interface (lookup)
WARNING: Keyword 'lookup_table' ignored in calculation 'job_112_2OBF_31_ab', it belongs to other interface (lookup)
WARNING: Keyword 'lookup_table' ignored in calculation 'job_112_2OBF_31_a', it belongs to other interface (lookup)
WARNING: Keyword 'lookup_table' ignored in calculation 'job_112_2OBF_31_b', it belongs to other interface (lookup)
WARNING: Keyword 'lookup_table' ignored in calculation 'job_113_2OBF_32_ab', it belongs to other interface (lookup)
WARNING: Keyword 'lookup_table' ignored in calculation 'job_113_2OBF_32_a', it belongs to other interface (lookup)
WARNING: Keyword 'lookup_table' ignored in calculation 'job_113_2OBF_32_b', it belongs to other interface (lookup)
WARNING: Keyword 'lookup_table' ignored in calculation 'job_114_2OBF_33_ab', it belongs to other interface (lookup)
WARNING: Keyword 'lookup_table' ignored in calculation 'job_114_2OBF_33_a', it belongs to other interface (lookup)
WARNING: Keyword 'lookup_table' ignored in calculation 'job_114_2OBF_33_b', it belongs to other interface (lookup)
WARNING: Keyword 'lookup_table' ignored in calculation 'job_115_2P4Y_01_ab', it belongs to other interface (lookup)
WARNING: Keyword 'lookup_table' ignored in calculation 'job_115_2P4Y_01_a', it belongs to other interface (lookup)
WARNING: Keyword 'lookup_table' ignored in calculation 'job_115_2P4Y_01_b', it belongs to other interface (lookup)
WARNING: Keyword 'lookup_table' ignored in calculation 'job_116_2P4Y_02_ab', it belongs to other interface (lookup)
WARNING: Keyword 'lookup_table' ignored in calculation 'job_116_2P4Y_02_a', it belongs to other interface (lookup)
WARNING: Keyword 'lookup_table' ignored in calculation 'job_116_2P4Y_02_b', it belongs to other interface (lookup)
WARNING: Keyword 'lookup_table' ignored in calculation 'job_117_2P4Y_03_ab', it belongs to other interface (lookup)
WARNING: Keyword 'lookup_table' ignored in calculation 'job_117_2P4Y_03_a', it belongs to other interface (lookup)
WARNING: Keyword 'lookup_table' ignored in calculation 'job_117_2P4Y_03_b', it belongs to other interface (lookup)
WARNING: Keyword 'lookup_table' ignored in calculation 'job_118_2P4Y_04_ab', it belongs to other interface (lookup)
WARNING: Keyword 'lookup_table' ignored in calculation 'job_118_2P4Y_04_a', it belongs to other interface (lookup)
WARNING: Keyword 'lookup_table' ignored in calculation 'job_118_2P4Y_04_b', it belongs to other interface (lookup)
WARNING: Keyword 'lookup_table' ignored in calculation 'job_119_2P4Y_05_ab', it belongs to other interface (lookup)
WARNING: Keyword 'lookup_table' ignored in calculation 'job_119_2P4Y_05_a', it belongs to other interface (lookup)
WARNING: Keyword 'lookup_table' ignored in calculation 'job_119_2P4Y_05_b', it belongs to other interface (lookup)
WARNING: Keyword 'lookup_table' ignored in calculation 'job_120_2P4Y_06_ab', it belongs to other interface (lookup)
WARNING: Keyword 'lookup_table' ignored in calculation 'job_120_2P4Y_06_a', it belongs to other interface (lookup)
WARNING: Keyword 'lookup_table' ignored in calculation 'job_120_2P4Y_06_b', it belongs to other interface (lookup)
WARNING: Keyword 'lookup_table' ignored in calculation 'job_121_2P4Y_07_ab', it belongs to other interface (lookup)
WARNING: Keyword 'lookup_table' ignored in calculation 'job_121_2P4Y_07_a', it belongs to other interface (lookup)
WARNING: Keyword 'lookup_table' ignored in calculation 'job_121_2P4Y_07_b', it belongs to other interface (lookup)
WARNING: Keyword 'lookup_table' ignored in calculation 'job_122_2P4Y_08_ab', it belongs to other interface (lookup)
WARNING: Keyword 'lookup_table' ignored in calculation 'job_122_2P4Y_08_a', it belongs to other interface (lookup)
WARNING: Keyword 'lookup_table' ignored in calculation 'job_122_2P4Y_08_b', it belongs to other interface (lookup)
WARNING: Keyword 'lookup_table' ignored in calculation 'job_123_2P4Y_09_ab', it belongs to other interface (lookup)
WARNING: Keyword 'lookup_table' ignored in calculation 'job_123_2P4Y_09_a', it belongs to other interface (lookup)
WARNING: Keyword 'lookup_table' ignored in calculation 'job_123_2P4Y_09_b', it belongs to other interface (lookup)
WARNING: Keyword 'lookup_table' ignored in calculation 'job_124_2P4Y_10_ab', it belongs to other interface (lookup)
WARNING: Keyword 'lookup_table' ignored in calculation 'job_124_2P4Y_10_a', it belongs to other interface (lookup)
WARNING: Keyword 'lookup_table' ignored in calculation 'job_124_2P4Y_10_b', it belongs to other interface (lookup)
WARNING: Keyword 'lookup_table' ignored in calculation 'job_125_2P4Y_11_ab', it belongs to other interface (lookup)
WARNING: Keyword 'lookup_table' ignored in calculation 'job_125_2P4Y_11_a', it belongs to other interface (lookup)
WARNING: Keyword 'lookup_table' ignored in calculation 'job_125_2P4Y_11_b', it belongs to other interface (lookup)
WARNING: Keyword 'lookup_table' ignored in calculation 'job_126_2P4Y_12_ab', it belongs to other interface (lookup)
WARNING: Keyword 'lookup_table' ignored in calculation 'job_126_2P4Y_12_a', it belongs to other interface (lookup)
WARNING: Keyword 'lookup_table' ignored in calculation 'job_126_2P4Y_12_b', it belongs to other interface (lookup)
WARNING: Keyword 'lookup_table' ignored in calculation 'job_127_2P4Y_13_ab', it belongs to other interface (lookup)
WARNING: Keyword 'lookup_table' ignored in calculation 'job_127_2P4Y_13_a', it belongs to other interface (lookup)
WARNING: Keyword 'lookup_table' ignored in calculation 'job_127_2P4Y_13_b', it belongs to other interface (lookup)
WARNING: Keyword 'lookup_table' ignored in calculation 'job_128_2P4Y_14_ab', it belongs to other interface (lookup)
WARNING: Keyword 'lookup_table' ignored in calculation 'job_128_2P4Y_14_a', it belongs to other interface (lookup)
WARNING: Keyword 'lookup_table' ignored in calculation 'job_128_2P4Y_14_b', it belongs to other interface (lookup)
WARNING: Keyword 'lookup_table' ignored in calculation 'job_129_2P4Y_15_ab', it belongs to other interface (lookup)
WARNING: Keyword 'lookup_table' ignored in calculation 'job_129_2P4Y_15_a', it belongs to other interface (lookup)
WARNING: Keyword 'lookup_table' ignored in calculation 'job_129_2P4Y_15_b', it belongs to other interface (lookup)
WARNING: Keyword 'lookup_table' ignored in calculation 'job_130_2P4Y_16_ab', it belongs to other interface (lookup)
WARNING: Keyword 'lookup_table' ignored in calculation 'job_130_2P4Y_16_a', it belongs to other interface (lookup)
WARNING: Keyword 'lookup_table' ignored in calculation 'job_130_2P4Y_16_b', it belongs to other interface (lookup)
WARNING: Keyword 'lookup_table' ignored in calculation 'job_131_2P4Y_17_ab', it belongs to other interface (lookup)
WARNING: Keyword 'lookup_table' ignored in calculation 'job_131_2P4Y_17_a', it belongs to other interface (lookup)
WARNING: Keyword 'lookup_table' ignored in calculation 'job_131_2P4Y_17_b', it belongs to other interface (lookup)
WARNING: Keyword 'lookup_table' ignored in calculation 'job_132_2P4Y_18_ab', it belongs to other interface (lookup)
WARNING: Keyword 'lookup_table' ignored in calculation 'job_132_2P4Y_18_a', it belongs to other interface (lookup)
WARNING: Keyword 'lookup_table' ignored in calculation 'job_132_2P4Y_18_b', it belongs to other interface (lookup)
WARNING: Keyword 'lookup_table' ignored in calculation 'job_133_2P4Y_19_ab', it belongs to other interface (lookup)
WARNING: Keyword 'lookup_table' ignored in calculation 'job_133_2P4Y_19_a', it belongs to other interface (lookup)
WARNING: Keyword 'lookup_table' ignored in calculation 'job_133_2P4Y_19_b', it belongs to other interface (lookup)
WARNING: Keyword 'lookup_table' ignored in calculation 'job_134_2P4Y_20_ab', it belongs to other interface (lookup)
WARNING: Keyword 'lookup_table' ignored in calculation 'job_134_2P4Y_20_a', it belongs to other interface (lookup)
WARNING: Keyword 'lookup_table' ignored in calculation 'job_134_2P4Y_20_b', it belongs to other interface (lookup)
WARNING: Keyword 'lookup_table' ignored in calculation 'job_135_2P4Y_21_ab', it belongs to other interface (lookup)
WARNING: Keyword 'lookup_table' ignored in calculation 'job_135_2P4Y_21_a', it belongs to other interface (lookup)
WARNING: Keyword 'lookup_table' ignored in calculation 'job_135_2P4Y_21_b', it belongs to other interface (lookup)
WARNING: Keyword 'lookup_table' ignored in calculation 'job_136_2P4Y_22_ab', it belongs to other interface (lookup)
WARNING: Keyword 'lookup_table' ignored in calculation 'job_136_2P4Y_22_a', it belongs to other interface (lookup)
WARNING: Keyword 'lookup_table' ignored in calculation 'job_136_2P4Y_22_b', it belongs to other interface (lookup)
WARNING: Keyword 'lookup_table' ignored in calculation 'job_137_2P4Y_23_ab', it belongs to other interface (lookup)
WARNING: Keyword 'lookup_table' ignored in calculation 'job_137_2P4Y_23_a', it belongs to other interface (lookup)
WARNING: Keyword 'lookup_table' ignored in calculation 'job_137_2P4Y_23_b', it belongs to other interface (lookup)
WARNING: Keyword 'lookup_table' ignored in calculation 'job_138_2P4Y_24_ab', it belongs to other interface (lookup)
WARNING: Keyword 'lookup_table' ignored in calculation 'job_138_2P4Y_24_a', it belongs to other interface (lookup)
WARNING: Keyword 'lookup_table' ignored in calculation 'job_138_2P4Y_24_b', it belongs to other interface (lookup)
WARNING: Keyword 'lookup_table' ignored in calculation 'job_139_2P4Y_25_ab', it belongs to other interface (lookup)
WARNING: Keyword 'lookup_table' ignored in calculation 'job_139_2P4Y_25_a', it belongs to other interface (lookup)
WARNING: Keyword 'lookup_table' ignored in calculation 'job_139_2P4Y_25_b', it belongs to other interface (lookup)
WARNING: Keyword 'lookup_table' ignored in calculation 'job_140_2P4Y_26_ab', it belongs to other interface (lookup)
WARNING: Keyword 'lookup_table' ignored in calculation 'job_140_2P4Y_26_a', it belongs to other interface (lookup)
WARNING: Keyword 'lookup_table' ignored in calculation 'job_140_2P4Y_26_b', it belongs to other interface (lookup)
WARNING: Keyword 'lookup_table' ignored in calculation 'job_141_2P4Y_27_ab', it belongs to other interface (lookup)
WARNING: Keyword 'lookup_table' ignored in calculation 'job_141_2P4Y_27_a', it belongs to other interface (lookup)
WARNING: Keyword 'lookup_table' ignored in calculation 'job_141_2P4Y_27_b', it belongs to other interface (lookup)
WARNING: Keyword 'lookup_table' ignored in calculation 'job_142_2P4Y_28_ab', it belongs to other interface (lookup)
WARNING: Keyword 'lookup_table' ignored in calculation 'job_142_2P4Y_28_a', it belongs to other interface (lookup)
WARNING: Keyword 'lookup_table' ignored in calculation 'job_142_2P4Y_28_b', it belongs to other interface (lookup)
WARNING: Keyword 'lookup_table' ignored in calculation 'job_143_2P4Y_29_ab', it belongs to other interface (lookup)
WARNING: Keyword 'lookup_table' ignored in calculation 'job_143_2P4Y_29_a', it belongs to other interface (lookup)
WARNING: Keyword 'lookup_table' ignored in calculation 'job_143_2P4Y_29_b', it belongs to other interface (lookup)
WARNING: Keyword 'lookup_table' ignored in calculation 'job_144_2P4Y_30_ab', it belongs to other interface (lookup)
WARNING: Keyword 'lookup_table' ignored in calculation 'job_144_2P4Y_30_a', it belongs to other interface (lookup)
WARNING: Keyword 'lookup_table' ignored in calculation 'job_144_2P4Y_30_b', it belongs to other interface (lookup)
WARNING: Keyword 'lookup_table' ignored in calculation 'job_145_2P4Y_31_ab', it belongs to other interface (lookup)
WARNING: Keyword 'lookup_table' ignored in calculation 'job_145_2P4Y_31_a', it belongs to other interface (lookup)
WARNING: Keyword 'lookup_table' ignored in calculation 'job_145_2P4Y_31_b', it belongs to other interface (lookup)
WARNING: Keyword 'lookup_table' ignored in calculation 'job_146_2P4Y_32_ab', it belongs to other interface (lookup)
WARNING: Keyword 'lookup_table' ignored in calculation 'job_146_2P4Y_32_a', it belongs to other interface (lookup)
WARNING: Keyword 'lookup_table' ignored in calculation 'job_146_2P4Y_32_b', it belongs to other interface (lookup)
WARNING: Keyword 'lookup_table' ignored in calculation 'job_147_2P4Y_33_ab', it belongs to other interface (lookup)
WARNING: Keyword 'lookup_table' ignored in calculation 'job_147_2P4Y_33_a', it belongs to other interface (lookup)
WARNING: Keyword 'lookup_table' ignored in calculation 'job_147_2P4Y_33_b', it belongs to other interface (lookup)
WARNING: Keyword 'lookup_table' ignored in calculation 'job_148_2P4Y_34_ab', it belongs to other interface (lookup)
WARNING: Keyword 'lookup_table' ignored in calculation 'job_148_2P4Y_34_a', it belongs to other interface (lookup)
WARNING: Keyword 'lookup_table' ignored in calculation 'job_148_2P4Y_34_b', it belongs to other interface (lookup)
WARNING: Keyword 'lookup_table' ignored in calculation 'job_149_2P4Y_35_ab', it belongs to other interface (lookup)
WARNING: Keyword 'lookup_table' ignored in calculation 'job_149_2P4Y_35_a', it belongs to other interface (lookup)
WARNING: Keyword 'lookup_table' ignored in calculation 'job_149_2P4Y_35_b', it belongs to other interface (lookup)
WARNING: Keyword 'lookup_table' ignored in calculation 'job_150_2P4Y_36_ab', it belongs to other interface (lookup)
WARNING: Keyword 'lookup_table' ignored in calculation 'job_150_2P4Y_36_a', it belongs to other interface (lookup)
WARNING: Keyword 'lookup_table' ignored in calculation 'job_150_2P4Y_36_b', it belongs to other interface (lookup)
WARNING: Keyword 'lookup_table' ignored in calculation 'job_151_2P4Y_37_ab', it belongs to other interface (lookup)
WARNING: Keyword 'lookup_table' ignored in calculation 'job_151_2P4Y_37_a', it belongs to other interface (lookup)
WARNING: Keyword 'lookup_table' ignored in calculation 'job_151_2P4Y_37_b', it belongs to other interface (lookup)
WARNING: Keyword 'lookup_table' ignored in calculation 'job_152_2P4Y_38_ab', it belongs to other interface (lookup)
WARNING: Keyword 'lookup_table' ignored in calculation 'job_152_2P4Y_38_a', it belongs to other interface (lookup)
WARNING: Keyword 'lookup_table' ignored in calculation 'job_152_2P4Y_38_b', it belongs to other interface (lookup)
WARNING: Keyword 'lookup_table' ignored in calculation 'job_153_2P4Y_39_ab', it belongs to other interface (lookup)
WARNING: Keyword 'lookup_table' ignored in calculation 'job_153_2P4Y_39_a', it belongs to other interface (lookup)
WARNING: Keyword 'lookup_table' ignored in calculation 'job_153_2P4Y_39_b', it belongs to other interface (lookup)
WARNING: Keyword 'lookup_table' ignored in calculation 'job_154_2VOT_01_ab', it belongs to other interface (lookup)
WARNING: Keyword 'lookup_table' ignored in calculation 'job_154_2VOT_01_a', it belongs to other interface (lookup)
WARNING: Keyword 'lookup_table' ignored in calculation 'job_154_2VOT_01_b', it belongs to other interface (lookup)
WARNING: Keyword 'lookup_table' ignored in calculation 'job_155_2VOT_02_ab', it belongs to other interface (lookup)
WARNING: Keyword 'lookup_table' ignored in calculation 'job_155_2VOT_02_a', it belongs to other interface (lookup)
WARNING: Keyword 'lookup_table' ignored in calculation 'job_155_2VOT_02_b', it belongs to other interface (lookup)
WARNING: Keyword 'lookup_table' ignored in calculation 'job_156_2VOT_03_ab', it belongs to other interface (lookup)
WARNING: Keyword 'lookup_table' ignored in calculation 'job_156_2VOT_03_a', it belongs to other interface (lookup)
WARNING: Keyword 'lookup_table' ignored in calculation 'job_156_2VOT_03_b', it belongs to other interface (lookup)
WARNING: Keyword 'lookup_table' ignored in calculation 'job_157_2VOT_04_ab', it belongs to other interface (lookup)
WARNING: Keyword 'lookup_table' ignored in calculation 'job_157_2VOT_04_a', it belongs to other interface (lookup)
WARNING: Keyword 'lookup_table' ignored in calculation 'job_157_2VOT_04_b', it belongs to other interface (lookup)
WARNING: Keyword 'lookup_table' ignored in calculation 'job_158_2VOT_05_ab', it belongs to other interface (lookup)
WARNING: Keyword 'lookup_table' ignored in calculation 'job_158_2VOT_05_a', it belongs to other interface (lookup)
WARNING: Keyword 'lookup_table' ignored in calculation 'job_158_2VOT_05_b', it belongs to other interface (lookup)
WARNING: Keyword 'lookup_table' ignored in calculation 'job_159_2VOT_06_ab', it belongs to other interface (lookup)
WARNING: Keyword 'lookup_table' ignored in calculation 'job_159_2VOT_06_a', it belongs to other interface (lookup)
WARNING: Keyword 'lookup_table' ignored in calculation 'job_159_2VOT_06_b', it belongs to other interface (lookup)
WARNING: Keyword 'lookup_table' ignored in calculation 'job_160_2VOT_07_ab', it belongs to other interface (lookup)
WARNING: Keyword 'lookup_table' ignored in calculation 'job_160_2VOT_07_a', it belongs to other interface (lookup)
WARNING: Keyword 'lookup_table' ignored in calculation 'job_160_2VOT_07_b', it belongs to other interface (lookup)
WARNING: Keyword 'lookup_table' ignored in calculation 'job_161_2VOT_08_ab', it belongs to other interface (lookup)
WARNING: Keyword 'lookup_table' ignored in calculation 'job_161_2VOT_08_a', it belongs to other interface (lookup)
WARNING: Keyword 'lookup_table' ignored in calculation 'job_161_2VOT_08_b', it belongs to other interface (lookup)
WARNING: Keyword 'lookup_table' ignored in calculation 'job_162_2VOT_09_ab', it belongs to other interface (lookup)
WARNING: Keyword 'lookup_table' ignored in calculation 'job_162_2VOT_09_a', it belongs to other interface (lookup)
WARNING: Keyword 'lookup_table' ignored in calculation 'job_162_2VOT_09_b', it belongs to other interface (lookup)
WARNING: Keyword 'lookup_table' ignored in calculation 'job_163_2VOT_10_ab', it belongs to other interface (lookup)
WARNING: Keyword 'lookup_table' ignored in calculation 'job_163_2VOT_10_a', it belongs to other interface (lookup)
WARNING: Keyword 'lookup_table' ignored in calculation 'job_163_2VOT_10_b', it belongs to other interface (lookup)
WARNING: Keyword 'lookup_table' ignored in calculation 'job_164_2VOT_11_ab', it belongs to other interface (lookup)
WARNING: Keyword 'lookup_table' ignored in calculation 'job_164_2VOT_11_a', it belongs to other interface (lookup)
WARNING: Keyword 'lookup_table' ignored in calculation 'job_164_2VOT_11_b', it belongs to other interface (lookup)
WARNING: Keyword 'lookup_table' ignored in calculation 'job_165_2VOT_12_ab', it belongs to other interface (lookup)
WARNING: Keyword 'lookup_table' ignored in calculation 'job_165_2VOT_12_a', it belongs to other interface (lookup)
WARNING: Keyword 'lookup_table' ignored in calculation 'job_165_2VOT_12_b', it belongs to other interface (lookup)
WARNING: Keyword 'lookup_table' ignored in calculation 'job_166_2VOT_13_ab', it belongs to other interface (lookup)
WARNING: Keyword 'lookup_table' ignored in calculation 'job_166_2VOT_13_a', it belongs to other interface (lookup)
WARNING: Keyword 'lookup_table' ignored in calculation 'job_166_2VOT_13_b', it belongs to other interface (lookup)
WARNING: Keyword 'lookup_table' ignored in calculation 'job_167_2VOT_14_ab', it belongs to other interface (lookup)
WARNING: Keyword 'lookup_table' ignored in calculation 'job_167_2VOT_14_a', it belongs to other interface (lookup)
WARNING: Keyword 'lookup_table' ignored in calculation 'job_167_2VOT_14_b', it belongs to other interface (lookup)
WARNING: Keyword 'lookup_table' ignored in calculation 'job_168_2VOT_15_ab', it belongs to other interface (lookup)
WARNING: Keyword 'lookup_table' ignored in calculation 'job_168_2VOT_15_a', it belongs to other interface (lookup)
WARNING: Keyword 'lookup_table' ignored in calculation 'job_168_2VOT_15_b', it belongs to other interface (lookup)
WARNING: Keyword 'lookup_table' ignored in calculation 'job_169_2VOT_16_ab', it belongs to other interface (lookup)
WARNING: Keyword 'lookup_table' ignored in calculation 'job_169_2VOT_16_a', it belongs to other interface (lookup)
WARNING: Keyword 'lookup_table' ignored in calculation 'job_169_2VOT_16_b', it belongs to other interface (lookup)
WARNING: Keyword 'lookup_table' ignored in calculation 'job_170_2VOT_17_ab', it belongs to other interface (lookup)
WARNING: Keyword 'lookup_table' ignored in calculation 'job_170_2VOT_17_a', it belongs to other interface (lookup)
WARNING: Keyword 'lookup_table' ignored in calculation 'job_170_2VOT_17_b', it belongs to other interface (lookup)
WARNING: Keyword 'lookup_table' ignored in calculation 'job_171_2VOT_18_ab', it belongs to other interface (lookup)
WARNING: Keyword 'lookup_table' ignored in calculation 'job_171_2VOT_18_a', it belongs to other interface (lookup)
WARNING: Keyword 'lookup_table' ignored in calculation 'job_171_2VOT_18_b', it belongs to other interface (lookup)
WARNING: Keyword 'lookup_table' ignored in calculation 'job_172_2VOT_19_ab', it belongs to other interface (lookup)
WARNING: Keyword 'lookup_table' ignored in calculation 'job_172_2VOT_19_a', it belongs to other interface (lookup)
WARNING: Keyword 'lookup_table' ignored in calculation 'job_172_2VOT_19_b', it belongs to other interface (lookup)
WARNING: Keyword 'lookup_table' ignored in calculation 'job_173_2VOT_20_ab', it belongs to other interface (lookup)
WARNING: Keyword 'lookup_table' ignored in calculation 'job_173_2VOT_20_a', it belongs to other interface (lookup)
WARNING: Keyword 'lookup_table' ignored in calculation 'job_173_2VOT_20_b', it belongs to other interface (lookup)
WARNING: Keyword 'lookup_table' ignored in calculation 'job_174_2VOT_21_ab', it belongs to other interface (lookup)
WARNING: Keyword 'lookup_table' ignored in calculation 'job_174_2VOT_21_a', it belongs to other interface (lookup)
WARNING: Keyword 'lookup_table' ignored in calculation 'job_174_2VOT_21_b', it belongs to other interface (lookup)
WARNING: Keyword 'lookup_table' ignored in calculation 'job_175_2VOT_22_ab', it belongs to other interface (lookup)
WARNING: Keyword 'lookup_table' ignored in calculation 'job_175_2VOT_22_a', it belongs to other interface (lookup)
WARNING: Keyword 'lookup_table' ignored in calculation 'job_175_2VOT_22_b', it belongs to other interface (lookup)
WARNING: Keyword 'lookup_table' ignored in calculation 'job_176_2VW5_01_ab', it belongs to other interface (lookup)
WARNING: Keyword 'lookup_table' ignored in calculation 'job_176_2VW5_01_a', it belongs to other interface (lookup)
WARNING: Keyword 'lookup_table' ignored in calculation 'job_176_2VW5_01_b', it belongs to other interface (lookup)
WARNING: Keyword 'lookup_table' ignored in calculation 'job_177_2VW5_02_ab', it belongs to other interface (lookup)
WARNING: Keyword 'lookup_table' ignored in calculation 'job_177_2VW5_02_a', it belongs to other interface (lookup)
WARNING: Keyword 'lookup_table' ignored in calculation 'job_177_2VW5_02_b', it belongs to other interface (lookup)
WARNING: Keyword 'lookup_table' ignored in calculation 'job_178_2VW5_03_ab', it belongs to other interface (lookup)
WARNING: Keyword 'lookup_table' ignored in calculation 'job_178_2VW5_03_a', it belongs to other interface (lookup)
WARNING: Keyword 'lookup_table' ignored in calculation 'job_178_2VW5_03_b', it belongs to other interface (lookup)
WARNING: Keyword 'lookup_table' ignored in calculation 'job_179_2VW5_04_ab', it belongs to other interface (lookup)
WARNING: Keyword 'lookup_table' ignored in calculation 'job_179_2VW5_04_a', it belongs to other interface (lookup)
WARNING: Keyword 'lookup_table' ignored in calculation 'job_179_2VW5_04_b', it belongs to other interface (lookup)
WARNING: Keyword 'lookup_table' ignored in calculation 'job_180_2VW5_05_ab', it belongs to other interface (lookup)
WARNING: Keyword 'lookup_table' ignored in calculation 'job_180_2VW5_05_a', it belongs to other interface (lookup)
WARNING: Keyword 'lookup_table' ignored in calculation 'job_180_2VW5_05_b', it belongs to other interface (lookup)
WARNING: Keyword 'lookup_table' ignored in calculation 'job_181_2VW5_06_ab', it belongs to other interface (lookup)
WARNING: Keyword 'lookup_table' ignored in calculation 'job_181_2VW5_06_a', it belongs to other interface (lookup)
WARNING: Keyword 'lookup_table' ignored in calculation 'job_181_2VW5_06_b', it belongs to other interface (lookup)
WARNING: Keyword 'lookup_table' ignored in calculation 'job_182_2VW5_07_ab', it belongs to other interface (lookup)
WARNING: Keyword 'lookup_table' ignored in calculation 'job_182_2VW5_07_a', it belongs to other interface (lookup)
WARNING: Keyword 'lookup_table' ignored in calculation 'job_182_2VW5_07_b', it belongs to other interface (lookup)
WARNING: Keyword 'lookup_table' ignored in calculation 'job_183_2VW5_08_ab', it belongs to other interface (lookup)
WARNING: Keyword 'lookup_table' ignored in calculation 'job_183_2VW5_08_a', it belongs to other interface (lookup)
WARNING: Keyword 'lookup_table' ignored in calculation 'job_183_2VW5_08_b', it belongs to other interface (lookup)
WARNING: Keyword 'lookup_table' ignored in calculation 'job_184_2VW5_09_ab', it belongs to other interface (lookup)
WARNING: Keyword 'lookup_table' ignored in calculation 'job_184_2VW5_09_a', it belongs to other interface (lookup)
WARNING: Keyword 'lookup_table' ignored in calculation 'job_184_2VW5_09_b', it belongs to other interface (lookup)
WARNING: Keyword 'lookup_table' ignored in calculation 'job_185_2VW5_10_ab', it belongs to other interface (lookup)
WARNING: Keyword 'lookup_table' ignored in calculation 'job_185_2VW5_10_a', it belongs to other interface (lookup)
WARNING: Keyword 'lookup_table' ignored in calculation 'job_185_2VW5_10_b', it belongs to other interface (lookup)
WARNING: Keyword 'lookup_table' ignored in calculation 'job_186_2VW5_11_ab', it belongs to other interface (lookup)
WARNING: Keyword 'lookup_table' ignored in calculation 'job_186_2VW5_11_a', it belongs to other interface (lookup)
WARNING: Keyword 'lookup_table' ignored in calculation 'job_186_2VW5_11_b', it belongs to other interface (lookup)
WARNING: Keyword 'lookup_table' ignored in calculation 'job_187_2VW5_12_ab', it belongs to other interface (lookup)
WARNING: Keyword 'lookup_table' ignored in calculation 'job_187_2VW5_12_a', it belongs to other interface (lookup)
WARNING: Keyword 'lookup_table' ignored in calculation 'job_187_2VW5_12_b', it belongs to other interface (lookup)
WARNING: Keyword 'lookup_table' ignored in calculation 'job_188_2VW5_13_ab', it belongs to other interface (lookup)
WARNING: Keyword 'lookup_table' ignored in calculation 'job_188_2VW5_13_a', it belongs to other interface (lookup)
WARNING: Keyword 'lookup_table' ignored in calculation 'job_188_2VW5_13_b', it belongs to other interface (lookup)
WARNING: Keyword 'lookup_table' ignored in calculation 'job_189_2VW5_14_ab', it belongs to other interface (lookup)
WARNING: Keyword 'lookup_table' ignored in calculation 'job_189_2VW5_14_a', it belongs to other interface (lookup)
WARNING: Keyword 'lookup_table' ignored in calculation 'job_189_2VW5_14_b', it belongs to other interface (lookup)
WARNING: Keyword 'lookup_table' ignored in calculation 'job_190_2VW5_15_ab', it belongs to other interface (lookup)
WARNING: Keyword 'lookup_table' ignored in calculation 'job_190_2VW5_15_a', it belongs to other interface (lookup)
WARNING: Keyword 'lookup_table' ignored in calculation 'job_190_2VW5_15_b', it belongs to other interface (lookup)
WARNING: Keyword 'lookup_table' ignored in calculation 'job_191_2VW5_16_ab', it belongs to other interface (lookup)
WARNING: Keyword 'lookup_table' ignored in calculation 'job_191_2VW5_16_a', it belongs to other interface (lookup)
WARNING: Keyword 'lookup_table' ignored in calculation 'job_191_2VW5_16_b', it belongs to other interface (lookup)
WARNING: Keyword 'lookup_table' ignored in calculation 'job_192_2VW5_17_ab', it belongs to other interface (lookup)
WARNING: Keyword 'lookup_table' ignored in calculation 'job_192_2VW5_17_a', it belongs to other interface (lookup)
WARNING: Keyword 'lookup_table' ignored in calculation 'job_192_2VW5_17_b', it belongs to other interface (lookup)
WARNING: Keyword 'lookup_table' ignored in calculation 'job_193_2VW5_18_ab', it belongs to other interface (lookup)
WARNING: Keyword 'lookup_table' ignored in calculation 'job_193_2VW5_18_a', it belongs to other interface (lookup)
WARNING: Keyword 'lookup_table' ignored in calculation 'job_193_2VW5_18_b', it belongs to other interface (lookup)
WARNING: Keyword 'lookup_table' ignored in calculation 'job_194_2VW5_19_ab', it belongs to other interface (lookup)
WARNING: Keyword 'lookup_table' ignored in calculation 'job_194_2VW5_19_a', it belongs to other interface (lookup)
WARNING: Keyword 'lookup_table' ignored in calculation 'job_194_2VW5_19_b', it belongs to other interface (lookup)
WARNING: Keyword 'lookup_table' ignored in calculation 'job_195_2VW5_20_ab', it belongs to other interface (lookup)
WARNING: Keyword 'lookup_table' ignored in calculation 'job_195_2VW5_20_a', it belongs to other interface (lookup)
WARNING: Keyword 'lookup_table' ignored in calculation 'job_195_2VW5_20_b', it belongs to other interface (lookup)
WARNING: Keyword 'lookup_table' ignored in calculation 'job_196_2VW5_21_ab', it belongs to other interface (lookup)
WARNING: Keyword 'lookup_table' ignored in calculation 'job_196_2VW5_21_a', it belongs to other interface (lookup)
WARNING: Keyword 'lookup_table' ignored in calculation 'job_196_2VW5_21_b', it belongs to other interface (lookup)
WARNING: Keyword 'lookup_table' ignored in calculation 'job_197_2VW5_22_ab', it belongs to other interface (lookup)
WARNING: Keyword 'lookup_table' ignored in calculation 'job_197_2VW5_22_a', it belongs to other interface (lookup)
WARNING: Keyword 'lookup_table' ignored in calculation 'job_197_2VW5_22_b', it belongs to other interface (lookup)
WARNING: Keyword 'lookup_table' ignored in calculation 'job_198_2VW5_23_ab', it belongs to other interface (lookup)
WARNING: Keyword 'lookup_table' ignored in calculation 'job_198_2VW5_23_a', it belongs to other interface (lookup)
WARNING: Keyword 'lookup_table' ignored in calculation 'job_198_2VW5_23_b', it belongs to other interface (lookup)
WARNING: Keyword 'lookup_table' ignored in calculation 'job_199_2VW5_24_ab', it belongs to other interface (lookup)
WARNING: Keyword 'lookup_table' ignored in calculation 'job_199_2VW5_24_a', it belongs to other interface (lookup)
WARNING: Keyword 'lookup_table' ignored in calculation 'job_199_2VW5_24_b', it belongs to other interface (lookup)
WARNING: Keyword 'lookup_table' ignored in calculation 'job_200_2VW5_25_ab', it belongs to other interface (lookup)
WARNING: Keyword 'lookup_table' ignored in calculation 'job_200_2VW5_25_a', it belongs to other interface (lookup)
WARNING: Keyword 'lookup_table' ignored in calculation 'job_200_2VW5_25_b', it belongs to other interface (lookup)
WARNING: Keyword 'lookup_table' ignored in calculation 'job_201_2VW5_26_ab', it belongs to other interface (lookup)
WARNING: Keyword 'lookup_table' ignored in calculation 'job_201_2VW5_26_a', it belongs to other interface (lookup)
WARNING: Keyword 'lookup_table' ignored in calculation 'job_201_2VW5_26_b', it belongs to other interface (lookup)
WARNING: Keyword 'lookup_table' ignored in calculation 'job_202_2VW5_28_ab', it belongs to other interface (lookup)
WARNING: Keyword 'lookup_table' ignored in calculation 'job_202_2VW5_28_a', it belongs to other interface (lookup)
WARNING: Keyword 'lookup_table' ignored in calculation 'job_202_2VW5_28_b', it belongs to other interface (lookup)
WARNING: Keyword 'lookup_table' ignored in calculation 'job_203_2VW5_29_ab', it belongs to other interface (lookup)
WARNING: Keyword 'lookup_table' ignored in calculation 'job_203_2VW5_29_a', it belongs to other interface (lookup)
WARNING: Keyword 'lookup_table' ignored in calculation 'job_203_2VW5_29_b', it belongs to other interface (lookup)
WARNING: Keyword 'lookup_table' ignored in calculation 'job_204_2VW5_30_ab', it belongs to other interface (lookup)
WARNING: Keyword 'lookup_table' ignored in calculation 'job_204_2VW5_30_a', it belongs to other interface (lookup)
WARNING: Keyword 'lookup_table' ignored in calculation 'job_204_2VW5_30_b', it belongs to other interface (lookup)
WARNING: Keyword 'lookup_table' ignored in calculation 'job_205_2VW5_31_ab', it belongs to other interface (lookup)
WARNING: Keyword 'lookup_table' ignored in calculation 'job_205_2VW5_31_a', it belongs to other interface (lookup)
WARNING: Keyword 'lookup_table' ignored in calculation 'job_205_2VW5_31_b', it belongs to other interface (lookup)
WARNING: Keyword 'lookup_table' ignored in calculation 'job_206_2VW5_32_ab', it belongs to other interface (lookup)
WARNING: Keyword 'lookup_table' ignored in calculation 'job_206_2VW5_32_a', it belongs to other interface (lookup)
WARNING: Keyword 'lookup_table' ignored in calculation 'job_206_2VW5_32_b', it belongs to other interface (lookup)
WARNING: Keyword 'lookup_table' ignored in calculation 'job_207_2VW5_33_ab', it belongs to other interface (lookup)
WARNING: Keyword 'lookup_table' ignored in calculation 'job_207_2VW5_33_a', it belongs to other interface (lookup)
WARNING: Keyword 'lookup_table' ignored in calculation 'job_207_2VW5_33_b', it belongs to other interface (lookup)
WARNING: Keyword 'lookup_table' ignored in calculation 'job_208_2XB8_01_ab', it belongs to other interface (lookup)
WARNING: Keyword 'lookup_table' ignored in calculation 'job_208_2XB8_01_a', it belongs to other interface (lookup)
WARNING: Keyword 'lookup_table' ignored in calculation 'job_208_2XB8_01_b', it belongs to other interface (lookup)
WARNING: Keyword 'lookup_table' ignored in calculation 'job_209_2XB8_02_ab', it belongs to other interface (lookup)
WARNING: Keyword 'lookup_table' ignored in calculation 'job_209_2XB8_02_a', it belongs to other interface (lookup)
WARNING: Keyword 'lookup_table' ignored in calculation 'job_209_2XB8_02_b', it belongs to other interface (lookup)
WARNING: Keyword 'lookup_table' ignored in calculation 'job_210_2XB8_03_ab', it belongs to other interface (lookup)
WARNING: Keyword 'lookup_table' ignored in calculation 'job_210_2XB8_03_a', it belongs to other interface (lookup)
WARNING: Keyword 'lookup_table' ignored in calculation 'job_210_2XB8_03_b', it belongs to other interface (lookup)
WARNING: Keyword 'lookup_table' ignored in calculation 'job_211_2XB8_04_ab', it belongs to other interface (lookup)
WARNING: Keyword 'lookup_table' ignored in calculation 'job_211_2XB8_04_a', it belongs to other interface (lookup)
WARNING: Keyword 'lookup_table' ignored in calculation 'job_211_2XB8_04_b', it belongs to other interface (lookup)
WARNING: Keyword 'lookup_table' ignored in calculation 'job_212_2XB8_05_ab', it belongs to other interface (lookup)
WARNING: Keyword 'lookup_table' ignored in calculation 'job_212_2XB8_05_a', it belongs to other interface (lookup)
WARNING: Keyword 'lookup_table' ignored in calculation 'job_212_2XB8_05_b', it belongs to other interface (lookup)
WARNING: Keyword 'lookup_table' ignored in calculation 'job_213_2XB8_06_ab', it belongs to other interface (lookup)
WARNING: Keyword 'lookup_table' ignored in calculation 'job_213_2XB8_06_a', it belongs to other interface (lookup)
WARNING: Keyword 'lookup_table' ignored in calculation 'job_213_2XB8_06_b', it belongs to other interface (lookup)
WARNING: Keyword 'lookup_table' ignored in calculation 'job_214_2XB8_07_ab', it belongs to other interface (lookup)
WARNING: Keyword 'lookup_table' ignored in calculation 'job_214_2XB8_07_a', it belongs to other interface (lookup)
WARNING: Keyword 'lookup_table' ignored in calculation 'job_214_2XB8_07_b', it belongs to other interface (lookup)
WARNING: Keyword 'lookup_table' ignored in calculation 'job_215_2XB8_08_ab', it belongs to other interface (lookup)
WARNING: Keyword 'lookup_table' ignored in calculation 'job_215_2XB8_08_a', it belongs to other interface (lookup)
WARNING: Keyword 'lookup_table' ignored in calculation 'job_215_2XB8_08_b', it belongs to other interface (lookup)
WARNING: Keyword 'lookup_table' ignored in calculation 'job_216_2XB8_09_ab', it belongs to other interface (lookup)
WARNING: Keyword 'lookup_table' ignored in calculation 'job_216_2XB8_09_a', it belongs to other interface (lookup)
WARNING: Keyword 'lookup_table' ignored in calculation 'job_216_2XB8_09_b', it belongs to other interface (lookup)
WARNING: Keyword 'lookup_table' ignored in calculation 'job_217_2XB8_10_ab', it belongs to other interface (lookup)
WARNING: Keyword 'lookup_table' ignored in calculation 'job_217_2XB8_10_a', it belongs to other interface (lookup)
WARNING: Keyword 'lookup_table' ignored in calculation 'job_217_2XB8_10_b', it belongs to other interface (lookup)
WARNING: Keyword 'lookup_table' ignored in calculation 'job_218_2XB8_11_ab', it belongs to other interface (lookup)
WARNING: Keyword 'lookup_table' ignored in calculation 'job_218_2XB8_11_a', it belongs to other interface (lookup)
WARNING: Keyword 'lookup_table' ignored in calculation 'job_218_2XB8_11_b', it belongs to other interface (lookup)
WARNING: Keyword 'lookup_table' ignored in calculation 'job_219_2XB8_12_ab', it belongs to other interface (lookup)
WARNING: Keyword 'lookup_table' ignored in calculation 'job_219_2XB8_12_a', it belongs to other interface (lookup)
WARNING: Keyword 'lookup_table' ignored in calculation 'job_219_2XB8_12_b', it belongs to other interface (lookup)
WARNING: Keyword 'lookup_table' ignored in calculation 'job_220_2XB8_13_ab', it belongs to other interface (lookup)
WARNING: Keyword 'lookup_table' ignored in calculation 'job_220_2XB8_13_a', it belongs to other interface (lookup)
WARNING: Keyword 'lookup_table' ignored in calculation 'job_220_2XB8_13_b', it belongs to other interface (lookup)
WARNING: Keyword 'lookup_table' ignored in calculation 'job_221_2XB8_14_ab', it belongs to other interface (lookup)
WARNING: Keyword 'lookup_table' ignored in calculation 'job_221_2XB8_14_a', it belongs to other interface (lookup)
WARNING: Keyword 'lookup_table' ignored in calculation 'job_221_2XB8_14_b', it belongs to other interface (lookup)
WARNING: Keyword 'lookup_table' ignored in calculation 'job_222_2XB8_15_ab', it belongs to other interface (lookup)
WARNING: Keyword 'lookup_table' ignored in calculation 'job_222_2XB8_15_a', it belongs to other interface (lookup)
WARNING: Keyword 'lookup_table' ignored in calculation 'job_222_2XB8_15_b', it belongs to other interface (lookup)
WARNING: Keyword 'lookup_table' ignored in calculation 'job_223_2XB8_16_ab', it belongs to other interface (lookup)
WARNING: Keyword 'lookup_table' ignored in calculation 'job_223_2XB8_16_a', it belongs to other interface (lookup)
WARNING: Keyword 'lookup_table' ignored in calculation 'job_223_2XB8_16_b', it belongs to other interface (lookup)
WARNING: Keyword 'lookup_table' ignored in calculation 'job_224_2XB8_17_ab', it belongs to other interface (lookup)
WARNING: Keyword 'lookup_table' ignored in calculation 'job_224_2XB8_17_a', it belongs to other interface (lookup)
WARNING: Keyword 'lookup_table' ignored in calculation 'job_224_2XB8_17_b', it belongs to other interface (lookup)
WARNING: Keyword 'lookup_table' ignored in calculation 'job_225_2XB8_18_ab', it belongs to other interface (lookup)
WARNING: Keyword 'lookup_table' ignored in calculation 'job_225_2XB8_18_a', it belongs to other interface (lookup)
WARNING: Keyword 'lookup_table' ignored in calculation 'job_225_2XB8_18_b', it belongs to other interface (lookup)
WARNING: Keyword 'lookup_table' ignored in calculation 'job_226_2XB8_19_ab', it belongs to other interface (lookup)
WARNING: Keyword 'lookup_table' ignored in calculation 'job_226_2XB8_19_a', it belongs to other interface (lookup)
WARNING: Keyword 'lookup_table' ignored in calculation 'job_226_2XB8_19_b', it belongs to other interface (lookup)
WARNING: Keyword 'lookup_table' ignored in calculation 'job_227_2XB8_20_ab', it belongs to other interface (lookup)
WARNING: Keyword 'lookup_table' ignored in calculation 'job_227_2XB8_20_a', it belongs to other interface (lookup)
WARNING: Keyword 'lookup_table' ignored in calculation 'job_227_2XB8_20_b', it belongs to other interface (lookup)
WARNING: Keyword 'lookup_table' ignored in calculation 'job_228_2XB8_21_ab', it belongs to other interface (lookup)
WARNING: Keyword 'lookup_table' ignored in calculation 'job_228_2XB8_21_a', it belongs to other interface (lookup)
WARNING: Keyword 'lookup_table' ignored in calculation 'job_228_2XB8_21_b', it belongs to other interface (lookup)
WARNING: Keyword 'lookup_table' ignored in calculation 'job_229_2XB8_22_ab', it belongs to other interface (lookup)
WARNING: Keyword 'lookup_table' ignored in calculation 'job_229_2XB8_22_a', it belongs to other interface (lookup)
WARNING: Keyword 'lookup_table' ignored in calculation 'job_229_2XB8_22_b', it belongs to other interface (lookup)
WARNING: Keyword 'lookup_table' ignored in calculation 'job_230_2XB8_23_ab', it belongs to other interface (lookup)
WARNING: Keyword 'lookup_table' ignored in calculation 'job_230_2XB8_23_a', it belongs to other interface (lookup)
WARNING: Keyword 'lookup_table' ignored in calculation 'job_230_2XB8_23_b', it belongs to other interface (lookup)
WARNING: Keyword 'lookup_table' ignored in calculation 'job_231_2XB8_24_ab', it belongs to other interface (lookup)
WARNING: Keyword 'lookup_table' ignored in calculation 'job_231_2XB8_24_a', it belongs to other interface (lookup)
WARNING: Keyword 'lookup_table' ignored in calculation 'job_231_2XB8_24_b', it belongs to other interface (lookup)
WARNING: Keyword 'lookup_table' ignored in calculation 'job_232_2XB8_25_ab', it belongs to other interface (lookup)
WARNING: Keyword 'lookup_table' ignored in calculation 'job_232_2XB8_25_a', it belongs to other interface (lookup)
WARNING: Keyword 'lookup_table' ignored in calculation 'job_232_2XB8_25_b', it belongs to other interface (lookup)
WARNING: Keyword 'lookup_table' ignored in calculation 'job_233_2XB8_26_ab', it belongs to other interface (lookup)
WARNING: Keyword 'lookup_table' ignored in calculation 'job_233_2XB8_26_a', it belongs to other interface (lookup)
WARNING: Keyword 'lookup_table' ignored in calculation 'job_233_2XB8_26_b', it belongs to other interface (lookup)
WARNING: Keyword 'lookup_table' ignored in calculation 'job_234_2XB8_27_ab', it belongs to other interface (lookup)
WARNING: Keyword 'lookup_table' ignored in calculation 'job_234_2XB8_27_a', it belongs to other interface (lookup)
WARNING: Keyword 'lookup_table' ignored in calculation 'job_234_2XB8_27_b', it belongs to other interface (lookup)
WARNING: Keyword 'lookup_table' ignored in calculation 'job_235_2XB8_28_ab', it belongs to other interface (lookup)
WARNING: Keyword 'lookup_table' ignored in calculation 'job_235_2XB8_28_a', it belongs to other interface (lookup)
WARNING: Keyword 'lookup_table' ignored in calculation 'job_235_2XB8_28_b', it belongs to other interface (lookup)
WARNING: Keyword 'lookup_table' ignored in calculation 'job_236_2XB8_29_ab', it belongs to other interface (lookup)
WARNING: Keyword 'lookup_table' ignored in calculation 'job_236_2XB8_29_a', it belongs to other interface (lookup)
WARNING: Keyword 'lookup_table' ignored in calculation 'job_236_2XB8_29_b', it belongs to other interface (lookup)
WARNING: Keyword 'lookup_table' ignored in calculation 'job_237_2XB8_30_ab', it belongs to other interface (lookup)
WARNING: Keyword 'lookup_table' ignored in calculation 'job_237_2XB8_30_a', it belongs to other interface (lookup)
WARNING: Keyword 'lookup_table' ignored in calculation 'job_237_2XB8_30_b', it belongs to other interface (lookup)
WARNING: Keyword 'lookup_table' ignored in calculation 'job_238_2XB8_31_ab', it belongs to other interface (lookup)
WARNING: Keyword 'lookup_table' ignored in calculation 'job_238_2XB8_31_a', it belongs to other interface (lookup)
WARNING: Keyword 'lookup_table' ignored in calculation 'job_238_2XB8_31_b', it belongs to other interface (lookup)
WARNING: Keyword 'lookup_table' ignored in calculation 'job_239_2XB8_32_ab', it belongs to other interface (lookup)
WARNING: Keyword 'lookup_table' ignored in calculation 'job_239_2XB8_32_a', it belongs to other interface (lookup)
WARNING: Keyword 'lookup_table' ignored in calculation 'job_239_2XB8_32_b', it belongs to other interface (lookup)
WARNING: Keyword 'lookup_table' ignored in calculation 'job_240_2XB8_33_ab', it belongs to other interface (lookup)
WARNING: Keyword 'lookup_table' ignored in calculation 'job_240_2XB8_33_a', it belongs to other interface (lookup)
WARNING: Keyword 'lookup_table' ignored in calculation 'job_240_2XB8_33_b', it belongs to other interface (lookup)
WARNING: Keyword 'lookup_table' ignored in calculation 'job_241_2YKI_01_ab', it belongs to other interface (lookup)
WARNING: Keyword 'lookup_table' ignored in calculation 'job_241_2YKI_01_a', it belongs to other interface (lookup)
WARNING: Keyword 'lookup_table' ignored in calculation 'job_241_2YKI_01_b', it belongs to other interface (lookup)
WARNING: Keyword 'lookup_table' ignored in calculation 'job_242_2YKI_02_ab', it belongs to other interface (lookup)
WARNING: Keyword 'lookup_table' ignored in calculation 'job_242_2YKI_02_a', it belongs to other interface (lookup)
WARNING: Keyword 'lookup_table' ignored in calculation 'job_242_2YKI_02_b', it belongs to other interface (lookup)
WARNING: Keyword 'lookup_table' ignored in calculation 'job_243_2YKI_03_ab', it belongs to other interface (lookup)
WARNING: Keyword 'lookup_table' ignored in calculation 'job_243_2YKI_03_a', it belongs to other interface (lookup)
WARNING: Keyword 'lookup_table' ignored in calculation 'job_243_2YKI_03_b', it belongs to other interface (lookup)
WARNING: Keyword 'lookup_table' ignored in calculation 'job_244_2YKI_04_ab', it belongs to other interface (lookup)
WARNING: Keyword 'lookup_table' ignored in calculation 'job_244_2YKI_04_a', it belongs to other interface (lookup)
WARNING: Keyword 'lookup_table' ignored in calculation 'job_244_2YKI_04_b', it belongs to other interface (lookup)
WARNING: Keyword 'lookup_table' ignored in calculation 'job_245_2YKI_05_ab', it belongs to other interface (lookup)
WARNING: Keyword 'lookup_table' ignored in calculation 'job_245_2YKI_05_a', it belongs to other interface (lookup)
WARNING: Keyword 'lookup_table' ignored in calculation 'job_245_2YKI_05_b', it belongs to other interface (lookup)
WARNING: Keyword 'lookup_table' ignored in calculation 'job_246_2YKI_06_ab', it belongs to other interface (lookup)
WARNING: Keyword 'lookup_table' ignored in calculation 'job_246_2YKI_06_a', it belongs to other interface (lookup)
WARNING: Keyword 'lookup_table' ignored in calculation 'job_246_2YKI_06_b', it belongs to other interface (lookup)
WARNING: Keyword 'lookup_table' ignored in calculation 'job_247_2YKI_07_ab', it belongs to other interface (lookup)
WARNING: Keyword 'lookup_table' ignored in calculation 'job_247_2YKI_07_a', it belongs to other interface (lookup)
WARNING: Keyword 'lookup_table' ignored in calculation 'job_247_2YKI_07_b', it belongs to other interface (lookup)
WARNING: Keyword 'lookup_table' ignored in calculation 'job_248_2YKI_08_ab', it belongs to other interface (lookup)
WARNING: Keyword 'lookup_table' ignored in calculation 'job_248_2YKI_08_a', it belongs to other interface (lookup)
WARNING: Keyword 'lookup_table' ignored in calculation 'job_248_2YKI_08_b', it belongs to other interface (lookup)
WARNING: Keyword 'lookup_table' ignored in calculation 'job_249_2YKI_09_ab', it belongs to other interface (lookup)
WARNING: Keyword 'lookup_table' ignored in calculation 'job_249_2YKI_09_a', it belongs to other interface (lookup)
WARNING: Keyword 'lookup_table' ignored in calculation 'job_249_2YKI_09_b', it belongs to other interface (lookup)
WARNING: Keyword 'lookup_table' ignored in calculation 'job_250_2YKI_10_ab', it belongs to other interface (lookup)
WARNING: Keyword 'lookup_table' ignored in calculation 'job_250_2YKI_10_a', it belongs to other interface (lookup)
WARNING: Keyword 'lookup_table' ignored in calculation 'job_250_2YKI_10_b', it belongs to other interface (lookup)
WARNING: Keyword 'lookup_table' ignored in calculation 'job_251_2YKI_11_ab', it belongs to other interface (lookup)
WARNING: Keyword 'lookup_table' ignored in calculation 'job_251_2YKI_11_a', it belongs to other interface (lookup)
WARNING: Keyword 'lookup_table' ignored in calculation 'job_251_2YKI_11_b', it belongs to other interface (lookup)
WARNING: Keyword 'lookup_table' ignored in calculation 'job_252_2YKI_12_ab', it belongs to other interface (lookup)
WARNING: Keyword 'lookup_table' ignored in calculation 'job_252_2YKI_12_a', it belongs to other interface (lookup)
WARNING: Keyword 'lookup_table' ignored in calculation 'job_252_2YKI_12_b', it belongs to other interface (lookup)
WARNING: Keyword 'lookup_table' ignored in calculation 'job_253_2YKI_13_ab', it belongs to other interface (lookup)
WARNING: Keyword 'lookup_table' ignored in calculation 'job_253_2YKI_13_a', it belongs to other interface (lookup)
WARNING: Keyword 'lookup_table' ignored in calculation 'job_253_2YKI_13_b', it belongs to other interface (lookup)
WARNING: Keyword 'lookup_table' ignored in calculation 'job_254_2YKI_14_ab', it belongs to other interface (lookup)
WARNING: Keyword 'lookup_table' ignored in calculation 'job_254_2YKI_14_a', it belongs to other interface (lookup)
WARNING: Keyword 'lookup_table' ignored in calculation 'job_254_2YKI_14_b', it belongs to other interface (lookup)
WARNING: Keyword 'lookup_table' ignored in calculation 'job_255_2YKI_15_ab', it belongs to other interface (lookup)
WARNING: Keyword 'lookup_table' ignored in calculation 'job_255_2YKI_15_a', it belongs to other interface (lookup)
WARNING: Keyword 'lookup_table' ignored in calculation 'job_255_2YKI_15_b', it belongs to other interface (lookup)
WARNING: Keyword 'lookup_table' ignored in calculation 'job_256_2YKI_16_ab', it belongs to other interface (lookup)
WARNING: Keyword 'lookup_table' ignored in calculation 'job_256_2YKI_16_a', it belongs to other interface (lookup)
WARNING: Keyword 'lookup_table' ignored in calculation 'job_256_2YKI_16_b', it belongs to other interface (lookup)
WARNING: Keyword 'lookup_table' ignored in calculation 'job_257_2YKI_17_ab', it belongs to other interface (lookup)
WARNING: Keyword 'lookup_table' ignored in calculation 'job_257_2YKI_17_a', it belongs to other interface (lookup)
WARNING: Keyword 'lookup_table' ignored in calculation 'job_257_2YKI_17_b', it belongs to other interface (lookup)
WARNING: Keyword 'lookup_table' ignored in calculation 'job_258_2YKI_18_ab', it belongs to other interface (lookup)
WARNING: Keyword 'lookup_table' ignored in calculation 'job_258_2YKI_18_a', it belongs to other interface (lookup)
WARNING: Keyword 'lookup_table' ignored in calculation 'job_258_2YKI_18_b', it belongs to other interface (lookup)
WARNING: Keyword 'lookup_table' ignored in calculation 'job_259_2YKI_19_ab', it belongs to other interface (lookup)
WARNING: Keyword 'lookup_table' ignored in calculation 'job_259_2YKI_19_a', it belongs to other interface (lookup)
WARNING: Keyword 'lookup_table' ignored in calculation 'job_259_2YKI_19_b', it belongs to other interface (lookup)
WARNING: Keyword 'lookup_table' ignored in calculation 'job_260_2YKI_20_ab', it belongs to other interface (lookup)
WARNING: Keyword 'lookup_table' ignored in calculation 'job_260_2YKI_20_a', it belongs to other interface (lookup)
WARNING: Keyword 'lookup_table' ignored in calculation 'job_260_2YKI_20_b', it belongs to other interface (lookup)
WARNING: Keyword 'lookup_table' ignored in calculation 'job_261_2YKI_21_ab', it belongs to other interface (lookup)
WARNING: Keyword 'lookup_table' ignored in calculation 'job_261_2YKI_21_a', it belongs to other interface (lookup)
WARNING: Keyword 'lookup_table' ignored in calculation 'job_261_2YKI_21_b', it belongs to other interface (lookup)
WARNING: Keyword 'lookup_table' ignored in calculation 'job_262_2YKI_22_ab', it belongs to other interface (lookup)
WARNING: Keyword 'lookup_table' ignored in calculation 'job_262_2YKI_22_a', it belongs to other interface (lookup)
WARNING: Keyword 'lookup_table' ignored in calculation 'job_262_2YKI_22_b', it belongs to other interface (lookup)
WARNING: Keyword 'lookup_table' ignored in calculation 'job_263_2YKI_23_ab', it belongs to other interface (lookup)
WARNING: Keyword 'lookup_table' ignored in calculation 'job_263_2YKI_23_a', it belongs to other interface (lookup)
WARNING: Keyword 'lookup_table' ignored in calculation 'job_263_2YKI_23_b', it belongs to other interface (lookup)
WARNING: Keyword 'lookup_table' ignored in calculation 'job_264_2YKI_24_ab', it belongs to other interface (lookup)
WARNING: Keyword 'lookup_table' ignored in calculation 'job_264_2YKI_24_a', it belongs to other interface (lookup)
WARNING: Keyword 'lookup_table' ignored in calculation 'job_264_2YKI_24_b', it belongs to other interface (lookup)
WARNING: Keyword 'lookup_table' ignored in calculation 'job_265_2YKI_25_ab', it belongs to other interface (lookup)
WARNING: Keyword 'lookup_table' ignored in calculation 'job_265_2YKI_25_a', it belongs to other interface (lookup)
WARNING: Keyword 'lookup_table' ignored in calculation 'job_265_2YKI_25_b', it belongs to other interface (lookup)
WARNING: Keyword 'lookup_table' ignored in calculation 'job_266_2YKI_26_ab', it belongs to other interface (lookup)
WARNING: Keyword 'lookup_table' ignored in calculation 'job_266_2YKI_26_a', it belongs to other interface (lookup)
WARNING: Keyword 'lookup_table' ignored in calculation 'job_266_2YKI_26_b', it belongs to other interface (lookup)
WARNING: Keyword 'lookup_table' ignored in calculation 'job_267_2YKI_27_ab', it belongs to other interface (lookup)
WARNING: Keyword 'lookup_table' ignored in calculation 'job_267_2YKI_27_a', it belongs to other interface (lookup)
WARNING: Keyword 'lookup_table' ignored in calculation 'job_267_2YKI_27_b', it belongs to other interface (lookup)
WARNING: Keyword 'lookup_table' ignored in calculation 'job_268_2YKI_28_ab', it belongs to other interface (lookup)
WARNING: Keyword 'lookup_table' ignored in calculation 'job_268_2YKI_28_a', it belongs to other interface (lookup)
WARNING: Keyword 'lookup_table' ignored in calculation 'job_268_2YKI_28_b', it belongs to other interface (lookup)
WARNING: Keyword 'lookup_table' ignored in calculation 'job_269_2YKI_29_ab', it belongs to other interface (lookup)
WARNING: Keyword 'lookup_table' ignored in calculation 'job_269_2YKI_29_a', it belongs to other interface (lookup)
WARNING: Keyword 'lookup_table' ignored in calculation 'job_269_2YKI_29_b', it belongs to other interface (lookup)
WARNING: Keyword 'lookup_table' ignored in calculation 'job_270_2YKI_30_ab', it belongs to other interface (lookup)
WARNING: Keyword 'lookup_table' ignored in calculation 'job_270_2YKI_30_a', it belongs to other interface (lookup)
WARNING: Keyword 'lookup_table' ignored in calculation 'job_270_2YKI_30_b', it belongs to other interface (lookup)
WARNING: Keyword 'lookup_table' ignored in calculation 'job_271_2YKI_31_ab', it belongs to other interface (lookup)
WARNING: Keyword 'lookup_table' ignored in calculation 'job_271_2YKI_31_a', it belongs to other interface (lookup)
WARNING: Keyword 'lookup_table' ignored in calculation 'job_271_2YKI_31_b', it belongs to other interface (lookup)
WARNING: Keyword 'lookup_table' ignored in calculation 'job_272_2YKI_32_ab', it belongs to other interface (lookup)
WARNING: Keyword 'lookup_table' ignored in calculation 'job_272_2YKI_32_a', it belongs to other interface (lookup)
WARNING: Keyword 'lookup_table' ignored in calculation 'job_272_2YKI_32_b', it belongs to other interface (lookup)
WARNING: Keyword 'lookup_table' ignored in calculation 'job_273_2YKI_33_ab', it belongs to other interface (lookup)
WARNING: Keyword 'lookup_table' ignored in calculation 'job_273_2YKI_33_a', it belongs to other interface (lookup)
WARNING: Keyword 'lookup_table' ignored in calculation 'job_273_2YKI_33_b', it belongs to other interface (lookup)
WARNING: Keyword 'lookup_table' ignored in calculation 'job_274_2YKI_34_ab', it belongs to other interface (lookup)
WARNING: Keyword 'lookup_table' ignored in calculation 'job_274_2YKI_34_a', it belongs to other interface (lookup)
WARNING: Keyword 'lookup_table' ignored in calculation 'job_274_2YKI_34_b', it belongs to other interface (lookup)
WARNING: Keyword 'lookup_table' ignored in calculation 'job_275_2YKI_35_ab', it belongs to other interface (lookup)
WARNING: Keyword 'lookup_table' ignored in calculation 'job_275_2YKI_35_a', it belongs to other interface (lookup)
WARNING: Keyword 'lookup_table' ignored in calculation 'job_275_2YKI_35_b', it belongs to other interface (lookup)
WARNING: Keyword 'lookup_table' ignored in calculation 'job_276_2YKI_36_ab', it belongs to other interface (lookup)
WARNING: Keyword 'lookup_table' ignored in calculation 'job_276_2YKI_36_a', it belongs to other interface (lookup)
WARNING: Keyword 'lookup_table' ignored in calculation 'job_276_2YKI_36_b', it belongs to other interface (lookup)
WARNING: Keyword 'lookup_table' ignored in calculation 'job_277_2YKI_37_ab', it belongs to other interface (lookup)
WARNING: Keyword 'lookup_table' ignored in calculation 'job_277_2YKI_37_a', it belongs to other interface (lookup)
WARNING: Keyword 'lookup_table' ignored in calculation 'job_277_2YKI_37_b', it belongs to other interface (lookup)
WARNING: Keyword 'lookup_table' ignored in calculation 'job_278_2YKI_38_ab', it belongs to other interface (lookup)
WARNING: Keyword 'lookup_table' ignored in calculation 'job_278_2YKI_38_a', it belongs to other interface (lookup)
WARNING: Keyword 'lookup_table' ignored in calculation 'job_278_2YKI_38_b', it belongs to other interface (lookup)
WARNING: Keyword 'lookup_table' ignored in calculation 'job_279_2YKI_40_ab', it belongs to other interface (lookup)
WARNING: Keyword 'lookup_table' ignored in calculation 'job_279_2YKI_40_a', it belongs to other interface (lookup)
WARNING: Keyword 'lookup_table' ignored in calculation 'job_279_2YKI_40_b', it belongs to other interface (lookup)
WARNING: Keyword 'lookup_table' ignored in calculation 'job_280_2YKI_41_ab', it belongs to other interface (lookup)
WARNING: Keyword 'lookup_table' ignored in calculation 'job_280_2YKI_41_a', it belongs to other interface (lookup)
WARNING: Keyword 'lookup_table' ignored in calculation 'job_280_2YKI_41_b', it belongs to other interface (lookup)
WARNING: Keyword 'lookup_table' ignored in calculation 'job_281_2YKI_42_ab', it belongs to other interface (lookup)
WARNING: Keyword 'lookup_table' ignored in calculation 'job_281_2YKI_42_a', it belongs to other interface (lookup)
WARNING: Keyword 'lookup_table' ignored in calculation 'job_281_2YKI_42_b', it belongs to other interface (lookup)
WARNING: Keyword 'lookup_table' ignored in calculation 'job_282_2YKI_43_ab', it belongs to other interface (lookup)
WARNING: Keyword 'lookup_table' ignored in calculation 'job_282_2YKI_43_a', it belongs to other interface (lookup)
WARNING: Keyword 'lookup_table' ignored in calculation 'job_282_2YKI_43_b', it belongs to other interface (lookup)
WARNING: Keyword 'lookup_table' ignored in calculation 'job_283_2YKI_44_ab', it belongs to other interface (lookup)
WARNING: Keyword 'lookup_table' ignored in calculation 'job_283_2YKI_44_a', it belongs to other interface (lookup)
WARNING: Keyword 'lookup_table' ignored in calculation 'job_283_2YKI_44_b', it belongs to other interface (lookup)
WARNING: Keyword 'lookup_table' ignored in calculation 'job_284_2ZX6_01_ab', it belongs to other interface (lookup)
WARNING: Keyword 'lookup_table' ignored in calculation 'job_284_2ZX6_01_a', it belongs to other interface (lookup)
WARNING: Keyword 'lookup_table' ignored in calculation 'job_284_2ZX6_01_b', it belongs to other interface (lookup)
WARNING: Keyword 'lookup_table' ignored in calculation 'job_285_2ZX6_02_ab', it belongs to other interface (lookup)
WARNING: Keyword 'lookup_table' ignored in calculation 'job_285_2ZX6_02_a', it belongs to other interface (lookup)
WARNING: Keyword 'lookup_table' ignored in calculation 'job_285_2ZX6_02_b', it belongs to other interface (lookup)
WARNING: Keyword 'lookup_table' ignored in calculation 'job_286_2ZX6_03_ab', it belongs to other interface (lookup)
WARNING: Keyword 'lookup_table' ignored in calculation 'job_286_2ZX6_03_a', it belongs to other interface (lookup)
WARNING: Keyword 'lookup_table' ignored in calculation 'job_286_2ZX6_03_b', it belongs to other interface (lookup)
WARNING: Keyword 'lookup_table' ignored in calculation 'job_287_2ZX6_04_ab', it belongs to other interface (lookup)
WARNING: Keyword 'lookup_table' ignored in calculation 'job_287_2ZX6_04_a', it belongs to other interface (lookup)
WARNING: Keyword 'lookup_table' ignored in calculation 'job_287_2ZX6_04_b', it belongs to other interface (lookup)
WARNING: Keyword 'lookup_table' ignored in calculation 'job_288_2ZX6_05_ab', it belongs to other interface (lookup)
WARNING: Keyword 'lookup_table' ignored in calculation 'job_288_2ZX6_05_a', it belongs to other interface (lookup)
WARNING: Keyword 'lookup_table' ignored in calculation 'job_288_2ZX6_05_b', it belongs to other interface (lookup)
WARNING: Keyword 'lookup_table' ignored in calculation 'job_289_2ZX6_06_ab', it belongs to other interface (lookup)
WARNING: Keyword 'lookup_table' ignored in calculation 'job_289_2ZX6_06_a', it belongs to other interface (lookup)
WARNING: Keyword 'lookup_table' ignored in calculation 'job_289_2ZX6_06_b', it belongs to other interface (lookup)
WARNING: Keyword 'lookup_table' ignored in calculation 'job_290_2ZX6_07_ab', it belongs to other interface (lookup)
WARNING: Keyword 'lookup_table' ignored in calculation 'job_290_2ZX6_07_a', it belongs to other interface (lookup)
WARNING: Keyword 'lookup_table' ignored in calculation 'job_290_2ZX6_07_b', it belongs to other interface (lookup)
WARNING: Keyword 'lookup_table' ignored in calculation 'job_291_2ZX6_08_ab', it belongs to other interface (lookup)
WARNING: Keyword 'lookup_table' ignored in calculation 'job_291_2ZX6_08_a', it belongs to other interface (lookup)
WARNING: Keyword 'lookup_table' ignored in calculation 'job_291_2ZX6_08_b', it belongs to other interface (lookup)
WARNING: Keyword 'lookup_table' ignored in calculation 'job_292_2ZX6_09_ab', it belongs to other interface (lookup)
WARNING: Keyword 'lookup_table' ignored in calculation 'job_292_2ZX6_09_a', it belongs to other interface (lookup)
WARNING: Keyword 'lookup_table' ignored in calculation 'job_292_2ZX6_09_b', it belongs to other interface (lookup)
WARNING: Keyword 'lookup_table' ignored in calculation 'job_293_2ZX6_10_ab', it belongs to other interface (lookup)
WARNING: Keyword 'lookup_table' ignored in calculation 'job_293_2ZX6_10_a', it belongs to other interface (lookup)
WARNING: Keyword 'lookup_table' ignored in calculation 'job_293_2ZX6_10_b', it belongs to other interface (lookup)
WARNING: Keyword 'lookup_table' ignored in calculation 'job_294_2ZX6_11_ab', it belongs to other interface (lookup)
WARNING: Keyword 'lookup_table' ignored in calculation 'job_294_2ZX6_11_a', it belongs to other interface (lookup)
WARNING: Keyword 'lookup_table' ignored in calculation 'job_294_2ZX6_11_b', it belongs to other interface (lookup)
WARNING: Keyword 'lookup_table' ignored in calculation 'job_295_2ZX6_12_ab', it belongs to other interface (lookup)
WARNING: Keyword 'lookup_table' ignored in calculation 'job_295_2ZX6_12_a', it belongs to other interface (lookup)
WARNING: Keyword 'lookup_table' ignored in calculation 'job_295_2ZX6_12_b', it belongs to other interface (lookup)
WARNING: Keyword 'lookup_table' ignored in calculation 'job_296_2ZX6_13_ab', it belongs to other interface (lookup)
WARNING: Keyword 'lookup_table' ignored in calculation 'job_296_2ZX6_13_a', it belongs to other interface (lookup)
WARNING: Keyword 'lookup_table' ignored in calculation 'job_296_2ZX6_13_b', it belongs to other interface (lookup)
WARNING: Keyword 'lookup_table' ignored in calculation 'job_297_2ZX6_14_ab', it belongs to other interface (lookup)
WARNING: Keyword 'lookup_table' ignored in calculation 'job_297_2ZX6_14_a', it belongs to other interface (lookup)
WARNING: Keyword 'lookup_table' ignored in calculation 'job_297_2ZX6_14_b', it belongs to other interface (lookup)
WARNING: Keyword 'lookup_table' ignored in calculation 'job_298_2ZX6_15_ab', it belongs to other interface (lookup)
WARNING: Keyword 'lookup_table' ignored in calculation 'job_298_2ZX6_15_a', it belongs to other interface (lookup)
WARNING: Keyword 'lookup_table' ignored in calculation 'job_298_2ZX6_15_b', it belongs to other interface (lookup)
WARNING: Keyword 'lookup_table' ignored in calculation 'job_299_2ZX6_16_ab', it belongs to other interface (lookup)
WARNING: Keyword 'lookup_table' ignored in calculation 'job_299_2ZX6_16_a', it belongs to other interface (lookup)
WARNING: Keyword 'lookup_table' ignored in calculation 'job_299_2ZX6_16_b', it belongs to other interface (lookup)
WARNING: Keyword 'lookup_table' ignored in calculation 'job_300_2ZX6_17_ab', it belongs to other interface (lookup)
WARNING: Keyword 'lookup_table' ignored in calculation 'job_300_2ZX6_17_a', it belongs to other interface (lookup)
WARNING: Keyword 'lookup_table' ignored in calculation 'job_300_2ZX6_17_b', it belongs to other interface (lookup)
WARNING: Keyword 'lookup_table' ignored in calculation 'job_301_2ZX6_18_ab', it belongs to other interface (lookup)
WARNING: Keyword 'lookup_table' ignored in calculation 'job_301_2ZX6_18_a', it belongs to other interface (lookup)
WARNING: Keyword 'lookup_table' ignored in calculation 'job_301_2ZX6_18_b', it belongs to other interface (lookup)
WARNING: Keyword 'lookup_table' ignored in calculation 'job_302_2ZX6_19_ab', it belongs to other interface (lookup)
WARNING: Keyword 'lookup_table' ignored in calculation 'job_302_2ZX6_19_a', it belongs to other interface (lookup)
WARNING: Keyword 'lookup_table' ignored in calculation 'job_302_2ZX6_19_b', it belongs to other interface (lookup)
WARNING: Keyword 'lookup_table' ignored in calculation 'job_303_2ZX6_20_ab', it belongs to other interface (lookup)
WARNING: Keyword 'lookup_table' ignored in calculation 'job_303_2ZX6_20_a', it belongs to other interface (lookup)
WARNING: Keyword 'lookup_table' ignored in calculation 'job_303_2ZX6_20_b', it belongs to other interface (lookup)
WARNING: Keyword 'lookup_table' ignored in calculation 'job_304_2ZX6_21_ab', it belongs to other interface (lookup)
WARNING: Keyword 'lookup_table' ignored in calculation 'job_304_2ZX6_21_a', it belongs to other interface (lookup)
WARNING: Keyword 'lookup_table' ignored in calculation 'job_304_2ZX6_21_b', it belongs to other interface (lookup)
WARNING: Keyword 'lookup_table' ignored in calculation 'job_305_2ZX6_22_ab', it belongs to other interface (lookup)
WARNING: Keyword 'lookup_table' ignored in calculation 'job_305_2ZX6_22_a', it belongs to other interface (lookup)
WARNING: Keyword 'lookup_table' ignored in calculation 'job_305_2ZX6_22_b', it belongs to other interface (lookup)
WARNING: Keyword 'lookup_table' ignored in calculation 'job_306_2ZX6_23_ab', it belongs to other interface (lookup)
WARNING: Keyword 'lookup_table' ignored in calculation 'job_306_2ZX6_23_a', it belongs to other interface (lookup)
WARNING: Keyword 'lookup_table' ignored in calculation 'job_306_2ZX6_23_b', it belongs to other interface (lookup)
WARNING: Keyword 'lookup_table' ignored in calculation 'job_307_3G0W_01_ab', it belongs to other interface (lookup)
WARNING: Keyword 'lookup_table' ignored in calculation 'job_307_3G0W_01_a', it belongs to other interface (lookup)
WARNING: Keyword 'lookup_table' ignored in calculation 'job_307_3G0W_01_b', it belongs to other interface (lookup)
WARNING: Keyword 'lookup_table' ignored in calculation 'job_308_3G0W_02_ab', it belongs to other interface (lookup)
WARNING: Keyword 'lookup_table' ignored in calculation 'job_308_3G0W_02_a', it belongs to other interface (lookup)
WARNING: Keyword 'lookup_table' ignored in calculation 'job_308_3G0W_02_b', it belongs to other interface (lookup)
WARNING: Keyword 'lookup_table' ignored in calculation 'job_309_3G0W_03_ab', it belongs to other interface (lookup)
WARNING: Keyword 'lookup_table' ignored in calculation 'job_309_3G0W_03_a', it belongs to other interface (lookup)
WARNING: Keyword 'lookup_table' ignored in calculation 'job_309_3G0W_03_b', it belongs to other interface (lookup)
WARNING: Keyword 'lookup_table' ignored in calculation 'job_310_3G0W_04_ab', it belongs to other interface (lookup)
WARNING: Keyword 'lookup_table' ignored in calculation 'job_310_3G0W_04_a', it belongs to other interface (lookup)
WARNING: Keyword 'lookup_table' ignored in calculation 'job_310_3G0W_04_b', it belongs to other interface (lookup)
WARNING: Keyword 'lookup_table' ignored in calculation 'job_311_3G0W_05_ab', it belongs to other interface (lookup)
WARNING: Keyword 'lookup_table' ignored in calculation 'job_311_3G0W_05_a', it belongs to other interface (lookup)
WARNING: Keyword 'lookup_table' ignored in calculation 'job_311_3G0W_05_b', it belongs to other interface (lookup)
WARNING: Keyword 'lookup_table' ignored in calculation 'job_312_3G0W_06_ab', it belongs to other interface (lookup)
WARNING: Keyword 'lookup_table' ignored in calculation 'job_312_3G0W_06_a', it belongs to other interface (lookup)
WARNING: Keyword 'lookup_table' ignored in calculation 'job_312_3G0W_06_b', it belongs to other interface (lookup)
WARNING: Keyword 'lookup_table' ignored in calculation 'job_313_3G0W_07_ab', it belongs to other interface (lookup)
WARNING: Keyword 'lookup_table' ignored in calculation 'job_313_3G0W_07_a', it belongs to other interface (lookup)
WARNING: Keyword 'lookup_table' ignored in calculation 'job_313_3G0W_07_b', it belongs to other interface (lookup)
WARNING: Keyword 'lookup_table' ignored in calculation 'job_314_3G0W_08_ab', it belongs to other interface (lookup)
WARNING: Keyword 'lookup_table' ignored in calculation 'job_314_3G0W_08_a', it belongs to other interface (lookup)
WARNING: Keyword 'lookup_table' ignored in calculation 'job_314_3G0W_08_b', it belongs to other interface (lookup)
WARNING: Keyword 'lookup_table' ignored in calculation 'job_315_3G0W_09_ab', it belongs to other interface (lookup)
WARNING: Keyword 'lookup_table' ignored in calculation 'job_315_3G0W_09_a', it belongs to other interface (lookup)
WARNING: Keyword 'lookup_table' ignored in calculation 'job_315_3G0W_09_b', it belongs to other interface (lookup)
WARNING: Keyword 'lookup_table' ignored in calculation 'job_316_3G0W_10_ab', it belongs to other interface (lookup)
WARNING: Keyword 'lookup_table' ignored in calculation 'job_316_3G0W_10_a', it belongs to other interface (lookup)
WARNING: Keyword 'lookup_table' ignored in calculation 'job_316_3G0W_10_b', it belongs to other interface (lookup)
WARNING: Keyword 'lookup_table' ignored in calculation 'job_317_3G0W_11_ab', it belongs to other interface (lookup)
WARNING: Keyword 'lookup_table' ignored in calculation 'job_317_3G0W_11_a', it belongs to other interface (lookup)
WARNING: Keyword 'lookup_table' ignored in calculation 'job_317_3G0W_11_b', it belongs to other interface (lookup)
WARNING: Keyword 'lookup_table' ignored in calculation 'job_318_3G0W_12_ab', it belongs to other interface (lookup)
WARNING: Keyword 'lookup_table' ignored in calculation 'job_318_3G0W_12_a', it belongs to other interface (lookup)
WARNING: Keyword 'lookup_table' ignored in calculation 'job_318_3G0W_12_b', it belongs to other interface (lookup)
WARNING: Keyword 'lookup_table' ignored in calculation 'job_319_3G0W_13_ab', it belongs to other interface (lookup)
WARNING: Keyword 'lookup_table' ignored in calculation 'job_319_3G0W_13_a', it belongs to other interface (lookup)
WARNING: Keyword 'lookup_table' ignored in calculation 'job_319_3G0W_13_b', it belongs to other interface (lookup)
WARNING: Keyword 'lookup_table' ignored in calculation 'job_320_3G0W_14_ab', it belongs to other interface (lookup)
WARNING: Keyword 'lookup_table' ignored in calculation 'job_320_3G0W_14_a', it belongs to other interface (lookup)
WARNING: Keyword 'lookup_table' ignored in calculation 'job_320_3G0W_14_b', it belongs to other interface (lookup)
WARNING: Keyword 'lookup_table' ignored in calculation 'job_321_3G0W_15_ab', it belongs to other interface (lookup)
WARNING: Keyword 'lookup_table' ignored in calculation 'job_321_3G0W_15_a', it belongs to other interface (lookup)
WARNING: Keyword 'lookup_table' ignored in calculation 'job_321_3G0W_15_b', it belongs to other interface (lookup)
WARNING: Keyword 'lookup_table' ignored in calculation 'job_322_3G0W_16_ab', it belongs to other interface (lookup)
WARNING: Keyword 'lookup_table' ignored in calculation 'job_322_3G0W_16_a', it belongs to other interface (lookup)
WARNING: Keyword 'lookup_table' ignored in calculation 'job_322_3G0W_16_b', it belongs to other interface (lookup)
WARNING: Keyword 'lookup_table' ignored in calculation 'job_323_3G0W_17_ab', it belongs to other interface (lookup)
WARNING: Keyword 'lookup_table' ignored in calculation 'job_323_3G0W_17_a', it belongs to other interface (lookup)
WARNING: Keyword 'lookup_table' ignored in calculation 'job_323_3G0W_17_b', it belongs to other interface (lookup)
WARNING: Keyword 'lookup_table' ignored in calculation 'job_324_3G0W_18_ab', it belongs to other interface (lookup)
WARNING: Keyword 'lookup_table' ignored in calculation 'job_324_3G0W_18_a', it belongs to other interface (lookup)
WARNING: Keyword 'lookup_table' ignored in calculation 'job_324_3G0W_18_b', it belongs to other interface (lookup)
WARNING: Keyword 'lookup_table' ignored in calculation 'job_325_3G0W_19_ab', it belongs to other interface (lookup)
WARNING: Keyword 'lookup_table' ignored in calculation 'job_325_3G0W_19_a', it belongs to other interface (lookup)
WARNING: Keyword 'lookup_table' ignored in calculation 'job_325_3G0W_19_b', it belongs to other interface (lookup)
WARNING: Keyword 'lookup_table' ignored in calculation 'job_326_3G0W_20_ab', it belongs to other interface (lookup)
WARNING: Keyword 'lookup_table' ignored in calculation 'job_326_3G0W_20_a', it belongs to other interface (lookup)
WARNING: Keyword 'lookup_table' ignored in calculation 'job_326_3G0W_20_b', it belongs to other interface (lookup)
WARNING: Keyword 'lookup_table' ignored in calculation 'job_327_3G0W_21_ab', it belongs to other interface (lookup)
WARNING: Keyword 'lookup_table' ignored in calculation 'job_327_3G0W_21_a', it belongs to other interface (lookup)
WARNING: Keyword 'lookup_table' ignored in calculation 'job_327_3G0W_21_b', it belongs to other interface (lookup)
WARNING: Keyword 'lookup_table' ignored in calculation 'job_328_3G0W_22_ab', it belongs to other interface (lookup)
WARNING: Keyword 'lookup_table' ignored in calculation 'job_328_3G0W_22_a', it belongs to other interface (lookup)
WARNING: Keyword 'lookup_table' ignored in calculation 'job_328_3G0W_22_b', it belongs to other interface (lookup)
WARNING: Keyword 'lookup_table' ignored in calculation 'job_329_3G0W_23_ab', it belongs to other interface (lookup)
WARNING: Keyword 'lookup_table' ignored in calculation 'job_329_3G0W_23_a', it belongs to other interface (lookup)
WARNING: Keyword 'lookup_table' ignored in calculation 'job_329_3G0W_23_b', it belongs to other interface (lookup)
WARNING: Keyword 'lookup_table' ignored in calculation 'job_330_3G0W_24_ab', it belongs to other interface (lookup)
WARNING: Keyword 'lookup_table' ignored in calculation 'job_330_3G0W_24_a', it belongs to other interface (lookup)
WARNING: Keyword 'lookup_table' ignored in calculation 'job_330_3G0W_24_b', it belongs to other interface (lookup)
WARNING: Keyword 'lookup_table' ignored in calculation 'job_331_3G0W_25_ab', it belongs to other interface (lookup)
WARNING: Keyword 'lookup_table' ignored in calculation 'job_331_3G0W_25_a', it belongs to other interface (lookup)
WARNING: Keyword 'lookup_table' ignored in calculation 'job_331_3G0W_25_b', it belongs to other interface (lookup)
WARNING: Keyword 'lookup_table' ignored in calculation 'job_332_3G0W_26_ab', it belongs to other interface (lookup)
WARNING: Keyword 'lookup_table' ignored in calculation 'job_332_3G0W_26_a', it belongs to other interface (lookup)
WARNING: Keyword 'lookup_table' ignored in calculation 'job_332_3G0W_26_b', it belongs to other interface (lookup)
WARNING: Keyword 'lookup_table' ignored in calculation 'job_333_3G0W_27_ab', it belongs to other interface (lookup)
WARNING: Keyword 'lookup_table' ignored in calculation 'job_333_3G0W_27_a', it belongs to other interface (lookup)
WARNING: Keyword 'lookup_table' ignored in calculation 'job_333_3G0W_27_b', it belongs to other interface (lookup)
WARNING: Keyword 'lookup_table' ignored in calculation 'job_334_3G0W_28_ab', it belongs to other interface (lookup)
WARNING: Keyword 'lookup_table' ignored in calculation 'job_334_3G0W_28_a', it belongs to other interface (lookup)
WARNING: Keyword 'lookup_table' ignored in calculation 'job_334_3G0W_28_b', it belongs to other interface (lookup)
WARNING: Keyword 'lookup_table' ignored in calculation 'job_335_3G0W_29_ab', it belongs to other interface (lookup)
WARNING: Keyword 'lookup_table' ignored in calculation 'job_335_3G0W_29_a', it belongs to other interface (lookup)
WARNING: Keyword 'lookup_table' ignored in calculation 'job_335_3G0W_29_b', it belongs to other interface (lookup)
WARNING: Keyword 'lookup_table' ignored in calculation 'job_336_3G0W_30_ab', it belongs to other interface (lookup)
WARNING: Keyword 'lookup_table' ignored in calculation 'job_336_3G0W_30_a', it belongs to other interface (lookup)
WARNING: Keyword 'lookup_table' ignored in calculation 'job_336_3G0W_30_b', it belongs to other interface (lookup)
WARNING: Keyword 'lookup_table' ignored in calculation 'job_337_3G0W_31_ab', it belongs to other interface (lookup)
WARNING: Keyword 'lookup_table' ignored in calculation 'job_337_3G0W_31_a', it belongs to other interface (lookup)
WARNING: Keyword 'lookup_table' ignored in calculation 'job_337_3G0W_31_b', it belongs to other interface (lookup)
WARNING: Keyword 'lookup_table' ignored in calculation 'job_338_3G0W_32_ab', it belongs to other interface (lookup)
WARNING: Keyword 'lookup_table' ignored in calculation 'job_338_3G0W_32_a', it belongs to other interface (lookup)
WARNING: Keyword 'lookup_table' ignored in calculation 'job_338_3G0W_32_b', it belongs to other interface (lookup)
WARNING: Keyword 'lookup_table' ignored in calculation 'job_339_3G0W_33_ab', it belongs to other interface (lookup)
WARNING: Keyword 'lookup_table' ignored in calculation 'job_339_3G0W_33_a', it belongs to other interface (lookup)
WARNING: Keyword 'lookup_table' ignored in calculation 'job_339_3G0W_33_b', it belongs to other interface (lookup)
WARNING: Keyword 'lookup_table' ignored in calculation 'job_340_3G0W_34_ab', it belongs to other interface (lookup)
WARNING: Keyword 'lookup_table' ignored in calculation 'job_340_3G0W_34_a', it belongs to other interface (lookup)
WARNING: Keyword 'lookup_table' ignored in calculation 'job_340_3G0W_34_b', it belongs to other interface (lookup)
WARNING: Keyword 'lookup_table' ignored in calculation 'job_341_3G0W_35_ab', it belongs to other interface (lookup)
WARNING: Keyword 'lookup_table' ignored in calculation 'job_341_3G0W_35_a', it belongs to other interface (lookup)
WARNING: Keyword 'lookup_table' ignored in calculation 'job_341_3G0W_35_b', it belongs to other interface (lookup)
WARNING: Keyword 'lookup_table' ignored in calculation 'job_342_3G0W_36_ab', it belongs to other interface (lookup)
WARNING: Keyword 'lookup_table' ignored in calculation 'job_342_3G0W_36_a', it belongs to other interface (lookup)
WARNING: Keyword 'lookup_table' ignored in calculation 'job_342_3G0W_36_b', it belongs to other interface (lookup)
WARNING: Keyword 'lookup_table' ignored in calculation 'job_343_3GCU_01_ab', it belongs to other interface (lookup)
WARNING: Keyword 'lookup_table' ignored in calculation 'job_343_3GCU_01_a', it belongs to other interface (lookup)
WARNING: Keyword 'lookup_table' ignored in calculation 'job_343_3GCU_01_b', it belongs to other interface (lookup)
WARNING: Keyword 'lookup_table' ignored in calculation 'job_344_3GCU_02_ab', it belongs to other interface (lookup)
WARNING: Keyword 'lookup_table' ignored in calculation 'job_344_3GCU_02_a', it belongs to other interface (lookup)
WARNING: Keyword 'lookup_table' ignored in calculation 'job_344_3GCU_02_b', it belongs to other interface (lookup)
WARNING: Keyword 'lookup_table' ignored in calculation 'job_345_3GCU_03_ab', it belongs to other interface (lookup)
WARNING: Keyword 'lookup_table' ignored in calculation 'job_345_3GCU_03_a', it belongs to other interface (lookup)
WARNING: Keyword 'lookup_table' ignored in calculation 'job_345_3GCU_03_b', it belongs to other interface (lookup)
WARNING: Keyword 'lookup_table' ignored in calculation 'job_346_3GCU_04_ab', it belongs to other interface (lookup)
WARNING: Keyword 'lookup_table' ignored in calculation 'job_346_3GCU_04_a', it belongs to other interface (lookup)
WARNING: Keyword 'lookup_table' ignored in calculation 'job_346_3GCU_04_b', it belongs to other interface (lookup)
WARNING: Keyword 'lookup_table' ignored in calculation 'job_347_3GCU_05_ab', it belongs to other interface (lookup)
WARNING: Keyword 'lookup_table' ignored in calculation 'job_347_3GCU_05_a', it belongs to other interface (lookup)
WARNING: Keyword 'lookup_table' ignored in calculation 'job_347_3GCU_05_b', it belongs to other interface (lookup)
WARNING: Keyword 'lookup_table' ignored in calculation 'job_348_3GCU_06_ab', it belongs to other interface (lookup)
WARNING: Keyword 'lookup_table' ignored in calculation 'job_348_3GCU_06_a', it belongs to other interface (lookup)
WARNING: Keyword 'lookup_table' ignored in calculation 'job_348_3GCU_06_b', it belongs to other interface (lookup)
WARNING: Keyword 'lookup_table' ignored in calculation 'job_349_3GCU_07_ab', it belongs to other interface (lookup)
WARNING: Keyword 'lookup_table' ignored in calculation 'job_349_3GCU_07_a', it belongs to other interface (lookup)
WARNING: Keyword 'lookup_table' ignored in calculation 'job_349_3GCU_07_b', it belongs to other interface (lookup)
WARNING: Keyword 'lookup_table' ignored in calculation 'job_350_3GCU_08_ab', it belongs to other interface (lookup)
WARNING: Keyword 'lookup_table' ignored in calculation 'job_350_3GCU_08_a', it belongs to other interface (lookup)
WARNING: Keyword 'lookup_table' ignored in calculation 'job_350_3GCU_08_b', it belongs to other interface (lookup)
WARNING: Keyword 'lookup_table' ignored in calculation 'job_351_3GCU_09_ab', it belongs to other interface (lookup)
WARNING: Keyword 'lookup_table' ignored in calculation 'job_351_3GCU_09_a', it belongs to other interface (lookup)
WARNING: Keyword 'lookup_table' ignored in calculation 'job_351_3GCU_09_b', it belongs to other interface (lookup)
WARNING: Keyword 'lookup_table' ignored in calculation 'job_352_3GCU_10_ab', it belongs to other interface (lookup)
WARNING: Keyword 'lookup_table' ignored in calculation 'job_352_3GCU_10_a', it belongs to other interface (lookup)
WARNING: Keyword 'lookup_table' ignored in calculation 'job_352_3GCU_10_b', it belongs to other interface (lookup)
WARNING: Keyword 'lookup_table' ignored in calculation 'job_353_3GCU_11_ab', it belongs to other interface (lookup)
WARNING: Keyword 'lookup_table' ignored in calculation 'job_353_3GCU_11_a', it belongs to other interface (lookup)
WARNING: Keyword 'lookup_table' ignored in calculation 'job_353_3GCU_11_b', it belongs to other interface (lookup)
WARNING: Keyword 'lookup_table' ignored in calculation 'job_354_3GCU_12_ab', it belongs to other interface (lookup)
WARNING: Keyword 'lookup_table' ignored in calculation 'job_354_3GCU_12_a', it belongs to other interface (lookup)
WARNING: Keyword 'lookup_table' ignored in calculation 'job_354_3GCU_12_b', it belongs to other interface (lookup)
WARNING: Keyword 'lookup_table' ignored in calculation 'job_355_3GCU_13_ab', it belongs to other interface (lookup)
WARNING: Keyword 'lookup_table' ignored in calculation 'job_355_3GCU_13_a', it belongs to other interface (lookup)
WARNING: Keyword 'lookup_table' ignored in calculation 'job_355_3GCU_13_b', it belongs to other interface (lookup)
WARNING: Keyword 'lookup_table' ignored in calculation 'job_356_3GCU_14_ab', it belongs to other interface (lookup)
WARNING: Keyword 'lookup_table' ignored in calculation 'job_356_3GCU_14_a', it belongs to other interface (lookup)
WARNING: Keyword 'lookup_table' ignored in calculation 'job_356_3GCU_14_b', it belongs to other interface (lookup)
WARNING: Keyword 'lookup_table' ignored in calculation 'job_357_3GCU_15_ab', it belongs to other interface (lookup)
WARNING: Keyword 'lookup_table' ignored in calculation 'job_357_3GCU_15_a', it belongs to other interface (lookup)
WARNING: Keyword 'lookup_table' ignored in calculation 'job_357_3GCU_15_b', it belongs to other interface (lookup)
WARNING: Keyword 'lookup_table' ignored in calculation 'job_358_3GCU_16_ab', it belongs to other interface (lookup)
WARNING: Keyword 'lookup_table' ignored in calculation 'job_358_3GCU_16_a', it belongs to other interface (lookup)
WARNING: Keyword 'lookup_table' ignored in calculation 'job_358_3GCU_16_b', it belongs to other interface (lookup)
WARNING: Keyword 'lookup_table' ignored in calculation 'job_359_3GCU_17_ab', it belongs to other interface (lookup)
WARNING: Keyword 'lookup_table' ignored in calculation 'job_359_3GCU_17_a', it belongs to other interface (lookup)
WARNING: Keyword 'lookup_table' ignored in calculation 'job_359_3GCU_17_b', it belongs to other interface (lookup)
WARNING: Keyword 'lookup_table' ignored in calculation 'job_360_3GCU_18_ab', it belongs to other interface (lookup)
WARNING: Keyword 'lookup_table' ignored in calculation 'job_360_3GCU_18_a', it belongs to other interface (lookup)
WARNING: Keyword 'lookup_table' ignored in calculation 'job_360_3GCU_18_b', it belongs to other interface (lookup)
WARNING: Keyword 'lookup_table' ignored in calculation 'job_361_3GCU_19_ab', it belongs to other interface (lookup)
WARNING: Keyword 'lookup_table' ignored in calculation 'job_361_3GCU_19_a', it belongs to other interface (lookup)
WARNING: Keyword 'lookup_table' ignored in calculation 'job_361_3GCU_19_b', it belongs to other interface (lookup)
WARNING: Keyword 'lookup_table' ignored in calculation 'job_362_3GCU_20_ab', it belongs to other interface (lookup)
WARNING: Keyword 'lookup_table' ignored in calculation 'job_362_3GCU_20_a', it belongs to other interface (lookup)
WARNING: Keyword 'lookup_table' ignored in calculation 'job_362_3GCU_20_b', it belongs to other interface (lookup)
WARNING: Keyword 'lookup_table' ignored in calculation 'job_363_3GCU_21_ab', it belongs to other interface (lookup)
WARNING: Keyword 'lookup_table' ignored in calculation 'job_363_3GCU_21_a', it belongs to other interface (lookup)
WARNING: Keyword 'lookup_table' ignored in calculation 'job_363_3GCU_21_b', it belongs to other interface (lookup)
WARNING: Keyword 'lookup_table' ignored in calculation 'job_364_3GCU_22_ab', it belongs to other interface (lookup)
WARNING: Keyword 'lookup_table' ignored in calculation 'job_364_3GCU_22_a', it belongs to other interface (lookup)
WARNING: Keyword 'lookup_table' ignored in calculation 'job_364_3GCU_22_b', it belongs to other interface (lookup)
WARNING: Keyword 'lookup_table' ignored in calculation 'job_365_3GCU_23_ab', it belongs to other interface (lookup)
WARNING: Keyword 'lookup_table' ignored in calculation 'job_365_3GCU_23_a', it belongs to other interface (lookup)
WARNING: Keyword 'lookup_table' ignored in calculation 'job_365_3GCU_23_b', it belongs to other interface (lookup)
WARNING: Keyword 'lookup_table' ignored in calculation 'job_366_3GCU_24_ab', it belongs to other interface (lookup)
WARNING: Keyword 'lookup_table' ignored in calculation 'job_366_3GCU_24_a', it belongs to other interface (lookup)
WARNING: Keyword 'lookup_table' ignored in calculation 'job_366_3GCU_24_b', it belongs to other interface (lookup)
WARNING: Keyword 'lookup_table' ignored in calculation 'job_367_3GCU_25_ab', it belongs to other interface (lookup)
WARNING: Keyword 'lookup_table' ignored in calculation 'job_367_3GCU_25_a', it belongs to other interface (lookup)
WARNING: Keyword 'lookup_table' ignored in calculation 'job_367_3GCU_25_b', it belongs to other interface (lookup)
WARNING: Keyword 'lookup_table' ignored in calculation 'job_368_3GCU_26_ab', it belongs to other interface (lookup)
WARNING: Keyword 'lookup_table' ignored in calculation 'job_368_3GCU_26_a', it belongs to other interface (lookup)
WARNING: Keyword 'lookup_table' ignored in calculation 'job_368_3GCU_26_b', it belongs to other interface (lookup)
WARNING: Keyword 'lookup_table' ignored in calculation 'job_369_3GCU_27_ab', it belongs to other interface (lookup)
WARNING: Keyword 'lookup_table' ignored in calculation 'job_369_3GCU_27_a', it belongs to other interface (lookup)
WARNING: Keyword 'lookup_table' ignored in calculation 'job_369_3GCU_27_b', it belongs to other interface (lookup)
WARNING: Keyword 'lookup_table' ignored in calculation 'job_370_3GCU_28_ab', it belongs to other interface (lookup)
WARNING: Keyword 'lookup_table' ignored in calculation 'job_370_3GCU_28_a', it belongs to other interface (lookup)
WARNING: Keyword 'lookup_table' ignored in calculation 'job_370_3GCU_28_b', it belongs to other interface (lookup)
WARNING: Keyword 'lookup_table' ignored in calculation 'job_371_3GCU_29_ab', it belongs to other interface (lookup)
WARNING: Keyword 'lookup_table' ignored in calculation 'job_371_3GCU_29_a', it belongs to other interface (lookup)
WARNING: Keyword 'lookup_table' ignored in calculation 'job_371_3GCU_29_b', it belongs to other interface (lookup)
WARNING: Keyword 'lookup_table' ignored in calculation 'job_372_3GCU_30_ab', it belongs to other interface (lookup)
WARNING: Keyword 'lookup_table' ignored in calculation 'job_372_3GCU_30_a', it belongs to other interface (lookup)
WARNING: Keyword 'lookup_table' ignored in calculation 'job_372_3GCU_30_b', it belongs to other interface (lookup)
WARNING: Keyword 'lookup_table' ignored in calculation 'job_373_3GCU_31_ab', it belongs to other interface (lookup)
WARNING: Keyword 'lookup_table' ignored in calculation 'job_373_3GCU_31_a', it belongs to other interface (lookup)
WARNING: Keyword 'lookup_table' ignored in calculation 'job_373_3GCU_31_b', it belongs to other interface (lookup)
WARNING: Keyword 'lookup_table' ignored in calculation 'job_374_3GCU_32_ab', it belongs to other interface (lookup)
WARNING: Keyword 'lookup_table' ignored in calculation 'job_374_3GCU_32_a', it belongs to other interface (lookup)
WARNING: Keyword 'lookup_table' ignored in calculation 'job_374_3GCU_32_b', it belongs to other interface (lookup)
WARNING: Keyword 'lookup_table' ignored in calculation 'job_375_3GCU_33_ab', it belongs to other interface (lookup)
WARNING: Keyword 'lookup_table' ignored in calculation 'job_375_3GCU_33_a', it belongs to other interface (lookup)
WARNING: Keyword 'lookup_table' ignored in calculation 'job_375_3GCU_33_b', it belongs to other interface (lookup)
WARNING: Keyword 'lookup_table' ignored in calculation 'job_376_3GCU_34_ab', it belongs to other interface (lookup)
WARNING: Keyword 'lookup_table' ignored in calculation 'job_376_3GCU_34_a', it belongs to other interface (lookup)
WARNING: Keyword 'lookup_table' ignored in calculation 'job_376_3GCU_34_b', it belongs to other interface (lookup)
WARNING: Keyword 'lookup_table' ignored in calculation 'job_377_3GCU_35_ab', it belongs to other interface (lookup)
WARNING: Keyword 'lookup_table' ignored in calculation 'job_377_3GCU_35_a', it belongs to other interface (lookup)
WARNING: Keyword 'lookup_table' ignored in calculation 'job_377_3GCU_35_b', it belongs to other interface (lookup)
WARNING: Keyword 'lookup_table' ignored in calculation 'job_378_3GCU_36_ab', it belongs to other interface (lookup)
WARNING: Keyword 'lookup_table' ignored in calculation 'job_378_3GCU_36_a', it belongs to other interface (lookup)
WARNING: Keyword 'lookup_table' ignored in calculation 'job_378_3GCU_36_b', it belongs to other interface (lookup)
WARNING: Keyword 'lookup_table' ignored in calculation 'job_379_3GCU_37_ab', it belongs to other interface (lookup)
WARNING: Keyword 'lookup_table' ignored in calculation 'job_379_3GCU_37_a', it belongs to other interface (lookup)
WARNING: Keyword 'lookup_table' ignored in calculation 'job_379_3GCU_37_b', it belongs to other interface (lookup)
WARNING: Keyword 'lookup_table' ignored in calculation 'job_380_3GCU_38_ab', it belongs to other interface (lookup)
WARNING: Keyword 'lookup_table' ignored in calculation 'job_380_3GCU_38_a', it belongs to other interface (lookup)
WARNING: Keyword 'lookup_table' ignored in calculation 'job_380_3GCU_38_b', it belongs to other interface (lookup)
WARNING: Keyword 'lookup_table' ignored in calculation 'job_381_3GCU_39_ab', it belongs to other interface (lookup)
WARNING: Keyword 'lookup_table' ignored in calculation 'job_381_3GCU_39_a', it belongs to other interface (lookup)
WARNING: Keyword 'lookup_table' ignored in calculation 'job_381_3GCU_39_b', it belongs to other interface (lookup)
WARNING: Keyword 'lookup_table' ignored in calculation 'job_382_3GCU_40_ab', it belongs to other interface (lookup)
WARNING: Keyword 'lookup_table' ignored in calculation 'job_382_3GCU_40_a', it belongs to other interface (lookup)
WARNING: Keyword 'lookup_table' ignored in calculation 'job_382_3GCU_40_b', it belongs to other interface (lookup)
WARNING: Keyword 'lookup_table' ignored in calculation 'job_383_3GCU_41_ab', it belongs to other interface (lookup)
WARNING: Keyword 'lookup_table' ignored in calculation 'job_383_3GCU_41_a', it belongs to other interface (lookup)
WARNING: Keyword 'lookup_table' ignored in calculation 'job_383_3GCU_41_b', it belongs to other interface (lookup)
WARNING: Keyword 'lookup_table' ignored in calculation 'job_384_3GCU_42_ab', it belongs to other interface (lookup)
WARNING: Keyword 'lookup_table' ignored in calculation 'job_384_3GCU_42_a', it belongs to other interface (lookup)
WARNING: Keyword 'lookup_table' ignored in calculation 'job_384_3GCU_42_b', it belongs to other interface (lookup)
WARNING: Keyword 'lookup_table' ignored in calculation 'job_385_3GCU_43_ab', it belongs to other interface (lookup)
WARNING: Keyword 'lookup_table' ignored in calculation 'job_385_3GCU_43_a', it belongs to other interface (lookup)
WARNING: Keyword 'lookup_table' ignored in calculation 'job_385_3GCU_43_b', it belongs to other interface (lookup)
WARNING: Keyword 'lookup_table' ignored in calculation 'job_386_3GCU_44_ab', it belongs to other interface (lookup)
WARNING: Keyword 'lookup_table' ignored in calculation 'job_386_3GCU_44_a', it belongs to other interface (lookup)
WARNING: Keyword 'lookup_table' ignored in calculation 'job_386_3GCU_44_b', it belongs to other interface (lookup)
WARNING: Keyword 'lookup_table' ignored in calculation 'job_387_3GCU_45_ab', it belongs to other interface (lookup)
WARNING: Keyword 'lookup_table' ignored in calculation 'job_387_3GCU_45_a', it belongs to other interface (lookup)
WARNING: Keyword 'lookup_table' ignored in calculation 'job_387_3GCU_45_b', it belongs to other interface (lookup)
WARNING: Keyword 'lookup_table' ignored in calculation 'job_388_3GCU_46_ab', it belongs to other interface (lookup)
WARNING: Keyword 'lookup_table' ignored in calculation 'job_388_3GCU_46_a', it belongs to other interface (lookup)
WARNING: Keyword 'lookup_table' ignored in calculation 'job_388_3GCU_46_b', it belongs to other interface (lookup)
WARNING: Keyword 'lookup_table' ignored in calculation 'job_389_3GCU_47_ab', it belongs to other interface (lookup)
WARNING: Keyword 'lookup_table' ignored in calculation 'job_389_3GCU_47_a', it belongs to other interface (lookup)
WARNING: Keyword 'lookup_table' ignored in calculation 'job_389_3GCU_47_b', it belongs to other interface (lookup)
WARNING: Keyword 'lookup_table' ignored in calculation 'job_390_3GCU_48_ab', it belongs to other interface (lookup)
WARNING: Keyword 'lookup_table' ignored in calculation 'job_390_3GCU_48_a', it belongs to other interface (lookup)
WARNING: Keyword 'lookup_table' ignored in calculation 'job_390_3GCU_48_b', it belongs to other interface (lookup)
WARNING: Keyword 'lookup_table' ignored in calculation 'job_391_3GNW_01_ab', it belongs to other interface (lookup)
WARNING: Keyword 'lookup_table' ignored in calculation 'job_391_3GNW_01_a', it belongs to other interface (lookup)
WARNING: Keyword 'lookup_table' ignored in calculation 'job_391_3GNW_01_b', it belongs to other interface (lookup)
WARNING: Keyword 'lookup_table' ignored in calculation 'job_392_3GNW_02_ab', it belongs to other interface (lookup)
WARNING: Keyword 'lookup_table' ignored in calculation 'job_392_3GNW_02_a', it belongs to other interface (lookup)
WARNING: Keyword 'lookup_table' ignored in calculation 'job_392_3GNW_02_b', it belongs to other interface (lookup)
WARNING: Keyword 'lookup_table' ignored in calculation 'job_393_3GNW_03_ab', it belongs to other interface (lookup)
WARNING: Keyword 'lookup_table' ignored in calculation 'job_393_3GNW_03_a', it belongs to other interface (lookup)
WARNING: Keyword 'lookup_table' ignored in calculation 'job_393_3GNW_03_b', it belongs to other interface (lookup)
WARNING: Keyword 'lookup_table' ignored in calculation 'job_394_3GNW_04_ab', it belongs to other interface (lookup)
WARNING: Keyword 'lookup_table' ignored in calculation 'job_394_3GNW_04_a', it belongs to other interface (lookup)
WARNING: Keyword 'lookup_table' ignored in calculation 'job_394_3GNW_04_b', it belongs to other interface (lookup)
WARNING: Keyword 'lookup_table' ignored in calculation 'job_395_3GNW_05_ab', it belongs to other interface (lookup)
WARNING: Keyword 'lookup_table' ignored in calculation 'job_395_3GNW_05_a', it belongs to other interface (lookup)
WARNING: Keyword 'lookup_table' ignored in calculation 'job_395_3GNW_05_b', it belongs to other interface (lookup)
WARNING: Keyword 'lookup_table' ignored in calculation 'job_396_3GNW_06_ab', it belongs to other interface (lookup)
WARNING: Keyword 'lookup_table' ignored in calculation 'job_396_3GNW_06_a', it belongs to other interface (lookup)
WARNING: Keyword 'lookup_table' ignored in calculation 'job_396_3GNW_06_b', it belongs to other interface (lookup)
WARNING: Keyword 'lookup_table' ignored in calculation 'job_397_3GNW_07_ab', it belongs to other interface (lookup)
WARNING: Keyword 'lookup_table' ignored in calculation 'job_397_3GNW_07_a', it belongs to other interface (lookup)
WARNING: Keyword 'lookup_table' ignored in calculation 'job_397_3GNW_07_b', it belongs to other interface (lookup)
WARNING: Keyword 'lookup_table' ignored in calculation 'job_398_3GNW_08_ab', it belongs to other interface (lookup)
WARNING: Keyword 'lookup_table' ignored in calculation 'job_398_3GNW_08_a', it belongs to other interface (lookup)
WARNING: Keyword 'lookup_table' ignored in calculation 'job_398_3GNW_08_b', it belongs to other interface (lookup)
WARNING: Keyword 'lookup_table' ignored in calculation 'job_399_3GNW_09_ab', it belongs to other interface (lookup)
WARNING: Keyword 'lookup_table' ignored in calculation 'job_399_3GNW_09_a', it belongs to other interface (lookup)
WARNING: Keyword 'lookup_table' ignored in calculation 'job_399_3GNW_09_b', it belongs to other interface (lookup)
WARNING: Keyword 'lookup_table' ignored in calculation 'job_400_3GNW_10_ab', it belongs to other interface (lookup)
WARNING: Keyword 'lookup_table' ignored in calculation 'job_400_3GNW_10_a', it belongs to other interface (lookup)
WARNING: Keyword 'lookup_table' ignored in calculation 'job_400_3GNW_10_b', it belongs to other interface (lookup)
WARNING: Keyword 'lookup_table' ignored in calculation 'job_401_3GNW_11_ab', it belongs to other interface (lookup)
WARNING: Keyword 'lookup_table' ignored in calculation 'job_401_3GNW_11_a', it belongs to other interface (lookup)
WARNING: Keyword 'lookup_table' ignored in calculation 'job_401_3GNW_11_b', it belongs to other interface (lookup)
WARNING: Keyword 'lookup_table' ignored in calculation 'job_402_3GNW_12_ab', it belongs to other interface (lookup)
WARNING: Keyword 'lookup_table' ignored in calculation 'job_402_3GNW_12_a', it belongs to other interface (lookup)
WARNING: Keyword 'lookup_table' ignored in calculation 'job_402_3GNW_12_b', it belongs to other interface (lookup)
WARNING: Keyword 'lookup_table' ignored in calculation 'job_403_3GNW_13_ab', it belongs to other interface (lookup)
WARNING: Keyword 'lookup_table' ignored in calculation 'job_403_3GNW_13_a', it belongs to other interface (lookup)
WARNING: Keyword 'lookup_table' ignored in calculation 'job_403_3GNW_13_b', it belongs to other interface (lookup)
WARNING: Keyword 'lookup_table' ignored in calculation 'job_404_3GNW_14_ab', it belongs to other interface (lookup)
WARNING: Keyword 'lookup_table' ignored in calculation 'job_404_3GNW_14_a', it belongs to other interface (lookup)
WARNING: Keyword 'lookup_table' ignored in calculation 'job_404_3GNW_14_b', it belongs to other interface (lookup)
WARNING: Keyword 'lookup_table' ignored in calculation 'job_405_3GNW_15_ab', it belongs to other interface (lookup)
WARNING: Keyword 'lookup_table' ignored in calculation 'job_405_3GNW_15_a', it belongs to other interface (lookup)
WARNING: Keyword 'lookup_table' ignored in calculation 'job_405_3GNW_15_b', it belongs to other interface (lookup)
WARNING: Keyword 'lookup_table' ignored in calculation 'job_406_3GNW_16_ab', it belongs to other interface (lookup)
WARNING: Keyword 'lookup_table' ignored in calculation 'job_406_3GNW_16_a', it belongs to other interface (lookup)
WARNING: Keyword 'lookup_table' ignored in calculation 'job_406_3GNW_16_b', it belongs to other interface (lookup)
WARNING: Keyword 'lookup_table' ignored in calculation 'job_407_3GNW_17_ab', it belongs to other interface (lookup)
WARNING: Keyword 'lookup_table' ignored in calculation 'job_407_3GNW_17_a', it belongs to other interface (lookup)
WARNING: Keyword 'lookup_table' ignored in calculation 'job_407_3GNW_17_b', it belongs to other interface (lookup)
WARNING: Keyword 'lookup_table' ignored in calculation 'job_408_3GNW_18_ab', it belongs to other interface (lookup)
WARNING: Keyword 'lookup_table' ignored in calculation 'job_408_3GNW_18_a', it belongs to other interface (lookup)
WARNING: Keyword 'lookup_table' ignored in calculation 'job_408_3GNW_18_b', it belongs to other interface (lookup)
WARNING: Keyword 'lookup_table' ignored in calculation 'job_409_3GNW_19_ab', it belongs to other interface (lookup)
WARNING: Keyword 'lookup_table' ignored in calculation 'job_409_3GNW_19_a', it belongs to other interface (lookup)
WARNING: Keyword 'lookup_table' ignored in calculation 'job_409_3GNW_19_b', it belongs to other interface (lookup)
WARNING: Keyword 'lookup_table' ignored in calculation 'job_410_3GNW_20_ab', it belongs to other interface (lookup)
WARNING: Keyword 'lookup_table' ignored in calculation 'job_410_3GNW_20_a', it belongs to other interface (lookup)
WARNING: Keyword 'lookup_table' ignored in calculation 'job_410_3GNW_20_b', it belongs to other interface (lookup)
WARNING: Keyword 'lookup_table' ignored in calculation 'job_411_3GNW_21_ab', it belongs to other interface (lookup)
WARNING: Keyword 'lookup_table' ignored in calculation 'job_411_3GNW_21_a', it belongs to other interface (lookup)
WARNING: Keyword 'lookup_table' ignored in calculation 'job_411_3GNW_21_b', it belongs to other interface (lookup)
WARNING: Keyword 'lookup_table' ignored in calculation 'job_412_3GNW_22_ab', it belongs to other interface (lookup)
WARNING: Keyword 'lookup_table' ignored in calculation 'job_412_3GNW_22_a', it belongs to other interface (lookup)
WARNING: Keyword 'lookup_table' ignored in calculation 'job_412_3GNW_22_b', it belongs to other interface (lookup)
WARNING: Keyword 'lookup_table' ignored in calculation 'job_413_3GNW_23_ab', it belongs to other interface (lookup)
WARNING: Keyword 'lookup_table' ignored in calculation 'job_413_3GNW_23_a', it belongs to other interface (lookup)
WARNING: Keyword 'lookup_table' ignored in calculation 'job_413_3GNW_23_b', it belongs to other interface (lookup)
WARNING: Keyword 'lookup_table' ignored in calculation 'job_414_3GNW_24_ab', it belongs to other interface (lookup)
WARNING: Keyword 'lookup_table' ignored in calculation 'job_414_3GNW_24_a', it belongs to other interface (lookup)
WARNING: Keyword 'lookup_table' ignored in calculation 'job_414_3GNW_24_b', it belongs to other interface (lookup)
WARNING: Keyword 'lookup_table' ignored in calculation 'job_415_3GNW_25_ab', it belongs to other interface (lookup)
WARNING: Keyword 'lookup_table' ignored in calculation 'job_415_3GNW_25_a', it belongs to other interface (lookup)
WARNING: Keyword 'lookup_table' ignored in calculation 'job_415_3GNW_25_b', it belongs to other interface (lookup)
WARNING: Keyword 'lookup_table' ignored in calculation 'job_416_3GNW_26_ab', it belongs to other interface (lookup)
WARNING: Keyword 'lookup_table' ignored in calculation 'job_416_3GNW_26_a', it belongs to other interface (lookup)
WARNING: Keyword 'lookup_table' ignored in calculation 'job_416_3GNW_26_b', it belongs to other interface (lookup)
WARNING: Keyword 'lookup_table' ignored in calculation 'job_417_3GNW_27_ab', it belongs to other interface (lookup)
WARNING: Keyword 'lookup_table' ignored in calculation 'job_417_3GNW_27_a', it belongs to other interface (lookup)
WARNING: Keyword 'lookup_table' ignored in calculation 'job_417_3GNW_27_b', it belongs to other interface (lookup)
WARNING: Keyword 'lookup_table' ignored in calculation 'job_418_3GNW_28_ab', it belongs to other interface (lookup)
WARNING: Keyword 'lookup_table' ignored in calculation 'job_418_3GNW_28_a', it belongs to other interface (lookup)
WARNING: Keyword 'lookup_table' ignored in calculation 'job_418_3GNW_28_b', it belongs to other interface (lookup)
WARNING: Keyword 'lookup_table' ignored in calculation 'job_419_3GNW_29_ab', it belongs to other interface (lookup)
WARNING: Keyword 'lookup_table' ignored in calculation 'job_419_3GNW_29_a', it belongs to other interface (lookup)
WARNING: Keyword 'lookup_table' ignored in calculation 'job_419_3GNW_29_b', it belongs to other interface (lookup)
WARNING: Keyword 'lookup_table' ignored in calculation 'job_420_3GNW_30_ab', it belongs to other interface (lookup)
WARNING: Keyword 'lookup_table' ignored in calculation 'job_420_3GNW_30_a', it belongs to other interface (lookup)
WARNING: Keyword 'lookup_table' ignored in calculation 'job_420_3GNW_30_b', it belongs to other interface (lookup)
WARNING: Keyword 'lookup_table' ignored in calculation 'job_421_3GNW_31_ab', it belongs to other interface (lookup)
WARNING: Keyword 'lookup_table' ignored in calculation 'job_421_3GNW_31_a', it belongs to other interface (lookup)
WARNING: Keyword 'lookup_table' ignored in calculation 'job_421_3GNW_31_b', it belongs to other interface (lookup)
WARNING: Keyword 'lookup_table' ignored in calculation 'job_422_3GNW_32_ab', it belongs to other interface (lookup)
WARNING: Keyword 'lookup_table' ignored in calculation 'job_422_3GNW_32_a', it belongs to other interface (lookup)
WARNING: Keyword 'lookup_table' ignored in calculation 'job_422_3GNW_32_b', it belongs to other interface (lookup)
WARNING: Keyword 'lookup_table' ignored in calculation 'job_423_3GNW_33_ab', it belongs to other interface (lookup)
WARNING: Keyword 'lookup_table' ignored in calculation 'job_423_3GNW_33_a', it belongs to other interface (lookup)
WARNING: Keyword 'lookup_table' ignored in calculation 'job_423_3GNW_33_b', it belongs to other interface (lookup)
WARNING: Keyword 'lookup_table' ignored in calculation 'job_424_3GNW_34_ab', it belongs to other interface (lookup)
WARNING: Keyword 'lookup_table' ignored in calculation 'job_424_3GNW_34_a', it belongs to other interface (lookup)
WARNING: Keyword 'lookup_table' ignored in calculation 'job_424_3GNW_34_b', it belongs to other interface (lookup)
WARNING: Keyword 'lookup_table' ignored in calculation 'job_425_3GNW_35_ab', it belongs to other interface (lookup)
WARNING: Keyword 'lookup_table' ignored in calculation 'job_425_3GNW_35_a', it belongs to other interface (lookup)
WARNING: Keyword 'lookup_table' ignored in calculation 'job_425_3GNW_35_b', it belongs to other interface (lookup)
WARNING: Keyword 'lookup_table' ignored in calculation 'job_426_3JVS_01_ab', it belongs to other interface (lookup)
WARNING: Keyword 'lookup_table' ignored in calculation 'job_426_3JVS_01_a', it belongs to other interface (lookup)
WARNING: Keyword 'lookup_table' ignored in calculation 'job_426_3JVS_01_b', it belongs to other interface (lookup)
WARNING: Keyword 'lookup_table' ignored in calculation 'job_427_3JVS_02_ab', it belongs to other interface (lookup)
WARNING: Keyword 'lookup_table' ignored in calculation 'job_427_3JVS_02_a', it belongs to other interface (lookup)
WARNING: Keyword 'lookup_table' ignored in calculation 'job_427_3JVS_02_b', it belongs to other interface (lookup)
WARNING: Keyword 'lookup_table' ignored in calculation 'job_428_3JVS_03_ab', it belongs to other interface (lookup)
WARNING: Keyword 'lookup_table' ignored in calculation 'job_428_3JVS_03_a', it belongs to other interface (lookup)
WARNING: Keyword 'lookup_table' ignored in calculation 'job_428_3JVS_03_b', it belongs to other interface (lookup)
WARNING: Keyword 'lookup_table' ignored in calculation 'job_429_3JVS_04_ab', it belongs to other interface (lookup)
WARNING: Keyword 'lookup_table' ignored in calculation 'job_429_3JVS_04_a', it belongs to other interface (lookup)
WARNING: Keyword 'lookup_table' ignored in calculation 'job_429_3JVS_04_b', it belongs to other interface (lookup)
WARNING: Keyword 'lookup_table' ignored in calculation 'job_430_3JVS_05_ab', it belongs to other interface (lookup)
WARNING: Keyword 'lookup_table' ignored in calculation 'job_430_3JVS_05_a', it belongs to other interface (lookup)
WARNING: Keyword 'lookup_table' ignored in calculation 'job_430_3JVS_05_b', it belongs to other interface (lookup)
WARNING: Keyword 'lookup_table' ignored in calculation 'job_431_3JVS_06_ab', it belongs to other interface (lookup)
WARNING: Keyword 'lookup_table' ignored in calculation 'job_431_3JVS_06_a', it belongs to other interface (lookup)
WARNING: Keyword 'lookup_table' ignored in calculation 'job_431_3JVS_06_b', it belongs to other interface (lookup)
WARNING: Keyword 'lookup_table' ignored in calculation 'job_432_3JVS_07_ab', it belongs to other interface (lookup)
WARNING: Keyword 'lookup_table' ignored in calculation 'job_432_3JVS_07_a', it belongs to other interface (lookup)
WARNING: Keyword 'lookup_table' ignored in calculation 'job_432_3JVS_07_b', it belongs to other interface (lookup)
WARNING: Keyword 'lookup_table' ignored in calculation 'job_433_3JVS_08_ab', it belongs to other interface (lookup)
WARNING: Keyword 'lookup_table' ignored in calculation 'job_433_3JVS_08_a', it belongs to other interface (lookup)
WARNING: Keyword 'lookup_table' ignored in calculation 'job_433_3JVS_08_b', it belongs to other interface (lookup)
WARNING: Keyword 'lookup_table' ignored in calculation 'job_434_3JVS_09_ab', it belongs to other interface (lookup)
WARNING: Keyword 'lookup_table' ignored in calculation 'job_434_3JVS_09_a', it belongs to other interface (lookup)
WARNING: Keyword 'lookup_table' ignored in calculation 'job_434_3JVS_09_b', it belongs to other interface (lookup)
WARNING: Keyword 'lookup_table' ignored in calculation 'job_435_3JVS_10_ab', it belongs to other interface (lookup)
WARNING: Keyword 'lookup_table' ignored in calculation 'job_435_3JVS_10_a', it belongs to other interface (lookup)
WARNING: Keyword 'lookup_table' ignored in calculation 'job_435_3JVS_10_b', it belongs to other interface (lookup)
WARNING: Keyword 'lookup_table' ignored in calculation 'job_436_3JVS_11_ab', it belongs to other interface (lookup)
WARNING: Keyword 'lookup_table' ignored in calculation 'job_436_3JVS_11_a', it belongs to other interface (lookup)
WARNING: Keyword 'lookup_table' ignored in calculation 'job_436_3JVS_11_b', it belongs to other interface (lookup)
WARNING: Keyword 'lookup_table' ignored in calculation 'job_437_3JVS_12_ab', it belongs to other interface (lookup)
WARNING: Keyword 'lookup_table' ignored in calculation 'job_437_3JVS_12_a', it belongs to other interface (lookup)
WARNING: Keyword 'lookup_table' ignored in calculation 'job_437_3JVS_12_b', it belongs to other interface (lookup)
WARNING: Keyword 'lookup_table' ignored in calculation 'job_438_3JVS_13_ab', it belongs to other interface (lookup)
WARNING: Keyword 'lookup_table' ignored in calculation 'job_438_3JVS_13_a', it belongs to other interface (lookup)
WARNING: Keyword 'lookup_table' ignored in calculation 'job_438_3JVS_13_b', it belongs to other interface (lookup)
WARNING: Keyword 'lookup_table' ignored in calculation 'job_439_3JVS_14_ab', it belongs to other interface (lookup)
WARNING: Keyword 'lookup_table' ignored in calculation 'job_439_3JVS_14_a', it belongs to other interface (lookup)
WARNING: Keyword 'lookup_table' ignored in calculation 'job_439_3JVS_14_b', it belongs to other interface (lookup)
WARNING: Keyword 'lookup_table' ignored in calculation 'job_440_3JVS_15_ab', it belongs to other interface (lookup)
WARNING: Keyword 'lookup_table' ignored in calculation 'job_440_3JVS_15_a', it belongs to other interface (lookup)
WARNING: Keyword 'lookup_table' ignored in calculation 'job_440_3JVS_15_b', it belongs to other interface (lookup)
WARNING: Keyword 'lookup_table' ignored in calculation 'job_441_3JVS_16_ab', it belongs to other interface (lookup)
WARNING: Keyword 'lookup_table' ignored in calculation 'job_441_3JVS_16_a', it belongs to other interface (lookup)
WARNING: Keyword 'lookup_table' ignored in calculation 'job_441_3JVS_16_b', it belongs to other interface (lookup)
WARNING: Keyword 'lookup_table' ignored in calculation 'job_442_3JVS_17_ab', it belongs to other interface (lookup)
WARNING: Keyword 'lookup_table' ignored in calculation 'job_442_3JVS_17_a', it belongs to other interface (lookup)
WARNING: Keyword 'lookup_table' ignored in calculation 'job_442_3JVS_17_b', it belongs to other interface (lookup)
WARNING: Keyword 'lookup_table' ignored in calculation 'job_443_3JVS_18_ab', it belongs to other interface (lookup)
WARNING: Keyword 'lookup_table' ignored in calculation 'job_443_3JVS_18_a', it belongs to other interface (lookup)
WARNING: Keyword 'lookup_table' ignored in calculation 'job_443_3JVS_18_b', it belongs to other interface (lookup)
WARNING: Keyword 'lookup_table' ignored in calculation 'job_444_3JVS_19_ab', it belongs to other interface (lookup)
WARNING: Keyword 'lookup_table' ignored in calculation 'job_444_3JVS_19_a', it belongs to other interface (lookup)
WARNING: Keyword 'lookup_table' ignored in calculation 'job_444_3JVS_19_b', it belongs to other interface (lookup)
WARNING: Keyword 'lookup_table' ignored in calculation 'job_445_3JVS_20_ab', it belongs to other interface (lookup)
WARNING: Keyword 'lookup_table' ignored in calculation 'job_445_3JVS_20_a', it belongs to other interface (lookup)
WARNING: Keyword 'lookup_table' ignored in calculation 'job_445_3JVS_20_b', it belongs to other interface (lookup)
WARNING: Keyword 'lookup_table' ignored in calculation 'job_446_3JVS_21_ab', it belongs to other interface (lookup)
WARNING: Keyword 'lookup_table' ignored in calculation 'job_446_3JVS_21_a', it belongs to other interface (lookup)
WARNING: Keyword 'lookup_table' ignored in calculation 'job_446_3JVS_21_b', it belongs to other interface (lookup)
WARNING: Keyword 'lookup_table' ignored in calculation 'job_447_3JVS_22_ab', it belongs to other interface (lookup)
WARNING: Keyword 'lookup_table' ignored in calculation 'job_447_3JVS_22_a', it belongs to other interface (lookup)
WARNING: Keyword 'lookup_table' ignored in calculation 'job_447_3JVS_22_b', it belongs to other interface (lookup)
WARNING: Keyword 'lookup_table' ignored in calculation 'job_448_3NOX_01_ab', it belongs to other interface (lookup)
WARNING: Keyword 'lookup_table' ignored in calculation 'job_448_3NOX_01_a', it belongs to other interface (lookup)
WARNING: Keyword 'lookup_table' ignored in calculation 'job_448_3NOX_01_b', it belongs to other interface (lookup)
WARNING: Keyword 'lookup_table' ignored in calculation 'job_449_3NOX_02_ab', it belongs to other interface (lookup)
WARNING: Keyword 'lookup_table' ignored in calculation 'job_449_3NOX_02_a', it belongs to other interface (lookup)
WARNING: Keyword 'lookup_table' ignored in calculation 'job_449_3NOX_02_b', it belongs to other interface (lookup)
WARNING: Keyword 'lookup_table' ignored in calculation 'job_450_3NOX_03_ab', it belongs to other interface (lookup)
WARNING: Keyword 'lookup_table' ignored in calculation 'job_450_3NOX_03_a', it belongs to other interface (lookup)
WARNING: Keyword 'lookup_table' ignored in calculation 'job_450_3NOX_03_b', it belongs to other interface (lookup)
WARNING: Keyword 'lookup_table' ignored in calculation 'job_451_3NOX_04_ab', it belongs to other interface (lookup)
WARNING: Keyword 'lookup_table' ignored in calculation 'job_451_3NOX_04_a', it belongs to other interface (lookup)
WARNING: Keyword 'lookup_table' ignored in calculation 'job_451_3NOX_04_b', it belongs to other interface (lookup)
WARNING: Keyword 'lookup_table' ignored in calculation 'job_452_3NOX_05_ab', it belongs to other interface (lookup)
WARNING: Keyword 'lookup_table' ignored in calculation 'job_452_3NOX_05_a', it belongs to other interface (lookup)
WARNING: Keyword 'lookup_table' ignored in calculation 'job_452_3NOX_05_b', it belongs to other interface (lookup)
WARNING: Keyword 'lookup_table' ignored in calculation 'job_453_3NOX_06_ab', it belongs to other interface (lookup)
WARNING: Keyword 'lookup_table' ignored in calculation 'job_453_3NOX_06_a', it belongs to other interface (lookup)
WARNING: Keyword 'lookup_table' ignored in calculation 'job_453_3NOX_06_b', it belongs to other interface (lookup)
WARNING: Keyword 'lookup_table' ignored in calculation 'job_454_3NOX_07_ab', it belongs to other interface (lookup)
WARNING: Keyword 'lookup_table' ignored in calculation 'job_454_3NOX_07_a', it belongs to other interface (lookup)
WARNING: Keyword 'lookup_table' ignored in calculation 'job_454_3NOX_07_b', it belongs to other interface (lookup)
WARNING: Keyword 'lookup_table' ignored in calculation 'job_455_3NOX_08_ab', it belongs to other interface (lookup)
WARNING: Keyword 'lookup_table' ignored in calculation 'job_455_3NOX_08_a', it belongs to other interface (lookup)
WARNING: Keyword 'lookup_table' ignored in calculation 'job_455_3NOX_08_b', it belongs to other interface (lookup)
WARNING: Keyword 'lookup_table' ignored in calculation 'job_456_3NOX_09_ab', it belongs to other interface (lookup)
WARNING: Keyword 'lookup_table' ignored in calculation 'job_456_3NOX_09_a', it belongs to other interface (lookup)
WARNING: Keyword 'lookup_table' ignored in calculation 'job_456_3NOX_09_b', it belongs to other interface (lookup)
WARNING: Keyword 'lookup_table' ignored in calculation 'job_457_3NOX_10_ab', it belongs to other interface (lookup)
WARNING: Keyword 'lookup_table' ignored in calculation 'job_457_3NOX_10_a', it belongs to other interface (lookup)
WARNING: Keyword 'lookup_table' ignored in calculation 'job_457_3NOX_10_b', it belongs to other interface (lookup)
WARNING: Keyword 'lookup_table' ignored in calculation 'job_458_3NOX_11_ab', it belongs to other interface (lookup)
WARNING: Keyword 'lookup_table' ignored in calculation 'job_458_3NOX_11_a', it belongs to other interface (lookup)
WARNING: Keyword 'lookup_table' ignored in calculation 'job_458_3NOX_11_b', it belongs to other interface (lookup)
WARNING: Keyword 'lookup_table' ignored in calculation 'job_459_3NOX_12_ab', it belongs to other interface (lookup)
WARNING: Keyword 'lookup_table' ignored in calculation 'job_459_3NOX_12_a', it belongs to other interface (lookup)
WARNING: Keyword 'lookup_table' ignored in calculation 'job_459_3NOX_12_b', it belongs to other interface (lookup)
WARNING: Keyword 'lookup_table' ignored in calculation 'job_460_3NOX_13_ab', it belongs to other interface (lookup)
WARNING: Keyword 'lookup_table' ignored in calculation 'job_460_3NOX_13_a', it belongs to other interface (lookup)
WARNING: Keyword 'lookup_table' ignored in calculation 'job_460_3NOX_13_b', it belongs to other interface (lookup)
WARNING: Keyword 'lookup_table' ignored in calculation 'job_461_3NOX_14_ab', it belongs to other interface (lookup)
WARNING: Keyword 'lookup_table' ignored in calculation 'job_461_3NOX_14_a', it belongs to other interface (lookup)
WARNING: Keyword 'lookup_table' ignored in calculation 'job_461_3NOX_14_b', it belongs to other interface (lookup)
WARNING: Keyword 'lookup_table' ignored in calculation 'job_462_3NOX_15_ab', it belongs to other interface (lookup)
WARNING: Keyword 'lookup_table' ignored in calculation 'job_462_3NOX_15_a', it belongs to other interface (lookup)
WARNING: Keyword 'lookup_table' ignored in calculation 'job_462_3NOX_15_b', it belongs to other interface (lookup)
WARNING: Keyword 'lookup_table' ignored in calculation 'job_463_3NOX_16_ab', it belongs to other interface (lookup)
WARNING: Keyword 'lookup_table' ignored in calculation 'job_463_3NOX_16_a', it belongs to other interface (lookup)
WARNING: Keyword 'lookup_table' ignored in calculation 'job_463_3NOX_16_b', it belongs to other interface (lookup)
WARNING: Keyword 'lookup_table' ignored in calculation 'job_464_3NOX_17_ab', it belongs to other interface (lookup)
WARNING: Keyword 'lookup_table' ignored in calculation 'job_464_3NOX_17_a', it belongs to other interface (lookup)
WARNING: Keyword 'lookup_table' ignored in calculation 'job_464_3NOX_17_b', it belongs to other interface (lookup)
WARNING: Keyword 'lookup_table' ignored in calculation 'job_465_3NOX_18_ab', it belongs to other interface (lookup)
WARNING: Keyword 'lookup_table' ignored in calculation 'job_465_3NOX_18_a', it belongs to other interface (lookup)
WARNING: Keyword 'lookup_table' ignored in calculation 'job_465_3NOX_18_b', it belongs to other interface (lookup)
WARNING: Keyword 'lookup_table' ignored in calculation 'job_466_3NOX_19_ab', it belongs to other interface (lookup)
WARNING: Keyword 'lookup_table' ignored in calculation 'job_466_3NOX_19_a', it belongs to other interface (lookup)
WARNING: Keyword 'lookup_table' ignored in calculation 'job_466_3NOX_19_b', it belongs to other interface (lookup)
WARNING: Keyword 'lookup_table' ignored in calculation 'job_467_3NOX_20_ab', it belongs to other interface (lookup)
WARNING: Keyword 'lookup_table' ignored in calculation 'job_467_3NOX_20_a', it belongs to other interface (lookup)
WARNING: Keyword 'lookup_table' ignored in calculation 'job_467_3NOX_20_b', it belongs to other interface (lookup)
WARNING: Keyword 'lookup_table' ignored in calculation 'job_468_3NOX_21_ab', it belongs to other interface (lookup)
WARNING: Keyword 'lookup_table' ignored in calculation 'job_468_3NOX_21_a', it belongs to other interface (lookup)
WARNING: Keyword 'lookup_table' ignored in calculation 'job_468_3NOX_21_b', it belongs to other interface (lookup)
WARNING: Keyword 'lookup_table' ignored in calculation 'job_469_3PE2_01_ab', it belongs to other interface (lookup)
WARNING: Keyword 'lookup_table' ignored in calculation 'job_469_3PE2_01_a', it belongs to other interface (lookup)
WARNING: Keyword 'lookup_table' ignored in calculation 'job_469_3PE2_01_b', it belongs to other interface (lookup)
WARNING: Keyword 'lookup_table' ignored in calculation 'job_470_3PE2_02_ab', it belongs to other interface (lookup)
WARNING: Keyword 'lookup_table' ignored in calculation 'job_470_3PE2_02_a', it belongs to other interface (lookup)
WARNING: Keyword 'lookup_table' ignored in calculation 'job_470_3PE2_02_b', it belongs to other interface (lookup)
WARNING: Keyword 'lookup_table' ignored in calculation 'job_471_3PE2_03_ab', it belongs to other interface (lookup)
WARNING: Keyword 'lookup_table' ignored in calculation 'job_471_3PE2_03_a', it belongs to other interface (lookup)
WARNING: Keyword 'lookup_table' ignored in calculation 'job_471_3PE2_03_b', it belongs to other interface (lookup)
WARNING: Keyword 'lookup_table' ignored in calculation 'job_472_3PE2_04_ab', it belongs to other interface (lookup)
WARNING: Keyword 'lookup_table' ignored in calculation 'job_472_3PE2_04_a', it belongs to other interface (lookup)
WARNING: Keyword 'lookup_table' ignored in calculation 'job_472_3PE2_04_b', it belongs to other interface (lookup)
WARNING: Keyword 'lookup_table' ignored in calculation 'job_473_3PE2_05_ab', it belongs to other interface (lookup)
WARNING: Keyword 'lookup_table' ignored in calculation 'job_473_3PE2_05_a', it belongs to other interface (lookup)
WARNING: Keyword 'lookup_table' ignored in calculation 'job_473_3PE2_05_b', it belongs to other interface (lookup)
WARNING: Keyword 'lookup_table' ignored in calculation 'job_474_3PE2_06_ab', it belongs to other interface (lookup)
WARNING: Keyword 'lookup_table' ignored in calculation 'job_474_3PE2_06_a', it belongs to other interface (lookup)
WARNING: Keyword 'lookup_table' ignored in calculation 'job_474_3PE2_06_b', it belongs to other interface (lookup)
WARNING: Keyword 'lookup_table' ignored in calculation 'job_475_3PE2_07_ab', it belongs to other interface (lookup)
WARNING: Keyword 'lookup_table' ignored in calculation 'job_475_3PE2_07_a', it belongs to other interface (lookup)
WARNING: Keyword 'lookup_table' ignored in calculation 'job_475_3PE2_07_b', it belongs to other interface (lookup)
WARNING: Keyword 'lookup_table' ignored in calculation 'job_476_3PE2_08_ab', it belongs to other interface (lookup)
WARNING: Keyword 'lookup_table' ignored in calculation 'job_476_3PE2_08_a', it belongs to other interface (lookup)
WARNING: Keyword 'lookup_table' ignored in calculation 'job_476_3PE2_08_b', it belongs to other interface (lookup)
WARNING: Keyword 'lookup_table' ignored in calculation 'job_477_3PE2_09_ab', it belongs to other interface (lookup)
WARNING: Keyword 'lookup_table' ignored in calculation 'job_477_3PE2_09_a', it belongs to other interface (lookup)
WARNING: Keyword 'lookup_table' ignored in calculation 'job_477_3PE2_09_b', it belongs to other interface (lookup)
WARNING: Keyword 'lookup_table' ignored in calculation 'job_478_3PE2_10_ab', it belongs to other interface (lookup)
WARNING: Keyword 'lookup_table' ignored in calculation 'job_478_3PE2_10_a', it belongs to other interface (lookup)
WARNING: Keyword 'lookup_table' ignored in calculation 'job_478_3PE2_10_b', it belongs to other interface (lookup)
WARNING: Keyword 'lookup_table' ignored in calculation 'job_479_3PE2_11_ab', it belongs to other interface (lookup)
WARNING: Keyword 'lookup_table' ignored in calculation 'job_479_3PE2_11_a', it belongs to other interface (lookup)
WARNING: Keyword 'lookup_table' ignored in calculation 'job_479_3PE2_11_b', it belongs to other interface (lookup)
WARNING: Keyword 'lookup_table' ignored in calculation 'job_480_3PE2_12_ab', it belongs to other interface (lookup)
WARNING: Keyword 'lookup_table' ignored in calculation 'job_480_3PE2_12_a', it belongs to other interface (lookup)
WARNING: Keyword 'lookup_table' ignored in calculation 'job_480_3PE2_12_b', it belongs to other interface (lookup)
WARNING: Keyword 'lookup_table' ignored in calculation 'job_481_3PE2_13_ab', it belongs to other interface (lookup)
WARNING: Keyword 'lookup_table' ignored in calculation 'job_481_3PE2_13_a', it belongs to other interface (lookup)
WARNING: Keyword 'lookup_table' ignored in calculation 'job_481_3PE2_13_b', it belongs to other interface (lookup)
WARNING: Keyword 'lookup_table' ignored in calculation 'job_482_3PE2_14_ab', it belongs to other interface (lookup)
WARNING: Keyword 'lookup_table' ignored in calculation 'job_482_3PE2_14_a', it belongs to other interface (lookup)
WARNING: Keyword 'lookup_table' ignored in calculation 'job_482_3PE2_14_b', it belongs to other interface (lookup)
WARNING: Keyword 'lookup_table' ignored in calculation 'job_483_3PE2_15_ab', it belongs to other interface (lookup)
WARNING: Keyword 'lookup_table' ignored in calculation 'job_483_3PE2_15_a', it belongs to other interface (lookup)
WARNING: Keyword 'lookup_table' ignored in calculation 'job_483_3PE2_15_b', it belongs to other interface (lookup)
WARNING: Keyword 'lookup_table' ignored in calculation 'job_484_3PE2_16_ab', it belongs to other interface (lookup)
WARNING: Keyword 'lookup_table' ignored in calculation 'job_484_3PE2_16_a', it belongs to other interface (lookup)
WARNING: Keyword 'lookup_table' ignored in calculation 'job_484_3PE2_16_b', it belongs to other interface (lookup)
WARNING: Keyword 'lookup_table' ignored in calculation 'job_485_3PE2_17_ab', it belongs to other interface (lookup)
WARNING: Keyword 'lookup_table' ignored in calculation 'job_485_3PE2_17_a', it belongs to other interface (lookup)
WARNING: Keyword 'lookup_table' ignored in calculation 'job_485_3PE2_17_b', it belongs to other interface (lookup)
WARNING: Keyword 'lookup_table' ignored in calculation 'job_486_3PE2_18_ab', it belongs to other interface (lookup)
WARNING: Keyword 'lookup_table' ignored in calculation 'job_486_3PE2_18_a', it belongs to other interface (lookup)
WARNING: Keyword 'lookup_table' ignored in calculation 'job_486_3PE2_18_b', it belongs to other interface (lookup)
WARNING: Keyword 'lookup_table' ignored in calculation 'job_487_3PE2_19_ab', it belongs to other interface (lookup)
WARNING: Keyword 'lookup_table' ignored in calculation 'job_487_3PE2_19_a', it belongs to other interface (lookup)
WARNING: Keyword 'lookup_table' ignored in calculation 'job_487_3PE2_19_b', it belongs to other interface (lookup)
WARNING: Keyword 'lookup_table' ignored in calculation 'job_488_3PE2_20_ab', it belongs to other interface (lookup)
WARNING: Keyword 'lookup_table' ignored in calculation 'job_488_3PE2_20_a', it belongs to other interface (lookup)
WARNING: Keyword 'lookup_table' ignored in calculation 'job_488_3PE2_20_b', it belongs to other interface (lookup)
WARNING: Keyword 'lookup_table' ignored in calculation 'job_489_3PE2_21_ab', it belongs to other interface (lookup)
WARNING: Keyword 'lookup_table' ignored in calculation 'job_489_3PE2_21_a', it belongs to other interface (lookup)
WARNING: Keyword 'lookup_table' ignored in calculation 'job_489_3PE2_21_b', it belongs to other interface (lookup)
WARNING: Keyword 'lookup_table' ignored in calculation 'job_490_3PE2_22_ab', it belongs to other interface (lookup)
WARNING: Keyword 'lookup_table' ignored in calculation 'job_490_3PE2_22_a', it belongs to other interface (lookup)
WARNING: Keyword 'lookup_table' ignored in calculation 'job_490_3PE2_22_b', it belongs to other interface (lookup)
WARNING: Keyword 'lookup_table' ignored in calculation 'job_491_3PE2_23_ab', it belongs to other interface (lookup)
WARNING: Keyword 'lookup_table' ignored in calculation 'job_491_3PE2_23_a', it belongs to other interface (lookup)
WARNING: Keyword 'lookup_table' ignored in calculation 'job_491_3PE2_23_b', it belongs to other interface (lookup)
WARNING: Keyword 'lookup_table' ignored in calculation 'job_492_3PE2_24_ab', it belongs to other interface (lookup)
WARNING: Keyword 'lookup_table' ignored in calculation 'job_492_3PE2_24_a', it belongs to other interface (lookup)
WARNING: Keyword 'lookup_table' ignored in calculation 'job_492_3PE2_24_b', it belongs to other interface (lookup)
WARNING: Keyword 'lookup_table' ignored in calculation 'job_493_3PE2_25_ab', it belongs to other interface (lookup)
WARNING: Keyword 'lookup_table' ignored in calculation 'job_493_3PE2_25_a', it belongs to other interface (lookup)
WARNING: Keyword 'lookup_table' ignored in calculation 'job_493_3PE2_25_b', it belongs to other interface (lookup)
WARNING: Keyword 'lookup_table' ignored in calculation 'job_494_3PE2_26_ab', it belongs to other interface (lookup)
WARNING: Keyword 'lookup_table' ignored in calculation 'job_494_3PE2_26_a', it belongs to other interface (lookup)
WARNING: Keyword 'lookup_table' ignored in calculation 'job_494_3PE2_26_b', it belongs to other interface (lookup)
WARNING: Keyword 'lookup_table' ignored in calculation 'job_495_3PE2_27_ab', it belongs to other interface (lookup)
WARNING: Keyword 'lookup_table' ignored in calculation 'job_495_3PE2_27_a', it belongs to other interface (lookup)
WARNING: Keyword 'lookup_table' ignored in calculation 'job_495_3PE2_27_b', it belongs to other interface (lookup)
WARNING: Keyword 'lookup_table' ignored in calculation 'job_496_3PE2_28_ab', it belongs to other interface (lookup)
WARNING: Keyword 'lookup_table' ignored in calculation 'job_496_3PE2_28_a', it belongs to other interface (lookup)
WARNING: Keyword 'lookup_table' ignored in calculation 'job_496_3PE2_28_b', it belongs to other interface (lookup)
WARNING: Keyword 'lookup_table' ignored in calculation 'job_497_4GID_01_ab', it belongs to other interface (lookup)
WARNING: Keyword 'lookup_table' ignored in calculation 'job_497_4GID_01_a', it belongs to other interface (lookup)
WARNING: Keyword 'lookup_table' ignored in calculation 'job_497_4GID_01_b', it belongs to other interface (lookup)
WARNING: Keyword 'lookup_table' ignored in calculation 'job_498_4GID_02_ab', it belongs to other interface (lookup)
WARNING: Keyword 'lookup_table' ignored in calculation 'job_498_4GID_02_a', it belongs to other interface (lookup)
WARNING: Keyword 'lookup_table' ignored in calculation 'job_498_4GID_02_b', it belongs to other interface (lookup)
WARNING: Keyword 'lookup_table' ignored in calculation 'job_499_4GID_03_ab', it belongs to other interface (lookup)
WARNING: Keyword 'lookup_table' ignored in calculation 'job_499_4GID_03_a', it belongs to other interface (lookup)
WARNING: Keyword 'lookup_table' ignored in calculation 'job_499_4GID_03_b', it belongs to other interface (lookup)
WARNING: Keyword 'lookup_table' ignored in calculation 'job_500_4GID_04_ab', it belongs to other interface (lookup)
WARNING: Keyword 'lookup_table' ignored in calculation 'job_500_4GID_04_a', it belongs to other interface (lookup)
WARNING: Keyword 'lookup_table' ignored in calculation 'job_500_4GID_04_b', it belongs to other interface (lookup)
WARNING: Keyword 'lookup_table' ignored in calculation 'job_501_4GID_05_ab', it belongs to other interface (lookup)
WARNING: Keyword 'lookup_table' ignored in calculation 'job_501_4GID_05_a', it belongs to other interface (lookup)
WARNING: Keyword 'lookup_table' ignored in calculation 'job_501_4GID_05_b', it belongs to other interface (lookup)
WARNING: Keyword 'lookup_table' ignored in calculation 'job_502_4GID_06_ab', it belongs to other interface (lookup)
WARNING: Keyword 'lookup_table' ignored in calculation 'job_502_4GID_06_a', it belongs to other interface (lookup)
WARNING: Keyword 'lookup_table' ignored in calculation 'job_502_4GID_06_b', it belongs to other interface (lookup)
WARNING: Keyword 'lookup_table' ignored in calculation 'job_503_4GID_07_ab', it belongs to other interface (lookup)
WARNING: Keyword 'lookup_table' ignored in calculation 'job_503_4GID_07_a', it belongs to other interface (lookup)
WARNING: Keyword 'lookup_table' ignored in calculation 'job_503_4GID_07_b', it belongs to other interface (lookup)
WARNING: Keyword 'lookup_table' ignored in calculation 'job_504_4GID_08_ab', it belongs to other interface (lookup)
WARNING: Keyword 'lookup_table' ignored in calculation 'job_504_4GID_08_a', it belongs to other interface (lookup)
WARNING: Keyword 'lookup_table' ignored in calculation 'job_504_4GID_08_b', it belongs to other interface (lookup)
WARNING: Keyword 'lookup_table' ignored in calculation 'job_505_4GID_09_ab', it belongs to other interface (lookup)
WARNING: Keyword 'lookup_table' ignored in calculation 'job_505_4GID_09_a', it belongs to other interface (lookup)
WARNING: Keyword 'lookup_table' ignored in calculation 'job_505_4GID_09_b', it belongs to other interface (lookup)
WARNING: Keyword 'lookup_table' ignored in calculation 'job_506_4GID_10_ab', it belongs to other interface (lookup)
WARNING: Keyword 'lookup_table' ignored in calculation 'job_506_4GID_10_a', it belongs to other interface (lookup)
WARNING: Keyword 'lookup_table' ignored in calculation 'job_506_4GID_10_b', it belongs to other interface (lookup)
WARNING: Keyword 'lookup_table' ignored in calculation 'job_507_4GID_11_ab', it belongs to other interface (lookup)
WARNING: Keyword 'lookup_table' ignored in calculation 'job_507_4GID_11_a', it belongs to other interface (lookup)
WARNING: Keyword 'lookup_table' ignored in calculation 'job_507_4GID_11_b', it belongs to other interface (lookup)
WARNING: Keyword 'lookup_table' ignored in calculation 'job_508_4GID_12_ab', it belongs to other interface (lookup)
WARNING: Keyword 'lookup_table' ignored in calculation 'job_508_4GID_12_a', it belongs to other interface (lookup)
WARNING: Keyword 'lookup_table' ignored in calculation 'job_508_4GID_12_b', it belongs to other interface (lookup)
WARNING: Keyword 'lookup_table' ignored in calculation 'job_509_4GID_13_ab', it belongs to other interface (lookup)
WARNING: Keyword 'lookup_table' ignored in calculation 'job_509_4GID_13_a', it belongs to other interface (lookup)
WARNING: Keyword 'lookup_table' ignored in calculation 'job_509_4GID_13_b', it belongs to other interface (lookup)
WARNING: Keyword 'lookup_table' ignored in calculation 'job_510_4GID_14_ab', it belongs to other interface (lookup)
WARNING: Keyword 'lookup_table' ignored in calculation 'job_510_4GID_14_a', it belongs to other interface (lookup)
WARNING: Keyword 'lookup_table' ignored in calculation 'job_510_4GID_14_b', it belongs to other interface (lookup)
WARNING: Keyword 'lookup_table' ignored in calculation 'job_511_4GID_15_ab', it belongs to other interface (lookup)
WARNING: Keyword 'lookup_table' ignored in calculation 'job_511_4GID_15_a', it belongs to other interface (lookup)
WARNING: Keyword 'lookup_table' ignored in calculation 'job_511_4GID_15_b', it belongs to other interface (lookup)
WARNING: Keyword 'lookup_table' ignored in calculation 'job_512_4GID_16_ab', it belongs to other interface (lookup)
WARNING: Keyword 'lookup_table' ignored in calculation 'job_512_4GID_16_a', it belongs to other interface (lookup)
WARNING: Keyword 'lookup_table' ignored in calculation 'job_512_4GID_16_b', it belongs to other interface (lookup)
WARNING: Keyword 'lookup_table' ignored in calculation 'job_513_4GID_17_ab', it belongs to other interface (lookup)
WARNING: Keyword 'lookup_table' ignored in calculation 'job_513_4GID_17_a', it belongs to other interface (lookup)
WARNING: Keyword 'lookup_table' ignored in calculation 'job_513_4GID_17_b', it belongs to other interface (lookup)
WARNING: Keyword 'lookup_table' ignored in calculation 'job_514_4GID_18_ab', it belongs to other interface (lookup)
WARNING: Keyword 'lookup_table' ignored in calculation 'job_514_4GID_18_a', it belongs to other interface (lookup)
WARNING: Keyword 'lookup_table' ignored in calculation 'job_514_4GID_18_b', it belongs to other interface (lookup)
WARNING: Keyword 'lookup_table' ignored in calculation 'job_515_4GID_19_ab', it belongs to other interface (lookup)
WARNING: Keyword 'lookup_table' ignored in calculation 'job_515_4GID_19_a', it belongs to other interface (lookup)
WARNING: Keyword 'lookup_table' ignored in calculation 'job_515_4GID_19_b', it belongs to other interface (lookup)
WARNING: Keyword 'lookup_table' ignored in calculation 'job_516_4GID_20_ab', it belongs to other interface (lookup)
WARNING: Keyword 'lookup_table' ignored in calculation 'job_516_4GID_20_a', it belongs to other interface (lookup)
WARNING: Keyword 'lookup_table' ignored in calculation 'job_516_4GID_20_b', it belongs to other interface (lookup)
WARNING: Keyword 'lookup_table' ignored in calculation 'job_517_4GID_21_ab', it belongs to other interface (lookup)
WARNING: Keyword 'lookup_table' ignored in calculation 'job_517_4GID_21_a', it belongs to other interface (lookup)
WARNING: Keyword 'lookup_table' ignored in calculation 'job_517_4GID_21_b', it belongs to other interface (lookup)
WARNING: Keyword 'lookup_table' ignored in calculation 'job_518_4GID_22_ab', it belongs to other interface (lookup)
WARNING: Keyword 'lookup_table' ignored in calculation 'job_518_4GID_22_a', it belongs to other interface (lookup)
WARNING: Keyword 'lookup_table' ignored in calculation 'job_518_4GID_22_b', it belongs to other interface (lookup)
WARNING: Keyword 'lookup_table' ignored in calculation 'job_519_4GID_23_ab', it belongs to other interface (lookup)
WARNING: Keyword 'lookup_table' ignored in calculation 'job_519_4GID_23_a', it belongs to other interface (lookup)
WARNING: Keyword 'lookup_table' ignored in calculation 'job_519_4GID_23_b', it belongs to other interface (lookup)
WARNING: Keyword 'lookup_table' ignored in calculation 'job_520_4GID_24_ab', it belongs to other interface (lookup)
WARNING: Keyword 'lookup_table' ignored in calculation 'job_520_4GID_24_a', it belongs to other interface (lookup)
WARNING: Keyword 'lookup_table' ignored in calculation 'job_520_4GID_24_b', it belongs to other interface (lookup)
WARNING: Keyword 'lookup_table' ignored in calculation 'job_521_4GID_25_ab', it belongs to other interface (lookup)
WARNING: Keyword 'lookup_table' ignored in calculation 'job_521_4GID_25_a', it belongs to other interface (lookup)
WARNING: Keyword 'lookup_table' ignored in calculation 'job_521_4GID_25_b', it belongs to other interface (lookup)
WARNING: Keyword 'lookup_table' ignored in calculation 'job_522_4GID_26_ab', it belongs to other interface (lookup)
WARNING: Keyword 'lookup_table' ignored in calculation 'job_522_4GID_26_a', it belongs to other interface (lookup)
WARNING: Keyword 'lookup_table' ignored in calculation 'job_522_4GID_26_b', it belongs to other interface (lookup)
WARNING: Keyword 'lookup_table' ignored in calculation 'job_523_4GID_27_ab', it belongs to other interface (lookup)
WARNING: Keyword 'lookup_table' ignored in calculation 'job_523_4GID_27_a', it belongs to other interface (lookup)
WARNING: Keyword 'lookup_table' ignored in calculation 'job_523_4GID_27_b', it belongs to other interface (lookup)
WARNING: Keyword 'lookup_table' ignored in calculation 'job_524_4GID_28_ab', it belongs to other interface (lookup)
WARNING: Keyword 'lookup_table' ignored in calculation 'job_524_4GID_28_a', it belongs to other interface (lookup)
WARNING: Keyword 'lookup_table' ignored in calculation 'job_524_4GID_28_b', it belongs to other interface (lookup)
WARNING: Keyword 'lookup_table' ignored in calculation 'job_525_4GID_29_ab', it belongs to other interface (lookup)
WARNING: Keyword 'lookup_table' ignored in calculation 'job_525_4GID_29_a', it belongs to other interface (lookup)
WARNING: Keyword 'lookup_table' ignored in calculation 'job_525_4GID_29_b', it belongs to other interface (lookup)
WARNING: Keyword 'lookup_table' ignored in calculation 'job_526_4GID_30_ab', it belongs to other interface (lookup)
WARNING: Keyword 'lookup_table' ignored in calculation 'job_526_4GID_30_a', it belongs to other interface (lookup)
WARNING: Keyword 'lookup_table' ignored in calculation 'job_526_4GID_30_b', it belongs to other interface (lookup)
WARNING: Keyword 'lookup_table' ignored in calculation 'job_527_4GID_31_ab', it belongs to other interface (lookup)
WARNING: Keyword 'lookup_table' ignored in calculation 'job_527_4GID_31_a', it belongs to other interface (lookup)
WARNING: Keyword 'lookup_table' ignored in calculation 'job_527_4GID_31_b', it belongs to other interface (lookup)
WARNING: Keyword 'lookup_table' ignored in calculation 'job_528_4GID_32_ab', it belongs to other interface (lookup)
WARNING: Keyword 'lookup_table' ignored in calculation 'job_528_4GID_32_a', it belongs to other interface (lookup)
WARNING: Keyword 'lookup_table' ignored in calculation 'job_528_4GID_32_b', it belongs to other interface (lookup)
WARNING: Keyword 'lookup_table' ignored in calculation 'job_529_4GID_33_ab', it belongs to other interface (lookup)
WARNING: Keyword 'lookup_table' ignored in calculation 'job_529_4GID_33_a', it belongs to other interface (lookup)
WARNING: Keyword 'lookup_table' ignored in calculation 'job_529_4GID_33_b', it belongs to other interface (lookup)
WARNING: Keyword 'lookup_table' ignored in calculation 'job_530_4GID_34_ab', it belongs to other interface (lookup)
WARNING: Keyword 'lookup_table' ignored in calculation 'job_530_4GID_34_a', it belongs to other interface (lookup)
WARNING: Keyword 'lookup_table' ignored in calculation 'job_530_4GID_34_b', it belongs to other interface (lookup)
WARNING: Keyword 'lookup_table' ignored in calculation 'job_531_4GID_35_ab', it belongs to other interface (lookup)
WARNING: Keyword 'lookup_table' ignored in calculation 'job_531_4GID_35_a', it belongs to other interface (lookup)
WARNING: Keyword 'lookup_table' ignored in calculation 'job_531_4GID_35_b', it belongs to other interface (lookup)
WARNING: Keyword 'lookup_table' ignored in calculation 'job_532_4GID_36_ab', it belongs to other interface (lookup)
WARNING: Keyword 'lookup_table' ignored in calculation 'job_532_4GID_36_a', it belongs to other interface (lookup)
WARNING: Keyword 'lookup_table' ignored in calculation 'job_532_4GID_36_b', it belongs to other interface (lookup)
WARNING: Keyword 'lookup_table' ignored in calculation 'job_533_4GID_37_ab', it belongs to other interface (lookup)
WARNING: Keyword 'lookup_table' ignored in calculation 'job_533_4GID_37_a', it belongs to other interface (lookup)
WARNING: Keyword 'lookup_table' ignored in calculation 'job_533_4GID_37_b', it belongs to other interface (lookup)
WARNING: Keyword 'lookup_table' ignored in calculation 'job_534_4GID_38_ab', it belongs to other interface (lookup)
WARNING: Keyword 'lookup_table' ignored in calculation 'job_534_4GID_38_a', it belongs to other interface (lookup)
WARNING: Keyword 'lookup_table' ignored in calculation 'job_534_4GID_38_b', it belongs to other interface (lookup)
WARNING: Keyword 'lookup_table' ignored in calculation 'job_535_4GID_39_ab', it belongs to other interface (lookup)
WARNING: Keyword 'lookup_table' ignored in calculation 'job_535_4GID_39_a', it belongs to other interface (lookup)
WARNING: Keyword 'lookup_table' ignored in calculation 'job_535_4GID_39_b', it belongs to other interface (lookup)
WARNING: Keyword 'lookup_table' ignored in calculation 'job_536_4GID_40_ab', it belongs to other interface (lookup)
WARNING: Keyword 'lookup_table' ignored in calculation 'job_536_4GID_40_a', it belongs to other interface (lookup)
WARNING: Keyword 'lookup_table' ignored in calculation 'job_536_4GID_40_b', it belongs to other interface (lookup)
WARNING: Keyword 'lookup_table' ignored in calculation 'job_537_4GID_41_ab', it belongs to other interface (lookup)
WARNING: Keyword 'lookup_table' ignored in calculation 'job_537_4GID_41_a', it belongs to other interface (lookup)
WARNING: Keyword 'lookup_table' ignored in calculation 'job_537_4GID_41_b', it belongs to other interface (lookup)
WARNING: Keyword 'lookup_table' ignored in calculation 'job_538_4GID_42_ab', it belongs to other interface (lookup)
WARNING: Keyword 'lookup_table' ignored in calculation 'job_538_4GID_42_a', it belongs to other interface (lookup)
WARNING: Keyword 'lookup_table' ignored in calculation 'job_538_4GID_42_b', it belongs to other interface (lookup)
WARNING: Keyword 'lookup_table' ignored in calculation 'job_539_4GID_43_ab', it belongs to other interface (lookup)
WARNING: Keyword 'lookup_table' ignored in calculation 'job_539_4GID_43_a', it belongs to other interface (lookup)
WARNING: Keyword 'lookup_table' ignored in calculation 'job_539_4GID_43_b', it belongs to other interface (lookup)
WARNING: Keyword 'lookup_table' ignored in calculation 'job_540_4GID_44_ab', it belongs to other interface (lookup)
WARNING: Keyword 'lookup_table' ignored in calculation 'job_540_4GID_44_a', it belongs to other interface (lookup)
WARNING: Keyword 'lookup_table' ignored in calculation 'job_540_4GID_44_b', it belongs to other interface (lookup)
WARNING: Keyword 'lookup_table' ignored in calculation 'job_541_4GID_45_ab', it belongs to other interface (lookup)
WARNING: Keyword 'lookup_table' ignored in calculation 'job_541_4GID_45_a', it belongs to other interface (lookup)
WARNING: Keyword 'lookup_table' ignored in calculation 'job_541_4GID_45_b', it belongs to other interface (lookup)
WARNING: Keyword 'lookup_table' ignored in calculation 'job_542_4GID_46_ab', it belongs to other interface (lookup)
WARNING: Keyword 'lookup_table' ignored in calculation 'job_542_4GID_46_a', it belongs to other interface (lookup)
WARNING: Keyword 'lookup_table' ignored in calculation 'job_542_4GID_46_b', it belongs to other interface (lookup)
WARNING: Keyword 'lookup_table' ignored in calculation 'job_543_4GID_47_ab', it belongs to other interface (lookup)
WARNING: Keyword 'lookup_table' ignored in calculation 'job_543_4GID_47_a', it belongs to other interface (lookup)
WARNING: Keyword 'lookup_table' ignored in calculation 'job_543_4GID_47_b', it belongs to other interface (lookup)
WARNING: Keyword 'lookup_table' ignored in calculation 'job_544_4GID_48_ab', it belongs to other interface (lookup)
WARNING: Keyword 'lookup_table' ignored in calculation 'job_544_4GID_48_a', it belongs to other interface (lookup)
WARNING: Keyword 'lookup_table' ignored in calculation 'job_544_4GID_48_b', it belongs to other interface (lookup)
WARNING: Keyword 'lookup_table' ignored in calculation 'job_545_4GID_49_ab', it belongs to other interface (lookup)
WARNING: Keyword 'lookup_table' ignored in calculation 'job_545_4GID_49_a', it belongs to other interface (lookup)
WARNING: Keyword 'lookup_table' ignored in calculation 'job_545_4GID_49_b', it belongs to other interface (lookup)
WARNING: Keyword 'lookup_table' ignored in calculation 'job_546_4GID_50_ab', it belongs to other interface (lookup)
WARNING: Keyword 'lookup_table' ignored in calculation 'job_546_4GID_50_a', it belongs to other interface (lookup)
WARNING: Keyword 'lookup_table' ignored in calculation 'job_546_4GID_50_b', it belongs to other interface (lookup)
WARNING: Keyword 'lookup_table' ignored in calculation 'job_547_4GID_51_ab', it belongs to other interface (lookup)
WARNING: Keyword 'lookup_table' ignored in calculation 'job_547_4GID_51_a', it belongs to other interface (lookup)
WARNING: Keyword 'lookup_table' ignored in calculation 'job_547_4GID_51_b', it belongs to other interface (lookup)
        _______  
       /\______\ 
      / /      / 
     / / Cuby /   Dataset calculation
     \/______/   
                 
/home/rezac/bin/miniconda3/envs/ml-uma/lib/python3.12/site-packages/torchtnt/utils/version.py:12: UserWarning: pkg_resources is deprecated as an API. See https://setuptools.pypa.io/en/latest/pkg_resources.html. The pkg_resources package is slated for removal as early as 2025-11-30. Refrain from using this package or pin to Setuptools<81.
  import pkg_resources
/home/rezac/bin/miniconda3/envs/ml-uma/lib/python3.12/site-packages/torchtnt/utils/version.py:12: UserWarning: pkg_resources is deprecated as an API. See https://setuptools.pypa.io/en/latest/pkg_resources.html. The pkg_resources package is slated for removal as early as 2025-11-30. Refrain from using this package or pin to Setuptools<81.
  import pkg_resources
/home/rezac/bin/miniconda3/envs/ml-uma/lib/python3.12/site-packages/torchtnt/utils/version.py:12: UserWarning: pkg_resources is deprecated as an API. See https://setuptools.pypa.io/en/latest/pkg_resources.html. The pkg_resources package is slated for removal as early as 2025-11-30. Refrain from using this package or pin to Setuptools<81.
  import pkg_resources
/home/rezac/bin/miniconda3/envs/ml-uma/lib/python3.12/site-packages/torchtnt/utils/version.py:12: UserWarning: pkg_resources is deprecated as an API. See https://setuptools.pypa.io/en/latest/pkg_resources.html. The pkg_resources package is slated for removal as early as 2025-11-30. Refrain from using this package or pin to Setuptools<81.
  import pkg_resources
/home/rezac/bin/miniconda3/envs/ml-uma/lib/python3.12/site-packages/torchtnt/utils/version.py:12: UserWarning: pkg_resources is deprecated as an API. See https://setuptools.pypa.io/en/latest/pkg_resources.html. The pkg_resources package is slated for removal as early as 2025-11-30. Refrain from using this package or pin to Setuptools<81.
  import pkg_resources
/home/rezac/bin/miniconda3/envs/ml-uma/lib/python3.12/site-packages/torchtnt/utils/version.py:12: UserWarning: pkg_resources is deprecated as an API. See https://setuptools.pypa.io/en/latest/pkg_resources.html. The pkg_resources package is slated for removal as early as 2025-11-30. Refrain from using this package or pin to Setuptools<81.
  import pkg_resources
/home/rezac/bin/miniconda3/envs/ml-uma/lib/python3.12/site-packages/torchtnt/utils/version.py:12: UserWarning: pkg_resources is deprecated as an API. See https://setuptools.pypa.io/en/latest/pkg_resources.html. The pkg_resources package is slated for removal as early as 2025-11-30. Refrain from using this package or pin to Setuptools<81.
  import pkg_resources
/home/rezac/bin/miniconda3/envs/ml-uma/lib/python3.12/site-packages/torchtnt/utils/version.py:12: UserWarning: pkg_resources is deprecated as an API. See https://setuptools.pypa.io/en/latest/pkg_resources.html. The pkg_resources package is slated for removal as early as 2025-11-30. Refrain from using this package or pin to Setuptools<81.
  import pkg_resources
/home/rezac/bin/miniconda3/envs/ml-uma/lib/python3.12/site-packages/torchtnt/utils/version.py:12: UserWarning: pkg_resources is deprecated as an API. See https://setuptools.pypa.io/en/latest/pkg_resources.html. The pkg_resources package is slated for removal as early as 2025-11-30. Refrain from using this package or pin to Setuptools<81.
  import pkg_resources
/home/rezac/bin/miniconda3/envs/ml-uma/lib/python3.12/site-packages/torchtnt/utils/version.py:12: UserWarning: pkg_resources is deprecated as an API. See https://setuptools.pypa.io/en/latest/pkg_resources.html. The pkg_resources package is slated for removal as early as 2025-11-30. Refrain from using this package or pin to Setuptools<81.
  import pkg_resources
/home/rezac/bin/miniconda3/envs/ml-uma/lib/python3.12/site-packages/torchtnt/utils/version.py:12: UserWarning: pkg_resources is deprecated as an API. See https://setuptools.pypa.io/en/latest/pkg_resources.html. The pkg_resources package is slated for removal as early as 2025-11-30. Refrain from using this package or pin to Setuptools<81.
  import pkg_resources
/home/rezac/bin/miniconda3/envs/ml-uma/lib/python3.12/site-packages/torchtnt/utils/version.py:12: UserWarning: pkg_resources is deprecated as an API. See https://setuptools.pypa.io/en/latest/pkg_resources.html. The pkg_resources package is slated for removal as early as 2025-11-30. Refrain from using this package or pin to Setuptools<81.
  import pkg_resources
/home/rezac/bin/miniconda3/envs/ml-uma/lib/python3.12/site-packages/torchtnt/utils/version.py:12: UserWarning: pkg_resources is deprecated as an API. See https://setuptools.pypa.io/en/latest/pkg_resources.html. The pkg_resources package is slated for removal as early as 2025-11-30. Refrain from using this package or pin to Setuptools<81.
  import pkg_resources
/home/rezac/bin/miniconda3/envs/ml-uma/lib/python3.12/site-packages/torchtnt/utils/version.py:12: UserWarning: pkg_resources is deprecated as an API. See https://setuptools.pypa.io/en/latest/pkg_resources.html. The pkg_resources package is slated for removal as early as 2025-11-30. Refrain from using this package or pin to Setuptools<81.
  import pkg_resources
/home/rezac/bin/miniconda3/envs/ml-uma/lib/python3.12/site-packages/torchtnt/utils/version.py:12: UserWarning: pkg_resources is deprecated as an API. See https://setuptools.pypa.io/en/latest/pkg_resources.html. The pkg_resources package is slated for removal as early as 2025-11-30. Refrain from using this package or pin to Setuptools<81.
  import pkg_resources
/home/rezac/bin/miniconda3/envs/ml-uma/lib/python3.12/site-packages/torchtnt/utils/version.py:12: UserWarning: pkg_resources is deprecated as an API. See https://setuptools.pypa.io/en/latest/pkg_resources.html. The pkg_resources package is slated for removal as early as 2025-11-30. Refrain from using this package or pin to Setuptools<81.
  import pkg_resources
/home/rezac/bin/miniconda3/envs/ml-uma/lib/python3.12/site-packages/torchtnt/utils/version.py:12: UserWarning: pkg_resources is deprecated as an API. See https://setuptools.pypa.io/en/latest/pkg_resources.html. The pkg_resources package is slated for removal as early as 2025-11-30. Refrain from using this package or pin to Setuptools<81.
  import pkg_resources
/home/rezac/bin/miniconda3/envs/ml-uma/lib/python3.12/site-packages/torchtnt/utils/version.py:12: UserWarning: pkg_resources is deprecated as an API. See https://setuptools.pypa.io/en/latest/pkg_resources.html. The pkg_resources package is slated for removal as early as 2025-11-30. Refrain from using this package or pin to Setuptools<81.
  import pkg_resources
/home/rezac/bin/miniconda3/envs/ml-uma/lib/python3.12/site-packages/torchtnt/utils/version.py:12: UserWarning: pkg_resources is deprecated as an API. See https://setuptools.pypa.io/en/latest/pkg_resources.html. The pkg_resources package is slated for removal as early as 2025-11-30. Refrain from using this package or pin to Setuptools<81.
  import pkg_resources
/home/rezac/bin/miniconda3/envs/ml-uma/lib/python3.12/site-packages/torchtnt/utils/version.py:12: UserWarning: pkg_resources is deprecated as an API. See https://setuptools.pypa.io/en/latest/pkg_resources.html. The pkg_resources package is slated for removal as early as 2025-11-30. Refrain from using this package or pin to Setuptools<81.
  import pkg_resources
/home/rezac/bin/miniconda3/envs/ml-uma/lib/python3.12/site-packages/torchtnt/utils/version.py:12: UserWarning: pkg_resources is deprecated as an API. See https://setuptools.pypa.io/en/latest/pkg_resources.html. The pkg_resources package is slated for removal as early as 2025-11-30. Refrain from using this package or pin to Setuptools<81.
  import pkg_resources
/home/rezac/bin/miniconda3/envs/ml-uma/lib/python3.12/site-packages/torchtnt/utils/version.py:12: UserWarning: pkg_resources is deprecated as an API. See https://setuptools.pypa.io/en/latest/pkg_resources.html. The pkg_resources package is slated for removal as early as 2025-11-30. Refrain from using this package or pin to Setuptools<81.
  import pkg_resources
/home/rezac/bin/miniconda3/envs/ml-uma/lib/python3.12/site-packages/torchtnt/utils/version.py:12: UserWarning: pkg_resources is deprecated as an API. See https://setuptools.pypa.io/en/latest/pkg_resources.html. The pkg_resources package is slated for removal as early as 2025-11-30. Refrain from using this package or pin to Setuptools<81.
  import pkg_resources
/home/rezac/bin/miniconda3/envs/ml-uma/lib/python3.12/site-packages/torchtnt/utils/version.py:12: UserWarning: pkg_resources is deprecated as an API. See https://setuptools.pypa.io/en/latest/pkg_resources.html. The pkg_resources package is slated for removal as early as 2025-11-30. Refrain from using this package or pin to Setuptools<81.
  import pkg_resources
/home/rezac/bin/miniconda3/envs/ml-uma/lib/python3.12/site-packages/torchtnt/utils/version.py:12: UserWarning: pkg_resources is deprecated as an API. See https://setuptools.pypa.io/en/latest/pkg_resources.html. The pkg_resources package is slated for removal as early as 2025-11-30. Refrain from using this package or pin to Setuptools<81.
  import pkg_resources
/home/rezac/bin/miniconda3/envs/ml-uma/lib/python3.12/site-packages/torchtnt/utils/version.py:12: UserWarning: pkg_resources is deprecated as an API. See https://setuptools.pypa.io/en/latest/pkg_resources.html. The pkg_resources package is slated for removal as early as 2025-11-30. Refrain from using this package or pin to Setuptools<81.
  import pkg_resources
/home/rezac/bin/miniconda3/envs/ml-uma/lib/python3.12/site-packages/torchtnt/utils/version.py:12: UserWarning: pkg_resources is deprecated as an API. See https://setuptools.pypa.io/en/latest/pkg_resources.html. The pkg_resources package is slated for removal as early as 2025-11-30. Refrain from using this package or pin to Setuptools<81.
  import pkg_resources
/home/rezac/bin/miniconda3/envs/ml-uma/lib/python3.12/site-packages/torchtnt/utils/version.py:12: UserWarning: pkg_resources is deprecated as an API. See https://setuptools.pypa.io/en/latest/pkg_resources.html. The pkg_resources package is slated for removal as early as 2025-11-30. Refrain from using this package or pin to Setuptools<81.
  import pkg_resources
/home/rezac/bin/miniconda3/envs/ml-uma/lib/python3.12/site-packages/torchtnt/utils/version.py:12: UserWarning: pkg_resources is deprecated as an API. See https://setuptools.pypa.io/en/latest/pkg_resources.html. The pkg_resources package is slated for removal as early as 2025-11-30. Refrain from using this package or pin to Setuptools<81.
  import pkg_resources
/home/rezac/bin/miniconda3/envs/ml-uma/lib/python3.12/site-packages/torchtnt/utils/version.py:12: UserWarning: pkg_resources is deprecated as an API. See https://setuptools.pypa.io/en/latest/pkg_resources.html. The pkg_resources package is slated for removal as early as 2025-11-30. Refrain from using this package or pin to Setuptools<81.
  import pkg_resources
/home/rezac/bin/miniconda3/envs/ml-uma/lib/python3.12/site-packages/torchtnt/utils/version.py:12: UserWarning: pkg_resources is deprecated as an API. See https://setuptools.pypa.io/en/latest/pkg_resources.html. The pkg_resources package is slated for removal as early as 2025-11-30. Refrain from using this package or pin to Setuptools<81.
  import pkg_resources
/home/rezac/bin/miniconda3/envs/ml-uma/lib/python3.12/site-packages/torchtnt/utils/version.py:12: UserWarning: pkg_resources is deprecated as an API. See https://setuptools.pypa.io/en/latest/pkg_resources.html. The pkg_resources package is slated for removal as early as 2025-11-30. Refrain from using this package or pin to Setuptools<81.
  import pkg_resources
/home/rezac/bin/miniconda3/envs/ml-uma/lib/python3.12/site-packages/torchtnt/utils/version.py:12: UserWarning: pkg_resources is deprecated as an API. See https://setuptools.pypa.io/en/latest/pkg_resources.html. The pkg_resources package is slated for removal as early as 2025-11-30. Refrain from using this package or pin to Setuptools<81.
  import pkg_resources
/home/rezac/bin/miniconda3/envs/ml-uma/lib/python3.12/site-packages/torchtnt/utils/version.py:12: UserWarning: pkg_resources is deprecated as an API. See https://setuptools.pypa.io/en/latest/pkg_resources.html. The pkg_resources package is slated for removal as early as 2025-11-30. Refrain from using this package or pin to Setuptools<81.
  import pkg_resources
/home/rezac/bin/miniconda3/envs/ml-uma/lib/python3.12/site-packages/torchtnt/utils/version.py:12: UserWarning: pkg_resources is deprecated as an API. See https://setuptools.pypa.io/en/latest/pkg_resources.html. The pkg_resources package is slated for removal as early as 2025-11-30. Refrain from using this package or pin to Setuptools<81.
  import pkg_resources
/home/rezac/bin/miniconda3/envs/ml-uma/lib/python3.12/site-packages/torchtnt/utils/version.py:12: UserWarning: pkg_resources is deprecated as an API. See https://setuptools.pypa.io/en/latest/pkg_resources.html. The pkg_resources package is slated for removal as early as 2025-11-30. Refrain from using this package or pin to Setuptools<81.
  import pkg_resources
/home/rezac/bin/miniconda3/envs/ml-uma/lib/python3.12/site-packages/torchtnt/utils/version.py:12: UserWarning: pkg_resources is deprecated as an API. See https://setuptools.pypa.io/en/latest/pkg_resources.html. The pkg_resources package is slated for removal as early as 2025-11-30. Refrain from using this package or pin to Setuptools<81.
  import pkg_resources
/home/rezac/bin/miniconda3/envs/ml-uma/lib/python3.12/site-packages/torchtnt/utils/version.py:12: UserWarning: pkg_resources is deprecated as an API. See https://setuptools.pypa.io/en/latest/pkg_resources.html. The pkg_resources package is slated for removal as early as 2025-11-30. Refrain from using this package or pin to Setuptools<81.
  import pkg_resources
/home/rezac/bin/miniconda3/envs/ml-uma/lib/python3.12/site-packages/torchtnt/utils/version.py:12: UserWarning: pkg_resources is deprecated as an API. See https://setuptools.pypa.io/en/latest/pkg_resources.html. The pkg_resources package is slated for removal as early as 2025-11-30. Refrain from using this package or pin to Setuptools<81.
  import pkg_resources
/home/rezac/bin/miniconda3/envs/ml-uma/lib/python3.12/site-packages/torchtnt/utils/version.py:12: UserWarning: pkg_resources is deprecated as an API. See https://setuptools.pypa.io/en/latest/pkg_resources.html. The pkg_resources package is slated for removal as early as 2025-11-30. Refrain from using this package or pin to Setuptools<81.
  import pkg_resources
/home/rezac/bin/miniconda3/envs/ml-uma/lib/python3.12/site-packages/torchtnt/utils/version.py:12: UserWarning: pkg_resources is deprecated as an API. See https://setuptools.pypa.io/en/latest/pkg_resources.html. The pkg_resources package is slated for removal as early as 2025-11-30. Refrain from using this package or pin to Setuptools<81.
  import pkg_resources
/home/rezac/bin/miniconda3/envs/ml-uma/lib/python3.12/site-packages/torchtnt/utils/version.py:12: UserWarning: pkg_resources is deprecated as an API. See https://setuptools.pypa.io/en/latest/pkg_resources.html. The pkg_resources package is slated for removal as early as 2025-11-30. Refrain from using this package or pin to Setuptools<81.
  import pkg_resources
/home/rezac/bin/miniconda3/envs/ml-uma/lib/python3.12/site-packages/torchtnt/utils/version.py:12: UserWarning: pkg_resources is deprecated as an API. See https://setuptools.pypa.io/en/latest/pkg_resources.html. The pkg_resources package is slated for removal as early as 2025-11-30. Refrain from using this package or pin to Setuptools<81.
  import pkg_resources
/home/rezac/bin/miniconda3/envs/ml-uma/lib/python3.12/site-packages/torchtnt/utils/version.py:12: UserWarning: pkg_resources is deprecated as an API. See https://setuptools.pypa.io/en/latest/pkg_resources.html. The pkg_resources package is slated for removal as early as 2025-11-30. Refrain from using this package or pin to Setuptools<81.
  import pkg_resources
/home/rezac/bin/miniconda3/envs/ml-uma/lib/python3.12/site-packages/torchtnt/utils/version.py:12: UserWarning: pkg_resources is deprecated as an API. See https://setuptools.pypa.io/en/latest/pkg_resources.html. The pkg_resources package is slated for removal as early as 2025-11-30. Refrain from using this package or pin to Setuptools<81.
  import pkg_resources
/home/rezac/bin/miniconda3/envs/ml-uma/lib/python3.12/site-packages/torchtnt/utils/version.py:12: UserWarning: pkg_resources is deprecated as an API. See https://setuptools.pypa.io/en/latest/pkg_resources.html. The pkg_resources package is slated for removal as early as 2025-11-30. Refrain from using this package or pin to Setuptools<81.
  import pkg_resources
/home/rezac/bin/miniconda3/envs/ml-uma/lib/python3.12/site-packages/torchtnt/utils/version.py:12: UserWarning: pkg_resources is deprecated as an API. See https://setuptools.pypa.io/en/latest/pkg_resources.html. The pkg_resources package is slated for removal as early as 2025-11-30. Refrain from using this package or pin to Setuptools<81.
  import pkg_resources
/home/rezac/bin/miniconda3/envs/ml-uma/lib/python3.12/site-packages/torchtnt/utils/version.py:12: UserWarning: pkg_resources is deprecated as an API. See https://setuptools.pypa.io/en/latest/pkg_resources.html. The pkg_resources package is slated for removal as early as 2025-11-30. Refrain from using this package or pin to Setuptools<81.
  import pkg_resources
/home/rezac/bin/miniconda3/envs/ml-uma/lib/python3.12/site-packages/torchtnt/utils/version.py:12: UserWarning: pkg_resources is deprecated as an API. See https://setuptools.pypa.io/en/latest/pkg_resources.html. The pkg_resources package is slated for removal as early as 2025-11-30. Refrain from using this package or pin to Setuptools<81.
  import pkg_resources
/home/rezac/bin/miniconda3/envs/ml-uma/lib/python3.12/site-packages/torchtnt/utils/version.py:12: UserWarning: pkg_resources is deprecated as an API. See https://setuptools.pypa.io/en/latest/pkg_resources.html. The pkg_resources package is slated for removal as early as 2025-11-30. Refrain from using this package or pin to Setuptools<81.
  import pkg_resources
/home/rezac/bin/miniconda3/envs/ml-uma/lib/python3.12/site-packages/torchtnt/utils/version.py:12: UserWarning: pkg_resources is deprecated as an API. See https://setuptools.pypa.io/en/latest/pkg_resources.html. The pkg_resources package is slated for removal as early as 2025-11-30. Refrain from using this package or pin to Setuptools<81.
  import pkg_resources
/home/rezac/bin/miniconda3/envs/ml-uma/lib/python3.12/site-packages/torchtnt/utils/version.py:12: UserWarning: pkg_resources is deprecated as an API. See https://setuptools.pypa.io/en/latest/pkg_resources.html. The pkg_resources package is slated for removal as early as 2025-11-30. Refrain from using this package or pin to Setuptools<81.
  import pkg_resources
/home/rezac/bin/miniconda3/envs/ml-uma/lib/python3.12/site-packages/torchtnt/utils/version.py:12: UserWarning: pkg_resources is deprecated as an API. See https://setuptools.pypa.io/en/latest/pkg_resources.html. The pkg_resources package is slated for removal as early as 2025-11-30. Refrain from using this package or pin to Setuptools<81.
  import pkg_resources
/home/rezac/bin/miniconda3/envs/ml-uma/lib/python3.12/site-packages/torchtnt/utils/version.py:12: UserWarning: pkg_resources is deprecated as an API. See https://setuptools.pypa.io/en/latest/pkg_resources.html. The pkg_resources package is slated for removal as early as 2025-11-30. Refrain from using this package or pin to Setuptools<81.
  import pkg_resources
/home/rezac/bin/miniconda3/envs/ml-uma/lib/python3.12/site-packages/torchtnt/utils/version.py:12: UserWarning: pkg_resources is deprecated as an API. See https://setuptools.pypa.io/en/latest/pkg_resources.html. The pkg_resources package is slated for removal as early as 2025-11-30. Refrain from using this package or pin to Setuptools<81.
  import pkg_resources
/home/rezac/bin/miniconda3/envs/ml-uma/lib/python3.12/site-packages/torchtnt/utils/version.py:12: UserWarning: pkg_resources is deprecated as an API. See https://setuptools.pypa.io/en/latest/pkg_resources.html. The pkg_resources package is slated for removal as early as 2025-11-30. Refrain from using this package or pin to Setuptools<81.
  import pkg_resources
/home/rezac/bin/miniconda3/envs/ml-uma/lib/python3.12/site-packages/torchtnt/utils/version.py:12: UserWarning: pkg_resources is deprecated as an API. See https://setuptools.pypa.io/en/latest/pkg_resources.html. The pkg_resources package is slated for removal as early as 2025-11-30. Refrain from using this package or pin to Setuptools<81.
  import pkg_resources
/home/rezac/bin/miniconda3/envs/ml-uma/lib/python3.12/site-packages/torchtnt/utils/version.py:12: UserWarning: pkg_resources is deprecated as an API. See https://setuptools.pypa.io/en/latest/pkg_resources.html. The pkg_resources package is slated for removal as early as 2025-11-30. Refrain from using this package or pin to Setuptools<81.
  import pkg_resources
/home/rezac/bin/miniconda3/envs/ml-uma/lib/python3.12/site-packages/torchtnt/utils/version.py:12: UserWarning: pkg_resources is deprecated as an API. See https://setuptools.pypa.io/en/latest/pkg_resources.html. The pkg_resources package is slated for removal as early as 2025-11-30. Refrain from using this package or pin to Setuptools<81.
  import pkg_resources
/home/rezac/bin/miniconda3/envs/ml-uma/lib/python3.12/site-packages/torchtnt/utils/version.py:12: UserWarning: pkg_resources is deprecated as an API. See https://setuptools.pypa.io/en/latest/pkg_resources.html. The pkg_resources package is slated for removal as early as 2025-11-30. Refrain from using this package or pin to Setuptools<81.
  import pkg_resources
/home/rezac/bin/miniconda3/envs/ml-uma/lib/python3.12/site-packages/torchtnt/utils/version.py:12: UserWarning: pkg_resources is deprecated as an API. See https://setuptools.pypa.io/en/latest/pkg_resources.html. The pkg_resources package is slated for removal as early as 2025-11-30. Refrain from using this package or pin to Setuptools<81.
  import pkg_resources
/home/rezac/bin/miniconda3/envs/ml-uma/lib/python3.12/site-packages/torchtnt/utils/version.py:12: UserWarning: pkg_resources is deprecated as an API. See https://setuptools.pypa.io/en/latest/pkg_resources.html. The pkg_resources package is slated for removal as early as 2025-11-30. Refrain from using this package or pin to Setuptools<81.
  import pkg_resources
/home/rezac/bin/miniconda3/envs/ml-uma/lib/python3.12/site-packages/torchtnt/utils/version.py:12: UserWarning: pkg_resources is deprecated as an API. See https://setuptools.pypa.io/en/latest/pkg_resources.html. The pkg_resources package is slated for removal as early as 2025-11-30. Refrain from using this package or pin to Setuptools<81.
  import pkg_resources
/home/rezac/bin/miniconda3/envs/ml-uma/lib/python3.12/site-packages/torchtnt/utils/version.py:12: UserWarning: pkg_resources is deprecated as an API. See https://setuptools.pypa.io/en/latest/pkg_resources.html. The pkg_resources package is slated for removal as early as 2025-11-30. Refrain from using this package or pin to Setuptools<81.
  import pkg_resources
/home/rezac/bin/miniconda3/envs/ml-uma/lib/python3.12/site-packages/torchtnt/utils/version.py:12: UserWarning: pkg_resources is deprecated as an API. See https://setuptools.pypa.io/en/latest/pkg_resources.html. The pkg_resources package is slated for removal as early as 2025-11-30. Refrain from using this package or pin to Setuptools<81.
  import pkg_resources
/home/rezac/bin/miniconda3/envs/ml-uma/lib/python3.12/site-packages/torchtnt/utils/version.py:12: UserWarning: pkg_resources is deprecated as an API. See https://setuptools.pypa.io/en/latest/pkg_resources.html. The pkg_resources package is slated for removal as early as 2025-11-30. Refrain from using this package or pin to Setuptools<81.
  import pkg_resources
/home/rezac/bin/miniconda3/envs/ml-uma/lib/python3.12/site-packages/torchtnt/utils/version.py:12: UserWarning: pkg_resources is deprecated as an API. See https://setuptools.pypa.io/en/latest/pkg_resources.html. The pkg_resources package is slated for removal as early as 2025-11-30. Refrain from using this package or pin to Setuptools<81.
  import pkg_resources
/home/rezac/bin/miniconda3/envs/ml-uma/lib/python3.12/site-packages/torchtnt/utils/version.py:12: UserWarning: pkg_resources is deprecated as an API. See https://setuptools.pypa.io/en/latest/pkg_resources.html. The pkg_resources package is slated for removal as early as 2025-11-30. Refrain from using this package or pin to Setuptools<81.
  import pkg_resources
/home/rezac/bin/miniconda3/envs/ml-uma/lib/python3.12/site-packages/torchtnt/utils/version.py:12: UserWarning: pkg_resources is deprecated as an API. See https://setuptools.pypa.io/en/latest/pkg_resources.html. The pkg_resources package is slated for removal as early as 2025-11-30. Refrain from using this package or pin to Setuptools<81.
  import pkg_resources
/home/rezac/bin/miniconda3/envs/ml-uma/lib/python3.12/site-packages/torchtnt/utils/version.py:12: UserWarning: pkg_resources is deprecated as an API. See https://setuptools.pypa.io/en/latest/pkg_resources.html. The pkg_resources package is slated for removal as early as 2025-11-30. Refrain from using this package or pin to Setuptools<81.
  import pkg_resources
/home/rezac/bin/miniconda3/envs/ml-uma/lib/python3.12/site-packages/torchtnt/utils/version.py:12: UserWarning: pkg_resources is deprecated as an API. See https://setuptools.pypa.io/en/latest/pkg_resources.html. The pkg_resources package is slated for removal as early as 2025-11-30. Refrain from using this package or pin to Setuptools<81.
  import pkg_resources
/home/rezac/bin/miniconda3/envs/ml-uma/lib/python3.12/site-packages/torchtnt/utils/version.py:12: UserWarning: pkg_resources is deprecated as an API. See https://setuptools.pypa.io/en/latest/pkg_resources.html. The pkg_resources package is slated for removal as early as 2025-11-30. Refrain from using this package or pin to Setuptools<81.
  import pkg_resources
/home/rezac/bin/miniconda3/envs/ml-uma/lib/python3.12/site-packages/torchtnt/utils/version.py:12: UserWarning: pkg_resources is deprecated as an API. See https://setuptools.pypa.io/en/latest/pkg_resources.html. The pkg_resources package is slated for removal as early as 2025-11-30. Refrain from using this package or pin to Setuptools<81.
  import pkg_resources
/home/rezac/bin/miniconda3/envs/ml-uma/lib/python3.12/site-packages/torchtnt/utils/version.py:12: UserWarning: pkg_resources is deprecated as an API. See https://setuptools.pypa.io/en/latest/pkg_resources.html. The pkg_resources package is slated for removal as early as 2025-11-30. Refrain from using this package or pin to Setuptools<81.
  import pkg_resources
/home/rezac/bin/miniconda3/envs/ml-uma/lib/python3.12/site-packages/torchtnt/utils/version.py:12: UserWarning: pkg_resources is deprecated as an API. See https://setuptools.pypa.io/en/latest/pkg_resources.html. The pkg_resources package is slated for removal as early as 2025-11-30. Refrain from using this package or pin to Setuptools<81.
  import pkg_resources
/home/rezac/bin/miniconda3/envs/ml-uma/lib/python3.12/site-packages/torchtnt/utils/version.py:12: UserWarning: pkg_resources is deprecated as an API. See https://setuptools.pypa.io/en/latest/pkg_resources.html. The pkg_resources package is slated for removal as early as 2025-11-30. Refrain from using this package or pin to Setuptools<81.
  import pkg_resources
/home/rezac/bin/miniconda3/envs/ml-uma/lib/python3.12/site-packages/torchtnt/utils/version.py:12: UserWarning: pkg_resources is deprecated as an API. See https://setuptools.pypa.io/en/latest/pkg_resources.html. The pkg_resources package is slated for removal as early as 2025-11-30. Refrain from using this package or pin to Setuptools<81.
  import pkg_resources
/home/rezac/bin/miniconda3/envs/ml-uma/lib/python3.12/site-packages/torchtnt/utils/version.py:12: UserWarning: pkg_resources is deprecated as an API. See https://setuptools.pypa.io/en/latest/pkg_resources.html. The pkg_resources package is slated for removal as early as 2025-11-30. Refrain from using this package or pin to Setuptools<81.
  import pkg_resources
/home/rezac/bin/miniconda3/envs/ml-uma/lib/python3.12/site-packages/torchtnt/utils/version.py:12: UserWarning: pkg_resources is deprecated as an API. See https://setuptools.pypa.io/en/latest/pkg_resources.html. The pkg_resources package is slated for removal as early as 2025-11-30. Refrain from using this package or pin to Setuptools<81.
  import pkg_resources
/home/rezac/bin/miniconda3/envs/ml-uma/lib/python3.12/site-packages/torchtnt/utils/version.py:12: UserWarning: pkg_resources is deprecated as an API. See https://setuptools.pypa.io/en/latest/pkg_resources.html. The pkg_resources package is slated for removal as early as 2025-11-30. Refrain from using this package or pin to Setuptools<81.
  import pkg_resources
/home/rezac/bin/miniconda3/envs/ml-uma/lib/python3.12/site-packages/torchtnt/utils/version.py:12: UserWarning: pkg_resources is deprecated as an API. See https://setuptools.pypa.io/en/latest/pkg_resources.html. The pkg_resources package is slated for removal as early as 2025-11-30. Refrain from using this package or pin to Setuptools<81.
  import pkg_resources
/home/rezac/bin/miniconda3/envs/ml-uma/lib/python3.12/site-packages/torchtnt/utils/version.py:12: UserWarning: pkg_resources is deprecated as an API. See https://setuptools.pypa.io/en/latest/pkg_resources.html. The pkg_resources package is slated for removal as early as 2025-11-30. Refrain from using this package or pin to Setuptools<81.
  import pkg_resources
/home/rezac/bin/miniconda3/envs/ml-uma/lib/python3.12/site-packages/torchtnt/utils/version.py:12: UserWarning: pkg_resources is deprecated as an API. See https://setuptools.pypa.io/en/latest/pkg_resources.html. The pkg_resources package is slated for removal as early as 2025-11-30. Refrain from using this package or pin to Setuptools<81.
  import pkg_resources
/home/rezac/bin/miniconda3/envs/ml-uma/lib/python3.12/site-packages/torchtnt/utils/version.py:12: UserWarning: pkg_resources is deprecated as an API. See https://setuptools.pypa.io/en/latest/pkg_resources.html. The pkg_resources package is slated for removal as early as 2025-11-30. Refrain from using this package or pin to Setuptools<81.
  import pkg_resources
/home/rezac/bin/miniconda3/envs/ml-uma/lib/python3.12/site-packages/torchtnt/utils/version.py:12: UserWarning: pkg_resources is deprecated as an API. See https://setuptools.pypa.io/en/latest/pkg_resources.html. The pkg_resources package is slated for removal as early as 2025-11-30. Refrain from using this package or pin to Setuptools<81.
  import pkg_resources
/home/rezac/bin/miniconda3/envs/ml-uma/lib/python3.12/site-packages/torchtnt/utils/version.py:12: UserWarning: pkg_resources is deprecated as an API. See https://setuptools.pypa.io/en/latest/pkg_resources.html. The pkg_resources package is slated for removal as early as 2025-11-30. Refrain from using this package or pin to Setuptools<81.
  import pkg_resources
/home/rezac/bin/miniconda3/envs/ml-uma/lib/python3.12/site-packages/torchtnt/utils/version.py:12: UserWarning: pkg_resources is deprecated as an API. See https://setuptools.pypa.io/en/latest/pkg_resources.html. The pkg_resources package is slated for removal as early as 2025-11-30. Refrain from using this package or pin to Setuptools<81.
  import pkg_resources
/home/rezac/bin/miniconda3/envs/ml-uma/lib/python3.12/site-packages/torchtnt/utils/version.py:12: UserWarning: pkg_resources is deprecated as an API. See https://setuptools.pypa.io/en/latest/pkg_resources.html. The pkg_resources package is slated for removal as early as 2025-11-30. Refrain from using this package or pin to Setuptools<81.
  import pkg_resources
/home/rezac/bin/miniconda3/envs/ml-uma/lib/python3.12/site-packages/torchtnt/utils/version.py:12: UserWarning: pkg_resources is deprecated as an API. See https://setuptools.pypa.io/en/latest/pkg_resources.html. The pkg_resources package is slated for removal as early as 2025-11-30. Refrain from using this package or pin to Setuptools<81.
  import pkg_resources
/home/rezac/bin/miniconda3/envs/ml-uma/lib/python3.12/site-packages/torchtnt/utils/version.py:12: UserWarning: pkg_resources is deprecated as an API. See https://setuptools.pypa.io/en/latest/pkg_resources.html. The pkg_resources package is slated for removal as early as 2025-11-30. Refrain from using this package or pin to Setuptools<81.
  import pkg_resources
/home/rezac/bin/miniconda3/envs/ml-uma/lib/python3.12/site-packages/torchtnt/utils/version.py:12: UserWarning: pkg_resources is deprecated as an API. See https://setuptools.pypa.io/en/latest/pkg_resources.html. The pkg_resources package is slated for removal as early as 2025-11-30. Refrain from using this package or pin to Setuptools<81.
  import pkg_resources
/home/rezac/bin/miniconda3/envs/ml-uma/lib/python3.12/site-packages/torchtnt/utils/version.py:12: UserWarning: pkg_resources is deprecated as an API. See https://setuptools.pypa.io/en/latest/pkg_resources.html. The pkg_resources package is slated for removal as early as 2025-11-30. Refrain from using this package or pin to Setuptools<81.
  import pkg_resources
/home/rezac/bin/miniconda3/envs/ml-uma/lib/python3.12/site-packages/torchtnt/utils/version.py:12: UserWarning: pkg_resources is deprecated as an API. See https://setuptools.pypa.io/en/latest/pkg_resources.html. The pkg_resources package is slated for removal as early as 2025-11-30. Refrain from using this package or pin to Setuptools<81.
  import pkg_resources
/home/rezac/bin/miniconda3/envs/ml-uma/lib/python3.12/site-packages/torchtnt/utils/version.py:12: UserWarning: pkg_resources is deprecated as an API. See https://setuptools.pypa.io/en/latest/pkg_resources.html. The pkg_resources package is slated for removal as early as 2025-11-30. Refrain from using this package or pin to Setuptools<81.
  import pkg_resources
/home/rezac/bin/miniconda3/envs/ml-uma/lib/python3.12/site-packages/torchtnt/utils/version.py:12: UserWarning: pkg_resources is deprecated as an API. See https://setuptools.pypa.io/en/latest/pkg_resources.html. The pkg_resources package is slated for removal as early as 2025-11-30. Refrain from using this package or pin to Setuptools<81.
  import pkg_resources
/home/rezac/bin/miniconda3/envs/ml-uma/lib/python3.12/site-packages/torchtnt/utils/version.py:12: UserWarning: pkg_resources is deprecated as an API. See https://setuptools.pypa.io/en/latest/pkg_resources.html. The pkg_resources package is slated for removal as early as 2025-11-30. Refrain from using this package or pin to Setuptools<81.
  import pkg_resources
/home/rezac/bin/miniconda3/envs/ml-uma/lib/python3.12/site-packages/torchtnt/utils/version.py:12: UserWarning: pkg_resources is deprecated as an API. See https://setuptools.pypa.io/en/latest/pkg_resources.html. The pkg_resources package is slated for removal as early as 2025-11-30. Refrain from using this package or pin to Setuptools<81.
  import pkg_resources
/home/rezac/bin/miniconda3/envs/ml-uma/lib/python3.12/site-packages/torchtnt/utils/version.py:12: UserWarning: pkg_resources is deprecated as an API. See https://setuptools.pypa.io/en/latest/pkg_resources.html. The pkg_resources package is slated for removal as early as 2025-11-30. Refrain from using this package or pin to Setuptools<81.
  import pkg_resources
/home/rezac/bin/miniconda3/envs/ml-uma/lib/python3.12/site-packages/torchtnt/utils/version.py:12: UserWarning: pkg_resources is deprecated as an API. See https://setuptools.pypa.io/en/latest/pkg_resources.html. The pkg_resources package is slated for removal as early as 2025-11-30. Refrain from using this package or pin to Setuptools<81.
  import pkg_resources
/home/rezac/bin/miniconda3/envs/ml-uma/lib/python3.12/site-packages/torchtnt/utils/version.py:12: UserWarning: pkg_resources is deprecated as an API. See https://setuptools.pypa.io/en/latest/pkg_resources.html. The pkg_resources package is slated for removal as early as 2025-11-30. Refrain from using this package or pin to Setuptools<81.
  import pkg_resources
/home/rezac/bin/miniconda3/envs/ml-uma/lib/python3.12/site-packages/torchtnt/utils/version.py:12: UserWarning: pkg_resources is deprecated as an API. See https://setuptools.pypa.io/en/latest/pkg_resources.html. The pkg_resources package is slated for removal as early as 2025-11-30. Refrain from using this package or pin to Setuptools<81.
  import pkg_resources
/home/rezac/bin/miniconda3/envs/ml-uma/lib/python3.12/site-packages/torchtnt/utils/version.py:12: UserWarning: pkg_resources is deprecated as an API. See https://setuptools.pypa.io/en/latest/pkg_resources.html. The pkg_resources package is slated for removal as early as 2025-11-30. Refrain from using this package or pin to Setuptools<81.
  import pkg_resources
/home/rezac/bin/miniconda3/envs/ml-uma/lib/python3.12/site-packages/torchtnt/utils/version.py:12: UserWarning: pkg_resources is deprecated as an API. See https://setuptools.pypa.io/en/latest/pkg_resources.html. The pkg_resources package is slated for removal as early as 2025-11-30. Refrain from using this package or pin to Setuptools<81.
  import pkg_resources
/home/rezac/bin/miniconda3/envs/ml-uma/lib/python3.12/site-packages/torchtnt/utils/version.py:12: UserWarning: pkg_resources is deprecated as an API. See https://setuptools.pypa.io/en/latest/pkg_resources.html. The pkg_resources package is slated for removal as early as 2025-11-30. Refrain from using this package or pin to Setuptools<81.
  import pkg_resources
/home/rezac/bin/miniconda3/envs/ml-uma/lib/python3.12/site-packages/torchtnt/utils/version.py:12: UserWarning: pkg_resources is deprecated as an API. See https://setuptools.pypa.io/en/latest/pkg_resources.html. The pkg_resources package is slated for removal as early as 2025-11-30. Refrain from using this package or pin to Setuptools<81.
  import pkg_resources
/home/rezac/bin/miniconda3/envs/ml-uma/lib/python3.12/site-packages/torchtnt/utils/version.py:12: UserWarning: pkg_resources is deprecated as an API. See https://setuptools.pypa.io/en/latest/pkg_resources.html. The pkg_resources package is slated for removal as early as 2025-11-30. Refrain from using this package or pin to Setuptools<81.
  import pkg_resources
/home/rezac/bin/miniconda3/envs/ml-uma/lib/python3.12/site-packages/torchtnt/utils/version.py:12: UserWarning: pkg_resources is deprecated as an API. See https://setuptools.pypa.io/en/latest/pkg_resources.html. The pkg_resources package is slated for removal as early as 2025-11-30. Refrain from using this package or pin to Setuptools<81.
  import pkg_resources
/home/rezac/bin/miniconda3/envs/ml-uma/lib/python3.12/site-packages/torchtnt/utils/version.py:12: UserWarning: pkg_resources is deprecated as an API. See https://setuptools.pypa.io/en/latest/pkg_resources.html. The pkg_resources package is slated for removal as early as 2025-11-30. Refrain from using this package or pin to Setuptools<81.
  import pkg_resources
/home/rezac/bin/miniconda3/envs/ml-uma/lib/python3.12/site-packages/torchtnt/utils/version.py:12: UserWarning: pkg_resources is deprecated as an API. See https://setuptools.pypa.io/en/latest/pkg_resources.html. The pkg_resources package is slated for removal as early as 2025-11-30. Refrain from using this package or pin to Setuptools<81.
  import pkg_resources
/home/rezac/bin/miniconda3/envs/ml-uma/lib/python3.12/site-packages/torchtnt/utils/version.py:12: UserWarning: pkg_resources is deprecated as an API. See https://setuptools.pypa.io/en/latest/pkg_resources.html. The pkg_resources package is slated for removal as early as 2025-11-30. Refrain from using this package or pin to Setuptools<81.
  import pkg_resources
/home/rezac/bin/miniconda3/envs/ml-uma/lib/python3.12/site-packages/torchtnt/utils/version.py:12: UserWarning: pkg_resources is deprecated as an API. See https://setuptools.pypa.io/en/latest/pkg_resources.html. The pkg_resources package is slated for removal as early as 2025-11-30. Refrain from using this package or pin to Setuptools<81.
  import pkg_resources
/home/rezac/bin/miniconda3/envs/ml-uma/lib/python3.12/site-packages/torchtnt/utils/version.py:12: UserWarning: pkg_resources is deprecated as an API. See https://setuptools.pypa.io/en/latest/pkg_resources.html. The pkg_resources package is slated for removal as early as 2025-11-30. Refrain from using this package or pin to Setuptools<81.
  import pkg_resources
/home/rezac/bin/miniconda3/envs/ml-uma/lib/python3.12/site-packages/torchtnt/utils/version.py:12: UserWarning: pkg_resources is deprecated as an API. See https://setuptools.pypa.io/en/latest/pkg_resources.html. The pkg_resources package is slated for removal as early as 2025-11-30. Refrain from using this package or pin to Setuptools<81.
  import pkg_resources
/home/rezac/bin/miniconda3/envs/ml-uma/lib/python3.12/site-packages/torchtnt/utils/version.py:12: UserWarning: pkg_resources is deprecated as an API. See https://setuptools.pypa.io/en/latest/pkg_resources.html. The pkg_resources package is slated for removal as early as 2025-11-30. Refrain from using this package or pin to Setuptools<81.
  import pkg_resources
/home/rezac/bin/miniconda3/envs/ml-uma/lib/python3.12/site-packages/torchtnt/utils/version.py:12: UserWarning: pkg_resources is deprecated as an API. See https://setuptools.pypa.io/en/latest/pkg_resources.html. The pkg_resources package is slated for removal as early as 2025-11-30. Refrain from using this package or pin to Setuptools<81.
  import pkg_resources
/home/rezac/bin/miniconda3/envs/ml-uma/lib/python3.12/site-packages/torchtnt/utils/version.py:12: UserWarning: pkg_resources is deprecated as an API. See https://setuptools.pypa.io/en/latest/pkg_resources.html. The pkg_resources package is slated for removal as early as 2025-11-30. Refrain from using this package or pin to Setuptools<81.
  import pkg_resources
/home/rezac/bin/miniconda3/envs/ml-uma/lib/python3.12/site-packages/torchtnt/utils/version.py:12: UserWarning: pkg_resources is deprecated as an API. See https://setuptools.pypa.io/en/latest/pkg_resources.html. The pkg_resources package is slated for removal as early as 2025-11-30. Refrain from using this package or pin to Setuptools<81.
  import pkg_resources
/home/rezac/bin/miniconda3/envs/ml-uma/lib/python3.12/site-packages/torchtnt/utils/version.py:12: UserWarning: pkg_resources is deprecated as an API. See https://setuptools.pypa.io/en/latest/pkg_resources.html. The pkg_resources package is slated for removal as early as 2025-11-30. Refrain from using this package or pin to Setuptools<81.
  import pkg_resources
/home/rezac/bin/miniconda3/envs/ml-uma/lib/python3.12/site-packages/torchtnt/utils/version.py:12: UserWarning: pkg_resources is deprecated as an API. See https://setuptools.pypa.io/en/latest/pkg_resources.html. The pkg_resources package is slated for removal as early as 2025-11-30. Refrain from using this package or pin to Setuptools<81.
  import pkg_resources
/home/rezac/bin/miniconda3/envs/ml-uma/lib/python3.12/site-packages/torchtnt/utils/version.py:12: UserWarning: pkg_resources is deprecated as an API. See https://setuptools.pypa.io/en/latest/pkg_resources.html. The pkg_resources package is slated for removal as early as 2025-11-30. Refrain from using this package or pin to Setuptools<81.
  import pkg_resources
/home/rezac/bin/miniconda3/envs/ml-uma/lib/python3.12/site-packages/torchtnt/utils/version.py:12: UserWarning: pkg_resources is deprecated as an API. See https://setuptools.pypa.io/en/latest/pkg_resources.html. The pkg_resources package is slated for removal as early as 2025-11-30. Refrain from using this package or pin to Setuptools<81.
  import pkg_resources
/home/rezac/bin/miniconda3/envs/ml-uma/lib/python3.12/site-packages/torchtnt/utils/version.py:12: UserWarning: pkg_resources is deprecated as an API. See https://setuptools.pypa.io/en/latest/pkg_resources.html. The pkg_resources package is slated for removal as early as 2025-11-30. Refrain from using this package or pin to Setuptools<81.
  import pkg_resources
/home/rezac/bin/miniconda3/envs/ml-uma/lib/python3.12/site-packages/torchtnt/utils/version.py:12: UserWarning: pkg_resources is deprecated as an API. See https://setuptools.pypa.io/en/latest/pkg_resources.html. The pkg_resources package is slated for removal as early as 2025-11-30. Refrain from using this package or pin to Setuptools<81.
  import pkg_resources
/home/rezac/bin/miniconda3/envs/ml-uma/lib/python3.12/site-packages/torchtnt/utils/version.py:12: UserWarning: pkg_resources is deprecated as an API. See https://setuptools.pypa.io/en/latest/pkg_resources.html. The pkg_resources package is slated for removal as early as 2025-11-30. Refrain from using this package or pin to Setuptools<81.
  import pkg_resources
/home/rezac/bin/miniconda3/envs/ml-uma/lib/python3.12/site-packages/torchtnt/utils/version.py:12: UserWarning: pkg_resources is deprecated as an API. See https://setuptools.pypa.io/en/latest/pkg_resources.html. The pkg_resources package is slated for removal as early as 2025-11-30. Refrain from using this package or pin to Setuptools<81.
  import pkg_resources
/home/rezac/bin/miniconda3/envs/ml-uma/lib/python3.12/site-packages/torchtnt/utils/version.py:12: UserWarning: pkg_resources is deprecated as an API. See https://setuptools.pypa.io/en/latest/pkg_resources.html. The pkg_resources package is slated for removal as early as 2025-11-30. Refrain from using this package or pin to Setuptools<81.
  import pkg_resources
/home/rezac/bin/miniconda3/envs/ml-uma/lib/python3.12/site-packages/torchtnt/utils/version.py:12: UserWarning: pkg_resources is deprecated as an API. See https://setuptools.pypa.io/en/latest/pkg_resources.html. The pkg_resources package is slated for removal as early as 2025-11-30. Refrain from using this package or pin to Setuptools<81.
  import pkg_resources
/home/rezac/bin/miniconda3/envs/ml-uma/lib/python3.12/site-packages/torchtnt/utils/version.py:12: UserWarning: pkg_resources is deprecated as an API. See https://setuptools.pypa.io/en/latest/pkg_resources.html. The pkg_resources package is slated for removal as early as 2025-11-30. Refrain from using this package or pin to Setuptools<81.
  import pkg_resources
/home/rezac/bin/miniconda3/envs/ml-uma/lib/python3.12/site-packages/torchtnt/utils/version.py:12: UserWarning: pkg_resources is deprecated as an API. See https://setuptools.pypa.io/en/latest/pkg_resources.html. The pkg_resources package is slated for removal as early as 2025-11-30. Refrain from using this package or pin to Setuptools<81.
  import pkg_resources
/home/rezac/bin/miniconda3/envs/ml-uma/lib/python3.12/site-packages/torchtnt/utils/version.py:12: UserWarning: pkg_resources is deprecated as an API. See https://setuptools.pypa.io/en/latest/pkg_resources.html. The pkg_resources package is slated for removal as early as 2025-11-30. Refrain from using this package or pin to Setuptools<81.
  import pkg_resources
/home/rezac/bin/miniconda3/envs/ml-uma/lib/python3.12/site-packages/torchtnt/utils/version.py:12: UserWarning: pkg_resources is deprecated as an API. See https://setuptools.pypa.io/en/latest/pkg_resources.html. The pkg_resources package is slated for removal as early as 2025-11-30. Refrain from using this package or pin to Setuptools<81.
  import pkg_resources
/home/rezac/bin/miniconda3/envs/ml-uma/lib/python3.12/site-packages/torchtnt/utils/version.py:12: UserWarning: pkg_resources is deprecated as an API. See https://setuptools.pypa.io/en/latest/pkg_resources.html. The pkg_resources package is slated for removal as early as 2025-11-30. Refrain from using this package or pin to Setuptools<81.
  import pkg_resources
/home/rezac/bin/miniconda3/envs/ml-uma/lib/python3.12/site-packages/torchtnt/utils/version.py:12: UserWarning: pkg_resources is deprecated as an API. See https://setuptools.pypa.io/en/latest/pkg_resources.html. The pkg_resources package is slated for removal as early as 2025-11-30. Refrain from using this package or pin to Setuptools<81.
  import pkg_resources
/home/rezac/bin/miniconda3/envs/ml-uma/lib/python3.12/site-packages/torchtnt/utils/version.py:12: UserWarning: pkg_resources is deprecated as an API. See https://setuptools.pypa.io/en/latest/pkg_resources.html. The pkg_resources package is slated for removal as early as 2025-11-30. Refrain from using this package or pin to Setuptools<81.
  import pkg_resources
/home/rezac/bin/miniconda3/envs/ml-uma/lib/python3.12/site-packages/torchtnt/utils/version.py:12: UserWarning: pkg_resources is deprecated as an API. See https://setuptools.pypa.io/en/latest/pkg_resources.html. The pkg_resources package is slated for removal as early as 2025-11-30. Refrain from using this package or pin to Setuptools<81.
  import pkg_resources
/home/rezac/bin/miniconda3/envs/ml-uma/lib/python3.12/site-packages/torchtnt/utils/version.py:12: UserWarning: pkg_resources is deprecated as an API. See https://setuptools.pypa.io/en/latest/pkg_resources.html. The pkg_resources package is slated for removal as early as 2025-11-30. Refrain from using this package or pin to Setuptools<81.
  import pkg_resources
/home/rezac/bin/miniconda3/envs/ml-uma/lib/python3.12/site-packages/torchtnt/utils/version.py:12: UserWarning: pkg_resources is deprecated as an API. See https://setuptools.pypa.io/en/latest/pkg_resources.html. The pkg_resources package is slated for removal as early as 2025-11-30. Refrain from using this package or pin to Setuptools<81.
  import pkg_resources
/home/rezac/bin/miniconda3/envs/ml-uma/lib/python3.12/site-packages/torchtnt/utils/version.py:12: UserWarning: pkg_resources is deprecated as an API. See https://setuptools.pypa.io/en/latest/pkg_resources.html. The pkg_resources package is slated for removal as early as 2025-11-30. Refrain from using this package or pin to Setuptools<81.
  import pkg_resources
/home/rezac/bin/miniconda3/envs/ml-uma/lib/python3.12/site-packages/torchtnt/utils/version.py:12: UserWarning: pkg_resources is deprecated as an API. See https://setuptools.pypa.io/en/latest/pkg_resources.html. The pkg_resources package is slated for removal as early as 2025-11-30. Refrain from using this package or pin to Setuptools<81.
  import pkg_resources
/home/rezac/bin/miniconda3/envs/ml-uma/lib/python3.12/site-packages/torchtnt/utils/version.py:12: UserWarning: pkg_resources is deprecated as an API. See https://setuptools.pypa.io/en/latest/pkg_resources.html. The pkg_resources package is slated for removal as early as 2025-11-30. Refrain from using this package or pin to Setuptools<81.
  import pkg_resources
/home/rezac/bin/miniconda3/envs/ml-uma/lib/python3.12/site-packages/torchtnt/utils/version.py:12: UserWarning: pkg_resources is deprecated as an API. See https://setuptools.pypa.io/en/latest/pkg_resources.html. The pkg_resources package is slated for removal as early as 2025-11-30. Refrain from using this package or pin to Setuptools<81.
  import pkg_resources
/home/rezac/bin/miniconda3/envs/ml-uma/lib/python3.12/site-packages/torchtnt/utils/version.py:12: UserWarning: pkg_resources is deprecated as an API. See https://setuptools.pypa.io/en/latest/pkg_resources.html. The pkg_resources package is slated for removal as early as 2025-11-30. Refrain from using this package or pin to Setuptools<81.
  import pkg_resources
/home/rezac/bin/miniconda3/envs/ml-uma/lib/python3.12/site-packages/torchtnt/utils/version.py:12: UserWarning: pkg_resources is deprecated as an API. See https://setuptools.pypa.io/en/latest/pkg_resources.html. The pkg_resources package is slated for removal as early as 2025-11-30. Refrain from using this package or pin to Setuptools<81.
  import pkg_resources
/home/rezac/bin/miniconda3/envs/ml-uma/lib/python3.12/site-packages/torchtnt/utils/version.py:12: UserWarning: pkg_resources is deprecated as an API. See https://setuptools.pypa.io/en/latest/pkg_resources.html. The pkg_resources package is slated for removal as early as 2025-11-30. Refrain from using this package or pin to Setuptools<81.
  import pkg_resources
/home/rezac/bin/miniconda3/envs/ml-uma/lib/python3.12/site-packages/torchtnt/utils/version.py:12: UserWarning: pkg_resources is deprecated as an API. See https://setuptools.pypa.io/en/latest/pkg_resources.html. The pkg_resources package is slated for removal as early as 2025-11-30. Refrain from using this package or pin to Setuptools<81.
  import pkg_resources
/home/rezac/bin/miniconda3/envs/ml-uma/lib/python3.12/site-packages/torchtnt/utils/version.py:12: UserWarning: pkg_resources is deprecated as an API. See https://setuptools.pypa.io/en/latest/pkg_resources.html. The pkg_resources package is slated for removal as early as 2025-11-30. Refrain from using this package or pin to Setuptools<81.
  import pkg_resources
/home/rezac/bin/miniconda3/envs/ml-uma/lib/python3.12/site-packages/torchtnt/utils/version.py:12: UserWarning: pkg_resources is deprecated as an API. See https://setuptools.pypa.io/en/latest/pkg_resources.html. The pkg_resources package is slated for removal as early as 2025-11-30. Refrain from using this package or pin to Setuptools<81.
  import pkg_resources
/home/rezac/bin/miniconda3/envs/ml-uma/lib/python3.12/site-packages/torchtnt/utils/version.py:12: UserWarning: pkg_resources is deprecated as an API. See https://setuptools.pypa.io/en/latest/pkg_resources.html. The pkg_resources package is slated for removal as early as 2025-11-30. Refrain from using this package or pin to Setuptools<81.
  import pkg_resources
/home/rezac/bin/miniconda3/envs/ml-uma/lib/python3.12/site-packages/torchtnt/utils/version.py:12: UserWarning: pkg_resources is deprecated as an API. See https://setuptools.pypa.io/en/latest/pkg_resources.html. The pkg_resources package is slated for removal as early as 2025-11-30. Refrain from using this package or pin to Setuptools<81.
  import pkg_resources
/home/rezac/bin/miniconda3/envs/ml-uma/lib/python3.12/site-packages/torchtnt/utils/version.py:12: UserWarning: pkg_resources is deprecated as an API. See https://setuptools.pypa.io/en/latest/pkg_resources.html. The pkg_resources package is slated for removal as early as 2025-11-30. Refrain from using this package or pin to Setuptools<81.
  import pkg_resources
/home/rezac/bin/miniconda3/envs/ml-uma/lib/python3.12/site-packages/torchtnt/utils/version.py:12: UserWarning: pkg_resources is deprecated as an API. See https://setuptools.pypa.io/en/latest/pkg_resources.html. The pkg_resources package is slated for removal as early as 2025-11-30. Refrain from using this package or pin to Setuptools<81.
  import pkg_resources
/home/rezac/bin/miniconda3/envs/ml-uma/lib/python3.12/site-packages/torchtnt/utils/version.py:12: UserWarning: pkg_resources is deprecated as an API. See https://setuptools.pypa.io/en/latest/pkg_resources.html. The pkg_resources package is slated for removal as early as 2025-11-30. Refrain from using this package or pin to Setuptools<81.
  import pkg_resources
/home/rezac/bin/miniconda3/envs/ml-uma/lib/python3.12/site-packages/torchtnt/utils/version.py:12: UserWarning: pkg_resources is deprecated as an API. See https://setuptools.pypa.io/en/latest/pkg_resources.html. The pkg_resources package is slated for removal as early as 2025-11-30. Refrain from using this package or pin to Setuptools<81.
  import pkg_resources
/home/rezac/bin/miniconda3/envs/ml-uma/lib/python3.12/site-packages/torchtnt/utils/version.py:12: UserWarning: pkg_resources is deprecated as an API. See https://setuptools.pypa.io/en/latest/pkg_resources.html. The pkg_resources package is slated for removal as early as 2025-11-30. Refrain from using this package or pin to Setuptools<81.
  import pkg_resources
/home/rezac/bin/miniconda3/envs/ml-uma/lib/python3.12/site-packages/torchtnt/utils/version.py:12: UserWarning: pkg_resources is deprecated as an API. See https://setuptools.pypa.io/en/latest/pkg_resources.html. The pkg_resources package is slated for removal as early as 2025-11-30. Refrain from using this package or pin to Setuptools<81.
  import pkg_resources
/home/rezac/bin/miniconda3/envs/ml-uma/lib/python3.12/site-packages/torchtnt/utils/version.py:12: UserWarning: pkg_resources is deprecated as an API. See https://setuptools.pypa.io/en/latest/pkg_resources.html. The pkg_resources package is slated for removal as early as 2025-11-30. Refrain from using this package or pin to Setuptools<81.
  import pkg_resources
/home/rezac/bin/miniconda3/envs/ml-uma/lib/python3.12/site-packages/torchtnt/utils/version.py:12: UserWarning: pkg_resources is deprecated as an API. See https://setuptools.pypa.io/en/latest/pkg_resources.html. The pkg_resources package is slated for removal as early as 2025-11-30. Refrain from using this package or pin to Setuptools<81.
  import pkg_resources
/home/rezac/bin/miniconda3/envs/ml-uma/lib/python3.12/site-packages/torchtnt/utils/version.py:12: UserWarning: pkg_resources is deprecated as an API. See https://setuptools.pypa.io/en/latest/pkg_resources.html. The pkg_resources package is slated for removal as early as 2025-11-30. Refrain from using this package or pin to Setuptools<81.
  import pkg_resources
/home/rezac/bin/miniconda3/envs/ml-uma/lib/python3.12/site-packages/torchtnt/utils/version.py:12: UserWarning: pkg_resources is deprecated as an API. See https://setuptools.pypa.io/en/latest/pkg_resources.html. The pkg_resources package is slated for removal as early as 2025-11-30. Refrain from using this package or pin to Setuptools<81.
  import pkg_resources
/home/rezac/bin/miniconda3/envs/ml-uma/lib/python3.12/site-packages/torchtnt/utils/version.py:12: UserWarning: pkg_resources is deprecated as an API. See https://setuptools.pypa.io/en/latest/pkg_resources.html. The pkg_resources package is slated for removal as early as 2025-11-30. Refrain from using this package or pin to Setuptools<81.
  import pkg_resources
/home/rezac/bin/miniconda3/envs/ml-uma/lib/python3.12/site-packages/torchtnt/utils/version.py:12: UserWarning: pkg_resources is deprecated as an API. See https://setuptools.pypa.io/en/latest/pkg_resources.html. The pkg_resources package is slated for removal as early as 2025-11-30. Refrain from using this package or pin to Setuptools<81.
  import pkg_resources
/home/rezac/bin/miniconda3/envs/ml-uma/lib/python3.12/site-packages/torchtnt/utils/version.py:12: UserWarning: pkg_resources is deprecated as an API. See https://setuptools.pypa.io/en/latest/pkg_resources.html. The pkg_resources package is slated for removal as early as 2025-11-30. Refrain from using this package or pin to Setuptools<81.
  import pkg_resources
/home/rezac/bin/miniconda3/envs/ml-uma/lib/python3.12/site-packages/torchtnt/utils/version.py:12: UserWarning: pkg_resources is deprecated as an API. See https://setuptools.pypa.io/en/latest/pkg_resources.html. The pkg_resources package is slated for removal as early as 2025-11-30. Refrain from using this package or pin to Setuptools<81.
  import pkg_resources
/home/rezac/bin/miniconda3/envs/ml-uma/lib/python3.12/site-packages/torchtnt/utils/version.py:12: UserWarning: pkg_resources is deprecated as an API. See https://setuptools.pypa.io/en/latest/pkg_resources.html. The pkg_resources package is slated for removal as early as 2025-11-30. Refrain from using this package or pin to Setuptools<81.
  import pkg_resources
/home/rezac/bin/miniconda3/envs/ml-uma/lib/python3.12/site-packages/torchtnt/utils/version.py:12: UserWarning: pkg_resources is deprecated as an API. See https://setuptools.pypa.io/en/latest/pkg_resources.html. The pkg_resources package is slated for removal as early as 2025-11-30. Refrain from using this package or pin to Setuptools<81.
  import pkg_resources
/home/rezac/bin/miniconda3/envs/ml-uma/lib/python3.12/site-packages/torchtnt/utils/version.py:12: UserWarning: pkg_resources is deprecated as an API. See https://setuptools.pypa.io/en/latest/pkg_resources.html. The pkg_resources package is slated for removal as early as 2025-11-30. Refrain from using this package or pin to Setuptools<81.
  import pkg_resources
/home/rezac/bin/miniconda3/envs/ml-uma/lib/python3.12/site-packages/torchtnt/utils/version.py:12: UserWarning: pkg_resources is deprecated as an API. See https://setuptools.pypa.io/en/latest/pkg_resources.html. The pkg_resources package is slated for removal as early as 2025-11-30. Refrain from using this package or pin to Setuptools<81.
  import pkg_resources
/home/rezac/bin/miniconda3/envs/ml-uma/lib/python3.12/site-packages/torchtnt/utils/version.py:12: UserWarning: pkg_resources is deprecated as an API. See https://setuptools.pypa.io/en/latest/pkg_resources.html. The pkg_resources package is slated for removal as early as 2025-11-30. Refrain from using this package or pin to Setuptools<81.
  import pkg_resources
/home/rezac/bin/miniconda3/envs/ml-uma/lib/python3.12/site-packages/torchtnt/utils/version.py:12: UserWarning: pkg_resources is deprecated as an API. See https://setuptools.pypa.io/en/latest/pkg_resources.html. The pkg_resources package is slated for removal as early as 2025-11-30. Refrain from using this package or pin to Setuptools<81.
  import pkg_resources
/home/rezac/bin/miniconda3/envs/ml-uma/lib/python3.12/site-packages/torchtnt/utils/version.py:12: UserWarning: pkg_resources is deprecated as an API. See https://setuptools.pypa.io/en/latest/pkg_resources.html. The pkg_resources package is slated for removal as early as 2025-11-30. Refrain from using this package or pin to Setuptools<81.
  import pkg_resources
/home/rezac/bin/miniconda3/envs/ml-uma/lib/python3.12/site-packages/torchtnt/utils/version.py:12: UserWarning: pkg_resources is deprecated as an API. See https://setuptools.pypa.io/en/latest/pkg_resources.html. The pkg_resources package is slated for removal as early as 2025-11-30. Refrain from using this package or pin to Setuptools<81.
  import pkg_resources
/home/rezac/bin/miniconda3/envs/ml-uma/lib/python3.12/site-packages/torchtnt/utils/version.py:12: UserWarning: pkg_resources is deprecated as an API. See https://setuptools.pypa.io/en/latest/pkg_resources.html. The pkg_resources package is slated for removal as early as 2025-11-30. Refrain from using this package or pin to Setuptools<81.
  import pkg_resources
/home/rezac/bin/miniconda3/envs/ml-uma/lib/python3.12/site-packages/torchtnt/utils/version.py:12: UserWarning: pkg_resources is deprecated as an API. See https://setuptools.pypa.io/en/latest/pkg_resources.html. The pkg_resources package is slated for removal as early as 2025-11-30. Refrain from using this package or pin to Setuptools<81.
  import pkg_resources
/home/rezac/bin/miniconda3/envs/ml-uma/lib/python3.12/site-packages/torchtnt/utils/version.py:12: UserWarning: pkg_resources is deprecated as an API. See https://setuptools.pypa.io/en/latest/pkg_resources.html. The pkg_resources package is slated for removal as early as 2025-11-30. Refrain from using this package or pin to Setuptools<81.
  import pkg_resources
/home/rezac/bin/miniconda3/envs/ml-uma/lib/python3.12/site-packages/torchtnt/utils/version.py:12: UserWarning: pkg_resources is deprecated as an API. See https://setuptools.pypa.io/en/latest/pkg_resources.html. The pkg_resources package is slated for removal as early as 2025-11-30. Refrain from using this package or pin to Setuptools<81.
  import pkg_resources
/home/rezac/bin/miniconda3/envs/ml-uma/lib/python3.12/site-packages/torchtnt/utils/version.py:12: UserWarning: pkg_resources is deprecated as an API. See https://setuptools.pypa.io/en/latest/pkg_resources.html. The pkg_resources package is slated for removal as early as 2025-11-30. Refrain from using this package or pin to Setuptools<81.
  import pkg_resources
/home/rezac/bin/miniconda3/envs/ml-uma/lib/python3.12/site-packages/torchtnt/utils/version.py:12: UserWarning: pkg_resources is deprecated as an API. See https://setuptools.pypa.io/en/latest/pkg_resources.html. The pkg_resources package is slated for removal as early as 2025-11-30. Refrain from using this package or pin to Setuptools<81.
  import pkg_resources
/home/rezac/bin/miniconda3/envs/ml-uma/lib/python3.12/site-packages/torchtnt/utils/version.py:12: UserWarning: pkg_resources is deprecated as an API. See https://setuptools.pypa.io/en/latest/pkg_resources.html. The pkg_resources package is slated for removal as early as 2025-11-30. Refrain from using this package or pin to Setuptools<81.
  import pkg_resources
/home/rezac/bin/miniconda3/envs/ml-uma/lib/python3.12/site-packages/torchtnt/utils/version.py:12: UserWarning: pkg_resources is deprecated as an API. See https://setuptools.pypa.io/en/latest/pkg_resources.html. The pkg_resources package is slated for removal as early as 2025-11-30. Refrain from using this package or pin to Setuptools<81.
  import pkg_resources
/home/rezac/bin/miniconda3/envs/ml-uma/lib/python3.12/site-packages/torchtnt/utils/version.py:12: UserWarning: pkg_resources is deprecated as an API. See https://setuptools.pypa.io/en/latest/pkg_resources.html. The pkg_resources package is slated for removal as early as 2025-11-30. Refrain from using this package or pin to Setuptools<81.
  import pkg_resources
/home/rezac/bin/miniconda3/envs/ml-uma/lib/python3.12/site-packages/torchtnt/utils/version.py:12: UserWarning: pkg_resources is deprecated as an API. See https://setuptools.pypa.io/en/latest/pkg_resources.html. The pkg_resources package is slated for removal as early as 2025-11-30. Refrain from using this package or pin to Setuptools<81.
  import pkg_resources
/home/rezac/bin/miniconda3/envs/ml-uma/lib/python3.12/site-packages/torchtnt/utils/version.py:12: UserWarning: pkg_resources is deprecated as an API. See https://setuptools.pypa.io/en/latest/pkg_resources.html. The pkg_resources package is slated for removal as early as 2025-11-30. Refrain from using this package or pin to Setuptools<81.
  import pkg_resources
/home/rezac/bin/miniconda3/envs/ml-uma/lib/python3.12/site-packages/torchtnt/utils/version.py:12: UserWarning: pkg_resources is deprecated as an API. See https://setuptools.pypa.io/en/latest/pkg_resources.html. The pkg_resources package is slated for removal as early as 2025-11-30. Refrain from using this package or pin to Setuptools<81.
  import pkg_resources
/home/rezac/bin/miniconda3/envs/ml-uma/lib/python3.12/site-packages/torchtnt/utils/version.py:12: UserWarning: pkg_resources is deprecated as an API. See https://setuptools.pypa.io/en/latest/pkg_resources.html. The pkg_resources package is slated for removal as early as 2025-11-30. Refrain from using this package or pin to Setuptools<81.
  import pkg_resources
/home/rezac/bin/miniconda3/envs/ml-uma/lib/python3.12/site-packages/torchtnt/utils/version.py:12: UserWarning: pkg_resources is deprecated as an API. See https://setuptools.pypa.io/en/latest/pkg_resources.html. The pkg_resources package is slated for removal as early as 2025-11-30. Refrain from using this package or pin to Setuptools<81.
  import pkg_resources
/home/rezac/bin/miniconda3/envs/ml-uma/lib/python3.12/site-packages/torchtnt/utils/version.py:12: UserWarning: pkg_resources is deprecated as an API. See https://setuptools.pypa.io/en/latest/pkg_resources.html. The pkg_resources package is slated for removal as early as 2025-11-30. Refrain from using this package or pin to Setuptools<81.
  import pkg_resources
/home/rezac/bin/miniconda3/envs/ml-uma/lib/python3.12/site-packages/torchtnt/utils/version.py:12: UserWarning: pkg_resources is deprecated as an API. See https://setuptools.pypa.io/en/latest/pkg_resources.html. The pkg_resources package is slated for removal as early as 2025-11-30. Refrain from using this package or pin to Setuptools<81.
  import pkg_resources
/home/rezac/bin/miniconda3/envs/ml-uma/lib/python3.12/site-packages/torchtnt/utils/version.py:12: UserWarning: pkg_resources is deprecated as an API. See https://setuptools.pypa.io/en/latest/pkg_resources.html. The pkg_resources package is slated for removal as early as 2025-11-30. Refrain from using this package or pin to Setuptools<81.
  import pkg_resources
/home/rezac/bin/miniconda3/envs/ml-uma/lib/python3.12/site-packages/torchtnt/utils/version.py:12: UserWarning: pkg_resources is deprecated as an API. See https://setuptools.pypa.io/en/latest/pkg_resources.html. The pkg_resources package is slated for removal as early as 2025-11-30. Refrain from using this package or pin to Setuptools<81.
  import pkg_resources
/home/rezac/bin/miniconda3/envs/ml-uma/lib/python3.12/site-packages/torchtnt/utils/version.py:12: UserWarning: pkg_resources is deprecated as an API. See https://setuptools.pypa.io/en/latest/pkg_resources.html. The pkg_resources package is slated for removal as early as 2025-11-30. Refrain from using this package or pin to Setuptools<81.
  import pkg_resources
/home/rezac/bin/miniconda3/envs/ml-uma/lib/python3.12/site-packages/torchtnt/utils/version.py:12: UserWarning: pkg_resources is deprecated as an API. See https://setuptools.pypa.io/en/latest/pkg_resources.html. The pkg_resources package is slated for removal as early as 2025-11-30. Refrain from using this package or pin to Setuptools<81.
  import pkg_resources
/home/rezac/bin/miniconda3/envs/ml-uma/lib/python3.12/site-packages/torchtnt/utils/version.py:12: UserWarning: pkg_resources is deprecated as an API. See https://setuptools.pypa.io/en/latest/pkg_resources.html. The pkg_resources package is slated for removal as early as 2025-11-30. Refrain from using this package or pin to Setuptools<81.
  import pkg_resources
/home/rezac/bin/miniconda3/envs/ml-uma/lib/python3.12/site-packages/torchtnt/utils/version.py:12: UserWarning: pkg_resources is deprecated as an API. See https://setuptools.pypa.io/en/latest/pkg_resources.html. The pkg_resources package is slated for removal as early as 2025-11-30. Refrain from using this package or pin to Setuptools<81.
  import pkg_resources
/home/rezac/bin/miniconda3/envs/ml-uma/lib/python3.12/site-packages/torchtnt/utils/version.py:12: UserWarning: pkg_resources is deprecated as an API. See https://setuptools.pypa.io/en/latest/pkg_resources.html. The pkg_resources package is slated for removal as early as 2025-11-30. Refrain from using this package or pin to Setuptools<81.
  import pkg_resources
/home/rezac/bin/miniconda3/envs/ml-uma/lib/python3.12/site-packages/torchtnt/utils/version.py:12: UserWarning: pkg_resources is deprecated as an API. See https://setuptools.pypa.io/en/latest/pkg_resources.html. The pkg_resources package is slated for removal as early as 2025-11-30. Refrain from using this package or pin to Setuptools<81.
  import pkg_resources
/home/rezac/bin/miniconda3/envs/ml-uma/lib/python3.12/site-packages/torchtnt/utils/version.py:12: UserWarning: pkg_resources is deprecated as an API. See https://setuptools.pypa.io/en/latest/pkg_resources.html. The pkg_resources package is slated for removal as early as 2025-11-30. Refrain from using this package or pin to Setuptools<81.
  import pkg_resources
/home/rezac/bin/miniconda3/envs/ml-uma/lib/python3.12/site-packages/torchtnt/utils/version.py:12: UserWarning: pkg_resources is deprecated as an API. See https://setuptools.pypa.io/en/latest/pkg_resources.html. The pkg_resources package is slated for removal as early as 2025-11-30. Refrain from using this package or pin to Setuptools<81.
  import pkg_resources
/home/rezac/bin/miniconda3/envs/ml-uma/lib/python3.12/site-packages/torchtnt/utils/version.py:12: UserWarning: pkg_resources is deprecated as an API. See https://setuptools.pypa.io/en/latest/pkg_resources.html. The pkg_resources package is slated for removal as early as 2025-11-30. Refrain from using this package or pin to Setuptools<81.
  import pkg_resources
/home/rezac/bin/miniconda3/envs/ml-uma/lib/python3.12/site-packages/torchtnt/utils/version.py:12: UserWarning: pkg_resources is deprecated as an API. See https://setuptools.pypa.io/en/latest/pkg_resources.html. The pkg_resources package is slated for removal as early as 2025-11-30. Refrain from using this package or pin to Setuptools<81.
  import pkg_resources
/home/rezac/bin/miniconda3/envs/ml-uma/lib/python3.12/site-packages/torchtnt/utils/version.py:12: UserWarning: pkg_resources is deprecated as an API. See https://setuptools.pypa.io/en/latest/pkg_resources.html. The pkg_resources package is slated for removal as early as 2025-11-30. Refrain from using this package or pin to Setuptools<81.
  import pkg_resources
/home/rezac/bin/miniconda3/envs/ml-uma/lib/python3.12/site-packages/torchtnt/utils/version.py:12: UserWarning: pkg_resources is deprecated as an API. See https://setuptools.pypa.io/en/latest/pkg_resources.html. The pkg_resources package is slated for removal as early as 2025-11-30. Refrain from using this package or pin to Setuptools<81.
  import pkg_resources
/home/rezac/bin/miniconda3/envs/ml-uma/lib/python3.12/site-packages/torchtnt/utils/version.py:12: UserWarning: pkg_resources is deprecated as an API. See https://setuptools.pypa.io/en/latest/pkg_resources.html. The pkg_resources package is slated for removal as early as 2025-11-30. Refrain from using this package or pin to Setuptools<81.
  import pkg_resources
/home/rezac/bin/miniconda3/envs/ml-uma/lib/python3.12/site-packages/torchtnt/utils/version.py:12: UserWarning: pkg_resources is deprecated as an API. See https://setuptools.pypa.io/en/latest/pkg_resources.html. The pkg_resources package is slated for removal as early as 2025-11-30. Refrain from using this package or pin to Setuptools<81.
  import pkg_resources
/home/rezac/bin/miniconda3/envs/ml-uma/lib/python3.12/site-packages/torchtnt/utils/version.py:12: UserWarning: pkg_resources is deprecated as an API. See https://setuptools.pypa.io/en/latest/pkg_resources.html. The pkg_resources package is slated for removal as early as 2025-11-30. Refrain from using this package or pin to Setuptools<81.
  import pkg_resources
/home/rezac/bin/miniconda3/envs/ml-uma/lib/python3.12/site-packages/torchtnt/utils/version.py:12: UserWarning: pkg_resources is deprecated as an API. See https://setuptools.pypa.io/en/latest/pkg_resources.html. The pkg_resources package is slated for removal as early as 2025-11-30. Refrain from using this package or pin to Setuptools<81.
  import pkg_resources
/home/rezac/bin/miniconda3/envs/ml-uma/lib/python3.12/site-packages/torchtnt/utils/version.py:12: UserWarning: pkg_resources is deprecated as an API. See https://setuptools.pypa.io/en/latest/pkg_resources.html. The pkg_resources package is slated for removal as early as 2025-11-30. Refrain from using this package or pin to Setuptools<81.
  import pkg_resources
/home/rezac/bin/miniconda3/envs/ml-uma/lib/python3.12/site-packages/torchtnt/utils/version.py:12: UserWarning: pkg_resources is deprecated as an API. See https://setuptools.pypa.io/en/latest/pkg_resources.html. The pkg_resources package is slated for removal as early as 2025-11-30. Refrain from using this package or pin to Setuptools<81.
  import pkg_resources
/home/rezac/bin/miniconda3/envs/ml-uma/lib/python3.12/site-packages/torchtnt/utils/version.py:12: UserWarning: pkg_resources is deprecated as an API. See https://setuptools.pypa.io/en/latest/pkg_resources.html. The pkg_resources package is slated for removal as early as 2025-11-30. Refrain from using this package or pin to Setuptools<81.
  import pkg_resources
/home/rezac/bin/miniconda3/envs/ml-uma/lib/python3.12/site-packages/torchtnt/utils/version.py:12: UserWarning: pkg_resources is deprecated as an API. See https://setuptools.pypa.io/en/latest/pkg_resources.html. The pkg_resources package is slated for removal as early as 2025-11-30. Refrain from using this package or pin to Setuptools<81.
  import pkg_resources
/home/rezac/bin/miniconda3/envs/ml-uma/lib/python3.12/site-packages/torchtnt/utils/version.py:12: UserWarning: pkg_resources is deprecated as an API. See https://setuptools.pypa.io/en/latest/pkg_resources.html. The pkg_resources package is slated for removal as early as 2025-11-30. Refrain from using this package or pin to Setuptools<81.
  import pkg_resources
/home/rezac/bin/miniconda3/envs/ml-uma/lib/python3.12/site-packages/torchtnt/utils/version.py:12: UserWarning: pkg_resources is deprecated as an API. See https://setuptools.pypa.io/en/latest/pkg_resources.html. The pkg_resources package is slated for removal as early as 2025-11-30. Refrain from using this package or pin to Setuptools<81.
  import pkg_resources
/home/rezac/bin/miniconda3/envs/ml-uma/lib/python3.12/site-packages/torchtnt/utils/version.py:12: UserWarning: pkg_resources is deprecated as an API. See https://setuptools.pypa.io/en/latest/pkg_resources.html. The pkg_resources package is slated for removal as early as 2025-11-30. Refrain from using this package or pin to Setuptools<81.
  import pkg_resources
/home/rezac/bin/miniconda3/envs/ml-uma/lib/python3.12/site-packages/torchtnt/utils/version.py:12: UserWarning: pkg_resources is deprecated as an API. See https://setuptools.pypa.io/en/latest/pkg_resources.html. The pkg_resources package is slated for removal as early as 2025-11-30. Refrain from using this package or pin to Setuptools<81.
  import pkg_resources
/home/rezac/bin/miniconda3/envs/ml-uma/lib/python3.12/site-packages/torchtnt/utils/version.py:12: UserWarning: pkg_resources is deprecated as an API. See https://setuptools.pypa.io/en/latest/pkg_resources.html. The pkg_resources package is slated for removal as early as 2025-11-30. Refrain from using this package or pin to Setuptools<81.
  import pkg_resources
/home/rezac/bin/miniconda3/envs/ml-uma/lib/python3.12/site-packages/torchtnt/utils/version.py:12: UserWarning: pkg_resources is deprecated as an API. See https://setuptools.pypa.io/en/latest/pkg_resources.html. The pkg_resources package is slated for removal as early as 2025-11-30. Refrain from using this package or pin to Setuptools<81.
  import pkg_resources
/home/rezac/bin/miniconda3/envs/ml-uma/lib/python3.12/site-packages/torchtnt/utils/version.py:12: UserWarning: pkg_resources is deprecated as an API. See https://setuptools.pypa.io/en/latest/pkg_resources.html. The pkg_resources package is slated for removal as early as 2025-11-30. Refrain from using this package or pin to Setuptools<81.
  import pkg_resources
/home/rezac/bin/miniconda3/envs/ml-uma/lib/python3.12/site-packages/torchtnt/utils/version.py:12: UserWarning: pkg_resources is deprecated as an API. See https://setuptools.pypa.io/en/latest/pkg_resources.html. The pkg_resources package is slated for removal as early as 2025-11-30. Refrain from using this package or pin to Setuptools<81.
  import pkg_resources
/home/rezac/bin/miniconda3/envs/ml-uma/lib/python3.12/site-packages/torchtnt/utils/version.py:12: UserWarning: pkg_resources is deprecated as an API. See https://setuptools.pypa.io/en/latest/pkg_resources.html. The pkg_resources package is slated for removal as early as 2025-11-30. Refrain from using this package or pin to Setuptools<81.
  import pkg_resources
/home/rezac/bin/miniconda3/envs/ml-uma/lib/python3.12/site-packages/torchtnt/utils/version.py:12: UserWarning: pkg_resources is deprecated as an API. See https://setuptools.pypa.io/en/latest/pkg_resources.html. The pkg_resources package is slated for removal as early as 2025-11-30. Refrain from using this package or pin to Setuptools<81.
  import pkg_resources
/home/rezac/bin/miniconda3/envs/ml-uma/lib/python3.12/site-packages/torchtnt/utils/version.py:12: UserWarning: pkg_resources is deprecated as an API. See https://setuptools.pypa.io/en/latest/pkg_resources.html. The pkg_resources package is slated for removal as early as 2025-11-30. Refrain from using this package or pin to Setuptools<81.
  import pkg_resources
/home/rezac/bin/miniconda3/envs/ml-uma/lib/python3.12/site-packages/torchtnt/utils/version.py:12: UserWarning: pkg_resources is deprecated as an API. See https://setuptools.pypa.io/en/latest/pkg_resources.html. The pkg_resources package is slated for removal as early as 2025-11-30. Refrain from using this package or pin to Setuptools<81.
  import pkg_resources
/home/rezac/bin/miniconda3/envs/ml-uma/lib/python3.12/site-packages/torchtnt/utils/version.py:12: UserWarning: pkg_resources is deprecated as an API. See https://setuptools.pypa.io/en/latest/pkg_resources.html. The pkg_resources package is slated for removal as early as 2025-11-30. Refrain from using this package or pin to Setuptools<81.
  import pkg_resources
/home/rezac/bin/miniconda3/envs/ml-uma/lib/python3.12/site-packages/torchtnt/utils/version.py:12: UserWarning: pkg_resources is deprecated as an API. See https://setuptools.pypa.io/en/latest/pkg_resources.html. The pkg_resources package is slated for removal as early as 2025-11-30. Refrain from using this package or pin to Setuptools<81.
  import pkg_resources
/home/rezac/bin/miniconda3/envs/ml-uma/lib/python3.12/site-packages/torchtnt/utils/version.py:12: UserWarning: pkg_resources is deprecated as an API. See https://setuptools.pypa.io/en/latest/pkg_resources.html. The pkg_resources package is slated for removal as early as 2025-11-30. Refrain from using this package or pin to Setuptools<81.
  import pkg_resources
/home/rezac/bin/miniconda3/envs/ml-uma/lib/python3.12/site-packages/torchtnt/utils/version.py:12: UserWarning: pkg_resources is deprecated as an API. See https://setuptools.pypa.io/en/latest/pkg_resources.html. The pkg_resources package is slated for removal as early as 2025-11-30. Refrain from using this package or pin to Setuptools<81.
  import pkg_resources
/home/rezac/bin/miniconda3/envs/ml-uma/lib/python3.12/site-packages/torchtnt/utils/version.py:12: UserWarning: pkg_resources is deprecated as an API. See https://setuptools.pypa.io/en/latest/pkg_resources.html. The pkg_resources package is slated for removal as early as 2025-11-30. Refrain from using this package or pin to Setuptools<81.
  import pkg_resources
/home/rezac/bin/miniconda3/envs/ml-uma/lib/python3.12/site-packages/torchtnt/utils/version.py:12: UserWarning: pkg_resources is deprecated as an API. See https://setuptools.pypa.io/en/latest/pkg_resources.html. The pkg_resources package is slated for removal as early as 2025-11-30. Refrain from using this package or pin to Setuptools<81.
  import pkg_resources
/home/rezac/bin/miniconda3/envs/ml-uma/lib/python3.12/site-packages/torchtnt/utils/version.py:12: UserWarning: pkg_resources is deprecated as an API. See https://setuptools.pypa.io/en/latest/pkg_resources.html. The pkg_resources package is slated for removal as early as 2025-11-30. Refrain from using this package or pin to Setuptools<81.
  import pkg_resources
/home/rezac/bin/miniconda3/envs/ml-uma/lib/python3.12/site-packages/torchtnt/utils/version.py:12: UserWarning: pkg_resources is deprecated as an API. See https://setuptools.pypa.io/en/latest/pkg_resources.html. The pkg_resources package is slated for removal as early as 2025-11-30. Refrain from using this package or pin to Setuptools<81.
  import pkg_resources
/home/rezac/bin/miniconda3/envs/ml-uma/lib/python3.12/site-packages/torchtnt/utils/version.py:12: UserWarning: pkg_resources is deprecated as an API. See https://setuptools.pypa.io/en/latest/pkg_resources.html. The pkg_resources package is slated for removal as early as 2025-11-30. Refrain from using this package or pin to Setuptools<81.
  import pkg_resources
/home/rezac/bin/miniconda3/envs/ml-uma/lib/python3.12/site-packages/torchtnt/utils/version.py:12: UserWarning: pkg_resources is deprecated as an API. See https://setuptools.pypa.io/en/latest/pkg_resources.html. The pkg_resources package is slated for removal as early as 2025-11-30. Refrain from using this package or pin to Setuptools<81.
  import pkg_resources
/home/rezac/bin/miniconda3/envs/ml-uma/lib/python3.12/site-packages/torchtnt/utils/version.py:12: UserWarning: pkg_resources is deprecated as an API. See https://setuptools.pypa.io/en/latest/pkg_resources.html. The pkg_resources package is slated for removal as early as 2025-11-30. Refrain from using this package or pin to Setuptools<81.
  import pkg_resources
/home/rezac/bin/miniconda3/envs/ml-uma/lib/python3.12/site-packages/torchtnt/utils/version.py:12: UserWarning: pkg_resources is deprecated as an API. See https://setuptools.pypa.io/en/latest/pkg_resources.html. The pkg_resources package is slated for removal as early as 2025-11-30. Refrain from using this package or pin to Setuptools<81.
  import pkg_resources
/home/rezac/bin/miniconda3/envs/ml-uma/lib/python3.12/site-packages/torchtnt/utils/version.py:12: UserWarning: pkg_resources is deprecated as an API. See https://setuptools.pypa.io/en/latest/pkg_resources.html. The pkg_resources package is slated for removal as early as 2025-11-30. Refrain from using this package or pin to Setuptools<81.
  import pkg_resources
/home/rezac/bin/miniconda3/envs/ml-uma/lib/python3.12/site-packages/torchtnt/utils/version.py:12: UserWarning: pkg_resources is deprecated as an API. See https://setuptools.pypa.io/en/latest/pkg_resources.html. The pkg_resources package is slated for removal as early as 2025-11-30. Refrain from using this package or pin to Setuptools<81.
  import pkg_resources
/home/rezac/bin/miniconda3/envs/ml-uma/lib/python3.12/site-packages/torchtnt/utils/version.py:12: UserWarning: pkg_resources is deprecated as an API. See https://setuptools.pypa.io/en/latest/pkg_resources.html. The pkg_resources package is slated for removal as early as 2025-11-30. Refrain from using this package or pin to Setuptools<81.
  import pkg_resources
/home/rezac/bin/miniconda3/envs/ml-uma/lib/python3.12/site-packages/torchtnt/utils/version.py:12: UserWarning: pkg_resources is deprecated as an API. See https://setuptools.pypa.io/en/latest/pkg_resources.html. The pkg_resources package is slated for removal as early as 2025-11-30. Refrain from using this package or pin to Setuptools<81.
  import pkg_resources
/home/rezac/bin/miniconda3/envs/ml-uma/lib/python3.12/site-packages/torchtnt/utils/version.py:12: UserWarning: pkg_resources is deprecated as an API. See https://setuptools.pypa.io/en/latest/pkg_resources.html. The pkg_resources package is slated for removal as early as 2025-11-30. Refrain from using this package or pin to Setuptools<81.
  import pkg_resources
/home/rezac/bin/miniconda3/envs/ml-uma/lib/python3.12/site-packages/torchtnt/utils/version.py:12: UserWarning: pkg_resources is deprecated as an API. See https://setuptools.pypa.io/en/latest/pkg_resources.html. The pkg_resources package is slated for removal as early as 2025-11-30. Refrain from using this package or pin to Setuptools<81.
  import pkg_resources
/home/rezac/bin/miniconda3/envs/ml-uma/lib/python3.12/site-packages/torchtnt/utils/version.py:12: UserWarning: pkg_resources is deprecated as an API. See https://setuptools.pypa.io/en/latest/pkg_resources.html. The pkg_resources package is slated for removal as early as 2025-11-30. Refrain from using this package or pin to Setuptools<81.
  import pkg_resources
/home/rezac/bin/miniconda3/envs/ml-uma/lib/python3.12/site-packages/torchtnt/utils/version.py:12: UserWarning: pkg_resources is deprecated as an API. See https://setuptools.pypa.io/en/latest/pkg_resources.html. The pkg_resources package is slated for removal as early as 2025-11-30. Refrain from using this package or pin to Setuptools<81.
  import pkg_resources
/home/rezac/bin/miniconda3/envs/ml-uma/lib/python3.12/site-packages/torchtnt/utils/version.py:12: UserWarning: pkg_resources is deprecated as an API. See https://setuptools.pypa.io/en/latest/pkg_resources.html. The pkg_resources package is slated for removal as early as 2025-11-30. Refrain from using this package or pin to Setuptools<81.
  import pkg_resources
/home/rezac/bin/miniconda3/envs/ml-uma/lib/python3.12/site-packages/torchtnt/utils/version.py:12: UserWarning: pkg_resources is deprecated as an API. See https://setuptools.pypa.io/en/latest/pkg_resources.html. The pkg_resources package is slated for removal as early as 2025-11-30. Refrain from using this package or pin to Setuptools<81.
  import pkg_resources
/home/rezac/bin/miniconda3/envs/ml-uma/lib/python3.12/site-packages/torchtnt/utils/version.py:12: UserWarning: pkg_resources is deprecated as an API. See https://setuptools.pypa.io/en/latest/pkg_resources.html. The pkg_resources package is slated for removal as early as 2025-11-30. Refrain from using this package or pin to Setuptools<81.
  import pkg_resources
/home/rezac/bin/miniconda3/envs/ml-uma/lib/python3.12/site-packages/torchtnt/utils/version.py:12: UserWarning: pkg_resources is deprecated as an API. See https://setuptools.pypa.io/en/latest/pkg_resources.html. The pkg_resources package is slated for removal as early as 2025-11-30. Refrain from using this package or pin to Setuptools<81.
  import pkg_resources
/home/rezac/bin/miniconda3/envs/ml-uma/lib/python3.12/site-packages/torchtnt/utils/version.py:12: UserWarning: pkg_resources is deprecated as an API. See https://setuptools.pypa.io/en/latest/pkg_resources.html. The pkg_resources package is slated for removal as early as 2025-11-30. Refrain from using this package or pin to Setuptools<81.
  import pkg_resources
/home/rezac/bin/miniconda3/envs/ml-uma/lib/python3.12/site-packages/torchtnt/utils/version.py:12: UserWarning: pkg_resources is deprecated as an API. See https://setuptools.pypa.io/en/latest/pkg_resources.html. The pkg_resources package is slated for removal as early as 2025-11-30. Refrain from using this package or pin to Setuptools<81.
  import pkg_resources
/home/rezac/bin/miniconda3/envs/ml-uma/lib/python3.12/site-packages/torchtnt/utils/version.py:12: UserWarning: pkg_resources is deprecated as an API. See https://setuptools.pypa.io/en/latest/pkg_resources.html. The pkg_resources package is slated for removal as early as 2025-11-30. Refrain from using this package or pin to Setuptools<81.
  import pkg_resources
/home/rezac/bin/miniconda3/envs/ml-uma/lib/python3.12/site-packages/torchtnt/utils/version.py:12: UserWarning: pkg_resources is deprecated as an API. See https://setuptools.pypa.io/en/latest/pkg_resources.html. The pkg_resources package is slated for removal as early as 2025-11-30. Refrain from using this package or pin to Setuptools<81.
  import pkg_resources
/home/rezac/bin/miniconda3/envs/ml-uma/lib/python3.12/site-packages/torchtnt/utils/version.py:12: UserWarning: pkg_resources is deprecated as an API. See https://setuptools.pypa.io/en/latest/pkg_resources.html. The pkg_resources package is slated for removal as early as 2025-11-30. Refrain from using this package or pin to Setuptools<81.
  import pkg_resources
/home/rezac/bin/miniconda3/envs/ml-uma/lib/python3.12/site-packages/torchtnt/utils/version.py:12: UserWarning: pkg_resources is deprecated as an API. See https://setuptools.pypa.io/en/latest/pkg_resources.html. The pkg_resources package is slated for removal as early as 2025-11-30. Refrain from using this package or pin to Setuptools<81.
  import pkg_resources
/home/rezac/bin/miniconda3/envs/ml-uma/lib/python3.12/site-packages/torchtnt/utils/version.py:12: UserWarning: pkg_resources is deprecated as an API. See https://setuptools.pypa.io/en/latest/pkg_resources.html. The pkg_resources package is slated for removal as early as 2025-11-30. Refrain from using this package or pin to Setuptools<81.
  import pkg_resources
/home/rezac/bin/miniconda3/envs/ml-uma/lib/python3.12/site-packages/torchtnt/utils/version.py:12: UserWarning: pkg_resources is deprecated as an API. See https://setuptools.pypa.io/en/latest/pkg_resources.html. The pkg_resources package is slated for removal as early as 2025-11-30. Refrain from using this package or pin to Setuptools<81.
  import pkg_resources
/home/rezac/bin/miniconda3/envs/ml-uma/lib/python3.12/site-packages/torchtnt/utils/version.py:12: UserWarning: pkg_resources is deprecated as an API. See https://setuptools.pypa.io/en/latest/pkg_resources.html. The pkg_resources package is slated for removal as early as 2025-11-30. Refrain from using this package or pin to Setuptools<81.
  import pkg_resources
/home/rezac/bin/miniconda3/envs/ml-uma/lib/python3.12/site-packages/torchtnt/utils/version.py:12: UserWarning: pkg_resources is deprecated as an API. See https://setuptools.pypa.io/en/latest/pkg_resources.html. The pkg_resources package is slated for removal as early as 2025-11-30. Refrain from using this package or pin to Setuptools<81.
  import pkg_resources
/home/rezac/bin/miniconda3/envs/ml-uma/lib/python3.12/site-packages/torchtnt/utils/version.py:12: UserWarning: pkg_resources is deprecated as an API. See https://setuptools.pypa.io/en/latest/pkg_resources.html. The pkg_resources package is slated for removal as early as 2025-11-30. Refrain from using this package or pin to Setuptools<81.
  import pkg_resources
/home/rezac/bin/miniconda3/envs/ml-uma/lib/python3.12/site-packages/torchtnt/utils/version.py:12: UserWarning: pkg_resources is deprecated as an API. See https://setuptools.pypa.io/en/latest/pkg_resources.html. The pkg_resources package is slated for removal as early as 2025-11-30. Refrain from using this package or pin to Setuptools<81.
  import pkg_resources
/home/rezac/bin/miniconda3/envs/ml-uma/lib/python3.12/site-packages/torchtnt/utils/version.py:12: UserWarning: pkg_resources is deprecated as an API. See https://setuptools.pypa.io/en/latest/pkg_resources.html. The pkg_resources package is slated for removal as early as 2025-11-30. Refrain from using this package or pin to Setuptools<81.
  import pkg_resources
/home/rezac/bin/miniconda3/envs/ml-uma/lib/python3.12/site-packages/torchtnt/utils/version.py:12: UserWarning: pkg_resources is deprecated as an API. See https://setuptools.pypa.io/en/latest/pkg_resources.html. The pkg_resources package is slated for removal as early as 2025-11-30. Refrain from using this package or pin to Setuptools<81.
  import pkg_resources
/home/rezac/bin/miniconda3/envs/ml-uma/lib/python3.12/site-packages/torchtnt/utils/version.py:12: UserWarning: pkg_resources is deprecated as an API. See https://setuptools.pypa.io/en/latest/pkg_resources.html. The pkg_resources package is slated for removal as early as 2025-11-30. Refrain from using this package or pin to Setuptools<81.
  import pkg_resources
/home/rezac/bin/miniconda3/envs/ml-uma/lib/python3.12/site-packages/torchtnt/utils/version.py:12: UserWarning: pkg_resources is deprecated as an API. See https://setuptools.pypa.io/en/latest/pkg_resources.html. The pkg_resources package is slated for removal as early as 2025-11-30. Refrain from using this package or pin to Setuptools<81.
  import pkg_resources
/home/rezac/bin/miniconda3/envs/ml-uma/lib/python3.12/site-packages/torchtnt/utils/version.py:12: UserWarning: pkg_resources is deprecated as an API. See https://setuptools.pypa.io/en/latest/pkg_resources.html. The pkg_resources package is slated for removal as early as 2025-11-30. Refrain from using this package or pin to Setuptools<81.
  import pkg_resources
/home/rezac/bin/miniconda3/envs/ml-uma/lib/python3.12/site-packages/torchtnt/utils/version.py:12: UserWarning: pkg_resources is deprecated as an API. See https://setuptools.pypa.io/en/latest/pkg_resources.html. The pkg_resources package is slated for removal as early as 2025-11-30. Refrain from using this package or pin to Setuptools<81.
  import pkg_resources
/home/rezac/bin/miniconda3/envs/ml-uma/lib/python3.12/site-packages/torchtnt/utils/version.py:12: UserWarning: pkg_resources is deprecated as an API. See https://setuptools.pypa.io/en/latest/pkg_resources.html. The pkg_resources package is slated for removal as early as 2025-11-30. Refrain from using this package or pin to Setuptools<81.
  import pkg_resources
/home/rezac/bin/miniconda3/envs/ml-uma/lib/python3.12/site-packages/torchtnt/utils/version.py:12: UserWarning: pkg_resources is deprecated as an API. See https://setuptools.pypa.io/en/latest/pkg_resources.html. The pkg_resources package is slated for removal as early as 2025-11-30. Refrain from using this package or pin to Setuptools<81.
  import pkg_resources
/home/rezac/bin/miniconda3/envs/ml-uma/lib/python3.12/site-packages/torchtnt/utils/version.py:12: UserWarning: pkg_resources is deprecated as an API. See https://setuptools.pypa.io/en/latest/pkg_resources.html. The pkg_resources package is slated for removal as early as 2025-11-30. Refrain from using this package or pin to Setuptools<81.
  import pkg_resources
/home/rezac/bin/miniconda3/envs/ml-uma/lib/python3.12/site-packages/torchtnt/utils/version.py:12: UserWarning: pkg_resources is deprecated as an API. See https://setuptools.pypa.io/en/latest/pkg_resources.html. The pkg_resources package is slated for removal as early as 2025-11-30. Refrain from using this package or pin to Setuptools<81.
  import pkg_resources
/home/rezac/bin/miniconda3/envs/ml-uma/lib/python3.12/site-packages/torchtnt/utils/version.py:12: UserWarning: pkg_resources is deprecated as an API. See https://setuptools.pypa.io/en/latest/pkg_resources.html. The pkg_resources package is slated for removal as early as 2025-11-30. Refrain from using this package or pin to Setuptools<81.
  import pkg_resources
/home/rezac/bin/miniconda3/envs/ml-uma/lib/python3.12/site-packages/torchtnt/utils/version.py:12: UserWarning: pkg_resources is deprecated as an API. See https://setuptools.pypa.io/en/latest/pkg_resources.html. The pkg_resources package is slated for removal as early as 2025-11-30. Refrain from using this package or pin to Setuptools<81.
  import pkg_resources
/home/rezac/bin/miniconda3/envs/ml-uma/lib/python3.12/site-packages/torchtnt/utils/version.py:12: UserWarning: pkg_resources is deprecated as an API. See https://setuptools.pypa.io/en/latest/pkg_resources.html. The pkg_resources package is slated for removal as early as 2025-11-30. Refrain from using this package or pin to Setuptools<81.
  import pkg_resources
/home/rezac/bin/miniconda3/envs/ml-uma/lib/python3.12/site-packages/torchtnt/utils/version.py:12: UserWarning: pkg_resources is deprecated as an API. See https://setuptools.pypa.io/en/latest/pkg_resources.html. The pkg_resources package is slated for removal as early as 2025-11-30. Refrain from using this package or pin to Setuptools<81.
  import pkg_resources
/home/rezac/bin/miniconda3/envs/ml-uma/lib/python3.12/site-packages/torchtnt/utils/version.py:12: UserWarning: pkg_resources is deprecated as an API. See https://setuptools.pypa.io/en/latest/pkg_resources.html. The pkg_resources package is slated for removal as early as 2025-11-30. Refrain from using this package or pin to Setuptools<81.
  import pkg_resources
/home/rezac/bin/miniconda3/envs/ml-uma/lib/python3.12/site-packages/torchtnt/utils/version.py:12: UserWarning: pkg_resources is deprecated as an API. See https://setuptools.pypa.io/en/latest/pkg_resources.html. The pkg_resources package is slated for removal as early as 2025-11-30. Refrain from using this package or pin to Setuptools<81.
  import pkg_resources
/home/rezac/bin/miniconda3/envs/ml-uma/lib/python3.12/site-packages/torchtnt/utils/version.py:12: UserWarning: pkg_resources is deprecated as an API. See https://setuptools.pypa.io/en/latest/pkg_resources.html. The pkg_resources package is slated for removal as early as 2025-11-30. Refrain from using this package or pin to Setuptools<81.
  import pkg_resources
/home/rezac/bin/miniconda3/envs/ml-uma/lib/python3.12/site-packages/torchtnt/utils/version.py:12: UserWarning: pkg_resources is deprecated as an API. See https://setuptools.pypa.io/en/latest/pkg_resources.html. The pkg_resources package is slated for removal as early as 2025-11-30. Refrain from using this package or pin to Setuptools<81.
  import pkg_resources
/home/rezac/bin/miniconda3/envs/ml-uma/lib/python3.12/site-packages/torchtnt/utils/version.py:12: UserWarning: pkg_resources is deprecated as an API. See https://setuptools.pypa.io/en/latest/pkg_resources.html. The pkg_resources package is slated for removal as early as 2025-11-30. Refrain from using this package or pin to Setuptools<81.
  import pkg_resources
/home/rezac/bin/miniconda3/envs/ml-uma/lib/python3.12/site-packages/torchtnt/utils/version.py:12: UserWarning: pkg_resources is deprecated as an API. See https://setuptools.pypa.io/en/latest/pkg_resources.html. The pkg_resources package is slated for removal as early as 2025-11-30. Refrain from using this package or pin to Setuptools<81.
  import pkg_resources
/home/rezac/bin/miniconda3/envs/ml-uma/lib/python3.12/site-packages/torchtnt/utils/version.py:12: UserWarning: pkg_resources is deprecated as an API. See https://setuptools.pypa.io/en/latest/pkg_resources.html. The pkg_resources package is slated for removal as early as 2025-11-30. Refrain from using this package or pin to Setuptools<81.
  import pkg_resources
/home/rezac/bin/miniconda3/envs/ml-uma/lib/python3.12/site-packages/torchtnt/utils/version.py:12: UserWarning: pkg_resources is deprecated as an API. See https://setuptools.pypa.io/en/latest/pkg_resources.html. The pkg_resources package is slated for removal as early as 2025-11-30. Refrain from using this package or pin to Setuptools<81.
  import pkg_resources
/home/rezac/bin/miniconda3/envs/ml-uma/lib/python3.12/site-packages/torchtnt/utils/version.py:12: UserWarning: pkg_resources is deprecated as an API. See https://setuptools.pypa.io/en/latest/pkg_resources.html. The pkg_resources package is slated for removal as early as 2025-11-30. Refrain from using this package or pin to Setuptools<81.
  import pkg_resources
/home/rezac/bin/miniconda3/envs/ml-uma/lib/python3.12/site-packages/torchtnt/utils/version.py:12: UserWarning: pkg_resources is deprecated as an API. See https://setuptools.pypa.io/en/latest/pkg_resources.html. The pkg_resources package is slated for removal as early as 2025-11-30. Refrain from using this package or pin to Setuptools<81.
  import pkg_resources
/home/rezac/bin/miniconda3/envs/ml-uma/lib/python3.12/site-packages/torchtnt/utils/version.py:12: UserWarning: pkg_resources is deprecated as an API. See https://setuptools.pypa.io/en/latest/pkg_resources.html. The pkg_resources package is slated for removal as early as 2025-11-30. Refrain from using this package or pin to Setuptools<81.
  import pkg_resources
/home/rezac/bin/miniconda3/envs/ml-uma/lib/python3.12/site-packages/torchtnt/utils/version.py:12: UserWarning: pkg_resources is deprecated as an API. See https://setuptools.pypa.io/en/latest/pkg_resources.html. The pkg_resources package is slated for removal as early as 2025-11-30. Refrain from using this package or pin to Setuptools<81.
  import pkg_resources
/home/rezac/bin/miniconda3/envs/ml-uma/lib/python3.12/site-packages/torchtnt/utils/version.py:12: UserWarning: pkg_resources is deprecated as an API. See https://setuptools.pypa.io/en/latest/pkg_resources.html. The pkg_resources package is slated for removal as early as 2025-11-30. Refrain from using this package or pin to Setuptools<81.
  import pkg_resources
/home/rezac/bin/miniconda3/envs/ml-uma/lib/python3.12/site-packages/torchtnt/utils/version.py:12: UserWarning: pkg_resources is deprecated as an API. See https://setuptools.pypa.io/en/latest/pkg_resources.html. The pkg_resources package is slated for removal as early as 2025-11-30. Refrain from using this package or pin to Setuptools<81.
  import pkg_resources
/home/rezac/bin/miniconda3/envs/ml-uma/lib/python3.12/site-packages/torchtnt/utils/version.py:12: UserWarning: pkg_resources is deprecated as an API. See https://setuptools.pypa.io/en/latest/pkg_resources.html. The pkg_resources package is slated for removal as early as 2025-11-30. Refrain from using this package or pin to Setuptools<81.
  import pkg_resources
/home/rezac/bin/miniconda3/envs/ml-uma/lib/python3.12/site-packages/torchtnt/utils/version.py:12: UserWarning: pkg_resources is deprecated as an API. See https://setuptools.pypa.io/en/latest/pkg_resources.html. The pkg_resources package is slated for removal as early as 2025-11-30. Refrain from using this package or pin to Setuptools<81.
  import pkg_resources
/home/rezac/bin/miniconda3/envs/ml-uma/lib/python3.12/site-packages/torchtnt/utils/version.py:12: UserWarning: pkg_resources is deprecated as an API. See https://setuptools.pypa.io/en/latest/pkg_resources.html. The pkg_resources package is slated for removal as early as 2025-11-30. Refrain from using this package or pin to Setuptools<81.
  import pkg_resources
/home/rezac/bin/miniconda3/envs/ml-uma/lib/python3.12/site-packages/torchtnt/utils/version.py:12: UserWarning: pkg_resources is deprecated as an API. See https://setuptools.pypa.io/en/latest/pkg_resources.html. The pkg_resources package is slated for removal as early as 2025-11-30. Refrain from using this package or pin to Setuptools<81.
  import pkg_resources
/home/rezac/bin/miniconda3/envs/ml-uma/lib/python3.12/site-packages/torchtnt/utils/version.py:12: UserWarning: pkg_resources is deprecated as an API. See https://setuptools.pypa.io/en/latest/pkg_resources.html. The pkg_resources package is slated for removal as early as 2025-11-30. Refrain from using this package or pin to Setuptools<81.
  import pkg_resources
/home/rezac/bin/miniconda3/envs/ml-uma/lib/python3.12/site-packages/torchtnt/utils/version.py:12: UserWarning: pkg_resources is deprecated as an API. See https://setuptools.pypa.io/en/latest/pkg_resources.html. The pkg_resources package is slated for removal as early as 2025-11-30. Refrain from using this package or pin to Setuptools<81.
  import pkg_resources
/home/rezac/bin/miniconda3/envs/ml-uma/lib/python3.12/site-packages/torchtnt/utils/version.py:12: UserWarning: pkg_resources is deprecated as an API. See https://setuptools.pypa.io/en/latest/pkg_resources.html. The pkg_resources package is slated for removal as early as 2025-11-30. Refrain from using this package or pin to Setuptools<81.
  import pkg_resources
/home/rezac/bin/miniconda3/envs/ml-uma/lib/python3.12/site-packages/torchtnt/utils/version.py:12: UserWarning: pkg_resources is deprecated as an API. See https://setuptools.pypa.io/en/latest/pkg_resources.html. The pkg_resources package is slated for removal as early as 2025-11-30. Refrain from using this package or pin to Setuptools<81.
  import pkg_resources
/home/rezac/bin/miniconda3/envs/ml-uma/lib/python3.12/site-packages/torchtnt/utils/version.py:12: UserWarning: pkg_resources is deprecated as an API. See https://setuptools.pypa.io/en/latest/pkg_resources.html. The pkg_resources package is slated for removal as early as 2025-11-30. Refrain from using this package or pin to Setuptools<81.
  import pkg_resources
/home/rezac/bin/miniconda3/envs/ml-uma/lib/python3.12/site-packages/torchtnt/utils/version.py:12: UserWarning: pkg_resources is deprecated as an API. See https://setuptools.pypa.io/en/latest/pkg_resources.html. The pkg_resources package is slated for removal as early as 2025-11-30. Refrain from using this package or pin to Setuptools<81.
  import pkg_resources
/home/rezac/bin/miniconda3/envs/ml-uma/lib/python3.12/site-packages/torchtnt/utils/version.py:12: UserWarning: pkg_resources is deprecated as an API. See https://setuptools.pypa.io/en/latest/pkg_resources.html. The pkg_resources package is slated for removal as early as 2025-11-30. Refrain from using this package or pin to Setuptools<81.
  import pkg_resources
/home/rezac/bin/miniconda3/envs/ml-uma/lib/python3.12/site-packages/torchtnt/utils/version.py:12: UserWarning: pkg_resources is deprecated as an API. See https://setuptools.pypa.io/en/latest/pkg_resources.html. The pkg_resources package is slated for removal as early as 2025-11-30. Refrain from using this package or pin to Setuptools<81.
  import pkg_resources
/home/rezac/bin/miniconda3/envs/ml-uma/lib/python3.12/site-packages/torchtnt/utils/version.py:12: UserWarning: pkg_resources is deprecated as an API. See https://setuptools.pypa.io/en/latest/pkg_resources.html. The pkg_resources package is slated for removal as early as 2025-11-30. Refrain from using this package or pin to Setuptools<81.
  import pkg_resources
/home/rezac/bin/miniconda3/envs/ml-uma/lib/python3.12/site-packages/torchtnt/utils/version.py:12: UserWarning: pkg_resources is deprecated as an API. See https://setuptools.pypa.io/en/latest/pkg_resources.html. The pkg_resources package is slated for removal as early as 2025-11-30. Refrain from using this package or pin to Setuptools<81.
  import pkg_resources
/home/rezac/bin/miniconda3/envs/ml-uma/lib/python3.12/site-packages/torchtnt/utils/version.py:12: UserWarning: pkg_resources is deprecated as an API. See https://setuptools.pypa.io/en/latest/pkg_resources.html. The pkg_resources package is slated for removal as early as 2025-11-30. Refrain from using this package or pin to Setuptools<81.
  import pkg_resources
/home/rezac/bin/miniconda3/envs/ml-uma/lib/python3.12/site-packages/torchtnt/utils/version.py:12: UserWarning: pkg_resources is deprecated as an API. See https://setuptools.pypa.io/en/latest/pkg_resources.html. The pkg_resources package is slated for removal as early as 2025-11-30. Refrain from using this package or pin to Setuptools<81.
  import pkg_resources
/home/rezac/bin/miniconda3/envs/ml-uma/lib/python3.12/site-packages/torchtnt/utils/version.py:12: UserWarning: pkg_resources is deprecated as an API. See https://setuptools.pypa.io/en/latest/pkg_resources.html. The pkg_resources package is slated for removal as early as 2025-11-30. Refrain from using this package or pin to Setuptools<81.
  import pkg_resources
/home/rezac/bin/miniconda3/envs/ml-uma/lib/python3.12/site-packages/torchtnt/utils/version.py:12: UserWarning: pkg_resources is deprecated as an API. See https://setuptools.pypa.io/en/latest/pkg_resources.html. The pkg_resources package is slated for removal as early as 2025-11-30. Refrain from using this package or pin to Setuptools<81.
  import pkg_resources
/home/rezac/bin/miniconda3/envs/ml-uma/lib/python3.12/site-packages/torchtnt/utils/version.py:12: UserWarning: pkg_resources is deprecated as an API. See https://setuptools.pypa.io/en/latest/pkg_resources.html. The pkg_resources package is slated for removal as early as 2025-11-30. Refrain from using this package or pin to Setuptools<81.
  import pkg_resources
/home/rezac/bin/miniconda3/envs/ml-uma/lib/python3.12/site-packages/torchtnt/utils/version.py:12: UserWarning: pkg_resources is deprecated as an API. See https://setuptools.pypa.io/en/latest/pkg_resources.html. The pkg_resources package is slated for removal as early as 2025-11-30. Refrain from using this package or pin to Setuptools<81.
  import pkg_resources
/home/rezac/bin/miniconda3/envs/ml-uma/lib/python3.12/site-packages/torchtnt/utils/version.py:12: UserWarning: pkg_resources is deprecated as an API. See https://setuptools.pypa.io/en/latest/pkg_resources.html. The pkg_resources package is slated for removal as early as 2025-11-30. Refrain from using this package or pin to Setuptools<81.
  import pkg_resources
/home/rezac/bin/miniconda3/envs/ml-uma/lib/python3.12/site-packages/torchtnt/utils/version.py:12: UserWarning: pkg_resources is deprecated as an API. See https://setuptools.pypa.io/en/latest/pkg_resources.html. The pkg_resources package is slated for removal as early as 2025-11-30. Refrain from using this package or pin to Setuptools<81.
  import pkg_resources
/home/rezac/bin/miniconda3/envs/ml-uma/lib/python3.12/site-packages/torchtnt/utils/version.py:12: UserWarning: pkg_resources is deprecated as an API. See https://setuptools.pypa.io/en/latest/pkg_resources.html. The pkg_resources package is slated for removal as early as 2025-11-30. Refrain from using this package or pin to Setuptools<81.
  import pkg_resources
/home/rezac/bin/miniconda3/envs/ml-uma/lib/python3.12/site-packages/torchtnt/utils/version.py:12: UserWarning: pkg_resources is deprecated as an API. See https://setuptools.pypa.io/en/latest/pkg_resources.html. The pkg_resources package is slated for removal as early as 2025-11-30. Refrain from using this package or pin to Setuptools<81.
  import pkg_resources
/home/rezac/bin/miniconda3/envs/ml-uma/lib/python3.12/site-packages/torchtnt/utils/version.py:12: UserWarning: pkg_resources is deprecated as an API. See https://setuptools.pypa.io/en/latest/pkg_resources.html. The pkg_resources package is slated for removal as early as 2025-11-30. Refrain from using this package or pin to Setuptools<81.
  import pkg_resources
/home/rezac/bin/miniconda3/envs/ml-uma/lib/python3.12/site-packages/torchtnt/utils/version.py:12: UserWarning: pkg_resources is deprecated as an API. See https://setuptools.pypa.io/en/latest/pkg_resources.html. The pkg_resources package is slated for removal as early as 2025-11-30. Refrain from using this package or pin to Setuptools<81.
  import pkg_resources
/home/rezac/bin/miniconda3/envs/ml-uma/lib/python3.12/site-packages/torchtnt/utils/version.py:12: UserWarning: pkg_resources is deprecated as an API. See https://setuptools.pypa.io/en/latest/pkg_resources.html. The pkg_resources package is slated for removal as early as 2025-11-30. Refrain from using this package or pin to Setuptools<81.
  import pkg_resources
/home/rezac/bin/miniconda3/envs/ml-uma/lib/python3.12/site-packages/torchtnt/utils/version.py:12: UserWarning: pkg_resources is deprecated as an API. See https://setuptools.pypa.io/en/latest/pkg_resources.html. The pkg_resources package is slated for removal as early as 2025-11-30. Refrain from using this package or pin to Setuptools<81.
  import pkg_resources
/home/rezac/bin/miniconda3/envs/ml-uma/lib/python3.12/site-packages/torchtnt/utils/version.py:12: UserWarning: pkg_resources is deprecated as an API. See https://setuptools.pypa.io/en/latest/pkg_resources.html. The pkg_resources package is slated for removal as early as 2025-11-30. Refrain from using this package or pin to Setuptools<81.
  import pkg_resources
/home/rezac/bin/miniconda3/envs/ml-uma/lib/python3.12/site-packages/torchtnt/utils/version.py:12: UserWarning: pkg_resources is deprecated as an API. See https://setuptools.pypa.io/en/latest/pkg_resources.html. The pkg_resources package is slated for removal as early as 2025-11-30. Refrain from using this package or pin to Setuptools<81.
  import pkg_resources
/home/rezac/bin/miniconda3/envs/ml-uma/lib/python3.12/site-packages/torchtnt/utils/version.py:12: UserWarning: pkg_resources is deprecated as an API. See https://setuptools.pypa.io/en/latest/pkg_resources.html. The pkg_resources package is slated for removal as early as 2025-11-30. Refrain from using this package or pin to Setuptools<81.
  import pkg_resources
/home/rezac/bin/miniconda3/envs/ml-uma/lib/python3.12/site-packages/torchtnt/utils/version.py:12: UserWarning: pkg_resources is deprecated as an API. See https://setuptools.pypa.io/en/latest/pkg_resources.html. The pkg_resources package is slated for removal as early as 2025-11-30. Refrain from using this package or pin to Setuptools<81.
  import pkg_resources
/home/rezac/bin/miniconda3/envs/ml-uma/lib/python3.12/site-packages/torchtnt/utils/version.py:12: UserWarning: pkg_resources is deprecated as an API. See https://setuptools.pypa.io/en/latest/pkg_resources.html. The pkg_resources package is slated for removal as early as 2025-11-30. Refrain from using this package or pin to Setuptools<81.
  import pkg_resources
/home/rezac/bin/miniconda3/envs/ml-uma/lib/python3.12/site-packages/torchtnt/utils/version.py:12: UserWarning: pkg_resources is deprecated as an API. See https://setuptools.pypa.io/en/latest/pkg_resources.html. The pkg_resources package is slated for removal as early as 2025-11-30. Refrain from using this package or pin to Setuptools<81.
  import pkg_resources
/home/rezac/bin/miniconda3/envs/ml-uma/lib/python3.12/site-packages/torchtnt/utils/version.py:12: UserWarning: pkg_resources is deprecated as an API. See https://setuptools.pypa.io/en/latest/pkg_resources.html. The pkg_resources package is slated for removal as early as 2025-11-30. Refrain from using this package or pin to Setuptools<81.
  import pkg_resources
/home/rezac/bin/miniconda3/envs/ml-uma/lib/python3.12/site-packages/torchtnt/utils/version.py:12: UserWarning: pkg_resources is deprecated as an API. See https://setuptools.pypa.io/en/latest/pkg_resources.html. The pkg_resources package is slated for removal as early as 2025-11-30. Refrain from using this package or pin to Setuptools<81.
  import pkg_resources
/home/rezac/bin/miniconda3/envs/ml-uma/lib/python3.12/site-packages/torchtnt/utils/version.py:12: UserWarning: pkg_resources is deprecated as an API. See https://setuptools.pypa.io/en/latest/pkg_resources.html. The pkg_resources package is slated for removal as early as 2025-11-30. Refrain from using this package or pin to Setuptools<81.
  import pkg_resources
/home/rezac/bin/miniconda3/envs/ml-uma/lib/python3.12/site-packages/torchtnt/utils/version.py:12: UserWarning: pkg_resources is deprecated as an API. See https://setuptools.pypa.io/en/latest/pkg_resources.html. The pkg_resources package is slated for removal as early as 2025-11-30. Refrain from using this package or pin to Setuptools<81.
  import pkg_resources
/home/rezac/bin/miniconda3/envs/ml-uma/lib/python3.12/site-packages/torchtnt/utils/version.py:12: UserWarning: pkg_resources is deprecated as an API. See https://setuptools.pypa.io/en/latest/pkg_resources.html. The pkg_resources package is slated for removal as early as 2025-11-30. Refrain from using this package or pin to Setuptools<81.
  import pkg_resources
/home/rezac/bin/miniconda3/envs/ml-uma/lib/python3.12/site-packages/torchtnt/utils/version.py:12: UserWarning: pkg_resources is deprecated as an API. See https://setuptools.pypa.io/en/latest/pkg_resources.html. The pkg_resources package is slated for removal as early as 2025-11-30. Refrain from using this package or pin to Setuptools<81.
  import pkg_resources
/home/rezac/bin/miniconda3/envs/ml-uma/lib/python3.12/site-packages/torchtnt/utils/version.py:12: UserWarning: pkg_resources is deprecated as an API. See https://setuptools.pypa.io/en/latest/pkg_resources.html. The pkg_resources package is slated for removal as early as 2025-11-30. Refrain from using this package or pin to Setuptools<81.
  import pkg_resources
/home/rezac/bin/miniconda3/envs/ml-uma/lib/python3.12/site-packages/torchtnt/utils/version.py:12: UserWarning: pkg_resources is deprecated as an API. See https://setuptools.pypa.io/en/latest/pkg_resources.html. The pkg_resources package is slated for removal as early as 2025-11-30. Refrain from using this package or pin to Setuptools<81.
  import pkg_resources
/home/rezac/bin/miniconda3/envs/ml-uma/lib/python3.12/site-packages/torchtnt/utils/version.py:12: UserWarning: pkg_resources is deprecated as an API. See https://setuptools.pypa.io/en/latest/pkg_resources.html. The pkg_resources package is slated for removal as early as 2025-11-30. Refrain from using this package or pin to Setuptools<81.
  import pkg_resources
/home/rezac/bin/miniconda3/envs/ml-uma/lib/python3.12/site-packages/torchtnt/utils/version.py:12: UserWarning: pkg_resources is deprecated as an API. See https://setuptools.pypa.io/en/latest/pkg_resources.html. The pkg_resources package is slated for removal as early as 2025-11-30. Refrain from using this package or pin to Setuptools<81.
  import pkg_resources
/home/rezac/bin/miniconda3/envs/ml-uma/lib/python3.12/site-packages/torchtnt/utils/version.py:12: UserWarning: pkg_resources is deprecated as an API. See https://setuptools.pypa.io/en/latest/pkg_resources.html. The pkg_resources package is slated for removal as early as 2025-11-30. Refrain from using this package or pin to Setuptools<81.
  import pkg_resources
/home/rezac/bin/miniconda3/envs/ml-uma/lib/python3.12/site-packages/torchtnt/utils/version.py:12: UserWarning: pkg_resources is deprecated as an API. See https://setuptools.pypa.io/en/latest/pkg_resources.html. The pkg_resources package is slated for removal as early as 2025-11-30. Refrain from using this package or pin to Setuptools<81.
  import pkg_resources
/home/rezac/bin/miniconda3/envs/ml-uma/lib/python3.12/site-packages/torchtnt/utils/version.py:12: UserWarning: pkg_resources is deprecated as an API. See https://setuptools.pypa.io/en/latest/pkg_resources.html. The pkg_resources package is slated for removal as early as 2025-11-30. Refrain from using this package or pin to Setuptools<81.
  import pkg_resources
/home/rezac/bin/miniconda3/envs/ml-uma/lib/python3.12/site-packages/torchtnt/utils/version.py:12: UserWarning: pkg_resources is deprecated as an API. See https://setuptools.pypa.io/en/latest/pkg_resources.html. The pkg_resources package is slated for removal as early as 2025-11-30. Refrain from using this package or pin to Setuptools<81.
  import pkg_resources
/home/rezac/bin/miniconda3/envs/ml-uma/lib/python3.12/site-packages/torchtnt/utils/version.py:12: UserWarning: pkg_resources is deprecated as an API. See https://setuptools.pypa.io/en/latest/pkg_resources.html. The pkg_resources package is slated for removal as early as 2025-11-30. Refrain from using this package or pin to Setuptools<81.
  import pkg_resources
/home/rezac/bin/miniconda3/envs/ml-uma/lib/python3.12/site-packages/torchtnt/utils/version.py:12: UserWarning: pkg_resources is deprecated as an API. See https://setuptools.pypa.io/en/latest/pkg_resources.html. The pkg_resources package is slated for removal as early as 2025-11-30. Refrain from using this package or pin to Setuptools<81.
  import pkg_resources
/home/rezac/bin/miniconda3/envs/ml-uma/lib/python3.12/site-packages/torchtnt/utils/version.py:12: UserWarning: pkg_resources is deprecated as an API. See https://setuptools.pypa.io/en/latest/pkg_resources.html. The pkg_resources package is slated for removal as early as 2025-11-30. Refrain from using this package or pin to Setuptools<81.
  import pkg_resources
/home/rezac/bin/miniconda3/envs/ml-uma/lib/python3.12/site-packages/torchtnt/utils/version.py:12: UserWarning: pkg_resources is deprecated as an API. See https://setuptools.pypa.io/en/latest/pkg_resources.html. The pkg_resources package is slated for removal as early as 2025-11-30. Refrain from using this package or pin to Setuptools<81.
  import pkg_resources
/home/rezac/bin/miniconda3/envs/ml-uma/lib/python3.12/site-packages/torchtnt/utils/version.py:12: UserWarning: pkg_resources is deprecated as an API. See https://setuptools.pypa.io/en/latest/pkg_resources.html. The pkg_resources package is slated for removal as early as 2025-11-30. Refrain from using this package or pin to Setuptools<81.
  import pkg_resources
/home/rezac/bin/miniconda3/envs/ml-uma/lib/python3.12/site-packages/torchtnt/utils/version.py:12: UserWarning: pkg_resources is deprecated as an API. See https://setuptools.pypa.io/en/latest/pkg_resources.html. The pkg_resources package is slated for removal as early as 2025-11-30. Refrain from using this package or pin to Setuptools<81.
  import pkg_resources
/home/rezac/bin/miniconda3/envs/ml-uma/lib/python3.12/site-packages/torchtnt/utils/version.py:12: UserWarning: pkg_resources is deprecated as an API. See https://setuptools.pypa.io/en/latest/pkg_resources.html. The pkg_resources package is slated for removal as early as 2025-11-30. Refrain from using this package or pin to Setuptools<81.
  import pkg_resources
/home/rezac/bin/miniconda3/envs/ml-uma/lib/python3.12/site-packages/torchtnt/utils/version.py:12: UserWarning: pkg_resources is deprecated as an API. See https://setuptools.pypa.io/en/latest/pkg_resources.html. The pkg_resources package is slated for removal as early as 2025-11-30. Refrain from using this package or pin to Setuptools<81.
  import pkg_resources
/home/rezac/bin/miniconda3/envs/ml-uma/lib/python3.12/site-packages/torchtnt/utils/version.py:12: UserWarning: pkg_resources is deprecated as an API. See https://setuptools.pypa.io/en/latest/pkg_resources.html. The pkg_resources package is slated for removal as early as 2025-11-30. Refrain from using this package or pin to Setuptools<81.
  import pkg_resources
/home/rezac/bin/miniconda3/envs/ml-uma/lib/python3.12/site-packages/torchtnt/utils/version.py:12: UserWarning: pkg_resources is deprecated as an API. See https://setuptools.pypa.io/en/latest/pkg_resources.html. The pkg_resources package is slated for removal as early as 2025-11-30. Refrain from using this package or pin to Setuptools<81.
  import pkg_resources
/home/rezac/bin/miniconda3/envs/ml-uma/lib/python3.12/site-packages/torchtnt/utils/version.py:12: UserWarning: pkg_resources is deprecated as an API. See https://setuptools.pypa.io/en/latest/pkg_resources.html. The pkg_resources package is slated for removal as early as 2025-11-30. Refrain from using this package or pin to Setuptools<81.
  import pkg_resources
/home/rezac/bin/miniconda3/envs/ml-uma/lib/python3.12/site-packages/torchtnt/utils/version.py:12: UserWarning: pkg_resources is deprecated as an API. See https://setuptools.pypa.io/en/latest/pkg_resources.html. The pkg_resources package is slated for removal as early as 2025-11-30. Refrain from using this package or pin to Setuptools<81.
  import pkg_resources
/home/rezac/bin/miniconda3/envs/ml-uma/lib/python3.12/site-packages/torchtnt/utils/version.py:12: UserWarning: pkg_resources is deprecated as an API. See https://setuptools.pypa.io/en/latest/pkg_resources.html. The pkg_resources package is slated for removal as early as 2025-11-30. Refrain from using this package or pin to Setuptools<81.
  import pkg_resources
/home/rezac/bin/miniconda3/envs/ml-uma/lib/python3.12/site-packages/torchtnt/utils/version.py:12: UserWarning: pkg_resources is deprecated as an API. See https://setuptools.pypa.io/en/latest/pkg_resources.html. The pkg_resources package is slated for removal as early as 2025-11-30. Refrain from using this package or pin to Setuptools<81.
  import pkg_resources
/home/rezac/bin/miniconda3/envs/ml-uma/lib/python3.12/site-packages/torchtnt/utils/version.py:12: UserWarning: pkg_resources is deprecated as an API. See https://setuptools.pypa.io/en/latest/pkg_resources.html. The pkg_resources package is slated for removal as early as 2025-11-30. Refrain from using this package or pin to Setuptools<81.
  import pkg_resources
/home/rezac/bin/miniconda3/envs/ml-uma/lib/python3.12/site-packages/torchtnt/utils/version.py:12: UserWarning: pkg_resources is deprecated as an API. See https://setuptools.pypa.io/en/latest/pkg_resources.html. The pkg_resources package is slated for removal as early as 2025-11-30. Refrain from using this package or pin to Setuptools<81.
  import pkg_resources
/home/rezac/bin/miniconda3/envs/ml-uma/lib/python3.12/site-packages/torchtnt/utils/version.py:12: UserWarning: pkg_resources is deprecated as an API. See https://setuptools.pypa.io/en/latest/pkg_resources.html. The pkg_resources package is slated for removal as early as 2025-11-30. Refrain from using this package or pin to Setuptools<81.
  import pkg_resources
/home/rezac/bin/miniconda3/envs/ml-uma/lib/python3.12/site-packages/torchtnt/utils/version.py:12: UserWarning: pkg_resources is deprecated as an API. See https://setuptools.pypa.io/en/latest/pkg_resources.html. The pkg_resources package is slated for removal as early as 2025-11-30. Refrain from using this package or pin to Setuptools<81.
  import pkg_resources
/home/rezac/bin/miniconda3/envs/ml-uma/lib/python3.12/site-packages/torchtnt/utils/version.py:12: UserWarning: pkg_resources is deprecated as an API. See https://setuptools.pypa.io/en/latest/pkg_resources.html. The pkg_resources package is slated for removal as early as 2025-11-30. Refrain from using this package or pin to Setuptools<81.
  import pkg_resources
/home/rezac/bin/miniconda3/envs/ml-uma/lib/python3.12/site-packages/torchtnt/utils/version.py:12: UserWarning: pkg_resources is deprecated as an API. See https://setuptools.pypa.io/en/latest/pkg_resources.html. The pkg_resources package is slated for removal as early as 2025-11-30. Refrain from using this package or pin to Setuptools<81.
  import pkg_resources
/home/rezac/bin/miniconda3/envs/ml-uma/lib/python3.12/site-packages/torchtnt/utils/version.py:12: UserWarning: pkg_resources is deprecated as an API. See https://setuptools.pypa.io/en/latest/pkg_resources.html. The pkg_resources package is slated for removal as early as 2025-11-30. Refrain from using this package or pin to Setuptools<81.
  import pkg_resources
/home/rezac/bin/miniconda3/envs/ml-uma/lib/python3.12/site-packages/torchtnt/utils/version.py:12: UserWarning: pkg_resources is deprecated as an API. See https://setuptools.pypa.io/en/latest/pkg_resources.html. The pkg_resources package is slated for removal as early as 2025-11-30. Refrain from using this package or pin to Setuptools<81.
  import pkg_resources
/home/rezac/bin/miniconda3/envs/ml-uma/lib/python3.12/site-packages/torchtnt/utils/version.py:12: UserWarning: pkg_resources is deprecated as an API. See https://setuptools.pypa.io/en/latest/pkg_resources.html. The pkg_resources package is slated for removal as early as 2025-11-30. Refrain from using this package or pin to Setuptools<81.
  import pkg_resources
/home/rezac/bin/miniconda3/envs/ml-uma/lib/python3.12/site-packages/torchtnt/utils/version.py:12: UserWarning: pkg_resources is deprecated as an API. See https://setuptools.pypa.io/en/latest/pkg_resources.html. The pkg_resources package is slated for removal as early as 2025-11-30. Refrain from using this package or pin to Setuptools<81.
  import pkg_resources
/home/rezac/bin/miniconda3/envs/ml-uma/lib/python3.12/site-packages/torchtnt/utils/version.py:12: UserWarning: pkg_resources is deprecated as an API. See https://setuptools.pypa.io/en/latest/pkg_resources.html. The pkg_resources package is slated for removal as early as 2025-11-30. Refrain from using this package or pin to Setuptools<81.
  import pkg_resources
/home/rezac/bin/miniconda3/envs/ml-uma/lib/python3.12/site-packages/torchtnt/utils/version.py:12: UserWarning: pkg_resources is deprecated as an API. See https://setuptools.pypa.io/en/latest/pkg_resources.html. The pkg_resources package is slated for removal as early as 2025-11-30. Refrain from using this package or pin to Setuptools<81.
  import pkg_resources
/home/rezac/bin/miniconda3/envs/ml-uma/lib/python3.12/site-packages/torchtnt/utils/version.py:12: UserWarning: pkg_resources is deprecated as an API. See https://setuptools.pypa.io/en/latest/pkg_resources.html. The pkg_resources package is slated for removal as early as 2025-11-30. Refrain from using this package or pin to Setuptools<81.
  import pkg_resources
/home/rezac/bin/miniconda3/envs/ml-uma/lib/python3.12/site-packages/torchtnt/utils/version.py:12: UserWarning: pkg_resources is deprecated as an API. See https://setuptools.pypa.io/en/latest/pkg_resources.html. The pkg_resources package is slated for removal as early as 2025-11-30. Refrain from using this package or pin to Setuptools<81.
  import pkg_resources
/home/rezac/bin/miniconda3/envs/ml-uma/lib/python3.12/site-packages/torchtnt/utils/version.py:12: UserWarning: pkg_resources is deprecated as an API. See https://setuptools.pypa.io/en/latest/pkg_resources.html. The pkg_resources package is slated for removal as early as 2025-11-30. Refrain from using this package or pin to Setuptools<81.
  import pkg_resources
/home/rezac/bin/miniconda3/envs/ml-uma/lib/python3.12/site-packages/torchtnt/utils/version.py:12: UserWarning: pkg_resources is deprecated as an API. See https://setuptools.pypa.io/en/latest/pkg_resources.html. The pkg_resources package is slated for removal as early as 2025-11-30. Refrain from using this package or pin to Setuptools<81.
  import pkg_resources
/home/rezac/bin/miniconda3/envs/ml-uma/lib/python3.12/site-packages/torchtnt/utils/version.py:12: UserWarning: pkg_resources is deprecated as an API. See https://setuptools.pypa.io/en/latest/pkg_resources.html. The pkg_resources package is slated for removal as early as 2025-11-30. Refrain from using this package or pin to Setuptools<81.
  import pkg_resources
/home/rezac/bin/miniconda3/envs/ml-uma/lib/python3.12/site-packages/torchtnt/utils/version.py:12: UserWarning: pkg_resources is deprecated as an API. See https://setuptools.pypa.io/en/latest/pkg_resources.html. The pkg_resources package is slated for removal as early as 2025-11-30. Refrain from using this package or pin to Setuptools<81.
  import pkg_resources
/home/rezac/bin/miniconda3/envs/ml-uma/lib/python3.12/site-packages/torchtnt/utils/version.py:12: UserWarning: pkg_resources is deprecated as an API. See https://setuptools.pypa.io/en/latest/pkg_resources.html. The pkg_resources package is slated for removal as early as 2025-11-30. Refrain from using this package or pin to Setuptools<81.
  import pkg_resources
/home/rezac/bin/miniconda3/envs/ml-uma/lib/python3.12/site-packages/torchtnt/utils/version.py:12: UserWarning: pkg_resources is deprecated as an API. See https://setuptools.pypa.io/en/latest/pkg_resources.html. The pkg_resources package is slated for removal as early as 2025-11-30. Refrain from using this package or pin to Setuptools<81.
  import pkg_resources
/home/rezac/bin/miniconda3/envs/ml-uma/lib/python3.12/site-packages/torchtnt/utils/version.py:12: UserWarning: pkg_resources is deprecated as an API. See https://setuptools.pypa.io/en/latest/pkg_resources.html. The pkg_resources package is slated for removal as early as 2025-11-30. Refrain from using this package or pin to Setuptools<81.
  import pkg_resources
/home/rezac/bin/miniconda3/envs/ml-uma/lib/python3.12/site-packages/torchtnt/utils/version.py:12: UserWarning: pkg_resources is deprecated as an API. See https://setuptools.pypa.io/en/latest/pkg_resources.html. The pkg_resources package is slated for removal as early as 2025-11-30. Refrain from using this package or pin to Setuptools<81.
  import pkg_resources
/home/rezac/bin/miniconda3/envs/ml-uma/lib/python3.12/site-packages/torchtnt/utils/version.py:12: UserWarning: pkg_resources is deprecated as an API. See https://setuptools.pypa.io/en/latest/pkg_resources.html. The pkg_resources package is slated for removal as early as 2025-11-30. Refrain from using this package or pin to Setuptools<81.
  import pkg_resources
/home/rezac/bin/miniconda3/envs/ml-uma/lib/python3.12/site-packages/torchtnt/utils/version.py:12: UserWarning: pkg_resources is deprecated as an API. See https://setuptools.pypa.io/en/latest/pkg_resources.html. The pkg_resources package is slated for removal as early as 2025-11-30. Refrain from using this package or pin to Setuptools<81.
  import pkg_resources
/home/rezac/bin/miniconda3/envs/ml-uma/lib/python3.12/site-packages/torchtnt/utils/version.py:12: UserWarning: pkg_resources is deprecated as an API. See https://setuptools.pypa.io/en/latest/pkg_resources.html. The pkg_resources package is slated for removal as early as 2025-11-30. Refrain from using this package or pin to Setuptools<81.
  import pkg_resources
/home/rezac/bin/miniconda3/envs/ml-uma/lib/python3.12/site-packages/torchtnt/utils/version.py:12: UserWarning: pkg_resources is deprecated as an API. See https://setuptools.pypa.io/en/latest/pkg_resources.html. The pkg_resources package is slated for removal as early as 2025-11-30. Refrain from using this package or pin to Setuptools<81.
  import pkg_resources
/home/rezac/bin/miniconda3/envs/ml-uma/lib/python3.12/site-packages/torchtnt/utils/version.py:12: UserWarning: pkg_resources is deprecated as an API. See https://setuptools.pypa.io/en/latest/pkg_resources.html. The pkg_resources package is slated for removal as early as 2025-11-30. Refrain from using this package or pin to Setuptools<81.
  import pkg_resources
/home/rezac/bin/miniconda3/envs/ml-uma/lib/python3.12/site-packages/torchtnt/utils/version.py:12: UserWarning: pkg_resources is deprecated as an API. See https://setuptools.pypa.io/en/latest/pkg_resources.html. The pkg_resources package is slated for removal as early as 2025-11-30. Refrain from using this package or pin to Setuptools<81.
  import pkg_resources
/home/rezac/bin/miniconda3/envs/ml-uma/lib/python3.12/site-packages/torchtnt/utils/version.py:12: UserWarning: pkg_resources is deprecated as an API. See https://setuptools.pypa.io/en/latest/pkg_resources.html. The pkg_resources package is slated for removal as early as 2025-11-30. Refrain from using this package or pin to Setuptools<81.
  import pkg_resources
/home/rezac/bin/miniconda3/envs/ml-uma/lib/python3.12/site-packages/torchtnt/utils/version.py:12: UserWarning: pkg_resources is deprecated as an API. See https://setuptools.pypa.io/en/latest/pkg_resources.html. The pkg_resources package is slated for removal as early as 2025-11-30. Refrain from using this package or pin to Setuptools<81.
  import pkg_resources
/home/rezac/bin/miniconda3/envs/ml-uma/lib/python3.12/site-packages/torchtnt/utils/version.py:12: UserWarning: pkg_resources is deprecated as an API. See https://setuptools.pypa.io/en/latest/pkg_resources.html. The pkg_resources package is slated for removal as early as 2025-11-30. Refrain from using this package or pin to Setuptools<81.
  import pkg_resources
/home/rezac/bin/miniconda3/envs/ml-uma/lib/python3.12/site-packages/torchtnt/utils/version.py:12: UserWarning: pkg_resources is deprecated as an API. See https://setuptools.pypa.io/en/latest/pkg_resources.html. The pkg_resources package is slated for removal as early as 2025-11-30. Refrain from using this package or pin to Setuptools<81.
  import pkg_resources
/home/rezac/bin/miniconda3/envs/ml-uma/lib/python3.12/site-packages/torchtnt/utils/version.py:12: UserWarning: pkg_resources is deprecated as an API. See https://setuptools.pypa.io/en/latest/pkg_resources.html. The pkg_resources package is slated for removal as early as 2025-11-30. Refrain from using this package or pin to Setuptools<81.
  import pkg_resources
/home/rezac/bin/miniconda3/envs/ml-uma/lib/python3.12/site-packages/torchtnt/utils/version.py:12: UserWarning: pkg_resources is deprecated as an API. See https://setuptools.pypa.io/en/latest/pkg_resources.html. The pkg_resources package is slated for removal as early as 2025-11-30. Refrain from using this package or pin to Setuptools<81.
  import pkg_resources
/home/rezac/bin/miniconda3/envs/ml-uma/lib/python3.12/site-packages/torchtnt/utils/version.py:12: UserWarning: pkg_resources is deprecated as an API. See https://setuptools.pypa.io/en/latest/pkg_resources.html. The pkg_resources package is slated for removal as early as 2025-11-30. Refrain from using this package or pin to Setuptools<81.
  import pkg_resources
/home/rezac/bin/miniconda3/envs/ml-uma/lib/python3.12/site-packages/torchtnt/utils/version.py:12: UserWarning: pkg_resources is deprecated as an API. See https://setuptools.pypa.io/en/latest/pkg_resources.html. The pkg_resources package is slated for removal as early as 2025-11-30. Refrain from using this package or pin to Setuptools<81.
  import pkg_resources
/home/rezac/bin/miniconda3/envs/ml-uma/lib/python3.12/site-packages/torchtnt/utils/version.py:12: UserWarning: pkg_resources is deprecated as an API. See https://setuptools.pypa.io/en/latest/pkg_resources.html. The pkg_resources package is slated for removal as early as 2025-11-30. Refrain from using this package or pin to Setuptools<81.
  import pkg_resources
/home/rezac/bin/miniconda3/envs/ml-uma/lib/python3.12/site-packages/torchtnt/utils/version.py:12: UserWarning: pkg_resources is deprecated as an API. See https://setuptools.pypa.io/en/latest/pkg_resources.html. The pkg_resources package is slated for removal as early as 2025-11-30. Refrain from using this package or pin to Setuptools<81.
  import pkg_resources
/home/rezac/bin/miniconda3/envs/ml-uma/lib/python3.12/site-packages/torchtnt/utils/version.py:12: UserWarning: pkg_resources is deprecated as an API. See https://setuptools.pypa.io/en/latest/pkg_resources.html. The pkg_resources package is slated for removal as early as 2025-11-30. Refrain from using this package or pin to Setuptools<81.
  import pkg_resources
/home/rezac/bin/miniconda3/envs/ml-uma/lib/python3.12/site-packages/torchtnt/utils/version.py:12: UserWarning: pkg_resources is deprecated as an API. See https://setuptools.pypa.io/en/latest/pkg_resources.html. The pkg_resources package is slated for removal as early as 2025-11-30. Refrain from using this package or pin to Setuptools<81.
  import pkg_resources
/home/rezac/bin/miniconda3/envs/ml-uma/lib/python3.12/site-packages/torchtnt/utils/version.py:12: UserWarning: pkg_resources is deprecated as an API. See https://setuptools.pypa.io/en/latest/pkg_resources.html. The pkg_resources package is slated for removal as early as 2025-11-30. Refrain from using this package or pin to Setuptools<81.
  import pkg_resources
/home/rezac/bin/miniconda3/envs/ml-uma/lib/python3.12/site-packages/torchtnt/utils/version.py:12: UserWarning: pkg_resources is deprecated as an API. See https://setuptools.pypa.io/en/latest/pkg_resources.html. The pkg_resources package is slated for removal as early as 2025-11-30. Refrain from using this package or pin to Setuptools<81.
  import pkg_resources
/home/rezac/bin/miniconda3/envs/ml-uma/lib/python3.12/site-packages/torchtnt/utils/version.py:12: UserWarning: pkg_resources is deprecated as an API. See https://setuptools.pypa.io/en/latest/pkg_resources.html. The pkg_resources package is slated for removal as early as 2025-11-30. Refrain from using this package or pin to Setuptools<81.
  import pkg_resources
/home/rezac/bin/miniconda3/envs/ml-uma/lib/python3.12/site-packages/torchtnt/utils/version.py:12: UserWarning: pkg_resources is deprecated as an API. See https://setuptools.pypa.io/en/latest/pkg_resources.html. The pkg_resources package is slated for removal as early as 2025-11-30. Refrain from using this package or pin to Setuptools<81.
  import pkg_resources
/home/rezac/bin/miniconda3/envs/ml-uma/lib/python3.12/site-packages/torchtnt/utils/version.py:12: UserWarning: pkg_resources is deprecated as an API. See https://setuptools.pypa.io/en/latest/pkg_resources.html. The pkg_resources package is slated for removal as early as 2025-11-30. Refrain from using this package or pin to Setuptools<81.
  import pkg_resources
/home/rezac/bin/miniconda3/envs/ml-uma/lib/python3.12/site-packages/torchtnt/utils/version.py:12: UserWarning: pkg_resources is deprecated as an API. See https://setuptools.pypa.io/en/latest/pkg_resources.html. The pkg_resources package is slated for removal as early as 2025-11-30. Refrain from using this package or pin to Setuptools<81.
  import pkg_resources
/home/rezac/bin/miniconda3/envs/ml-uma/lib/python3.12/site-packages/torchtnt/utils/version.py:12: UserWarning: pkg_resources is deprecated as an API. See https://setuptools.pypa.io/en/latest/pkg_resources.html. The pkg_resources package is slated for removal as early as 2025-11-30. Refrain from using this package or pin to Setuptools<81.
  import pkg_resources
/home/rezac/bin/miniconda3/envs/ml-uma/lib/python3.12/site-packages/torchtnt/utils/version.py:12: UserWarning: pkg_resources is deprecated as an API. See https://setuptools.pypa.io/en/latest/pkg_resources.html. The pkg_resources package is slated for removal as early as 2025-11-30. Refrain from using this package or pin to Setuptools<81.
  import pkg_resources
/home/rezac/bin/miniconda3/envs/ml-uma/lib/python3.12/site-packages/torchtnt/utils/version.py:12: UserWarning: pkg_resources is deprecated as an API. See https://setuptools.pypa.io/en/latest/pkg_resources.html. The pkg_resources package is slated for removal as early as 2025-11-30. Refrain from using this package or pin to Setuptools<81.
  import pkg_resources
/home/rezac/bin/miniconda3/envs/ml-uma/lib/python3.12/site-packages/torchtnt/utils/version.py:12: UserWarning: pkg_resources is deprecated as an API. See https://setuptools.pypa.io/en/latest/pkg_resources.html. The pkg_resources package is slated for removal as early as 2025-11-30. Refrain from using this package or pin to Setuptools<81.
  import pkg_resources
/home/rezac/bin/miniconda3/envs/ml-uma/lib/python3.12/site-packages/torchtnt/utils/version.py:12: UserWarning: pkg_resources is deprecated as an API. See https://setuptools.pypa.io/en/latest/pkg_resources.html. The pkg_resources package is slated for removal as early as 2025-11-30. Refrain from using this package or pin to Setuptools<81.
  import pkg_resources
/home/rezac/bin/miniconda3/envs/ml-uma/lib/python3.12/site-packages/torchtnt/utils/version.py:12: UserWarning: pkg_resources is deprecated as an API. See https://setuptools.pypa.io/en/latest/pkg_resources.html. The pkg_resources package is slated for removal as early as 2025-11-30. Refrain from using this package or pin to Setuptools<81.
  import pkg_resources
/home/rezac/bin/miniconda3/envs/ml-uma/lib/python3.12/site-packages/torchtnt/utils/version.py:12: UserWarning: pkg_resources is deprecated as an API. See https://setuptools.pypa.io/en/latest/pkg_resources.html. The pkg_resources package is slated for removal as early as 2025-11-30. Refrain from using this package or pin to Setuptools<81.
  import pkg_resources
/home/rezac/bin/miniconda3/envs/ml-uma/lib/python3.12/site-packages/torchtnt/utils/version.py:12: UserWarning: pkg_resources is deprecated as an API. See https://setuptools.pypa.io/en/latest/pkg_resources.html. The pkg_resources package is slated for removal as early as 2025-11-30. Refrain from using this package or pin to Setuptools<81.
  import pkg_resources
/home/rezac/bin/miniconda3/envs/ml-uma/lib/python3.12/site-packages/torchtnt/utils/version.py:12: UserWarning: pkg_resources is deprecated as an API. See https://setuptools.pypa.io/en/latest/pkg_resources.html. The pkg_resources package is slated for removal as early as 2025-11-30. Refrain from using this package or pin to Setuptools<81.
  import pkg_resources
/home/rezac/bin/miniconda3/envs/ml-uma/lib/python3.12/site-packages/torchtnt/utils/version.py:12: UserWarning: pkg_resources is deprecated as an API. See https://setuptools.pypa.io/en/latest/pkg_resources.html. The pkg_resources package is slated for removal as early as 2025-11-30. Refrain from using this package or pin to Setuptools<81.
  import pkg_resources
/home/rezac/bin/miniconda3/envs/ml-uma/lib/python3.12/site-packages/torchtnt/utils/version.py:12: UserWarning: pkg_resources is deprecated as an API. See https://setuptools.pypa.io/en/latest/pkg_resources.html. The pkg_resources package is slated for removal as early as 2025-11-30. Refrain from using this package or pin to Setuptools<81.
  import pkg_resources
/home/rezac/bin/miniconda3/envs/ml-uma/lib/python3.12/site-packages/torchtnt/utils/version.py:12: UserWarning: pkg_resources is deprecated as an API. See https://setuptools.pypa.io/en/latest/pkg_resources.html. The pkg_resources package is slated for removal as early as 2025-11-30. Refrain from using this package or pin to Setuptools<81.
  import pkg_resources
/home/rezac/bin/miniconda3/envs/ml-uma/lib/python3.12/site-packages/torchtnt/utils/version.py:12: UserWarning: pkg_resources is deprecated as an API. See https://setuptools.pypa.io/en/latest/pkg_resources.html. The pkg_resources package is slated for removal as early as 2025-11-30. Refrain from using this package or pin to Setuptools<81.
  import pkg_resources
/home/rezac/bin/miniconda3/envs/ml-uma/lib/python3.12/site-packages/torchtnt/utils/version.py:12: UserWarning: pkg_resources is deprecated as an API. See https://setuptools.pypa.io/en/latest/pkg_resources.html. The pkg_resources package is slated for removal as early as 2025-11-30. Refrain from using this package or pin to Setuptools<81.
  import pkg_resources
/home/rezac/bin/miniconda3/envs/ml-uma/lib/python3.12/site-packages/torchtnt/utils/version.py:12: UserWarning: pkg_resources is deprecated as an API. See https://setuptools.pypa.io/en/latest/pkg_resources.html. The pkg_resources package is slated for removal as early as 2025-11-30. Refrain from using this package or pin to Setuptools<81.
  import pkg_resources
/home/rezac/bin/miniconda3/envs/ml-uma/lib/python3.12/site-packages/torchtnt/utils/version.py:12: UserWarning: pkg_resources is deprecated as an API. See https://setuptools.pypa.io/en/latest/pkg_resources.html. The pkg_resources package is slated for removal as early as 2025-11-30. Refrain from using this package or pin to Setuptools<81.
  import pkg_resources
/home/rezac/bin/miniconda3/envs/ml-uma/lib/python3.12/site-packages/torchtnt/utils/version.py:12: UserWarning: pkg_resources is deprecated as an API. See https://setuptools.pypa.io/en/latest/pkg_resources.html. The pkg_resources package is slated for removal as early as 2025-11-30. Refrain from using this package or pin to Setuptools<81.
  import pkg_resources
/home/rezac/bin/miniconda3/envs/ml-uma/lib/python3.12/site-packages/torchtnt/utils/version.py:12: UserWarning: pkg_resources is deprecated as an API. See https://setuptools.pypa.io/en/latest/pkg_resources.html. The pkg_resources package is slated for removal as early as 2025-11-30. Refrain from using this package or pin to Setuptools<81.
  import pkg_resources
/home/rezac/bin/miniconda3/envs/ml-uma/lib/python3.12/site-packages/torchtnt/utils/version.py:12: UserWarning: pkg_resources is deprecated as an API. See https://setuptools.pypa.io/en/latest/pkg_resources.html. The pkg_resources package is slated for removal as early as 2025-11-30. Refrain from using this package or pin to Setuptools<81.
  import pkg_resources
/home/rezac/bin/miniconda3/envs/ml-uma/lib/python3.12/site-packages/torchtnt/utils/version.py:12: UserWarning: pkg_resources is deprecated as an API. See https://setuptools.pypa.io/en/latest/pkg_resources.html. The pkg_resources package is slated for removal as early as 2025-11-30. Refrain from using this package or pin to Setuptools<81.
  import pkg_resources
/home/rezac/bin/miniconda3/envs/ml-uma/lib/python3.12/site-packages/torchtnt/utils/version.py:12: UserWarning: pkg_resources is deprecated as an API. See https://setuptools.pypa.io/en/latest/pkg_resources.html. The pkg_resources package is slated for removal as early as 2025-11-30. Refrain from using this package or pin to Setuptools<81.
  import pkg_resources
/home/rezac/bin/miniconda3/envs/ml-uma/lib/python3.12/site-packages/torchtnt/utils/version.py:12: UserWarning: pkg_resources is deprecated as an API. See https://setuptools.pypa.io/en/latest/pkg_resources.html. The pkg_resources package is slated for removal as early as 2025-11-30. Refrain from using this package or pin to Setuptools<81.
  import pkg_resources
/home/rezac/bin/miniconda3/envs/ml-uma/lib/python3.12/site-packages/torchtnt/utils/version.py:12: UserWarning: pkg_resources is deprecated as an API. See https://setuptools.pypa.io/en/latest/pkg_resources.html. The pkg_resources package is slated for removal as early as 2025-11-30. Refrain from using this package or pin to Setuptools<81.
  import pkg_resources
/home/rezac/bin/miniconda3/envs/ml-uma/lib/python3.12/site-packages/torchtnt/utils/version.py:12: UserWarning: pkg_resources is deprecated as an API. See https://setuptools.pypa.io/en/latest/pkg_resources.html. The pkg_resources package is slated for removal as early as 2025-11-30. Refrain from using this package or pin to Setuptools<81.
  import pkg_resources
/home/rezac/bin/miniconda3/envs/ml-uma/lib/python3.12/site-packages/torchtnt/utils/version.py:12: UserWarning: pkg_resources is deprecated as an API. See https://setuptools.pypa.io/en/latest/pkg_resources.html. The pkg_resources package is slated for removal as early as 2025-11-30. Refrain from using this package or pin to Setuptools<81.
  import pkg_resources
/home/rezac/bin/miniconda3/envs/ml-uma/lib/python3.12/site-packages/torchtnt/utils/version.py:12: UserWarning: pkg_resources is deprecated as an API. See https://setuptools.pypa.io/en/latest/pkg_resources.html. The pkg_resources package is slated for removal as early as 2025-11-30. Refrain from using this package or pin to Setuptools<81.
  import pkg_resources
/home/rezac/bin/miniconda3/envs/ml-uma/lib/python3.12/site-packages/torchtnt/utils/version.py:12: UserWarning: pkg_resources is deprecated as an API. See https://setuptools.pypa.io/en/latest/pkg_resources.html. The pkg_resources package is slated for removal as early as 2025-11-30. Refrain from using this package or pin to Setuptools<81.
  import pkg_resources
/home/rezac/bin/miniconda3/envs/ml-uma/lib/python3.12/site-packages/torchtnt/utils/version.py:12: UserWarning: pkg_resources is deprecated as an API. See https://setuptools.pypa.io/en/latest/pkg_resources.html. The pkg_resources package is slated for removal as early as 2025-11-30. Refrain from using this package or pin to Setuptools<81.
  import pkg_resources
/home/rezac/bin/miniconda3/envs/ml-uma/lib/python3.12/site-packages/torchtnt/utils/version.py:12: UserWarning: pkg_resources is deprecated as an API. See https://setuptools.pypa.io/en/latest/pkg_resources.html. The pkg_resources package is slated for removal as early as 2025-11-30. Refrain from using this package or pin to Setuptools<81.
  import pkg_resources
/home/rezac/bin/miniconda3/envs/ml-uma/lib/python3.12/site-packages/torchtnt/utils/version.py:12: UserWarning: pkg_resources is deprecated as an API. See https://setuptools.pypa.io/en/latest/pkg_resources.html. The pkg_resources package is slated for removal as early as 2025-11-30. Refrain from using this package or pin to Setuptools<81.
  import pkg_resources
/home/rezac/bin/miniconda3/envs/ml-uma/lib/python3.12/site-packages/torchtnt/utils/version.py:12: UserWarning: pkg_resources is deprecated as an API. See https://setuptools.pypa.io/en/latest/pkg_resources.html. The pkg_resources package is slated for removal as early as 2025-11-30. Refrain from using this package or pin to Setuptools<81.
  import pkg_resources
/home/rezac/bin/miniconda3/envs/ml-uma/lib/python3.12/site-packages/torchtnt/utils/version.py:12: UserWarning: pkg_resources is deprecated as an API. See https://setuptools.pypa.io/en/latest/pkg_resources.html. The pkg_resources package is slated for removal as early as 2025-11-30. Refrain from using this package or pin to Setuptools<81.
  import pkg_resources
/home/rezac/bin/miniconda3/envs/ml-uma/lib/python3.12/site-packages/torchtnt/utils/version.py:12: UserWarning: pkg_resources is deprecated as an API. See https://setuptools.pypa.io/en/latest/pkg_resources.html. The pkg_resources package is slated for removal as early as 2025-11-30. Refrain from using this package or pin to Setuptools<81.
  import pkg_resources
/home/rezac/bin/miniconda3/envs/ml-uma/lib/python3.12/site-packages/torchtnt/utils/version.py:12: UserWarning: pkg_resources is deprecated as an API. See https://setuptools.pypa.io/en/latest/pkg_resources.html. The pkg_resources package is slated for removal as early as 2025-11-30. Refrain from using this package or pin to Setuptools<81.
  import pkg_resources
/home/rezac/bin/miniconda3/envs/ml-uma/lib/python3.12/site-packages/torchtnt/utils/version.py:12: UserWarning: pkg_resources is deprecated as an API. See https://setuptools.pypa.io/en/latest/pkg_resources.html. The pkg_resources package is slated for removal as early as 2025-11-30. Refrain from using this package or pin to Setuptools<81.
  import pkg_resources
/home/rezac/bin/miniconda3/envs/ml-uma/lib/python3.12/site-packages/torchtnt/utils/version.py:12: UserWarning: pkg_resources is deprecated as an API. See https://setuptools.pypa.io/en/latest/pkg_resources.html. The pkg_resources package is slated for removal as early as 2025-11-30. Refrain from using this package or pin to Setuptools<81.
  import pkg_resources
/home/rezac/bin/miniconda3/envs/ml-uma/lib/python3.12/site-packages/torchtnt/utils/version.py:12: UserWarning: pkg_resources is deprecated as an API. See https://setuptools.pypa.io/en/latest/pkg_resources.html. The pkg_resources package is slated for removal as early as 2025-11-30. Refrain from using this package or pin to Setuptools<81.
  import pkg_resources
/home/rezac/bin/miniconda3/envs/ml-uma/lib/python3.12/site-packages/torchtnt/utils/version.py:12: UserWarning: pkg_resources is deprecated as an API. See https://setuptools.pypa.io/en/latest/pkg_resources.html. The pkg_resources package is slated for removal as early as 2025-11-30. Refrain from using this package or pin to Setuptools<81.
  import pkg_resources
/home/rezac/bin/miniconda3/envs/ml-uma/lib/python3.12/site-packages/torchtnt/utils/version.py:12: UserWarning: pkg_resources is deprecated as an API. See https://setuptools.pypa.io/en/latest/pkg_resources.html. The pkg_resources package is slated for removal as early as 2025-11-30. Refrain from using this package or pin to Setuptools<81.
  import pkg_resources
/home/rezac/bin/miniconda3/envs/ml-uma/lib/python3.12/site-packages/torchtnt/utils/version.py:12: UserWarning: pkg_resources is deprecated as an API. See https://setuptools.pypa.io/en/latest/pkg_resources.html. The pkg_resources package is slated for removal as early as 2025-11-30. Refrain from using this package or pin to Setuptools<81.
  import pkg_resources
/home/rezac/bin/miniconda3/envs/ml-uma/lib/python3.12/site-packages/torchtnt/utils/version.py:12: UserWarning: pkg_resources is deprecated as an API. See https://setuptools.pypa.io/en/latest/pkg_resources.html. The pkg_resources package is slated for removal as early as 2025-11-30. Refrain from using this package or pin to Setuptools<81.
  import pkg_resources
/home/rezac/bin/miniconda3/envs/ml-uma/lib/python3.12/site-packages/torchtnt/utils/version.py:12: UserWarning: pkg_resources is deprecated as an API. See https://setuptools.pypa.io/en/latest/pkg_resources.html. The pkg_resources package is slated for removal as early as 2025-11-30. Refrain from using this package or pin to Setuptools<81.
  import pkg_resources
/home/rezac/bin/miniconda3/envs/ml-uma/lib/python3.12/site-packages/torchtnt/utils/version.py:12: UserWarning: pkg_resources is deprecated as an API. See https://setuptools.pypa.io/en/latest/pkg_resources.html. The pkg_resources package is slated for removal as early as 2025-11-30. Refrain from using this package or pin to Setuptools<81.
  import pkg_resources
/home/rezac/bin/miniconda3/envs/ml-uma/lib/python3.12/site-packages/torchtnt/utils/version.py:12: UserWarning: pkg_resources is deprecated as an API. See https://setuptools.pypa.io/en/latest/pkg_resources.html. The pkg_resources package is slated for removal as early as 2025-11-30. Refrain from using this package or pin to Setuptools<81.
  import pkg_resources
/home/rezac/bin/miniconda3/envs/ml-uma/lib/python3.12/site-packages/torchtnt/utils/version.py:12: UserWarning: pkg_resources is deprecated as an API. See https://setuptools.pypa.io/en/latest/pkg_resources.html. The pkg_resources package is slated for removal as early as 2025-11-30. Refrain from using this package or pin to Setuptools<81.
  import pkg_resources
/home/rezac/bin/miniconda3/envs/ml-uma/lib/python3.12/site-packages/torchtnt/utils/version.py:12: UserWarning: pkg_resources is deprecated as an API. See https://setuptools.pypa.io/en/latest/pkg_resources.html. The pkg_resources package is slated for removal as early as 2025-11-30. Refrain from using this package or pin to Setuptools<81.
  import pkg_resources
/home/rezac/bin/miniconda3/envs/ml-uma/lib/python3.12/site-packages/torchtnt/utils/version.py:12: UserWarning: pkg_resources is deprecated as an API. See https://setuptools.pypa.io/en/latest/pkg_resources.html. The pkg_resources package is slated for removal as early as 2025-11-30. Refrain from using this package or pin to Setuptools<81.
  import pkg_resources
/home/rezac/bin/miniconda3/envs/ml-uma/lib/python3.12/site-packages/torchtnt/utils/version.py:12: UserWarning: pkg_resources is deprecated as an API. See https://setuptools.pypa.io/en/latest/pkg_resources.html. The pkg_resources package is slated for removal as early as 2025-11-30. Refrain from using this package or pin to Setuptools<81.
  import pkg_resources
/home/rezac/bin/miniconda3/envs/ml-uma/lib/python3.12/site-packages/torchtnt/utils/version.py:12: UserWarning: pkg_resources is deprecated as an API. See https://setuptools.pypa.io/en/latest/pkg_resources.html. The pkg_resources package is slated for removal as early as 2025-11-30. Refrain from using this package or pin to Setuptools<81.
  import pkg_resources
/home/rezac/bin/miniconda3/envs/ml-uma/lib/python3.12/site-packages/torchtnt/utils/version.py:12: UserWarning: pkg_resources is deprecated as an API. See https://setuptools.pypa.io/en/latest/pkg_resources.html. The pkg_resources package is slated for removal as early as 2025-11-30. Refrain from using this package or pin to Setuptools<81.
  import pkg_resources
/home/rezac/bin/miniconda3/envs/ml-uma/lib/python3.12/site-packages/torchtnt/utils/version.py:12: UserWarning: pkg_resources is deprecated as an API. See https://setuptools.pypa.io/en/latest/pkg_resources.html. The pkg_resources package is slated for removal as early as 2025-11-30. Refrain from using this package or pin to Setuptools<81.
  import pkg_resources
/home/rezac/bin/miniconda3/envs/ml-uma/lib/python3.12/site-packages/torchtnt/utils/version.py:12: UserWarning: pkg_resources is deprecated as an API. See https://setuptools.pypa.io/en/latest/pkg_resources.html. The pkg_resources package is slated for removal as early as 2025-11-30. Refrain from using this package or pin to Setuptools<81.
  import pkg_resources
/home/rezac/bin/miniconda3/envs/ml-uma/lib/python3.12/site-packages/torchtnt/utils/version.py:12: UserWarning: pkg_resources is deprecated as an API. See https://setuptools.pypa.io/en/latest/pkg_resources.html. The pkg_resources package is slated for removal as early as 2025-11-30. Refrain from using this package or pin to Setuptools<81.
  import pkg_resources
/home/rezac/bin/miniconda3/envs/ml-uma/lib/python3.12/site-packages/torchtnt/utils/version.py:12: UserWarning: pkg_resources is deprecated as an API. See https://setuptools.pypa.io/en/latest/pkg_resources.html. The pkg_resources package is slated for removal as early as 2025-11-30. Refrain from using this package or pin to Setuptools<81.
  import pkg_resources
/home/rezac/bin/miniconda3/envs/ml-uma/lib/python3.12/site-packages/torchtnt/utils/version.py:12: UserWarning: pkg_resources is deprecated as an API. See https://setuptools.pypa.io/en/latest/pkg_resources.html. The pkg_resources package is slated for removal as early as 2025-11-30. Refrain from using this package or pin to Setuptools<81.
  import pkg_resources
/home/rezac/bin/miniconda3/envs/ml-uma/lib/python3.12/site-packages/torchtnt/utils/version.py:12: UserWarning: pkg_resources is deprecated as an API. See https://setuptools.pypa.io/en/latest/pkg_resources.html. The pkg_resources package is slated for removal as early as 2025-11-30. Refrain from using this package or pin to Setuptools<81.
  import pkg_resources
/home/rezac/bin/miniconda3/envs/ml-uma/lib/python3.12/site-packages/torchtnt/utils/version.py:12: UserWarning: pkg_resources is deprecated as an API. See https://setuptools.pypa.io/en/latest/pkg_resources.html. The pkg_resources package is slated for removal as early as 2025-11-30. Refrain from using this package or pin to Setuptools<81.
  import pkg_resources
/home/rezac/bin/miniconda3/envs/ml-uma/lib/python3.12/site-packages/torchtnt/utils/version.py:12: UserWarning: pkg_resources is deprecated as an API. See https://setuptools.pypa.io/en/latest/pkg_resources.html. The pkg_resources package is slated for removal as early as 2025-11-30. Refrain from using this package or pin to Setuptools<81.
  import pkg_resources
/home/rezac/bin/miniconda3/envs/ml-uma/lib/python3.12/site-packages/torchtnt/utils/version.py:12: UserWarning: pkg_resources is deprecated as an API. See https://setuptools.pypa.io/en/latest/pkg_resources.html. The pkg_resources package is slated for removal as early as 2025-11-30. Refrain from using this package or pin to Setuptools<81.
  import pkg_resources
/home/rezac/bin/miniconda3/envs/ml-uma/lib/python3.12/site-packages/torchtnt/utils/version.py:12: UserWarning: pkg_resources is deprecated as an API. See https://setuptools.pypa.io/en/latest/pkg_resources.html. The pkg_resources package is slated for removal as early as 2025-11-30. Refrain from using this package or pin to Setuptools<81.
  import pkg_resources
/home/rezac/bin/miniconda3/envs/ml-uma/lib/python3.12/site-packages/torchtnt/utils/version.py:12: UserWarning: pkg_resources is deprecated as an API. See https://setuptools.pypa.io/en/latest/pkg_resources.html. The pkg_resources package is slated for removal as early as 2025-11-30. Refrain from using this package or pin to Setuptools<81.
  import pkg_resources
/home/rezac/bin/miniconda3/envs/ml-uma/lib/python3.12/site-packages/torchtnt/utils/version.py:12: UserWarning: pkg_resources is deprecated as an API. See https://setuptools.pypa.io/en/latest/pkg_resources.html. The pkg_resources package is slated for removal as early as 2025-11-30. Refrain from using this package or pin to Setuptools<81.
  import pkg_resources
/home/rezac/bin/miniconda3/envs/ml-uma/lib/python3.12/site-packages/torchtnt/utils/version.py:12: UserWarning: pkg_resources is deprecated as an API. See https://setuptools.pypa.io/en/latest/pkg_resources.html. The pkg_resources package is slated for removal as early as 2025-11-30. Refrain from using this package or pin to Setuptools<81.
  import pkg_resources
/home/rezac/bin/miniconda3/envs/ml-uma/lib/python3.12/site-packages/torchtnt/utils/version.py:12: UserWarning: pkg_resources is deprecated as an API. See https://setuptools.pypa.io/en/latest/pkg_resources.html. The pkg_resources package is slated for removal as early as 2025-11-30. Refrain from using this package or pin to Setuptools<81.
  import pkg_resources
/home/rezac/bin/miniconda3/envs/ml-uma/lib/python3.12/site-packages/torchtnt/utils/version.py:12: UserWarning: pkg_resources is deprecated as an API. See https://setuptools.pypa.io/en/latest/pkg_resources.html. The pkg_resources package is slated for removal as early as 2025-11-30. Refrain from using this package or pin to Setuptools<81.
  import pkg_resources
/home/rezac/bin/miniconda3/envs/ml-uma/lib/python3.12/site-packages/torchtnt/utils/version.py:12: UserWarning: pkg_resources is deprecated as an API. See https://setuptools.pypa.io/en/latest/pkg_resources.html. The pkg_resources package is slated for removal as early as 2025-11-30. Refrain from using this package or pin to Setuptools<81.
  import pkg_resources
/home/rezac/bin/miniconda3/envs/ml-uma/lib/python3.12/site-packages/torchtnt/utils/version.py:12: UserWarning: pkg_resources is deprecated as an API. See https://setuptools.pypa.io/en/latest/pkg_resources.html. The pkg_resources package is slated for removal as early as 2025-11-30. Refrain from using this package or pin to Setuptools<81.
  import pkg_resources
/home/rezac/bin/miniconda3/envs/ml-uma/lib/python3.12/site-packages/torchtnt/utils/version.py:12: UserWarning: pkg_resources is deprecated as an API. See https://setuptools.pypa.io/en/latest/pkg_resources.html. The pkg_resources package is slated for removal as early as 2025-11-30. Refrain from using this package or pin to Setuptools<81.
  import pkg_resources
/home/rezac/bin/miniconda3/envs/ml-uma/lib/python3.12/site-packages/torchtnt/utils/version.py:12: UserWarning: pkg_resources is deprecated as an API. See https://setuptools.pypa.io/en/latest/pkg_resources.html. The pkg_resources package is slated for removal as early as 2025-11-30. Refrain from using this package or pin to Setuptools<81.
  import pkg_resources
/home/rezac/bin/miniconda3/envs/ml-uma/lib/python3.12/site-packages/torchtnt/utils/version.py:12: UserWarning: pkg_resources is deprecated as an API. See https://setuptools.pypa.io/en/latest/pkg_resources.html. The pkg_resources package is slated for removal as early as 2025-11-30. Refrain from using this package or pin to Setuptools<81.
  import pkg_resources
/home/rezac/bin/miniconda3/envs/ml-uma/lib/python3.12/site-packages/torchtnt/utils/version.py:12: UserWarning: pkg_resources is deprecated as an API. See https://setuptools.pypa.io/en/latest/pkg_resources.html. The pkg_resources package is slated for removal as early as 2025-11-30. Refrain from using this package or pin to Setuptools<81.
  import pkg_resources
/home/rezac/bin/miniconda3/envs/ml-uma/lib/python3.12/site-packages/torchtnt/utils/version.py:12: UserWarning: pkg_resources is deprecated as an API. See https://setuptools.pypa.io/en/latest/pkg_resources.html. The pkg_resources package is slated for removal as early as 2025-11-30. Refrain from using this package or pin to Setuptools<81.
  import pkg_resources
/home/rezac/bin/miniconda3/envs/ml-uma/lib/python3.12/site-packages/torchtnt/utils/version.py:12: UserWarning: pkg_resources is deprecated as an API. See https://setuptools.pypa.io/en/latest/pkg_resources.html. The pkg_resources package is slated for removal as early as 2025-11-30. Refrain from using this package or pin to Setuptools<81.
  import pkg_resources
/home/rezac/bin/miniconda3/envs/ml-uma/lib/python3.12/site-packages/torchtnt/utils/version.py:12: UserWarning: pkg_resources is deprecated as an API. See https://setuptools.pypa.io/en/latest/pkg_resources.html. The pkg_resources package is slated for removal as early as 2025-11-30. Refrain from using this package or pin to Setuptools<81.
  import pkg_resources
/home/rezac/bin/miniconda3/envs/ml-uma/lib/python3.12/site-packages/torchtnt/utils/version.py:12: UserWarning: pkg_resources is deprecated as an API. See https://setuptools.pypa.io/en/latest/pkg_resources.html. The pkg_resources package is slated for removal as early as 2025-11-30. Refrain from using this package or pin to Setuptools<81.
  import pkg_resources
/home/rezac/bin/miniconda3/envs/ml-uma/lib/python3.12/site-packages/torchtnt/utils/version.py:12: UserWarning: pkg_resources is deprecated as an API. See https://setuptools.pypa.io/en/latest/pkg_resources.html. The pkg_resources package is slated for removal as early as 2025-11-30. Refrain from using this package or pin to Setuptools<81.
  import pkg_resources
/home/rezac/bin/miniconda3/envs/ml-uma/lib/python3.12/site-packages/torchtnt/utils/version.py:12: UserWarning: pkg_resources is deprecated as an API. See https://setuptools.pypa.io/en/latest/pkg_resources.html. The pkg_resources package is slated for removal as early as 2025-11-30. Refrain from using this package or pin to Setuptools<81.
  import pkg_resources
/home/rezac/bin/miniconda3/envs/ml-uma/lib/python3.12/site-packages/torchtnt/utils/version.py:12: UserWarning: pkg_resources is deprecated as an API. See https://setuptools.pypa.io/en/latest/pkg_resources.html. The pkg_resources package is slated for removal as early as 2025-11-30. Refrain from using this package or pin to Setuptools<81.
  import pkg_resources
/home/rezac/bin/miniconda3/envs/ml-uma/lib/python3.12/site-packages/torchtnt/utils/version.py:12: UserWarning: pkg_resources is deprecated as an API. See https://setuptools.pypa.io/en/latest/pkg_resources.html. The pkg_resources package is slated for removal as early as 2025-11-30. Refrain from using this package or pin to Setuptools<81.
  import pkg_resources
/home/rezac/bin/miniconda3/envs/ml-uma/lib/python3.12/site-packages/torchtnt/utils/version.py:12: UserWarning: pkg_resources is deprecated as an API. See https://setuptools.pypa.io/en/latest/pkg_resources.html. The pkg_resources package is slated for removal as early as 2025-11-30. Refrain from using this package or pin to Setuptools<81.
  import pkg_resources
/home/rezac/bin/miniconda3/envs/ml-uma/lib/python3.12/site-packages/torchtnt/utils/version.py:12: UserWarning: pkg_resources is deprecated as an API. See https://setuptools.pypa.io/en/latest/pkg_resources.html. The pkg_resources package is slated for removal as early as 2025-11-30. Refrain from using this package or pin to Setuptools<81.
  import pkg_resources
/home/rezac/bin/miniconda3/envs/ml-uma/lib/python3.12/site-packages/torchtnt/utils/version.py:12: UserWarning: pkg_resources is deprecated as an API. See https://setuptools.pypa.io/en/latest/pkg_resources.html. The pkg_resources package is slated for removal as early as 2025-11-30. Refrain from using this package or pin to Setuptools<81.
  import pkg_resources
/home/rezac/bin/miniconda3/envs/ml-uma/lib/python3.12/site-packages/torchtnt/utils/version.py:12: UserWarning: pkg_resources is deprecated as an API. See https://setuptools.pypa.io/en/latest/pkg_resources.html. The pkg_resources package is slated for removal as early as 2025-11-30. Refrain from using this package or pin to Setuptools<81.
  import pkg_resources
/home/rezac/bin/miniconda3/envs/ml-uma/lib/python3.12/site-packages/torchtnt/utils/version.py:12: UserWarning: pkg_resources is deprecated as an API. See https://setuptools.pypa.io/en/latest/pkg_resources.html. The pkg_resources package is slated for removal as early as 2025-11-30. Refrain from using this package or pin to Setuptools<81.
  import pkg_resources
/home/rezac/bin/miniconda3/envs/ml-uma/lib/python3.12/site-packages/torchtnt/utils/version.py:12: UserWarning: pkg_resources is deprecated as an API. See https://setuptools.pypa.io/en/latest/pkg_resources.html. The pkg_resources package is slated for removal as early as 2025-11-30. Refrain from using this package or pin to Setuptools<81.
  import pkg_resources
/home/rezac/bin/miniconda3/envs/ml-uma/lib/python3.12/site-packages/torchtnt/utils/version.py:12: UserWarning: pkg_resources is deprecated as an API. See https://setuptools.pypa.io/en/latest/pkg_resources.html. The pkg_resources package is slated for removal as early as 2025-11-30. Refrain from using this package or pin to Setuptools<81.
  import pkg_resources
/home/rezac/bin/miniconda3/envs/ml-uma/lib/python3.12/site-packages/torchtnt/utils/version.py:12: UserWarning: pkg_resources is deprecated as an API. See https://setuptools.pypa.io/en/latest/pkg_resources.html. The pkg_resources package is slated for removal as early as 2025-11-30. Refrain from using this package or pin to Setuptools<81.
  import pkg_resources
/home/rezac/bin/miniconda3/envs/ml-uma/lib/python3.12/site-packages/torchtnt/utils/version.py:12: UserWarning: pkg_resources is deprecated as an API. See https://setuptools.pypa.io/en/latest/pkg_resources.html. The pkg_resources package is slated for removal as early as 2025-11-30. Refrain from using this package or pin to Setuptools<81.
  import pkg_resources
/home/rezac/bin/miniconda3/envs/ml-uma/lib/python3.12/site-packages/torchtnt/utils/version.py:12: UserWarning: pkg_resources is deprecated as an API. See https://setuptools.pypa.io/en/latest/pkg_resources.html. The pkg_resources package is slated for removal as early as 2025-11-30. Refrain from using this package or pin to Setuptools<81.
  import pkg_resources
/home/rezac/bin/miniconda3/envs/ml-uma/lib/python3.12/site-packages/torchtnt/utils/version.py:12: UserWarning: pkg_resources is deprecated as an API. See https://setuptools.pypa.io/en/latest/pkg_resources.html. The pkg_resources package is slated for removal as early as 2025-11-30. Refrain from using this package or pin to Setuptools<81.
  import pkg_resources
/home/rezac/bin/miniconda3/envs/ml-uma/lib/python3.12/site-packages/torchtnt/utils/version.py:12: UserWarning: pkg_resources is deprecated as an API. See https://setuptools.pypa.io/en/latest/pkg_resources.html. The pkg_resources package is slated for removal as early as 2025-11-30. Refrain from using this package or pin to Setuptools<81.
  import pkg_resources
/home/rezac/bin/miniconda3/envs/ml-uma/lib/python3.12/site-packages/torchtnt/utils/version.py:12: UserWarning: pkg_resources is deprecated as an API. See https://setuptools.pypa.io/en/latest/pkg_resources.html. The pkg_resources package is slated for removal as early as 2025-11-30. Refrain from using this package or pin to Setuptools<81.
  import pkg_resources
/home/rezac/bin/miniconda3/envs/ml-uma/lib/python3.12/site-packages/torchtnt/utils/version.py:12: UserWarning: pkg_resources is deprecated as an API. See https://setuptools.pypa.io/en/latest/pkg_resources.html. The pkg_resources package is slated for removal as early as 2025-11-30. Refrain from using this package or pin to Setuptools<81.
  import pkg_resources
/home/rezac/bin/miniconda3/envs/ml-uma/lib/python3.12/site-packages/torchtnt/utils/version.py:12: UserWarning: pkg_resources is deprecated as an API. See https://setuptools.pypa.io/en/latest/pkg_resources.html. The pkg_resources package is slated for removal as early as 2025-11-30. Refrain from using this package or pin to Setuptools<81.
  import pkg_resources
/home/rezac/bin/miniconda3/envs/ml-uma/lib/python3.12/site-packages/torchtnt/utils/version.py:12: UserWarning: pkg_resources is deprecated as an API. See https://setuptools.pypa.io/en/latest/pkg_resources.html. The pkg_resources package is slated for removal as early as 2025-11-30. Refrain from using this package or pin to Setuptools<81.
  import pkg_resources
/home/rezac/bin/miniconda3/envs/ml-uma/lib/python3.12/site-packages/torchtnt/utils/version.py:12: UserWarning: pkg_resources is deprecated as an API. See https://setuptools.pypa.io/en/latest/pkg_resources.html. The pkg_resources package is slated for removal as early as 2025-11-30. Refrain from using this package or pin to Setuptools<81.
  import pkg_resources
/home/rezac/bin/miniconda3/envs/ml-uma/lib/python3.12/site-packages/torchtnt/utils/version.py:12: UserWarning: pkg_resources is deprecated as an API. See https://setuptools.pypa.io/en/latest/pkg_resources.html. The pkg_resources package is slated for removal as early as 2025-11-30. Refrain from using this package or pin to Setuptools<81.
  import pkg_resources
/home/rezac/bin/miniconda3/envs/ml-uma/lib/python3.12/site-packages/torchtnt/utils/version.py:12: UserWarning: pkg_resources is deprecated as an API. See https://setuptools.pypa.io/en/latest/pkg_resources.html. The pkg_resources package is slated for removal as early as 2025-11-30. Refrain from using this package or pin to Setuptools<81.
  import pkg_resources
/home/rezac/bin/miniconda3/envs/ml-uma/lib/python3.12/site-packages/torchtnt/utils/version.py:12: UserWarning: pkg_resources is deprecated as an API. See https://setuptools.pypa.io/en/latest/pkg_resources.html. The pkg_resources package is slated for removal as early as 2025-11-30. Refrain from using this package or pin to Setuptools<81.
  import pkg_resources
/home/rezac/bin/miniconda3/envs/ml-uma/lib/python3.12/site-packages/torchtnt/utils/version.py:12: UserWarning: pkg_resources is deprecated as an API. See https://setuptools.pypa.io/en/latest/pkg_resources.html. The pkg_resources package is slated for removal as early as 2025-11-30. Refrain from using this package or pin to Setuptools<81.
  import pkg_resources
/home/rezac/bin/miniconda3/envs/ml-uma/lib/python3.12/site-packages/torchtnt/utils/version.py:12: UserWarning: pkg_resources is deprecated as an API. See https://setuptools.pypa.io/en/latest/pkg_resources.html. The pkg_resources package is slated for removal as early as 2025-11-30. Refrain from using this package or pin to Setuptools<81.
  import pkg_resources
/home/rezac/bin/miniconda3/envs/ml-uma/lib/python3.12/site-packages/torchtnt/utils/version.py:12: UserWarning: pkg_resources is deprecated as an API. See https://setuptools.pypa.io/en/latest/pkg_resources.html. The pkg_resources package is slated for removal as early as 2025-11-30. Refrain from using this package or pin to Setuptools<81.
  import pkg_resources
/home/rezac/bin/miniconda3/envs/ml-uma/lib/python3.12/site-packages/torchtnt/utils/version.py:12: UserWarning: pkg_resources is deprecated as an API. See https://setuptools.pypa.io/en/latest/pkg_resources.html. The pkg_resources package is slated for removal as early as 2025-11-30. Refrain from using this package or pin to Setuptools<81.
  import pkg_resources
/home/rezac/bin/miniconda3/envs/ml-uma/lib/python3.12/site-packages/torchtnt/utils/version.py:12: UserWarning: pkg_resources is deprecated as an API. See https://setuptools.pypa.io/en/latest/pkg_resources.html. The pkg_resources package is slated for removal as early as 2025-11-30. Refrain from using this package or pin to Setuptools<81.
  import pkg_resources
/home/rezac/bin/miniconda3/envs/ml-uma/lib/python3.12/site-packages/torchtnt/utils/version.py:12: UserWarning: pkg_resources is deprecated as an API. See https://setuptools.pypa.io/en/latest/pkg_resources.html. The pkg_resources package is slated for removal as early as 2025-11-30. Refrain from using this package or pin to Setuptools<81.
  import pkg_resources
/home/rezac/bin/miniconda3/envs/ml-uma/lib/python3.12/site-packages/torchtnt/utils/version.py:12: UserWarning: pkg_resources is deprecated as an API. See https://setuptools.pypa.io/en/latest/pkg_resources.html. The pkg_resources package is slated for removal as early as 2025-11-30. Refrain from using this package or pin to Setuptools<81.
  import pkg_resources
/home/rezac/bin/miniconda3/envs/ml-uma/lib/python3.12/site-packages/torchtnt/utils/version.py:12: UserWarning: pkg_resources is deprecated as an API. See https://setuptools.pypa.io/en/latest/pkg_resources.html. The pkg_resources package is slated for removal as early as 2025-11-30. Refrain from using this package or pin to Setuptools<81.
  import pkg_resources
/home/rezac/bin/miniconda3/envs/ml-uma/lib/python3.12/site-packages/torchtnt/utils/version.py:12: UserWarning: pkg_resources is deprecated as an API. See https://setuptools.pypa.io/en/latest/pkg_resources.html. The pkg_resources package is slated for removal as early as 2025-11-30. Refrain from using this package or pin to Setuptools<81.
  import pkg_resources
/home/rezac/bin/miniconda3/envs/ml-uma/lib/python3.12/site-packages/torchtnt/utils/version.py:12: UserWarning: pkg_resources is deprecated as an API. See https://setuptools.pypa.io/en/latest/pkg_resources.html. The pkg_resources package is slated for removal as early as 2025-11-30. Refrain from using this package or pin to Setuptools<81.
  import pkg_resources
/home/rezac/bin/miniconda3/envs/ml-uma/lib/python3.12/site-packages/torchtnt/utils/version.py:12: UserWarning: pkg_resources is deprecated as an API. See https://setuptools.pypa.io/en/latest/pkg_resources.html. The pkg_resources package is slated for removal as early as 2025-11-30. Refrain from using this package or pin to Setuptools<81.
  import pkg_resources
/home/rezac/bin/miniconda3/envs/ml-uma/lib/python3.12/site-packages/torchtnt/utils/version.py:12: UserWarning: pkg_resources is deprecated as an API. See https://setuptools.pypa.io/en/latest/pkg_resources.html. The pkg_resources package is slated for removal as early as 2025-11-30. Refrain from using this package or pin to Setuptools<81.
  import pkg_resources
/home/rezac/bin/miniconda3/envs/ml-uma/lib/python3.12/site-packages/torchtnt/utils/version.py:12: UserWarning: pkg_resources is deprecated as an API. See https://setuptools.pypa.io/en/latest/pkg_resources.html. The pkg_resources package is slated for removal as early as 2025-11-30. Refrain from using this package or pin to Setuptools<81.
  import pkg_resources
/home/rezac/bin/miniconda3/envs/ml-uma/lib/python3.12/site-packages/torchtnt/utils/version.py:12: UserWarning: pkg_resources is deprecated as an API. See https://setuptools.pypa.io/en/latest/pkg_resources.html. The pkg_resources package is slated for removal as early as 2025-11-30. Refrain from using this package or pin to Setuptools<81.
  import pkg_resources
/home/rezac/bin/miniconda3/envs/ml-uma/lib/python3.12/site-packages/torchtnt/utils/version.py:12: UserWarning: pkg_resources is deprecated as an API. See https://setuptools.pypa.io/en/latest/pkg_resources.html. The pkg_resources package is slated for removal as early as 2025-11-30. Refrain from using this package or pin to Setuptools<81.
  import pkg_resources
/home/rezac/bin/miniconda3/envs/ml-uma/lib/python3.12/site-packages/torchtnt/utils/version.py:12: UserWarning: pkg_resources is deprecated as an API. See https://setuptools.pypa.io/en/latest/pkg_resources.html. The pkg_resources package is slated for removal as early as 2025-11-30. Refrain from using this package or pin to Setuptools<81.
  import pkg_resources
/home/rezac/bin/miniconda3/envs/ml-uma/lib/python3.12/site-packages/torchtnt/utils/version.py:12: UserWarning: pkg_resources is deprecated as an API. See https://setuptools.pypa.io/en/latest/pkg_resources.html. The pkg_resources package is slated for removal as early as 2025-11-30. Refrain from using this package or pin to Setuptools<81.
  import pkg_resources
/home/rezac/bin/miniconda3/envs/ml-uma/lib/python3.12/site-packages/torchtnt/utils/version.py:12: UserWarning: pkg_resources is deprecated as an API. See https://setuptools.pypa.io/en/latest/pkg_resources.html. The pkg_resources package is slated for removal as early as 2025-11-30. Refrain from using this package or pin to Setuptools<81.
  import pkg_resources
/home/rezac/bin/miniconda3/envs/ml-uma/lib/python3.12/site-packages/torchtnt/utils/version.py:12: UserWarning: pkg_resources is deprecated as an API. See https://setuptools.pypa.io/en/latest/pkg_resources.html. The pkg_resources package is slated for removal as early as 2025-11-30. Refrain from using this package or pin to Setuptools<81.
  import pkg_resources
/home/rezac/bin/miniconda3/envs/ml-uma/lib/python3.12/site-packages/torchtnt/utils/version.py:12: UserWarning: pkg_resources is deprecated as an API. See https://setuptools.pypa.io/en/latest/pkg_resources.html. The pkg_resources package is slated for removal as early as 2025-11-30. Refrain from using this package or pin to Setuptools<81.
  import pkg_resources
/home/rezac/bin/miniconda3/envs/ml-uma/lib/python3.12/site-packages/torchtnt/utils/version.py:12: UserWarning: pkg_resources is deprecated as an API. See https://setuptools.pypa.io/en/latest/pkg_resources.html. The pkg_resources package is slated for removal as early as 2025-11-30. Refrain from using this package or pin to Setuptools<81.
  import pkg_resources
/home/rezac/bin/miniconda3/envs/ml-uma/lib/python3.12/site-packages/torchtnt/utils/version.py:12: UserWarning: pkg_resources is deprecated as an API. See https://setuptools.pypa.io/en/latest/pkg_resources.html. The pkg_resources package is slated for removal as early as 2025-11-30. Refrain from using this package or pin to Setuptools<81.
  import pkg_resources
/home/rezac/bin/miniconda3/envs/ml-uma/lib/python3.12/site-packages/torchtnt/utils/version.py:12: UserWarning: pkg_resources is deprecated as an API. See https://setuptools.pypa.io/en/latest/pkg_resources.html. The pkg_resources package is slated for removal as early as 2025-11-30. Refrain from using this package or pin to Setuptools<81.
  import pkg_resources
/home/rezac/bin/miniconda3/envs/ml-uma/lib/python3.12/site-packages/torchtnt/utils/version.py:12: UserWarning: pkg_resources is deprecated as an API. See https://setuptools.pypa.io/en/latest/pkg_resources.html. The pkg_resources package is slated for removal as early as 2025-11-30. Refrain from using this package or pin to Setuptools<81.
  import pkg_resources
/home/rezac/bin/miniconda3/envs/ml-uma/lib/python3.12/site-packages/torchtnt/utils/version.py:12: UserWarning: pkg_resources is deprecated as an API. See https://setuptools.pypa.io/en/latest/pkg_resources.html. The pkg_resources package is slated for removal as early as 2025-11-30. Refrain from using this package or pin to Setuptools<81.
  import pkg_resources
/home/rezac/bin/miniconda3/envs/ml-uma/lib/python3.12/site-packages/torchtnt/utils/version.py:12: UserWarning: pkg_resources is deprecated as an API. See https://setuptools.pypa.io/en/latest/pkg_resources.html. The pkg_resources package is slated for removal as early as 2025-11-30. Refrain from using this package or pin to Setuptools<81.
  import pkg_resources
/home/rezac/bin/miniconda3/envs/ml-uma/lib/python3.12/site-packages/torchtnt/utils/version.py:12: UserWarning: pkg_resources is deprecated as an API. See https://setuptools.pypa.io/en/latest/pkg_resources.html. The pkg_resources package is slated for removal as early as 2025-11-30. Refrain from using this package or pin to Setuptools<81.
  import pkg_resources
/home/rezac/bin/miniconda3/envs/ml-uma/lib/python3.12/site-packages/torchtnt/utils/version.py:12: UserWarning: pkg_resources is deprecated as an API. See https://setuptools.pypa.io/en/latest/pkg_resources.html. The pkg_resources package is slated for removal as early as 2025-11-30. Refrain from using this package or pin to Setuptools<81.
  import pkg_resources
/home/rezac/bin/miniconda3/envs/ml-uma/lib/python3.12/site-packages/torchtnt/utils/version.py:12: UserWarning: pkg_resources is deprecated as an API. See https://setuptools.pypa.io/en/latest/pkg_resources.html. The pkg_resources package is slated for removal as early as 2025-11-30. Refrain from using this package or pin to Setuptools<81.
  import pkg_resources
/home/rezac/bin/miniconda3/envs/ml-uma/lib/python3.12/site-packages/torchtnt/utils/version.py:12: UserWarning: pkg_resources is deprecated as an API. See https://setuptools.pypa.io/en/latest/pkg_resources.html. The pkg_resources package is slated for removal as early as 2025-11-30. Refrain from using this package or pin to Setuptools<81.
  import pkg_resources
/home/rezac/bin/miniconda3/envs/ml-uma/lib/python3.12/site-packages/torchtnt/utils/version.py:12: UserWarning: pkg_resources is deprecated as an API. See https://setuptools.pypa.io/en/latest/pkg_resources.html. The pkg_resources package is slated for removal as early as 2025-11-30. Refrain from using this package or pin to Setuptools<81.
  import pkg_resources
/home/rezac/bin/miniconda3/envs/ml-uma/lib/python3.12/site-packages/torchtnt/utils/version.py:12: UserWarning: pkg_resources is deprecated as an API. See https://setuptools.pypa.io/en/latest/pkg_resources.html. The pkg_resources package is slated for removal as early as 2025-11-30. Refrain from using this package or pin to Setuptools<81.
  import pkg_resources
/home/rezac/bin/miniconda3/envs/ml-uma/lib/python3.12/site-packages/torchtnt/utils/version.py:12: UserWarning: pkg_resources is deprecated as an API. See https://setuptools.pypa.io/en/latest/pkg_resources.html. The pkg_resources package is slated for removal as early as 2025-11-30. Refrain from using this package or pin to Setuptools<81.
  import pkg_resources
/home/rezac/bin/miniconda3/envs/ml-uma/lib/python3.12/site-packages/torchtnt/utils/version.py:12: UserWarning: pkg_resources is deprecated as an API. See https://setuptools.pypa.io/en/latest/pkg_resources.html. The pkg_resources package is slated for removal as early as 2025-11-30. Refrain from using this package or pin to Setuptools<81.
  import pkg_resources
/home/rezac/bin/miniconda3/envs/ml-uma/lib/python3.12/site-packages/torchtnt/utils/version.py:12: UserWarning: pkg_resources is deprecated as an API. See https://setuptools.pypa.io/en/latest/pkg_resources.html. The pkg_resources package is slated for removal as early as 2025-11-30. Refrain from using this package or pin to Setuptools<81.
  import pkg_resources
/home/rezac/bin/miniconda3/envs/ml-uma/lib/python3.12/site-packages/torchtnt/utils/version.py:12: UserWarning: pkg_resources is deprecated as an API. See https://setuptools.pypa.io/en/latest/pkg_resources.html. The pkg_resources package is slated for removal as early as 2025-11-30. Refrain from using this package or pin to Setuptools<81.
  import pkg_resources
/home/rezac/bin/miniconda3/envs/ml-uma/lib/python3.12/site-packages/torchtnt/utils/version.py:12: UserWarning: pkg_resources is deprecated as an API. See https://setuptools.pypa.io/en/latest/pkg_resources.html. The pkg_resources package is slated for removal as early as 2025-11-30. Refrain from using this package or pin to Setuptools<81.
  import pkg_resources
/home/rezac/bin/miniconda3/envs/ml-uma/lib/python3.12/site-packages/torchtnt/utils/version.py:12: UserWarning: pkg_resources is deprecated as an API. See https://setuptools.pypa.io/en/latest/pkg_resources.html. The pkg_resources package is slated for removal as early as 2025-11-30. Refrain from using this package or pin to Setuptools<81.
  import pkg_resources
/home/rezac/bin/miniconda3/envs/ml-uma/lib/python3.12/site-packages/torchtnt/utils/version.py:12: UserWarning: pkg_resources is deprecated as an API. See https://setuptools.pypa.io/en/latest/pkg_resources.html. The pkg_resources package is slated for removal as early as 2025-11-30. Refrain from using this package or pin to Setuptools<81.
  import pkg_resources
/home/rezac/bin/miniconda3/envs/ml-uma/lib/python3.12/site-packages/torchtnt/utils/version.py:12: UserWarning: pkg_resources is deprecated as an API. See https://setuptools.pypa.io/en/latest/pkg_resources.html. The pkg_resources package is slated for removal as early as 2025-11-30. Refrain from using this package or pin to Setuptools<81.
  import pkg_resources
/home/rezac/bin/miniconda3/envs/ml-uma/lib/python3.12/site-packages/torchtnt/utils/version.py:12: UserWarning: pkg_resources is deprecated as an API. See https://setuptools.pypa.io/en/latest/pkg_resources.html. The pkg_resources package is slated for removal as early as 2025-11-30. Refrain from using this package or pin to Setuptools<81.
  import pkg_resources
/home/rezac/bin/miniconda3/envs/ml-uma/lib/python3.12/site-packages/torchtnt/utils/version.py:12: UserWarning: pkg_resources is deprecated as an API. See https://setuptools.pypa.io/en/latest/pkg_resources.html. The pkg_resources package is slated for removal as early as 2025-11-30. Refrain from using this package or pin to Setuptools<81.
  import pkg_resources
/home/rezac/bin/miniconda3/envs/ml-uma/lib/python3.12/site-packages/torchtnt/utils/version.py:12: UserWarning: pkg_resources is deprecated as an API. See https://setuptools.pypa.io/en/latest/pkg_resources.html. The pkg_resources package is slated for removal as early as 2025-11-30. Refrain from using this package or pin to Setuptools<81.
  import pkg_resources
/home/rezac/bin/miniconda3/envs/ml-uma/lib/python3.12/site-packages/torchtnt/utils/version.py:12: UserWarning: pkg_resources is deprecated as an API. See https://setuptools.pypa.io/en/latest/pkg_resources.html. The pkg_resources package is slated for removal as early as 2025-11-30. Refrain from using this package or pin to Setuptools<81.
  import pkg_resources
/home/rezac/bin/miniconda3/envs/ml-uma/lib/python3.12/site-packages/torchtnt/utils/version.py:12: UserWarning: pkg_resources is deprecated as an API. See https://setuptools.pypa.io/en/latest/pkg_resources.html. The pkg_resources package is slated for removal as early as 2025-11-30. Refrain from using this package or pin to Setuptools<81.
  import pkg_resources
/home/rezac/bin/miniconda3/envs/ml-uma/lib/python3.12/site-packages/torchtnt/utils/version.py:12: UserWarning: pkg_resources is deprecated as an API. See https://setuptools.pypa.io/en/latest/pkg_resources.html. The pkg_resources package is slated for removal as early as 2025-11-30. Refrain from using this package or pin to Setuptools<81.
  import pkg_resources
/home/rezac/bin/miniconda3/envs/ml-uma/lib/python3.12/site-packages/torchtnt/utils/version.py:12: UserWarning: pkg_resources is deprecated as an API. See https://setuptools.pypa.io/en/latest/pkg_resources.html. The pkg_resources package is slated for removal as early as 2025-11-30. Refrain from using this package or pin to Setuptools<81.
  import pkg_resources
/home/rezac/bin/miniconda3/envs/ml-uma/lib/python3.12/site-packages/torchtnt/utils/version.py:12: UserWarning: pkg_resources is deprecated as an API. See https://setuptools.pypa.io/en/latest/pkg_resources.html. The pkg_resources package is slated for removal as early as 2025-11-30. Refrain from using this package or pin to Setuptools<81.
  import pkg_resources
/home/rezac/bin/miniconda3/envs/ml-uma/lib/python3.12/site-packages/torchtnt/utils/version.py:12: UserWarning: pkg_resources is deprecated as an API. See https://setuptools.pypa.io/en/latest/pkg_resources.html. The pkg_resources package is slated for removal as early as 2025-11-30. Refrain from using this package or pin to Setuptools<81.
  import pkg_resources
/home/rezac/bin/miniconda3/envs/ml-uma/lib/python3.12/site-packages/torchtnt/utils/version.py:12: UserWarning: pkg_resources is deprecated as an API. See https://setuptools.pypa.io/en/latest/pkg_resources.html. The pkg_resources package is slated for removal as early as 2025-11-30. Refrain from using this package or pin to Setuptools<81.
  import pkg_resources
/home/rezac/bin/miniconda3/envs/ml-uma/lib/python3.12/site-packages/torchtnt/utils/version.py:12: UserWarning: pkg_resources is deprecated as an API. See https://setuptools.pypa.io/en/latest/pkg_resources.html. The pkg_resources package is slated for removal as early as 2025-11-30. Refrain from using this package or pin to Setuptools<81.
  import pkg_resources
/home/rezac/bin/miniconda3/envs/ml-uma/lib/python3.12/site-packages/torchtnt/utils/version.py:12: UserWarning: pkg_resources is deprecated as an API. See https://setuptools.pypa.io/en/latest/pkg_resources.html. The pkg_resources package is slated for removal as early as 2025-11-30. Refrain from using this package or pin to Setuptools<81.
  import pkg_resources
/home/rezac/bin/miniconda3/envs/ml-uma/lib/python3.12/site-packages/torchtnt/utils/version.py:12: UserWarning: pkg_resources is deprecated as an API. See https://setuptools.pypa.io/en/latest/pkg_resources.html. The pkg_resources package is slated for removal as early as 2025-11-30. Refrain from using this package or pin to Setuptools<81.
  import pkg_resources
/home/rezac/bin/miniconda3/envs/ml-uma/lib/python3.12/site-packages/torchtnt/utils/version.py:12: UserWarning: pkg_resources is deprecated as an API. See https://setuptools.pypa.io/en/latest/pkg_resources.html. The pkg_resources package is slated for removal as early as 2025-11-30. Refrain from using this package or pin to Setuptools<81.
  import pkg_resources
/home/rezac/bin/miniconda3/envs/ml-uma/lib/python3.12/site-packages/torchtnt/utils/version.py:12: UserWarning: pkg_resources is deprecated as an API. See https://setuptools.pypa.io/en/latest/pkg_resources.html. The pkg_resources package is slated for removal as early as 2025-11-30. Refrain from using this package or pin to Setuptools<81.
  import pkg_resources
/home/rezac/bin/miniconda3/envs/ml-uma/lib/python3.12/site-packages/torchtnt/utils/version.py:12: UserWarning: pkg_resources is deprecated as an API. See https://setuptools.pypa.io/en/latest/pkg_resources.html. The pkg_resources package is slated for removal as early as 2025-11-30. Refrain from using this package or pin to Setuptools<81.
  import pkg_resources
/home/rezac/bin/miniconda3/envs/ml-uma/lib/python3.12/site-packages/torchtnt/utils/version.py:12: UserWarning: pkg_resources is deprecated as an API. See https://setuptools.pypa.io/en/latest/pkg_resources.html. The pkg_resources package is slated for removal as early as 2025-11-30. Refrain from using this package or pin to Setuptools<81.
  import pkg_resources
/home/rezac/bin/miniconda3/envs/ml-uma/lib/python3.12/site-packages/torchtnt/utils/version.py:12: UserWarning: pkg_resources is deprecated as an API. See https://setuptools.pypa.io/en/latest/pkg_resources.html. The pkg_resources package is slated for removal as early as 2025-11-30. Refrain from using this package or pin to Setuptools<81.
  import pkg_resources
/home/rezac/bin/miniconda3/envs/ml-uma/lib/python3.12/site-packages/torchtnt/utils/version.py:12: UserWarning: pkg_resources is deprecated as an API. See https://setuptools.pypa.io/en/latest/pkg_resources.html. The pkg_resources package is slated for removal as early as 2025-11-30. Refrain from using this package or pin to Setuptools<81.
  import pkg_resources
/home/rezac/bin/miniconda3/envs/ml-uma/lib/python3.12/site-packages/torchtnt/utils/version.py:12: UserWarning: pkg_resources is deprecated as an API. See https://setuptools.pypa.io/en/latest/pkg_resources.html. The pkg_resources package is slated for removal as early as 2025-11-30. Refrain from using this package or pin to Setuptools<81.
  import pkg_resources
/home/rezac/bin/miniconda3/envs/ml-uma/lib/python3.12/site-packages/torchtnt/utils/version.py:12: UserWarning: pkg_resources is deprecated as an API. See https://setuptools.pypa.io/en/latest/pkg_resources.html. The pkg_resources package is slated for removal as early as 2025-11-30. Refrain from using this package or pin to Setuptools<81.
  import pkg_resources
/home/rezac/bin/miniconda3/envs/ml-uma/lib/python3.12/site-packages/torchtnt/utils/version.py:12: UserWarning: pkg_resources is deprecated as an API. See https://setuptools.pypa.io/en/latest/pkg_resources.html. The pkg_resources package is slated for removal as early as 2025-11-30. Refrain from using this package or pin to Setuptools<81.
  import pkg_resources
/home/rezac/bin/miniconda3/envs/ml-uma/lib/python3.12/site-packages/torchtnt/utils/version.py:12: UserWarning: pkg_resources is deprecated as an API. See https://setuptools.pypa.io/en/latest/pkg_resources.html. The pkg_resources package is slated for removal as early as 2025-11-30. Refrain from using this package or pin to Setuptools<81.
  import pkg_resources
/home/rezac/bin/miniconda3/envs/ml-uma/lib/python3.12/site-packages/torchtnt/utils/version.py:12: UserWarning: pkg_resources is deprecated as an API. See https://setuptools.pypa.io/en/latest/pkg_resources.html. The pkg_resources package is slated for removal as early as 2025-11-30. Refrain from using this package or pin to Setuptools<81.
  import pkg_resources
/home/rezac/bin/miniconda3/envs/ml-uma/lib/python3.12/site-packages/torchtnt/utils/version.py:12: UserWarning: pkg_resources is deprecated as an API. See https://setuptools.pypa.io/en/latest/pkg_resources.html. The pkg_resources package is slated for removal as early as 2025-11-30. Refrain from using this package or pin to Setuptools<81.
  import pkg_resources
/home/rezac/bin/miniconda3/envs/ml-uma/lib/python3.12/site-packages/torchtnt/utils/version.py:12: UserWarning: pkg_resources is deprecated as an API. See https://setuptools.pypa.io/en/latest/pkg_resources.html. The pkg_resources package is slated for removal as early as 2025-11-30. Refrain from using this package or pin to Setuptools<81.
  import pkg_resources
/home/rezac/bin/miniconda3/envs/ml-uma/lib/python3.12/site-packages/torchtnt/utils/version.py:12: UserWarning: pkg_resources is deprecated as an API. See https://setuptools.pypa.io/en/latest/pkg_resources.html. The pkg_resources package is slated for removal as early as 2025-11-30. Refrain from using this package or pin to Setuptools<81.
  import pkg_resources
/home/rezac/bin/miniconda3/envs/ml-uma/lib/python3.12/site-packages/torchtnt/utils/version.py:12: UserWarning: pkg_resources is deprecated as an API. See https://setuptools.pypa.io/en/latest/pkg_resources.html. The pkg_resources package is slated for removal as early as 2025-11-30. Refrain from using this package or pin to Setuptools<81.
  import pkg_resources
/home/rezac/bin/miniconda3/envs/ml-uma/lib/python3.12/site-packages/torchtnt/utils/version.py:12: UserWarning: pkg_resources is deprecated as an API. See https://setuptools.pypa.io/en/latest/pkg_resources.html. The pkg_resources package is slated for removal as early as 2025-11-30. Refrain from using this package or pin to Setuptools<81.
  import pkg_resources
/home/rezac/bin/miniconda3/envs/ml-uma/lib/python3.12/site-packages/torchtnt/utils/version.py:12: UserWarning: pkg_resources is deprecated as an API. See https://setuptools.pypa.io/en/latest/pkg_resources.html. The pkg_resources package is slated for removal as early as 2025-11-30. Refrain from using this package or pin to Setuptools<81.
  import pkg_resources
/home/rezac/bin/miniconda3/envs/ml-uma/lib/python3.12/site-packages/torchtnt/utils/version.py:12: UserWarning: pkg_resources is deprecated as an API. See https://setuptools.pypa.io/en/latest/pkg_resources.html. The pkg_resources package is slated for removal as early as 2025-11-30. Refrain from using this package or pin to Setuptools<81.
  import pkg_resources
/home/rezac/bin/miniconda3/envs/ml-uma/lib/python3.12/site-packages/torchtnt/utils/version.py:12: UserWarning: pkg_resources is deprecated as an API. See https://setuptools.pypa.io/en/latest/pkg_resources.html. The pkg_resources package is slated for removal as early as 2025-11-30. Refrain from using this package or pin to Setuptools<81.
  import pkg_resources
/home/rezac/bin/miniconda3/envs/ml-uma/lib/python3.12/site-packages/torchtnt/utils/version.py:12: UserWarning: pkg_resources is deprecated as an API. See https://setuptools.pypa.io/en/latest/pkg_resources.html. The pkg_resources package is slated for removal as early as 2025-11-30. Refrain from using this package or pin to Setuptools<81.
  import pkg_resources
/home/rezac/bin/miniconda3/envs/ml-uma/lib/python3.12/site-packages/torchtnt/utils/version.py:12: UserWarning: pkg_resources is deprecated as an API. See https://setuptools.pypa.io/en/latest/pkg_resources.html. The pkg_resources package is slated for removal as early as 2025-11-30. Refrain from using this package or pin to Setuptools<81.
  import pkg_resources
/home/rezac/bin/miniconda3/envs/ml-uma/lib/python3.12/site-packages/torchtnt/utils/version.py:12: UserWarning: pkg_resources is deprecated as an API. See https://setuptools.pypa.io/en/latest/pkg_resources.html. The pkg_resources package is slated for removal as early as 2025-11-30. Refrain from using this package or pin to Setuptools<81.
  import pkg_resources
/home/rezac/bin/miniconda3/envs/ml-uma/lib/python3.12/site-packages/torchtnt/utils/version.py:12: UserWarning: pkg_resources is deprecated as an API. See https://setuptools.pypa.io/en/latest/pkg_resources.html. The pkg_resources package is slated for removal as early as 2025-11-30. Refrain from using this package or pin to Setuptools<81.
  import pkg_resources
/home/rezac/bin/miniconda3/envs/ml-uma/lib/python3.12/site-packages/torchtnt/utils/version.py:12: UserWarning: pkg_resources is deprecated as an API. See https://setuptools.pypa.io/en/latest/pkg_resources.html. The pkg_resources package is slated for removal as early as 2025-11-30. Refrain from using this package or pin to Setuptools<81.
  import pkg_resources
/home/rezac/bin/miniconda3/envs/ml-uma/lib/python3.12/site-packages/torchtnt/utils/version.py:12: UserWarning: pkg_resources is deprecated as an API. See https://setuptools.pypa.io/en/latest/pkg_resources.html. The pkg_resources package is slated for removal as early as 2025-11-30. Refrain from using this package or pin to Setuptools<81.
  import pkg_resources
/home/rezac/bin/miniconda3/envs/ml-uma/lib/python3.12/site-packages/torchtnt/utils/version.py:12: UserWarning: pkg_resources is deprecated as an API. See https://setuptools.pypa.io/en/latest/pkg_resources.html. The pkg_resources package is slated for removal as early as 2025-11-30. Refrain from using this package or pin to Setuptools<81.
  import pkg_resources
/home/rezac/bin/miniconda3/envs/ml-uma/lib/python3.12/site-packages/torchtnt/utils/version.py:12: UserWarning: pkg_resources is deprecated as an API. See https://setuptools.pypa.io/en/latest/pkg_resources.html. The pkg_resources package is slated for removal as early as 2025-11-30. Refrain from using this package or pin to Setuptools<81.
  import pkg_resources
/home/rezac/bin/miniconda3/envs/ml-uma/lib/python3.12/site-packages/torchtnt/utils/version.py:12: UserWarning: pkg_resources is deprecated as an API. See https://setuptools.pypa.io/en/latest/pkg_resources.html. The pkg_resources package is slated for removal as early as 2025-11-30. Refrain from using this package or pin to Setuptools<81.
  import pkg_resources
/home/rezac/bin/miniconda3/envs/ml-uma/lib/python3.12/site-packages/torchtnt/utils/version.py:12: UserWarning: pkg_resources is deprecated as an API. See https://setuptools.pypa.io/en/latest/pkg_resources.html. The pkg_resources package is slated for removal as early as 2025-11-30. Refrain from using this package or pin to Setuptools<81.
  import pkg_resources
/home/rezac/bin/miniconda3/envs/ml-uma/lib/python3.12/site-packages/torchtnt/utils/version.py:12: UserWarning: pkg_resources is deprecated as an API. See https://setuptools.pypa.io/en/latest/pkg_resources.html. The pkg_resources package is slated for removal as early as 2025-11-30. Refrain from using this package or pin to Setuptools<81.
  import pkg_resources
/home/rezac/bin/miniconda3/envs/ml-uma/lib/python3.12/site-packages/torchtnt/utils/version.py:12: UserWarning: pkg_resources is deprecated as an API. See https://setuptools.pypa.io/en/latest/pkg_resources.html. The pkg_resources package is slated for removal as early as 2025-11-30. Refrain from using this package or pin to Setuptools<81.
  import pkg_resources
/home/rezac/bin/miniconda3/envs/ml-uma/lib/python3.12/site-packages/torchtnt/utils/version.py:12: UserWarning: pkg_resources is deprecated as an API. See https://setuptools.pypa.io/en/latest/pkg_resources.html. The pkg_resources package is slated for removal as early as 2025-11-30. Refrain from using this package or pin to Setuptools<81.
  import pkg_resources
/home/rezac/bin/miniconda3/envs/ml-uma/lib/python3.12/site-packages/torchtnt/utils/version.py:12: UserWarning: pkg_resources is deprecated as an API. See https://setuptools.pypa.io/en/latest/pkg_resources.html. The pkg_resources package is slated for removal as early as 2025-11-30. Refrain from using this package or pin to Setuptools<81.
  import pkg_resources
/home/rezac/bin/miniconda3/envs/ml-uma/lib/python3.12/site-packages/torchtnt/utils/version.py:12: UserWarning: pkg_resources is deprecated as an API. See https://setuptools.pypa.io/en/latest/pkg_resources.html. The pkg_resources package is slated for removal as early as 2025-11-30. Refrain from using this package or pin to Setuptools<81.
  import pkg_resources
/home/rezac/bin/miniconda3/envs/ml-uma/lib/python3.12/site-packages/torchtnt/utils/version.py:12: UserWarning: pkg_resources is deprecated as an API. See https://setuptools.pypa.io/en/latest/pkg_resources.html. The pkg_resources package is slated for removal as early as 2025-11-30. Refrain from using this package or pin to Setuptools<81.
  import pkg_resources
/home/rezac/bin/miniconda3/envs/ml-uma/lib/python3.12/site-packages/torchtnt/utils/version.py:12: UserWarning: pkg_resources is deprecated as an API. See https://setuptools.pypa.io/en/latest/pkg_resources.html. The pkg_resources package is slated for removal as early as 2025-11-30. Refrain from using this package or pin to Setuptools<81.
  import pkg_resources
/home/rezac/bin/miniconda3/envs/ml-uma/lib/python3.12/site-packages/torchtnt/utils/version.py:12: UserWarning: pkg_resources is deprecated as an API. See https://setuptools.pypa.io/en/latest/pkg_resources.html. The pkg_resources package is slated for removal as early as 2025-11-30. Refrain from using this package or pin to Setuptools<81.
  import pkg_resources
/home/rezac/bin/miniconda3/envs/ml-uma/lib/python3.12/site-packages/torchtnt/utils/version.py:12: UserWarning: pkg_resources is deprecated as an API. See https://setuptools.pypa.io/en/latest/pkg_resources.html. The pkg_resources package is slated for removal as early as 2025-11-30. Refrain from using this package or pin to Setuptools<81.
  import pkg_resources
/home/rezac/bin/miniconda3/envs/ml-uma/lib/python3.12/site-packages/torchtnt/utils/version.py:12: UserWarning: pkg_resources is deprecated as an API. See https://setuptools.pypa.io/en/latest/pkg_resources.html. The pkg_resources package is slated for removal as early as 2025-11-30. Refrain from using this package or pin to Setuptools<81.
  import pkg_resources
/home/rezac/bin/miniconda3/envs/ml-uma/lib/python3.12/site-packages/torchtnt/utils/version.py:12: UserWarning: pkg_resources is deprecated as an API. See https://setuptools.pypa.io/en/latest/pkg_resources.html. The pkg_resources package is slated for removal as early as 2025-11-30. Refrain from using this package or pin to Setuptools<81.
  import pkg_resources
/home/rezac/bin/miniconda3/envs/ml-uma/lib/python3.12/site-packages/torchtnt/utils/version.py:12: UserWarning: pkg_resources is deprecated as an API. See https://setuptools.pypa.io/en/latest/pkg_resources.html. The pkg_resources package is slated for removal as early as 2025-11-30. Refrain from using this package or pin to Setuptools<81.
  import pkg_resources
/home/rezac/bin/miniconda3/envs/ml-uma/lib/python3.12/site-packages/torchtnt/utils/version.py:12: UserWarning: pkg_resources is deprecated as an API. See https://setuptools.pypa.io/en/latest/pkg_resources.html. The pkg_resources package is slated for removal as early as 2025-11-30. Refrain from using this package or pin to Setuptools<81.
  import pkg_resources
/home/rezac/bin/miniconda3/envs/ml-uma/lib/python3.12/site-packages/torchtnt/utils/version.py:12: UserWarning: pkg_resources is deprecated as an API. See https://setuptools.pypa.io/en/latest/pkg_resources.html. The pkg_resources package is slated for removal as early as 2025-11-30. Refrain from using this package or pin to Setuptools<81.
  import pkg_resources
/home/rezac/bin/miniconda3/envs/ml-uma/lib/python3.12/site-packages/torchtnt/utils/version.py:12: UserWarning: pkg_resources is deprecated as an API. See https://setuptools.pypa.io/en/latest/pkg_resources.html. The pkg_resources package is slated for removal as early as 2025-11-30. Refrain from using this package or pin to Setuptools<81.
  import pkg_resources
/home/rezac/bin/miniconda3/envs/ml-uma/lib/python3.12/site-packages/torchtnt/utils/version.py:12: UserWarning: pkg_resources is deprecated as an API. See https://setuptools.pypa.io/en/latest/pkg_resources.html. The pkg_resources package is slated for removal as early as 2025-11-30. Refrain from using this package or pin to Setuptools<81.
  import pkg_resources
/home/rezac/bin/miniconda3/envs/ml-uma/lib/python3.12/site-packages/torchtnt/utils/version.py:12: UserWarning: pkg_resources is deprecated as an API. See https://setuptools.pypa.io/en/latest/pkg_resources.html. The pkg_resources package is slated for removal as early as 2025-11-30. Refrain from using this package or pin to Setuptools<81.
  import pkg_resources
/home/rezac/bin/miniconda3/envs/ml-uma/lib/python3.12/site-packages/torchtnt/utils/version.py:12: UserWarning: pkg_resources is deprecated as an API. See https://setuptools.pypa.io/en/latest/pkg_resources.html. The pkg_resources package is slated for removal as early as 2025-11-30. Refrain from using this package or pin to Setuptools<81.
  import pkg_resources
/home/rezac/bin/miniconda3/envs/ml-uma/lib/python3.12/site-packages/torchtnt/utils/version.py:12: UserWarning: pkg_resources is deprecated as an API. See https://setuptools.pypa.io/en/latest/pkg_resources.html. The pkg_resources package is slated for removal as early as 2025-11-30. Refrain from using this package or pin to Setuptools<81.
  import pkg_resources
/home/rezac/bin/miniconda3/envs/ml-uma/lib/python3.12/site-packages/torchtnt/utils/version.py:12: UserWarning: pkg_resources is deprecated as an API. See https://setuptools.pypa.io/en/latest/pkg_resources.html. The pkg_resources package is slated for removal as early as 2025-11-30. Refrain from using this package or pin to Setuptools<81.
  import pkg_resources
/home/rezac/bin/miniconda3/envs/ml-uma/lib/python3.12/site-packages/torchtnt/utils/version.py:12: UserWarning: pkg_resources is deprecated as an API. See https://setuptools.pypa.io/en/latest/pkg_resources.html. The pkg_resources package is slated for removal as early as 2025-11-30. Refrain from using this package or pin to Setuptools<81.
  import pkg_resources
/home/rezac/bin/miniconda3/envs/ml-uma/lib/python3.12/site-packages/torchtnt/utils/version.py:12: UserWarning: pkg_resources is deprecated as an API. See https://setuptools.pypa.io/en/latest/pkg_resources.html. The pkg_resources package is slated for removal as early as 2025-11-30. Refrain from using this package or pin to Setuptools<81.
  import pkg_resources
/home/rezac/bin/miniconda3/envs/ml-uma/lib/python3.12/site-packages/torchtnt/utils/version.py:12: UserWarning: pkg_resources is deprecated as an API. See https://setuptools.pypa.io/en/latest/pkg_resources.html. The pkg_resources package is slated for removal as early as 2025-11-30. Refrain from using this package or pin to Setuptools<81.
  import pkg_resources
/home/rezac/bin/miniconda3/envs/ml-uma/lib/python3.12/site-packages/torchtnt/utils/version.py:12: UserWarning: pkg_resources is deprecated as an API. See https://setuptools.pypa.io/en/latest/pkg_resources.html. The pkg_resources package is slated for removal as early as 2025-11-30. Refrain from using this package or pin to Setuptools<81.
  import pkg_resources
/home/rezac/bin/miniconda3/envs/ml-uma/lib/python3.12/site-packages/torchtnt/utils/version.py:12: UserWarning: pkg_resources is deprecated as an API. See https://setuptools.pypa.io/en/latest/pkg_resources.html. The pkg_resources package is slated for removal as early as 2025-11-30. Refrain from using this package or pin to Setuptools<81.
  import pkg_resources
/home/rezac/bin/miniconda3/envs/ml-uma/lib/python3.12/site-packages/torchtnt/utils/version.py:12: UserWarning: pkg_resources is deprecated as an API. See https://setuptools.pypa.io/en/latest/pkg_resources.html. The pkg_resources package is slated for removal as early as 2025-11-30. Refrain from using this package or pin to Setuptools<81.
  import pkg_resources
/home/rezac/bin/miniconda3/envs/ml-uma/lib/python3.12/site-packages/torchtnt/utils/version.py:12: UserWarning: pkg_resources is deprecated as an API. See https://setuptools.pypa.io/en/latest/pkg_resources.html. The pkg_resources package is slated for removal as early as 2025-11-30. Refrain from using this package or pin to Setuptools<81.
  import pkg_resources
/home/rezac/bin/miniconda3/envs/ml-uma/lib/python3.12/site-packages/torchtnt/utils/version.py:12: UserWarning: pkg_resources is deprecated as an API. See https://setuptools.pypa.io/en/latest/pkg_resources.html. The pkg_resources package is slated for removal as early as 2025-11-30. Refrain from using this package or pin to Setuptools<81.
  import pkg_resources
/home/rezac/bin/miniconda3/envs/ml-uma/lib/python3.12/site-packages/torchtnt/utils/version.py:12: UserWarning: pkg_resources is deprecated as an API. See https://setuptools.pypa.io/en/latest/pkg_resources.html. The pkg_resources package is slated for removal as early as 2025-11-30. Refrain from using this package or pin to Setuptools<81.
  import pkg_resources
/home/rezac/bin/miniconda3/envs/ml-uma/lib/python3.12/site-packages/torchtnt/utils/version.py:12: UserWarning: pkg_resources is deprecated as an API. See https://setuptools.pypa.io/en/latest/pkg_resources.html. The pkg_resources package is slated for removal as early as 2025-11-30. Refrain from using this package or pin to Setuptools<81.
  import pkg_resources
/home/rezac/bin/miniconda3/envs/ml-uma/lib/python3.12/site-packages/torchtnt/utils/version.py:12: UserWarning: pkg_resources is deprecated as an API. See https://setuptools.pypa.io/en/latest/pkg_resources.html. The pkg_resources package is slated for removal as early as 2025-11-30. Refrain from using this package or pin to Setuptools<81.
  import pkg_resources
/home/rezac/bin/miniconda3/envs/ml-uma/lib/python3.12/site-packages/torchtnt/utils/version.py:12: UserWarning: pkg_resources is deprecated as an API. See https://setuptools.pypa.io/en/latest/pkg_resources.html. The pkg_resources package is slated for removal as early as 2025-11-30. Refrain from using this package or pin to Setuptools<81.
  import pkg_resources
/home/rezac/bin/miniconda3/envs/ml-uma/lib/python3.12/site-packages/torchtnt/utils/version.py:12: UserWarning: pkg_resources is deprecated as an API. See https://setuptools.pypa.io/en/latest/pkg_resources.html. The pkg_resources package is slated for removal as early as 2025-11-30. Refrain from using this package or pin to Setuptools<81.
  import pkg_resources
/home/rezac/bin/miniconda3/envs/ml-uma/lib/python3.12/site-packages/torchtnt/utils/version.py:12: UserWarning: pkg_resources is deprecated as an API. See https://setuptools.pypa.io/en/latest/pkg_resources.html. The pkg_resources package is slated for removal as early as 2025-11-30. Refrain from using this package or pin to Setuptools<81.
  import pkg_resources
/home/rezac/bin/miniconda3/envs/ml-uma/lib/python3.12/site-packages/torchtnt/utils/version.py:12: UserWarning: pkg_resources is deprecated as an API. See https://setuptools.pypa.io/en/latest/pkg_resources.html. The pkg_resources package is slated for removal as early as 2025-11-30. Refrain from using this package or pin to Setuptools<81.
  import pkg_resources
/home/rezac/bin/miniconda3/envs/ml-uma/lib/python3.12/site-packages/torchtnt/utils/version.py:12: UserWarning: pkg_resources is deprecated as an API. See https://setuptools.pypa.io/en/latest/pkg_resources.html. The pkg_resources package is slated for removal as early as 2025-11-30. Refrain from using this package or pin to Setuptools<81.
  import pkg_resources
/home/rezac/bin/miniconda3/envs/ml-uma/lib/python3.12/site-packages/torchtnt/utils/version.py:12: UserWarning: pkg_resources is deprecated as an API. See https://setuptools.pypa.io/en/latest/pkg_resources.html. The pkg_resources package is slated for removal as early as 2025-11-30. Refrain from using this package or pin to Setuptools<81.
  import pkg_resources
/home/rezac/bin/miniconda3/envs/ml-uma/lib/python3.12/site-packages/torchtnt/utils/version.py:12: UserWarning: pkg_resources is deprecated as an API. See https://setuptools.pypa.io/en/latest/pkg_resources.html. The pkg_resources package is slated for removal as early as 2025-11-30. Refrain from using this package or pin to Setuptools<81.
  import pkg_resources
/home/rezac/bin/miniconda3/envs/ml-uma/lib/python3.12/site-packages/torchtnt/utils/version.py:12: UserWarning: pkg_resources is deprecated as an API. See https://setuptools.pypa.io/en/latest/pkg_resources.html. The pkg_resources package is slated for removal as early as 2025-11-30. Refrain from using this package or pin to Setuptools<81.
  import pkg_resources
/home/rezac/bin/miniconda3/envs/ml-uma/lib/python3.12/site-packages/torchtnt/utils/version.py:12: UserWarning: pkg_resources is deprecated as an API. See https://setuptools.pypa.io/en/latest/pkg_resources.html. The pkg_resources package is slated for removal as early as 2025-11-30. Refrain from using this package or pin to Setuptools<81.
  import pkg_resources
/home/rezac/bin/miniconda3/envs/ml-uma/lib/python3.12/site-packages/torchtnt/utils/version.py:12: UserWarning: pkg_resources is deprecated as an API. See https://setuptools.pypa.io/en/latest/pkg_resources.html. The pkg_resources package is slated for removal as early as 2025-11-30. Refrain from using this package or pin to Setuptools<81.
  import pkg_resources
/home/rezac/bin/miniconda3/envs/ml-uma/lib/python3.12/site-packages/torchtnt/utils/version.py:12: UserWarning: pkg_resources is deprecated as an API. See https://setuptools.pypa.io/en/latest/pkg_resources.html. The pkg_resources package is slated for removal as early as 2025-11-30. Refrain from using this package or pin to Setuptools<81.
  import pkg_resources
/home/rezac/bin/miniconda3/envs/ml-uma/lib/python3.12/site-packages/torchtnt/utils/version.py:12: UserWarning: pkg_resources is deprecated as an API. See https://setuptools.pypa.io/en/latest/pkg_resources.html. The pkg_resources package is slated for removal as early as 2025-11-30. Refrain from using this package or pin to Setuptools<81.
  import pkg_resources
/home/rezac/bin/miniconda3/envs/ml-uma/lib/python3.12/site-packages/torchtnt/utils/version.py:12: UserWarning: pkg_resources is deprecated as an API. See https://setuptools.pypa.io/en/latest/pkg_resources.html. The pkg_resources package is slated for removal as early as 2025-11-30. Refrain from using this package or pin to Setuptools<81.
  import pkg_resources
/home/rezac/bin/miniconda3/envs/ml-uma/lib/python3.12/site-packages/torchtnt/utils/version.py:12: UserWarning: pkg_resources is deprecated as an API. See https://setuptools.pypa.io/en/latest/pkg_resources.html. The pkg_resources package is slated for removal as early as 2025-11-30. Refrain from using this package or pin to Setuptools<81.
  import pkg_resources
/home/rezac/bin/miniconda3/envs/ml-uma/lib/python3.12/site-packages/torchtnt/utils/version.py:12: UserWarning: pkg_resources is deprecated as an API. See https://setuptools.pypa.io/en/latest/pkg_resources.html. The pkg_resources package is slated for removal as early as 2025-11-30. Refrain from using this package or pin to Setuptools<81.
  import pkg_resources
/home/rezac/bin/miniconda3/envs/ml-uma/lib/python3.12/site-packages/torchtnt/utils/version.py:12: UserWarning: pkg_resources is deprecated as an API. See https://setuptools.pypa.io/en/latest/pkg_resources.html. The pkg_resources package is slated for removal as early as 2025-11-30. Refrain from using this package or pin to Setuptools<81.
  import pkg_resources
/home/rezac/bin/miniconda3/envs/ml-uma/lib/python3.12/site-packages/torchtnt/utils/version.py:12: UserWarning: pkg_resources is deprecated as an API. See https://setuptools.pypa.io/en/latest/pkg_resources.html. The pkg_resources package is slated for removal as early as 2025-11-30. Refrain from using this package or pin to Setuptools<81.
  import pkg_resources
/home/rezac/bin/miniconda3/envs/ml-uma/lib/python3.12/site-packages/torchtnt/utils/version.py:12: UserWarning: pkg_resources is deprecated as an API. See https://setuptools.pypa.io/en/latest/pkg_resources.html. The pkg_resources package is slated for removal as early as 2025-11-30. Refrain from using this package or pin to Setuptools<81.
  import pkg_resources
/home/rezac/bin/miniconda3/envs/ml-uma/lib/python3.12/site-packages/torchtnt/utils/version.py:12: UserWarning: pkg_resources is deprecated as an API. See https://setuptools.pypa.io/en/latest/pkg_resources.html. The pkg_resources package is slated for removal as early as 2025-11-30. Refrain from using this package or pin to Setuptools<81.
  import pkg_resources
/home/rezac/bin/miniconda3/envs/ml-uma/lib/python3.12/site-packages/torchtnt/utils/version.py:12: UserWarning: pkg_resources is deprecated as an API. See https://setuptools.pypa.io/en/latest/pkg_resources.html. The pkg_resources package is slated for removal as early as 2025-11-30. Refrain from using this package or pin to Setuptools<81.
  import pkg_resources
/home/rezac/bin/miniconda3/envs/ml-uma/lib/python3.12/site-packages/torchtnt/utils/version.py:12: UserWarning: pkg_resources is deprecated as an API. See https://setuptools.pypa.io/en/latest/pkg_resources.html. The pkg_resources package is slated for removal as early as 2025-11-30. Refrain from using this package or pin to Setuptools<81.
  import pkg_resources
/home/rezac/bin/miniconda3/envs/ml-uma/lib/python3.12/site-packages/torchtnt/utils/version.py:12: UserWarning: pkg_resources is deprecated as an API. See https://setuptools.pypa.io/en/latest/pkg_resources.html. The pkg_resources package is slated for removal as early as 2025-11-30. Refrain from using this package or pin to Setuptools<81.
  import pkg_resources
/home/rezac/bin/miniconda3/envs/ml-uma/lib/python3.12/site-packages/torchtnt/utils/version.py:12: UserWarning: pkg_resources is deprecated as an API. See https://setuptools.pypa.io/en/latest/pkg_resources.html. The pkg_resources package is slated for removal as early as 2025-11-30. Refrain from using this package or pin to Setuptools<81.
  import pkg_resources
/home/rezac/bin/miniconda3/envs/ml-uma/lib/python3.12/site-packages/torchtnt/utils/version.py:12: UserWarning: pkg_resources is deprecated as an API. See https://setuptools.pypa.io/en/latest/pkg_resources.html. The pkg_resources package is slated for removal as early as 2025-11-30. Refrain from using this package or pin to Setuptools<81.
  import pkg_resources
/home/rezac/bin/miniconda3/envs/ml-uma/lib/python3.12/site-packages/torchtnt/utils/version.py:12: UserWarning: pkg_resources is deprecated as an API. See https://setuptools.pypa.io/en/latest/pkg_resources.html. The pkg_resources package is slated for removal as early as 2025-11-30. Refrain from using this package or pin to Setuptools<81.
  import pkg_resources
/home/rezac/bin/miniconda3/envs/ml-uma/lib/python3.12/site-packages/torchtnt/utils/version.py:12: UserWarning: pkg_resources is deprecated as an API. See https://setuptools.pypa.io/en/latest/pkg_resources.html. The pkg_resources package is slated for removal as early as 2025-11-30. Refrain from using this package or pin to Setuptools<81.
  import pkg_resources
/home/rezac/bin/miniconda3/envs/ml-uma/lib/python3.12/site-packages/torchtnt/utils/version.py:12: UserWarning: pkg_resources is deprecated as an API. See https://setuptools.pypa.io/en/latest/pkg_resources.html. The pkg_resources package is slated for removal as early as 2025-11-30. Refrain from using this package or pin to Setuptools<81.
  import pkg_resources
/home/rezac/bin/miniconda3/envs/ml-uma/lib/python3.12/site-packages/torchtnt/utils/version.py:12: UserWarning: pkg_resources is deprecated as an API. See https://setuptools.pypa.io/en/latest/pkg_resources.html. The pkg_resources package is slated for removal as early as 2025-11-30. Refrain from using this package or pin to Setuptools<81.
  import pkg_resources
/home/rezac/bin/miniconda3/envs/ml-uma/lib/python3.12/site-packages/torchtnt/utils/version.py:12: UserWarning: pkg_resources is deprecated as an API. See https://setuptools.pypa.io/en/latest/pkg_resources.html. The pkg_resources package is slated for removal as early as 2025-11-30. Refrain from using this package or pin to Setuptools<81.
  import pkg_resources
/home/rezac/bin/miniconda3/envs/ml-uma/lib/python3.12/site-packages/torchtnt/utils/version.py:12: UserWarning: pkg_resources is deprecated as an API. See https://setuptools.pypa.io/en/latest/pkg_resources.html. The pkg_resources package is slated for removal as early as 2025-11-30. Refrain from using this package or pin to Setuptools<81.
  import pkg_resources
/home/rezac/bin/miniconda3/envs/ml-uma/lib/python3.12/site-packages/torchtnt/utils/version.py:12: UserWarning: pkg_resources is deprecated as an API. See https://setuptools.pypa.io/en/latest/pkg_resources.html. The pkg_resources package is slated for removal as early as 2025-11-30. Refrain from using this package or pin to Setuptools<81.
  import pkg_resources
/home/rezac/bin/miniconda3/envs/ml-uma/lib/python3.12/site-packages/torchtnt/utils/version.py:12: UserWarning: pkg_resources is deprecated as an API. See https://setuptools.pypa.io/en/latest/pkg_resources.html. The pkg_resources package is slated for removal as early as 2025-11-30. Refrain from using this package or pin to Setuptools<81.
  import pkg_resources
/home/rezac/bin/miniconda3/envs/ml-uma/lib/python3.12/site-packages/torchtnt/utils/version.py:12: UserWarning: pkg_resources is deprecated as an API. See https://setuptools.pypa.io/en/latest/pkg_resources.html. The pkg_resources package is slated for removal as early as 2025-11-30. Refrain from using this package or pin to Setuptools<81.
  import pkg_resources
/home/rezac/bin/miniconda3/envs/ml-uma/lib/python3.12/site-packages/torchtnt/utils/version.py:12: UserWarning: pkg_resources is deprecated as an API. See https://setuptools.pypa.io/en/latest/pkg_resources.html. The pkg_resources package is slated for removal as early as 2025-11-30. Refrain from using this package or pin to Setuptools<81.
  import pkg_resources
/home/rezac/bin/miniconda3/envs/ml-uma/lib/python3.12/site-packages/torchtnt/utils/version.py:12: UserWarning: pkg_resources is deprecated as an API. See https://setuptools.pypa.io/en/latest/pkg_resources.html. The pkg_resources package is slated for removal as early as 2025-11-30. Refrain from using this package or pin to Setuptools<81.
  import pkg_resources
/home/rezac/bin/miniconda3/envs/ml-uma/lib/python3.12/site-packages/torchtnt/utils/version.py:12: UserWarning: pkg_resources is deprecated as an API. See https://setuptools.pypa.io/en/latest/pkg_resources.html. The pkg_resources package is slated for removal as early as 2025-11-30. Refrain from using this package or pin to Setuptools<81.
  import pkg_resources
/home/rezac/bin/miniconda3/envs/ml-uma/lib/python3.12/site-packages/torchtnt/utils/version.py:12: UserWarning: pkg_resources is deprecated as an API. See https://setuptools.pypa.io/en/latest/pkg_resources.html. The pkg_resources package is slated for removal as early as 2025-11-30. Refrain from using this package or pin to Setuptools<81.
  import pkg_resources
/home/rezac/bin/miniconda3/envs/ml-uma/lib/python3.12/site-packages/torchtnt/utils/version.py:12: UserWarning: pkg_resources is deprecated as an API. See https://setuptools.pypa.io/en/latest/pkg_resources.html. The pkg_resources package is slated for removal as early as 2025-11-30. Refrain from using this package or pin to Setuptools<81.
  import pkg_resources
/home/rezac/bin/miniconda3/envs/ml-uma/lib/python3.12/site-packages/torchtnt/utils/version.py:12: UserWarning: pkg_resources is deprecated as an API. See https://setuptools.pypa.io/en/latest/pkg_resources.html. The pkg_resources package is slated for removal as early as 2025-11-30. Refrain from using this package or pin to Setuptools<81.
  import pkg_resources
/home/rezac/bin/miniconda3/envs/ml-uma/lib/python3.12/site-packages/torchtnt/utils/version.py:12: UserWarning: pkg_resources is deprecated as an API. See https://setuptools.pypa.io/en/latest/pkg_resources.html. The pkg_resources package is slated for removal as early as 2025-11-30. Refrain from using this package or pin to Setuptools<81.
  import pkg_resources
/home/rezac/bin/miniconda3/envs/ml-uma/lib/python3.12/site-packages/torchtnt/utils/version.py:12: UserWarning: pkg_resources is deprecated as an API. See https://setuptools.pypa.io/en/latest/pkg_resources.html. The pkg_resources package is slated for removal as early as 2025-11-30. Refrain from using this package or pin to Setuptools<81.
  import pkg_resources
/home/rezac/bin/miniconda3/envs/ml-uma/lib/python3.12/site-packages/torchtnt/utils/version.py:12: UserWarning: pkg_resources is deprecated as an API. See https://setuptools.pypa.io/en/latest/pkg_resources.html. The pkg_resources package is slated for removal as early as 2025-11-30. Refrain from using this package or pin to Setuptools<81.
  import pkg_resources
/home/rezac/bin/miniconda3/envs/ml-uma/lib/python3.12/site-packages/torchtnt/utils/version.py:12: UserWarning: pkg_resources is deprecated as an API. See https://setuptools.pypa.io/en/latest/pkg_resources.html. The pkg_resources package is slated for removal as early as 2025-11-30. Refrain from using this package or pin to Setuptools<81.
  import pkg_resources
/home/rezac/bin/miniconda3/envs/ml-uma/lib/python3.12/site-packages/torchtnt/utils/version.py:12: UserWarning: pkg_resources is deprecated as an API. See https://setuptools.pypa.io/en/latest/pkg_resources.html. The pkg_resources package is slated for removal as early as 2025-11-30. Refrain from using this package or pin to Setuptools<81.
  import pkg_resources
/home/rezac/bin/miniconda3/envs/ml-uma/lib/python3.12/site-packages/torchtnt/utils/version.py:12: UserWarning: pkg_resources is deprecated as an API. See https://setuptools.pypa.io/en/latest/pkg_resources.html. The pkg_resources package is slated for removal as early as 2025-11-30. Refrain from using this package or pin to Setuptools<81.
  import pkg_resources
/home/rezac/bin/miniconda3/envs/ml-uma/lib/python3.12/site-packages/torchtnt/utils/version.py:12: UserWarning: pkg_resources is deprecated as an API. See https://setuptools.pypa.io/en/latest/pkg_resources.html. The pkg_resources package is slated for removal as early as 2025-11-30. Refrain from using this package or pin to Setuptools<81.
  import pkg_resources
/home/rezac/bin/miniconda3/envs/ml-uma/lib/python3.12/site-packages/torchtnt/utils/version.py:12: UserWarning: pkg_resources is deprecated as an API. See https://setuptools.pypa.io/en/latest/pkg_resources.html. The pkg_resources package is slated for removal as early as 2025-11-30. Refrain from using this package or pin to Setuptools<81.
  import pkg_resources
/home/rezac/bin/miniconda3/envs/ml-uma/lib/python3.12/site-packages/torchtnt/utils/version.py:12: UserWarning: pkg_resources is deprecated as an API. See https://setuptools.pypa.io/en/latest/pkg_resources.html. The pkg_resources package is slated for removal as early as 2025-11-30. Refrain from using this package or pin to Setuptools<81.
  import pkg_resources
/home/rezac/bin/miniconda3/envs/ml-uma/lib/python3.12/site-packages/torchtnt/utils/version.py:12: UserWarning: pkg_resources is deprecated as an API. See https://setuptools.pypa.io/en/latest/pkg_resources.html. The pkg_resources package is slated for removal as early as 2025-11-30. Refrain from using this package or pin to Setuptools<81.
  import pkg_resources
/home/rezac/bin/miniconda3/envs/ml-uma/lib/python3.12/site-packages/torchtnt/utils/version.py:12: UserWarning: pkg_resources is deprecated as an API. See https://setuptools.pypa.io/en/latest/pkg_resources.html. The pkg_resources package is slated for removal as early as 2025-11-30. Refrain from using this package or pin to Setuptools<81.
  import pkg_resources
/home/rezac/bin/miniconda3/envs/ml-uma/lib/python3.12/site-packages/torchtnt/utils/version.py:12: UserWarning: pkg_resources is deprecated as an API. See https://setuptools.pypa.io/en/latest/pkg_resources.html. The pkg_resources package is slated for removal as early as 2025-11-30. Refrain from using this package or pin to Setuptools<81.
  import pkg_resources
/home/rezac/bin/miniconda3/envs/ml-uma/lib/python3.12/site-packages/torchtnt/utils/version.py:12: UserWarning: pkg_resources is deprecated as an API. See https://setuptools.pypa.io/en/latest/pkg_resources.html. The pkg_resources package is slated for removal as early as 2025-11-30. Refrain from using this package or pin to Setuptools<81.
  import pkg_resources
/home/rezac/bin/miniconda3/envs/ml-uma/lib/python3.12/site-packages/torchtnt/utils/version.py:12: UserWarning: pkg_resources is deprecated as an API. See https://setuptools.pypa.io/en/latest/pkg_resources.html. The pkg_resources package is slated for removal as early as 2025-11-30. Refrain from using this package or pin to Setuptools<81.
  import pkg_resources
/home/rezac/bin/miniconda3/envs/ml-uma/lib/python3.12/site-packages/torchtnt/utils/version.py:12: UserWarning: pkg_resources is deprecated as an API. See https://setuptools.pypa.io/en/latest/pkg_resources.html. The pkg_resources package is slated for removal as early as 2025-11-30. Refrain from using this package or pin to Setuptools<81.
  import pkg_resources
/home/rezac/bin/miniconda3/envs/ml-uma/lib/python3.12/site-packages/torchtnt/utils/version.py:12: UserWarning: pkg_resources is deprecated as an API. See https://setuptools.pypa.io/en/latest/pkg_resources.html. The pkg_resources package is slated for removal as early as 2025-11-30. Refrain from using this package or pin to Setuptools<81.
  import pkg_resources
/home/rezac/bin/miniconda3/envs/ml-uma/lib/python3.12/site-packages/torchtnt/utils/version.py:12: UserWarning: pkg_resources is deprecated as an API. See https://setuptools.pypa.io/en/latest/pkg_resources.html. The pkg_resources package is slated for removal as early as 2025-11-30. Refrain from using this package or pin to Setuptools<81.
  import pkg_resources
/home/rezac/bin/miniconda3/envs/ml-uma/lib/python3.12/site-packages/torchtnt/utils/version.py:12: UserWarning: pkg_resources is deprecated as an API. See https://setuptools.pypa.io/en/latest/pkg_resources.html. The pkg_resources package is slated for removal as early as 2025-11-30. Refrain from using this package or pin to Setuptools<81.
  import pkg_resources
/home/rezac/bin/miniconda3/envs/ml-uma/lib/python3.12/site-packages/torchtnt/utils/version.py:12: UserWarning: pkg_resources is deprecated as an API. See https://setuptools.pypa.io/en/latest/pkg_resources.html. The pkg_resources package is slated for removal as early as 2025-11-30. Refrain from using this package or pin to Setuptools<81.
  import pkg_resources
/home/rezac/bin/miniconda3/envs/ml-uma/lib/python3.12/site-packages/torchtnt/utils/version.py:12: UserWarning: pkg_resources is deprecated as an API. See https://setuptools.pypa.io/en/latest/pkg_resources.html. The pkg_resources package is slated for removal as early as 2025-11-30. Refrain from using this package or pin to Setuptools<81.
  import pkg_resources
/home/rezac/bin/miniconda3/envs/ml-uma/lib/python3.12/site-packages/torchtnt/utils/version.py:12: UserWarning: pkg_resources is deprecated as an API. See https://setuptools.pypa.io/en/latest/pkg_resources.html. The pkg_resources package is slated for removal as early as 2025-11-30. Refrain from using this package or pin to Setuptools<81.
  import pkg_resources
/home/rezac/bin/miniconda3/envs/ml-uma/lib/python3.12/site-packages/torchtnt/utils/version.py:12: UserWarning: pkg_resources is deprecated as an API. See https://setuptools.pypa.io/en/latest/pkg_resources.html. The pkg_resources package is slated for removal as early as 2025-11-30. Refrain from using this package or pin to Setuptools<81.
  import pkg_resources
/home/rezac/bin/miniconda3/envs/ml-uma/lib/python3.12/site-packages/torchtnt/utils/version.py:12: UserWarning: pkg_resources is deprecated as an API. See https://setuptools.pypa.io/en/latest/pkg_resources.html. The pkg_resources package is slated for removal as early as 2025-11-30. Refrain from using this package or pin to Setuptools<81.
  import pkg_resources
/home/rezac/bin/miniconda3/envs/ml-uma/lib/python3.12/site-packages/torchtnt/utils/version.py:12: UserWarning: pkg_resources is deprecated as an API. See https://setuptools.pypa.io/en/latest/pkg_resources.html. The pkg_resources package is slated for removal as early as 2025-11-30. Refrain from using this package or pin to Setuptools<81.
  import pkg_resources
/home/rezac/bin/miniconda3/envs/ml-uma/lib/python3.12/site-packages/torchtnt/utils/version.py:12: UserWarning: pkg_resources is deprecated as an API. See https://setuptools.pypa.io/en/latest/pkg_resources.html. The pkg_resources package is slated for removal as early as 2025-11-30. Refrain from using this package or pin to Setuptools<81.
  import pkg_resources
/home/rezac/bin/miniconda3/envs/ml-uma/lib/python3.12/site-packages/torchtnt/utils/version.py:12: UserWarning: pkg_resources is deprecated as an API. See https://setuptools.pypa.io/en/latest/pkg_resources.html. The pkg_resources package is slated for removal as early as 2025-11-30. Refrain from using this package or pin to Setuptools<81.
  import pkg_resources
/home/rezac/bin/miniconda3/envs/ml-uma/lib/python3.12/site-packages/torchtnt/utils/version.py:12: UserWarning: pkg_resources is deprecated as an API. See https://setuptools.pypa.io/en/latest/pkg_resources.html. The pkg_resources package is slated for removal as early as 2025-11-30. Refrain from using this package or pin to Setuptools<81.
  import pkg_resources
/home/rezac/bin/miniconda3/envs/ml-uma/lib/python3.12/site-packages/torchtnt/utils/version.py:12: UserWarning: pkg_resources is deprecated as an API. See https://setuptools.pypa.io/en/latest/pkg_resources.html. The pkg_resources package is slated for removal as early as 2025-11-30. Refrain from using this package or pin to Setuptools<81.
  import pkg_resources
/home/rezac/bin/miniconda3/envs/ml-uma/lib/python3.12/site-packages/torchtnt/utils/version.py:12: UserWarning: pkg_resources is deprecated as an API. See https://setuptools.pypa.io/en/latest/pkg_resources.html. The pkg_resources package is slated for removal as early as 2025-11-30. Refrain from using this package or pin to Setuptools<81.
  import pkg_resources
/home/rezac/bin/miniconda3/envs/ml-uma/lib/python3.12/site-packages/torchtnt/utils/version.py:12: UserWarning: pkg_resources is deprecated as an API. See https://setuptools.pypa.io/en/latest/pkg_resources.html. The pkg_resources package is slated for removal as early as 2025-11-30. Refrain from using this package or pin to Setuptools<81.
  import pkg_resources
/home/rezac/bin/miniconda3/envs/ml-uma/lib/python3.12/site-packages/torchtnt/utils/version.py:12: UserWarning: pkg_resources is deprecated as an API. See https://setuptools.pypa.io/en/latest/pkg_resources.html. The pkg_resources package is slated for removal as early as 2025-11-30. Refrain from using this package or pin to Setuptools<81.
  import pkg_resources
/home/rezac/bin/miniconda3/envs/ml-uma/lib/python3.12/site-packages/torchtnt/utils/version.py:12: UserWarning: pkg_resources is deprecated as an API. See https://setuptools.pypa.io/en/latest/pkg_resources.html. The pkg_resources package is slated for removal as early as 2025-11-30. Refrain from using this package or pin to Setuptools<81.
  import pkg_resources
/home/rezac/bin/miniconda3/envs/ml-uma/lib/python3.12/site-packages/torchtnt/utils/version.py:12: UserWarning: pkg_resources is deprecated as an API. See https://setuptools.pypa.io/en/latest/pkg_resources.html. The pkg_resources package is slated for removal as early as 2025-11-30. Refrain from using this package or pin to Setuptools<81.
  import pkg_resources
/home/rezac/bin/miniconda3/envs/ml-uma/lib/python3.12/site-packages/torchtnt/utils/version.py:12: UserWarning: pkg_resources is deprecated as an API. See https://setuptools.pypa.io/en/latest/pkg_resources.html. The pkg_resources package is slated for removal as early as 2025-11-30. Refrain from using this package or pin to Setuptools<81.
  import pkg_resources
/home/rezac/bin/miniconda3/envs/ml-uma/lib/python3.12/site-packages/torchtnt/utils/version.py:12: UserWarning: pkg_resources is deprecated as an API. See https://setuptools.pypa.io/en/latest/pkg_resources.html. The pkg_resources package is slated for removal as early as 2025-11-30. Refrain from using this package or pin to Setuptools<81.
  import pkg_resources
/home/rezac/bin/miniconda3/envs/ml-uma/lib/python3.12/site-packages/torchtnt/utils/version.py:12: UserWarning: pkg_resources is deprecated as an API. See https://setuptools.pypa.io/en/latest/pkg_resources.html. The pkg_resources package is slated for removal as early as 2025-11-30. Refrain from using this package or pin to Setuptools<81.
  import pkg_resources
/home/rezac/bin/miniconda3/envs/ml-uma/lib/python3.12/site-packages/torchtnt/utils/version.py:12: UserWarning: pkg_resources is deprecated as an API. See https://setuptools.pypa.io/en/latest/pkg_resources.html. The pkg_resources package is slated for removal as early as 2025-11-30. Refrain from using this package or pin to Setuptools<81.
  import pkg_resources
/home/rezac/bin/miniconda3/envs/ml-uma/lib/python3.12/site-packages/torchtnt/utils/version.py:12: UserWarning: pkg_resources is deprecated as an API. See https://setuptools.pypa.io/en/latest/pkg_resources.html. The pkg_resources package is slated for removal as early as 2025-11-30. Refrain from using this package or pin to Setuptools<81.
  import pkg_resources
/home/rezac/bin/miniconda3/envs/ml-uma/lib/python3.12/site-packages/torchtnt/utils/version.py:12: UserWarning: pkg_resources is deprecated as an API. See https://setuptools.pypa.io/en/latest/pkg_resources.html. The pkg_resources package is slated for removal as early as 2025-11-30. Refrain from using this package or pin to Setuptools<81.
  import pkg_resources
/home/rezac/bin/miniconda3/envs/ml-uma/lib/python3.12/site-packages/torchtnt/utils/version.py:12: UserWarning: pkg_resources is deprecated as an API. See https://setuptools.pypa.io/en/latest/pkg_resources.html. The pkg_resources package is slated for removal as early as 2025-11-30. Refrain from using this package or pin to Setuptools<81.
  import pkg_resources
/home/rezac/bin/miniconda3/envs/ml-uma/lib/python3.12/site-packages/torchtnt/utils/version.py:12: UserWarning: pkg_resources is deprecated as an API. See https://setuptools.pypa.io/en/latest/pkg_resources.html. The pkg_resources package is slated for removal as early as 2025-11-30. Refrain from using this package or pin to Setuptools<81.
  import pkg_resources
/home/rezac/bin/miniconda3/envs/ml-uma/lib/python3.12/site-packages/torchtnt/utils/version.py:12: UserWarning: pkg_resources is deprecated as an API. See https://setuptools.pypa.io/en/latest/pkg_resources.html. The pkg_resources package is slated for removal as early as 2025-11-30. Refrain from using this package or pin to Setuptools<81.
  import pkg_resources
/home/rezac/bin/miniconda3/envs/ml-uma/lib/python3.12/site-packages/torchtnt/utils/version.py:12: UserWarning: pkg_resources is deprecated as an API. See https://setuptools.pypa.io/en/latest/pkg_resources.html. The pkg_resources package is slated for removal as early as 2025-11-30. Refrain from using this package or pin to Setuptools<81.
  import pkg_resources
/home/rezac/bin/miniconda3/envs/ml-uma/lib/python3.12/site-packages/torchtnt/utils/version.py:12: UserWarning: pkg_resources is deprecated as an API. See https://setuptools.pypa.io/en/latest/pkg_resources.html. The pkg_resources package is slated for removal as early as 2025-11-30. Refrain from using this package or pin to Setuptools<81.
  import pkg_resources
/home/rezac/bin/miniconda3/envs/ml-uma/lib/python3.12/site-packages/torchtnt/utils/version.py:12: UserWarning: pkg_resources is deprecated as an API. See https://setuptools.pypa.io/en/latest/pkg_resources.html. The pkg_resources package is slated for removal as early as 2025-11-30. Refrain from using this package or pin to Setuptools<81.
  import pkg_resources
/home/rezac/bin/miniconda3/envs/ml-uma/lib/python3.12/site-packages/torchtnt/utils/version.py:12: UserWarning: pkg_resources is deprecated as an API. See https://setuptools.pypa.io/en/latest/pkg_resources.html. The pkg_resources package is slated for removal as early as 2025-11-30. Refrain from using this package or pin to Setuptools<81.
  import pkg_resources
/home/rezac/bin/miniconda3/envs/ml-uma/lib/python3.12/site-packages/torchtnt/utils/version.py:12: UserWarning: pkg_resources is deprecated as an API. See https://setuptools.pypa.io/en/latest/pkg_resources.html. The pkg_resources package is slated for removal as early as 2025-11-30. Refrain from using this package or pin to Setuptools<81.
  import pkg_resources
/home/rezac/bin/miniconda3/envs/ml-uma/lib/python3.12/site-packages/torchtnt/utils/version.py:12: UserWarning: pkg_resources is deprecated as an API. See https://setuptools.pypa.io/en/latest/pkg_resources.html. The pkg_resources package is slated for removal as early as 2025-11-30. Refrain from using this package or pin to Setuptools<81.
  import pkg_resources
/home/rezac/bin/miniconda3/envs/ml-uma/lib/python3.12/site-packages/torchtnt/utils/version.py:12: UserWarning: pkg_resources is deprecated as an API. See https://setuptools.pypa.io/en/latest/pkg_resources.html. The pkg_resources package is slated for removal as early as 2025-11-30. Refrain from using this package or pin to Setuptools<81.
  import pkg_resources
/home/rezac/bin/miniconda3/envs/ml-uma/lib/python3.12/site-packages/torchtnt/utils/version.py:12: UserWarning: pkg_resources is deprecated as an API. See https://setuptools.pypa.io/en/latest/pkg_resources.html. The pkg_resources package is slated for removal as early as 2025-11-30. Refrain from using this package or pin to Setuptools<81.
  import pkg_resources
/home/rezac/bin/miniconda3/envs/ml-uma/lib/python3.12/site-packages/torchtnt/utils/version.py:12: UserWarning: pkg_resources is deprecated as an API. See https://setuptools.pypa.io/en/latest/pkg_resources.html. The pkg_resources package is slated for removal as early as 2025-11-30. Refrain from using this package or pin to Setuptools<81.
  import pkg_resources
/home/rezac/bin/miniconda3/envs/ml-uma/lib/python3.12/site-packages/torchtnt/utils/version.py:12: UserWarning: pkg_resources is deprecated as an API. See https://setuptools.pypa.io/en/latest/pkg_resources.html. The pkg_resources package is slated for removal as early as 2025-11-30. Refrain from using this package or pin to Setuptools<81.
  import pkg_resources
/home/rezac/bin/miniconda3/envs/ml-uma/lib/python3.12/site-packages/torchtnt/utils/version.py:12: UserWarning: pkg_resources is deprecated as an API. See https://setuptools.pypa.io/en/latest/pkg_resources.html. The pkg_resources package is slated for removal as early as 2025-11-30. Refrain from using this package or pin to Setuptools<81.
  import pkg_resources
/home/rezac/bin/miniconda3/envs/ml-uma/lib/python3.12/site-packages/torchtnt/utils/version.py:12: UserWarning: pkg_resources is deprecated as an API. See https://setuptools.pypa.io/en/latest/pkg_resources.html. The pkg_resources package is slated for removal as early as 2025-11-30. Refrain from using this package or pin to Setuptools<81.
  import pkg_resources
/home/rezac/bin/miniconda3/envs/ml-uma/lib/python3.12/site-packages/torchtnt/utils/version.py:12: UserWarning: pkg_resources is deprecated as an API. See https://setuptools.pypa.io/en/latest/pkg_resources.html. The pkg_resources package is slated for removal as early as 2025-11-30. Refrain from using this package or pin to Setuptools<81.
  import pkg_resources
/home/rezac/bin/miniconda3/envs/ml-uma/lib/python3.12/site-packages/torchtnt/utils/version.py:12: UserWarning: pkg_resources is deprecated as an API. See https://setuptools.pypa.io/en/latest/pkg_resources.html. The pkg_resources package is slated for removal as early as 2025-11-30. Refrain from using this package or pin to Setuptools<81.
  import pkg_resources
/home/rezac/bin/miniconda3/envs/ml-uma/lib/python3.12/site-packages/torchtnt/utils/version.py:12: UserWarning: pkg_resources is deprecated as an API. See https://setuptools.pypa.io/en/latest/pkg_resources.html. The pkg_resources package is slated for removal as early as 2025-11-30. Refrain from using this package or pin to Setuptools<81.
  import pkg_resources
/home/rezac/bin/miniconda3/envs/ml-uma/lib/python3.12/site-packages/torchtnt/utils/version.py:12: UserWarning: pkg_resources is deprecated as an API. See https://setuptools.pypa.io/en/latest/pkg_resources.html. The pkg_resources package is slated for removal as early as 2025-11-30. Refrain from using this package or pin to Setuptools<81.
  import pkg_resources
/home/rezac/bin/miniconda3/envs/ml-uma/lib/python3.12/site-packages/torchtnt/utils/version.py:12: UserWarning: pkg_resources is deprecated as an API. See https://setuptools.pypa.io/en/latest/pkg_resources.html. The pkg_resources package is slated for removal as early as 2025-11-30. Refrain from using this package or pin to Setuptools<81.
  import pkg_resources
/home/rezac/bin/miniconda3/envs/ml-uma/lib/python3.12/site-packages/torchtnt/utils/version.py:12: UserWarning: pkg_resources is deprecated as an API. See https://setuptools.pypa.io/en/latest/pkg_resources.html. The pkg_resources package is slated for removal as early as 2025-11-30. Refrain from using this package or pin to Setuptools<81.
  import pkg_resources
/home/rezac/bin/miniconda3/envs/ml-uma/lib/python3.12/site-packages/torchtnt/utils/version.py:12: UserWarning: pkg_resources is deprecated as an API. See https://setuptools.pypa.io/en/latest/pkg_resources.html. The pkg_resources package is slated for removal as early as 2025-11-30. Refrain from using this package or pin to Setuptools<81.
  import pkg_resources
/home/rezac/bin/miniconda3/envs/ml-uma/lib/python3.12/site-packages/torchtnt/utils/version.py:12: UserWarning: pkg_resources is deprecated as an API. See https://setuptools.pypa.io/en/latest/pkg_resources.html. The pkg_resources package is slated for removal as early as 2025-11-30. Refrain from using this package or pin to Setuptools<81.
  import pkg_resources
/home/rezac/bin/miniconda3/envs/ml-uma/lib/python3.12/site-packages/torchtnt/utils/version.py:12: UserWarning: pkg_resources is deprecated as an API. See https://setuptools.pypa.io/en/latest/pkg_resources.html. The pkg_resources package is slated for removal as early as 2025-11-30. Refrain from using this package or pin to Setuptools<81.
  import pkg_resources
/home/rezac/bin/miniconda3/envs/ml-uma/lib/python3.12/site-packages/torchtnt/utils/version.py:12: UserWarning: pkg_resources is deprecated as an API. See https://setuptools.pypa.io/en/latest/pkg_resources.html. The pkg_resources package is slated for removal as early as 2025-11-30. Refrain from using this package or pin to Setuptools<81.
  import pkg_resources
/home/rezac/bin/miniconda3/envs/ml-uma/lib/python3.12/site-packages/torchtnt/utils/version.py:12: UserWarning: pkg_resources is deprecated as an API. See https://setuptools.pypa.io/en/latest/pkg_resources.html. The pkg_resources package is slated for removal as early as 2025-11-30. Refrain from using this package or pin to Setuptools<81.
  import pkg_resources
/home/rezac/bin/miniconda3/envs/ml-uma/lib/python3.12/site-packages/torchtnt/utils/version.py:12: UserWarning: pkg_resources is deprecated as an API. See https://setuptools.pypa.io/en/latest/pkg_resources.html. The pkg_resources package is slated for removal as early as 2025-11-30. Refrain from using this package or pin to Setuptools<81.
  import pkg_resources
/home/rezac/bin/miniconda3/envs/ml-uma/lib/python3.12/site-packages/torchtnt/utils/version.py:12: UserWarning: pkg_resources is deprecated as an API. See https://setuptools.pypa.io/en/latest/pkg_resources.html. The pkg_resources package is slated for removal as early as 2025-11-30. Refrain from using this package or pin to Setuptools<81.
  import pkg_resources
/home/rezac/bin/miniconda3/envs/ml-uma/lib/python3.12/site-packages/torchtnt/utils/version.py:12: UserWarning: pkg_resources is deprecated as an API. See https://setuptools.pypa.io/en/latest/pkg_resources.html. The pkg_resources package is slated for removal as early as 2025-11-30. Refrain from using this package or pin to Setuptools<81.
  import pkg_resources
/home/rezac/bin/miniconda3/envs/ml-uma/lib/python3.12/site-packages/torchtnt/utils/version.py:12: UserWarning: pkg_resources is deprecated as an API. See https://setuptools.pypa.io/en/latest/pkg_resources.html. The pkg_resources package is slated for removal as early as 2025-11-30. Refrain from using this package or pin to Setuptools<81.
  import pkg_resources
/home/rezac/bin/miniconda3/envs/ml-uma/lib/python3.12/site-packages/torchtnt/utils/version.py:12: UserWarning: pkg_resources is deprecated as an API. See https://setuptools.pypa.io/en/latest/pkg_resources.html. The pkg_resources package is slated for removal as early as 2025-11-30. Refrain from using this package or pin to Setuptools<81.
  import pkg_resources
/home/rezac/bin/miniconda3/envs/ml-uma/lib/python3.12/site-packages/torchtnt/utils/version.py:12: UserWarning: pkg_resources is deprecated as an API. See https://setuptools.pypa.io/en/latest/pkg_resources.html. The pkg_resources package is slated for removal as early as 2025-11-30. Refrain from using this package or pin to Setuptools<81.
  import pkg_resources
/home/rezac/bin/miniconda3/envs/ml-uma/lib/python3.12/site-packages/torchtnt/utils/version.py:12: UserWarning: pkg_resources is deprecated as an API. See https://setuptools.pypa.io/en/latest/pkg_resources.html. The pkg_resources package is slated for removal as early as 2025-11-30. Refrain from using this package or pin to Setuptools<81.
  import pkg_resources
/home/rezac/bin/miniconda3/envs/ml-uma/lib/python3.12/site-packages/torchtnt/utils/version.py:12: UserWarning: pkg_resources is deprecated as an API. See https://setuptools.pypa.io/en/latest/pkg_resources.html. The pkg_resources package is slated for removal as early as 2025-11-30. Refrain from using this package or pin to Setuptools<81.
  import pkg_resources
/home/rezac/bin/miniconda3/envs/ml-uma/lib/python3.12/site-packages/torchtnt/utils/version.py:12: UserWarning: pkg_resources is deprecated as an API. See https://setuptools.pypa.io/en/latest/pkg_resources.html. The pkg_resources package is slated for removal as early as 2025-11-30. Refrain from using this package or pin to Setuptools<81.
  import pkg_resources
/home/rezac/bin/miniconda3/envs/ml-uma/lib/python3.12/site-packages/torchtnt/utils/version.py:12: UserWarning: pkg_resources is deprecated as an API. See https://setuptools.pypa.io/en/latest/pkg_resources.html. The pkg_resources package is slated for removal as early as 2025-11-30. Refrain from using this package or pin to Setuptools<81.
  import pkg_resources
/home/rezac/bin/miniconda3/envs/ml-uma/lib/python3.12/site-packages/torchtnt/utils/version.py:12: UserWarning: pkg_resources is deprecated as an API. See https://setuptools.pypa.io/en/latest/pkg_resources.html. The pkg_resources package is slated for removal as early as 2025-11-30. Refrain from using this package or pin to Setuptools<81.
  import pkg_resources
/home/rezac/bin/miniconda3/envs/ml-uma/lib/python3.12/site-packages/torchtnt/utils/version.py:12: UserWarning: pkg_resources is deprecated as an API. See https://setuptools.pypa.io/en/latest/pkg_resources.html. The pkg_resources package is slated for removal as early as 2025-11-30. Refrain from using this package or pin to Setuptools<81.
  import pkg_resources
/home/rezac/bin/miniconda3/envs/ml-uma/lib/python3.12/site-packages/torchtnt/utils/version.py:12: UserWarning: pkg_resources is deprecated as an API. See https://setuptools.pypa.io/en/latest/pkg_resources.html. The pkg_resources package is slated for removal as early as 2025-11-30. Refrain from using this package or pin to Setuptools<81.
  import pkg_resources
/home/rezac/bin/miniconda3/envs/ml-uma/lib/python3.12/site-packages/torchtnt/utils/version.py:12: UserWarning: pkg_resources is deprecated as an API. See https://setuptools.pypa.io/en/latest/pkg_resources.html. The pkg_resources package is slated for removal as early as 2025-11-30. Refrain from using this package or pin to Setuptools<81.
  import pkg_resources
/home/rezac/bin/miniconda3/envs/ml-uma/lib/python3.12/site-packages/torchtnt/utils/version.py:12: UserWarning: pkg_resources is deprecated as an API. See https://setuptools.pypa.io/en/latest/pkg_resources.html. The pkg_resources package is slated for removal as early as 2025-11-30. Refrain from using this package or pin to Setuptools<81.
  import pkg_resources
/home/rezac/bin/miniconda3/envs/ml-uma/lib/python3.12/site-packages/torchtnt/utils/version.py:12: UserWarning: pkg_resources is deprecated as an API. See https://setuptools.pypa.io/en/latest/pkg_resources.html. The pkg_resources package is slated for removal as early as 2025-11-30. Refrain from using this package or pin to Setuptools<81.
  import pkg_resources
/home/rezac/bin/miniconda3/envs/ml-uma/lib/python3.12/site-packages/torchtnt/utils/version.py:12: UserWarning: pkg_resources is deprecated as an API. See https://setuptools.pypa.io/en/latest/pkg_resources.html. The pkg_resources package is slated for removal as early as 2025-11-30. Refrain from using this package or pin to Setuptools<81.
  import pkg_resources
/home/rezac/bin/miniconda3/envs/ml-uma/lib/python3.12/site-packages/torchtnt/utils/version.py:12: UserWarning: pkg_resources is deprecated as an API. See https://setuptools.pypa.io/en/latest/pkg_resources.html. The pkg_resources package is slated for removal as early as 2025-11-30. Refrain from using this package or pin to Setuptools<81.
  import pkg_resources
/home/rezac/bin/miniconda3/envs/ml-uma/lib/python3.12/site-packages/torchtnt/utils/version.py:12: UserWarning: pkg_resources is deprecated as an API. See https://setuptools.pypa.io/en/latest/pkg_resources.html. The pkg_resources package is slated for removal as early as 2025-11-30. Refrain from using this package or pin to Setuptools<81.
  import pkg_resources
/home/rezac/bin/miniconda3/envs/ml-uma/lib/python3.12/site-packages/torchtnt/utils/version.py:12: UserWarning: pkg_resources is deprecated as an API. See https://setuptools.pypa.io/en/latest/pkg_resources.html. The pkg_resources package is slated for removal as early as 2025-11-30. Refrain from using this package or pin to Setuptools<81.
  import pkg_resources
/home/rezac/bin/miniconda3/envs/ml-uma/lib/python3.12/site-packages/torchtnt/utils/version.py:12: UserWarning: pkg_resources is deprecated as an API. See https://setuptools.pypa.io/en/latest/pkg_resources.html. The pkg_resources package is slated for removal as early as 2025-11-30. Refrain from using this package or pin to Setuptools<81.
  import pkg_resources
/home/rezac/bin/miniconda3/envs/ml-uma/lib/python3.12/site-packages/torchtnt/utils/version.py:12: UserWarning: pkg_resources is deprecated as an API. See https://setuptools.pypa.io/en/latest/pkg_resources.html. The pkg_resources package is slated for removal as early as 2025-11-30. Refrain from using this package or pin to Setuptools<81.
  import pkg_resources
/home/rezac/bin/miniconda3/envs/ml-uma/lib/python3.12/site-packages/torchtnt/utils/version.py:12: UserWarning: pkg_resources is deprecated as an API. See https://setuptools.pypa.io/en/latest/pkg_resources.html. The pkg_resources package is slated for removal as early as 2025-11-30. Refrain from using this package or pin to Setuptools<81.
  import pkg_resources
/home/rezac/bin/miniconda3/envs/ml-uma/lib/python3.12/site-packages/torchtnt/utils/version.py:12: UserWarning: pkg_resources is deprecated as an API. See https://setuptools.pypa.io/en/latest/pkg_resources.html. The pkg_resources package is slated for removal as early as 2025-11-30. Refrain from using this package or pin to Setuptools<81.
  import pkg_resources
/home/rezac/bin/miniconda3/envs/ml-uma/lib/python3.12/site-packages/torchtnt/utils/version.py:12: UserWarning: pkg_resources is deprecated as an API. See https://setuptools.pypa.io/en/latest/pkg_resources.html. The pkg_resources package is slated for removal as early as 2025-11-30. Refrain from using this package or pin to Setuptools<81.
  import pkg_resources
/home/rezac/bin/miniconda3/envs/ml-uma/lib/python3.12/site-packages/torchtnt/utils/version.py:12: UserWarning: pkg_resources is deprecated as an API. See https://setuptools.pypa.io/en/latest/pkg_resources.html. The pkg_resources package is slated for removal as early as 2025-11-30. Refrain from using this package or pin to Setuptools<81.
  import pkg_resources
/home/rezac/bin/miniconda3/envs/ml-uma/lib/python3.12/site-packages/torchtnt/utils/version.py:12: UserWarning: pkg_resources is deprecated as an API. See https://setuptools.pypa.io/en/latest/pkg_resources.html. The pkg_resources package is slated for removal as early as 2025-11-30. Refrain from using this package or pin to Setuptools<81.
  import pkg_resources
/home/rezac/bin/miniconda3/envs/ml-uma/lib/python3.12/site-packages/torchtnt/utils/version.py:12: UserWarning: pkg_resources is deprecated as an API. See https://setuptools.pypa.io/en/latest/pkg_resources.html. The pkg_resources package is slated for removal as early as 2025-11-30. Refrain from using this package or pin to Setuptools<81.
  import pkg_resources
/home/rezac/bin/miniconda3/envs/ml-uma/lib/python3.12/site-packages/torchtnt/utils/version.py:12: UserWarning: pkg_resources is deprecated as an API. See https://setuptools.pypa.io/en/latest/pkg_resources.html. The pkg_resources package is slated for removal as early as 2025-11-30. Refrain from using this package or pin to Setuptools<81.
  import pkg_resources
/home/rezac/bin/miniconda3/envs/ml-uma/lib/python3.12/site-packages/torchtnt/utils/version.py:12: UserWarning: pkg_resources is deprecated as an API. See https://setuptools.pypa.io/en/latest/pkg_resources.html. The pkg_resources package is slated for removal as early as 2025-11-30. Refrain from using this package or pin to Setuptools<81.
  import pkg_resources
/home/rezac/bin/miniconda3/envs/ml-uma/lib/python3.12/site-packages/torchtnt/utils/version.py:12: UserWarning: pkg_resources is deprecated as an API. See https://setuptools.pypa.io/en/latest/pkg_resources.html. The pkg_resources package is slated for removal as early as 2025-11-30. Refrain from using this package or pin to Setuptools<81.
  import pkg_resources
/home/rezac/bin/miniconda3/envs/ml-uma/lib/python3.12/site-packages/torchtnt/utils/version.py:12: UserWarning: pkg_resources is deprecated as an API. See https://setuptools.pypa.io/en/latest/pkg_resources.html. The pkg_resources package is slated for removal as early as 2025-11-30. Refrain from using this package or pin to Setuptools<81.
  import pkg_resources
/home/rezac/bin/miniconda3/envs/ml-uma/lib/python3.12/site-packages/torchtnt/utils/version.py:12: UserWarning: pkg_resources is deprecated as an API. See https://setuptools.pypa.io/en/latest/pkg_resources.html. The pkg_resources package is slated for removal as early as 2025-11-30. Refrain from using this package or pin to Setuptools<81.
  import pkg_resources
/home/rezac/bin/miniconda3/envs/ml-uma/lib/python3.12/site-packages/torchtnt/utils/version.py:12: UserWarning: pkg_resources is deprecated as an API. See https://setuptools.pypa.io/en/latest/pkg_resources.html. The pkg_resources package is slated for removal as early as 2025-11-30. Refrain from using this package or pin to Setuptools<81.
  import pkg_resources
/home/rezac/bin/miniconda3/envs/ml-uma/lib/python3.12/site-packages/torchtnt/utils/version.py:12: UserWarning: pkg_resources is deprecated as an API. See https://setuptools.pypa.io/en/latest/pkg_resources.html. The pkg_resources package is slated for removal as early as 2025-11-30. Refrain from using this package or pin to Setuptools<81.
  import pkg_resources
/home/rezac/bin/miniconda3/envs/ml-uma/lib/python3.12/site-packages/torchtnt/utils/version.py:12: UserWarning: pkg_resources is deprecated as an API. See https://setuptools.pypa.io/en/latest/pkg_resources.html. The pkg_resources package is slated for removal as early as 2025-11-30. Refrain from using this package or pin to Setuptools<81.
  import pkg_resources
/home/rezac/bin/miniconda3/envs/ml-uma/lib/python3.12/site-packages/torchtnt/utils/version.py:12: UserWarning: pkg_resources is deprecated as an API. See https://setuptools.pypa.io/en/latest/pkg_resources.html. The pkg_resources package is slated for removal as early as 2025-11-30. Refrain from using this package or pin to Setuptools<81.
  import pkg_resources
/home/rezac/bin/miniconda3/envs/ml-uma/lib/python3.12/site-packages/torchtnt/utils/version.py:12: UserWarning: pkg_resources is deprecated as an API. See https://setuptools.pypa.io/en/latest/pkg_resources.html. The pkg_resources package is slated for removal as early as 2025-11-30. Refrain from using this package or pin to Setuptools<81.
  import pkg_resources
/home/rezac/bin/miniconda3/envs/ml-uma/lib/python3.12/site-packages/torchtnt/utils/version.py:12: UserWarning: pkg_resources is deprecated as an API. See https://setuptools.pypa.io/en/latest/pkg_resources.html. The pkg_resources package is slated for removal as early as 2025-11-30. Refrain from using this package or pin to Setuptools<81.
  import pkg_resources
/home/rezac/bin/miniconda3/envs/ml-uma/lib/python3.12/site-packages/torchtnt/utils/version.py:12: UserWarning: pkg_resources is deprecated as an API. See https://setuptools.pypa.io/en/latest/pkg_resources.html. The pkg_resources package is slated for removal as early as 2025-11-30. Refrain from using this package or pin to Setuptools<81.
  import pkg_resources
/home/rezac/bin/miniconda3/envs/ml-uma/lib/python3.12/site-packages/torchtnt/utils/version.py:12: UserWarning: pkg_resources is deprecated as an API. See https://setuptools.pypa.io/en/latest/pkg_resources.html. The pkg_resources package is slated for removal as early as 2025-11-30. Refrain from using this package or pin to Setuptools<81.
  import pkg_resources
/home/rezac/bin/miniconda3/envs/ml-uma/lib/python3.12/site-packages/torchtnt/utils/version.py:12: UserWarning: pkg_resources is deprecated as an API. See https://setuptools.pypa.io/en/latest/pkg_resources.html. The pkg_resources package is slated for removal as early as 2025-11-30. Refrain from using this package or pin to Setuptools<81.
  import pkg_resources
/home/rezac/bin/miniconda3/envs/ml-uma/lib/python3.12/site-packages/torchtnt/utils/version.py:12: UserWarning: pkg_resources is deprecated as an API. See https://setuptools.pypa.io/en/latest/pkg_resources.html. The pkg_resources package is slated for removal as early as 2025-11-30. Refrain from using this package or pin to Setuptools<81.
  import pkg_resources
/home/rezac/bin/miniconda3/envs/ml-uma/lib/python3.12/site-packages/torchtnt/utils/version.py:12: UserWarning: pkg_resources is deprecated as an API. See https://setuptools.pypa.io/en/latest/pkg_resources.html. The pkg_resources package is slated for removal as early as 2025-11-30. Refrain from using this package or pin to Setuptools<81.
  import pkg_resources
/home/rezac/bin/miniconda3/envs/ml-uma/lib/python3.12/site-packages/torchtnt/utils/version.py:12: UserWarning: pkg_resources is deprecated as an API. See https://setuptools.pypa.io/en/latest/pkg_resources.html. The pkg_resources package is slated for removal as early as 2025-11-30. Refrain from using this package or pin to Setuptools<81.
  import pkg_resources
/home/rezac/bin/miniconda3/envs/ml-uma/lib/python3.12/site-packages/torchtnt/utils/version.py:12: UserWarning: pkg_resources is deprecated as an API. See https://setuptools.pypa.io/en/latest/pkg_resources.html. The pkg_resources package is slated for removal as early as 2025-11-30. Refrain from using this package or pin to Setuptools<81.
  import pkg_resources
/home/rezac/bin/miniconda3/envs/ml-uma/lib/python3.12/site-packages/torchtnt/utils/version.py:12: UserWarning: pkg_resources is deprecated as an API. See https://setuptools.pypa.io/en/latest/pkg_resources.html. The pkg_resources package is slated for removal as early as 2025-11-30. Refrain from using this package or pin to Setuptools<81.
  import pkg_resources
/home/rezac/bin/miniconda3/envs/ml-uma/lib/python3.12/site-packages/torchtnt/utils/version.py:12: UserWarning: pkg_resources is deprecated as an API. See https://setuptools.pypa.io/en/latest/pkg_resources.html. The pkg_resources package is slated for removal as early as 2025-11-30. Refrain from using this package or pin to Setuptools<81.
  import pkg_resources
/home/rezac/bin/miniconda3/envs/ml-uma/lib/python3.12/site-packages/torchtnt/utils/version.py:12: UserWarning: pkg_resources is deprecated as an API. See https://setuptools.pypa.io/en/latest/pkg_resources.html. The pkg_resources package is slated for removal as early as 2025-11-30. Refrain from using this package or pin to Setuptools<81.
  import pkg_resources
/home/rezac/bin/miniconda3/envs/ml-uma/lib/python3.12/site-packages/torchtnt/utils/version.py:12: UserWarning: pkg_resources is deprecated as an API. See https://setuptools.pypa.io/en/latest/pkg_resources.html. The pkg_resources package is slated for removal as early as 2025-11-30. Refrain from using this package or pin to Setuptools<81.
  import pkg_resources
/home/rezac/bin/miniconda3/envs/ml-uma/lib/python3.12/site-packages/torchtnt/utils/version.py:12: UserWarning: pkg_resources is deprecated as an API. See https://setuptools.pypa.io/en/latest/pkg_resources.html. The pkg_resources package is slated for removal as early as 2025-11-30. Refrain from using this package or pin to Setuptools<81.
  import pkg_resources
/home/rezac/bin/miniconda3/envs/ml-uma/lib/python3.12/site-packages/torchtnt/utils/version.py:12: UserWarning: pkg_resources is deprecated as an API. See https://setuptools.pypa.io/en/latest/pkg_resources.html. The pkg_resources package is slated for removal as early as 2025-11-30. Refrain from using this package or pin to Setuptools<81.
  import pkg_resources
/home/rezac/bin/miniconda3/envs/ml-uma/lib/python3.12/site-packages/torchtnt/utils/version.py:12: UserWarning: pkg_resources is deprecated as an API. See https://setuptools.pypa.io/en/latest/pkg_resources.html. The pkg_resources package is slated for removal as early as 2025-11-30. Refrain from using this package or pin to Setuptools<81.
  import pkg_resources
/home/rezac/bin/miniconda3/envs/ml-uma/lib/python3.12/site-packages/torchtnt/utils/version.py:12: UserWarning: pkg_resources is deprecated as an API. See https://setuptools.pypa.io/en/latest/pkg_resources.html. The pkg_resources package is slated for removal as early as 2025-11-30. Refrain from using this package or pin to Setuptools<81.
  import pkg_resources
/home/rezac/bin/miniconda3/envs/ml-uma/lib/python3.12/site-packages/torchtnt/utils/version.py:12: UserWarning: pkg_resources is deprecated as an API. See https://setuptools.pypa.io/en/latest/pkg_resources.html. The pkg_resources package is slated for removal as early as 2025-11-30. Refrain from using this package or pin to Setuptools<81.
  import pkg_resources
/home/rezac/bin/miniconda3/envs/ml-uma/lib/python3.12/site-packages/torchtnt/utils/version.py:12: UserWarning: pkg_resources is deprecated as an API. See https://setuptools.pypa.io/en/latest/pkg_resources.html. The pkg_resources package is slated for removal as early as 2025-11-30. Refrain from using this package or pin to Setuptools<81.
  import pkg_resources
/home/rezac/bin/miniconda3/envs/ml-uma/lib/python3.12/site-packages/torchtnt/utils/version.py:12: UserWarning: pkg_resources is deprecated as an API. See https://setuptools.pypa.io/en/latest/pkg_resources.html. The pkg_resources package is slated for removal as early as 2025-11-30. Refrain from using this package or pin to Setuptools<81.
  import pkg_resources
/home/rezac/bin/miniconda3/envs/ml-uma/lib/python3.12/site-packages/torchtnt/utils/version.py:12: UserWarning: pkg_resources is deprecated as an API. See https://setuptools.pypa.io/en/latest/pkg_resources.html. The pkg_resources package is slated for removal as early as 2025-11-30. Refrain from using this package or pin to Setuptools<81.
  import pkg_resources
/home/rezac/bin/miniconda3/envs/ml-uma/lib/python3.12/site-packages/torchtnt/utils/version.py:12: UserWarning: pkg_resources is deprecated as an API. See https://setuptools.pypa.io/en/latest/pkg_resources.html. The pkg_resources package is slated for removal as early as 2025-11-30. Refrain from using this package or pin to Setuptools<81.
  import pkg_resources
/home/rezac/bin/miniconda3/envs/ml-uma/lib/python3.12/site-packages/torchtnt/utils/version.py:12: UserWarning: pkg_resources is deprecated as an API. See https://setuptools.pypa.io/en/latest/pkg_resources.html. The pkg_resources package is slated for removal as early as 2025-11-30. Refrain from using this package or pin to Setuptools<81.
  import pkg_resources
/home/rezac/bin/miniconda3/envs/ml-uma/lib/python3.12/site-packages/torchtnt/utils/version.py:12: UserWarning: pkg_resources is deprecated as an API. See https://setuptools.pypa.io/en/latest/pkg_resources.html. The pkg_resources package is slated for removal as early as 2025-11-30. Refrain from using this package or pin to Setuptools<81.
  import pkg_resources
/home/rezac/bin/miniconda3/envs/ml-uma/lib/python3.12/site-packages/torchtnt/utils/version.py:12: UserWarning: pkg_resources is deprecated as an API. See https://setuptools.pypa.io/en/latest/pkg_resources.html. The pkg_resources package is slated for removal as early as 2025-11-30. Refrain from using this package or pin to Setuptools<81.
  import pkg_resources
/home/rezac/bin/miniconda3/envs/ml-uma/lib/python3.12/site-packages/torchtnt/utils/version.py:12: UserWarning: pkg_resources is deprecated as an API. See https://setuptools.pypa.io/en/latest/pkg_resources.html. The pkg_resources package is slated for removal as early as 2025-11-30. Refrain from using this package or pin to Setuptools<81.
  import pkg_resources
/home/rezac/bin/miniconda3/envs/ml-uma/lib/python3.12/site-packages/torchtnt/utils/version.py:12: UserWarning: pkg_resources is deprecated as an API. See https://setuptools.pypa.io/en/latest/pkg_resources.html. The pkg_resources package is slated for removal as early as 2025-11-30. Refrain from using this package or pin to Setuptools<81.
  import pkg_resources
/home/rezac/bin/miniconda3/envs/ml-uma/lib/python3.12/site-packages/torchtnt/utils/version.py:12: UserWarning: pkg_resources is deprecated as an API. See https://setuptools.pypa.io/en/latest/pkg_resources.html. The pkg_resources package is slated for removal as early as 2025-11-30. Refrain from using this package or pin to Setuptools<81.
  import pkg_resources
/home/rezac/bin/miniconda3/envs/ml-uma/lib/python3.12/site-packages/torchtnt/utils/version.py:12: UserWarning: pkg_resources is deprecated as an API. See https://setuptools.pypa.io/en/latest/pkg_resources.html. The pkg_resources package is slated for removal as early as 2025-11-30. Refrain from using this package or pin to Setuptools<81.
  import pkg_resources
/home/rezac/bin/miniconda3/envs/ml-uma/lib/python3.12/site-packages/torchtnt/utils/version.py:12: UserWarning: pkg_resources is deprecated as an API. See https://setuptools.pypa.io/en/latest/pkg_resources.html. The pkg_resources package is slated for removal as early as 2025-11-30. Refrain from using this package or pin to Setuptools<81.
  import pkg_resources
/home/rezac/bin/miniconda3/envs/ml-uma/lib/python3.12/site-packages/torchtnt/utils/version.py:12: UserWarning: pkg_resources is deprecated as an API. See https://setuptools.pypa.io/en/latest/pkg_resources.html. The pkg_resources package is slated for removal as early as 2025-11-30. Refrain from using this package or pin to Setuptools<81.
  import pkg_resources
/home/rezac/bin/miniconda3/envs/ml-uma/lib/python3.12/site-packages/torchtnt/utils/version.py:12: UserWarning: pkg_resources is deprecated as an API. See https://setuptools.pypa.io/en/latest/pkg_resources.html. The pkg_resources package is slated for removal as early as 2025-11-30. Refrain from using this package or pin to Setuptools<81.
  import pkg_resources
/home/rezac/bin/miniconda3/envs/ml-uma/lib/python3.12/site-packages/torchtnt/utils/version.py:12: UserWarning: pkg_resources is deprecated as an API. See https://setuptools.pypa.io/en/latest/pkg_resources.html. The pkg_resources package is slated for removal as early as 2025-11-30. Refrain from using this package or pin to Setuptools<81.
  import pkg_resources
/home/rezac/bin/miniconda3/envs/ml-uma/lib/python3.12/site-packages/torchtnt/utils/version.py:12: UserWarning: pkg_resources is deprecated as an API. See https://setuptools.pypa.io/en/latest/pkg_resources.html. The pkg_resources package is slated for removal as early as 2025-11-30. Refrain from using this package or pin to Setuptools<81.
  import pkg_resources
/home/rezac/bin/miniconda3/envs/ml-uma/lib/python3.12/site-packages/torchtnt/utils/version.py:12: UserWarning: pkg_resources is deprecated as an API. See https://setuptools.pypa.io/en/latest/pkg_resources.html. The pkg_resources package is slated for removal as early as 2025-11-30. Refrain from using this package or pin to Setuptools<81.
  import pkg_resources
/home/rezac/bin/miniconda3/envs/ml-uma/lib/python3.12/site-packages/torchtnt/utils/version.py:12: UserWarning: pkg_resources is deprecated as an API. See https://setuptools.pypa.io/en/latest/pkg_resources.html. The pkg_resources package is slated for removal as early as 2025-11-30. Refrain from using this package or pin to Setuptools<81.
  import pkg_resources
/home/rezac/bin/miniconda3/envs/ml-uma/lib/python3.12/site-packages/torchtnt/utils/version.py:12: UserWarning: pkg_resources is deprecated as an API. See https://setuptools.pypa.io/en/latest/pkg_resources.html. The pkg_resources package is slated for removal as early as 2025-11-30. Refrain from using this package or pin to Setuptools<81.
  import pkg_resources
/home/rezac/bin/miniconda3/envs/ml-uma/lib/python3.12/site-packages/torchtnt/utils/version.py:12: UserWarning: pkg_resources is deprecated as an API. See https://setuptools.pypa.io/en/latest/pkg_resources.html. The pkg_resources package is slated for removal as early as 2025-11-30. Refrain from using this package or pin to Setuptools<81.
  import pkg_resources
/home/rezac/bin/miniconda3/envs/ml-uma/lib/python3.12/site-packages/torchtnt/utils/version.py:12: UserWarning: pkg_resources is deprecated as an API. See https://setuptools.pypa.io/en/latest/pkg_resources.html. The pkg_resources package is slated for removal as early as 2025-11-30. Refrain from using this package or pin to Setuptools<81.
  import pkg_resources
/home/rezac/bin/miniconda3/envs/ml-uma/lib/python3.12/site-packages/torchtnt/utils/version.py:12: UserWarning: pkg_resources is deprecated as an API. See https://setuptools.pypa.io/en/latest/pkg_resources.html. The pkg_resources package is slated for removal as early as 2025-11-30. Refrain from using this package or pin to Setuptools<81.
  import pkg_resources
/home/rezac/bin/miniconda3/envs/ml-uma/lib/python3.12/site-packages/torchtnt/utils/version.py:12: UserWarning: pkg_resources is deprecated as an API. See https://setuptools.pypa.io/en/latest/pkg_resources.html. The pkg_resources package is slated for removal as early as 2025-11-30. Refrain from using this package or pin to Setuptools<81.
  import pkg_resources
/home/rezac/bin/miniconda3/envs/ml-uma/lib/python3.12/site-packages/torchtnt/utils/version.py:12: UserWarning: pkg_resources is deprecated as an API. See https://setuptools.pypa.io/en/latest/pkg_resources.html. The pkg_resources package is slated for removal as early as 2025-11-30. Refrain from using this package or pin to Setuptools<81.
  import pkg_resources
/home/rezac/bin/miniconda3/envs/ml-uma/lib/python3.12/site-packages/torchtnt/utils/version.py:12: UserWarning: pkg_resources is deprecated as an API. See https://setuptools.pypa.io/en/latest/pkg_resources.html. The pkg_resources package is slated for removal as early as 2025-11-30. Refrain from using this package or pin to Setuptools<81.
  import pkg_resources
/home/rezac/bin/miniconda3/envs/ml-uma/lib/python3.12/site-packages/torchtnt/utils/version.py:12: UserWarning: pkg_resources is deprecated as an API. See https://setuptools.pypa.io/en/latest/pkg_resources.html. The pkg_resources package is slated for removal as early as 2025-11-30. Refrain from using this package or pin to Setuptools<81.
  import pkg_resources
/home/rezac/bin/miniconda3/envs/ml-uma/lib/python3.12/site-packages/torchtnt/utils/version.py:12: UserWarning: pkg_resources is deprecated as an API. See https://setuptools.pypa.io/en/latest/pkg_resources.html. The pkg_resources package is slated for removal as early as 2025-11-30. Refrain from using this package or pin to Setuptools<81.
  import pkg_resources
/home/rezac/bin/miniconda3/envs/ml-uma/lib/python3.12/site-packages/torchtnt/utils/version.py:12: UserWarning: pkg_resources is deprecated as an API. See https://setuptools.pypa.io/en/latest/pkg_resources.html. The pkg_resources package is slated for removal as early as 2025-11-30. Refrain from using this package or pin to Setuptools<81.
  import pkg_resources
/home/rezac/bin/miniconda3/envs/ml-uma/lib/python3.12/site-packages/torchtnt/utils/version.py:12: UserWarning: pkg_resources is deprecated as an API. See https://setuptools.pypa.io/en/latest/pkg_resources.html. The pkg_resources package is slated for removal as early as 2025-11-30. Refrain from using this package or pin to Setuptools<81.
  import pkg_resources
/home/rezac/bin/miniconda3/envs/ml-uma/lib/python3.12/site-packages/torchtnt/utils/version.py:12: UserWarning: pkg_resources is deprecated as an API. See https://setuptools.pypa.io/en/latest/pkg_resources.html. The pkg_resources package is slated for removal as early as 2025-11-30. Refrain from using this package or pin to Setuptools<81.
  import pkg_resources
/home/rezac/bin/miniconda3/envs/ml-uma/lib/python3.12/site-packages/torchtnt/utils/version.py:12: UserWarning: pkg_resources is deprecated as an API. See https://setuptools.pypa.io/en/latest/pkg_resources.html. The pkg_resources package is slated for removal as early as 2025-11-30. Refrain from using this package or pin to Setuptools<81.
  import pkg_resources
/home/rezac/bin/miniconda3/envs/ml-uma/lib/python3.12/site-packages/torchtnt/utils/version.py:12: UserWarning: pkg_resources is deprecated as an API. See https://setuptools.pypa.io/en/latest/pkg_resources.html. The pkg_resources package is slated for removal as early as 2025-11-30. Refrain from using this package or pin to Setuptools<81.
  import pkg_resources
/home/rezac/bin/miniconda3/envs/ml-uma/lib/python3.12/site-packages/torchtnt/utils/version.py:12: UserWarning: pkg_resources is deprecated as an API. See https://setuptools.pypa.io/en/latest/pkg_resources.html. The pkg_resources package is slated for removal as early as 2025-11-30. Refrain from using this package or pin to Setuptools<81.
  import pkg_resources
/home/rezac/bin/miniconda3/envs/ml-uma/lib/python3.12/site-packages/torchtnt/utils/version.py:12: UserWarning: pkg_resources is deprecated as an API. See https://setuptools.pypa.io/en/latest/pkg_resources.html. The pkg_resources package is slated for removal as early as 2025-11-30. Refrain from using this package or pin to Setuptools<81.
  import pkg_resources
/home/rezac/bin/miniconda3/envs/ml-uma/lib/python3.12/site-packages/torchtnt/utils/version.py:12: UserWarning: pkg_resources is deprecated as an API. See https://setuptools.pypa.io/en/latest/pkg_resources.html. The pkg_resources package is slated for removal as early as 2025-11-30. Refrain from using this package or pin to Setuptools<81.
  import pkg_resources
/home/rezac/bin/miniconda3/envs/ml-uma/lib/python3.12/site-packages/torchtnt/utils/version.py:12: UserWarning: pkg_resources is deprecated as an API. See https://setuptools.pypa.io/en/latest/pkg_resources.html. The pkg_resources package is slated for removal as early as 2025-11-30. Refrain from using this package or pin to Setuptools<81.
  import pkg_resources
/home/rezac/bin/miniconda3/envs/ml-uma/lib/python3.12/site-packages/torchtnt/utils/version.py:12: UserWarning: pkg_resources is deprecated as an API. See https://setuptools.pypa.io/en/latest/pkg_resources.html. The pkg_resources package is slated for removal as early as 2025-11-30. Refrain from using this package or pin to Setuptools<81.
  import pkg_resources
/home/rezac/bin/miniconda3/envs/ml-uma/lib/python3.12/site-packages/torchtnt/utils/version.py:12: UserWarning: pkg_resources is deprecated as an API. See https://setuptools.pypa.io/en/latest/pkg_resources.html. The pkg_resources package is slated for removal as early as 2025-11-30. Refrain from using this package or pin to Setuptools<81.
  import pkg_resources
/home/rezac/bin/miniconda3/envs/ml-uma/lib/python3.12/site-packages/torchtnt/utils/version.py:12: UserWarning: pkg_resources is deprecated as an API. See https://setuptools.pypa.io/en/latest/pkg_resources.html. The pkg_resources package is slated for removal as early as 2025-11-30. Refrain from using this package or pin to Setuptools<81.
  import pkg_resources
/home/rezac/bin/miniconda3/envs/ml-uma/lib/python3.12/site-packages/torchtnt/utils/version.py:12: UserWarning: pkg_resources is deprecated as an API. See https://setuptools.pypa.io/en/latest/pkg_resources.html. The pkg_resources package is slated for removal as early as 2025-11-30. Refrain from using this package or pin to Setuptools<81.
  import pkg_resources
/home/rezac/bin/miniconda3/envs/ml-uma/lib/python3.12/site-packages/torchtnt/utils/version.py:12: UserWarning: pkg_resources is deprecated as an API. See https://setuptools.pypa.io/en/latest/pkg_resources.html. The pkg_resources package is slated for removal as early as 2025-11-30. Refrain from using this package or pin to Setuptools<81.
  import pkg_resources
/home/rezac/bin/miniconda3/envs/ml-uma/lib/python3.12/site-packages/torchtnt/utils/version.py:12: UserWarning: pkg_resources is deprecated as an API. See https://setuptools.pypa.io/en/latest/pkg_resources.html. The pkg_resources package is slated for removal as early as 2025-11-30. Refrain from using this package or pin to Setuptools<81.
  import pkg_resources
/home/rezac/bin/miniconda3/envs/ml-uma/lib/python3.12/site-packages/torchtnt/utils/version.py:12: UserWarning: pkg_resources is deprecated as an API. See https://setuptools.pypa.io/en/latest/pkg_resources.html. The pkg_resources package is slated for removal as early as 2025-11-30. Refrain from using this package or pin to Setuptools<81.
  import pkg_resources
/home/rezac/bin/miniconda3/envs/ml-uma/lib/python3.12/site-packages/torchtnt/utils/version.py:12: UserWarning: pkg_resources is deprecated as an API. See https://setuptools.pypa.io/en/latest/pkg_resources.html. The pkg_resources package is slated for removal as early as 2025-11-30. Refrain from using this package or pin to Setuptools<81.
  import pkg_resources
/home/rezac/bin/miniconda3/envs/ml-uma/lib/python3.12/site-packages/torchtnt/utils/version.py:12: UserWarning: pkg_resources is deprecated as an API. See https://setuptools.pypa.io/en/latest/pkg_resources.html. The pkg_resources package is slated for removal as early as 2025-11-30. Refrain from using this package or pin to Setuptools<81.
  import pkg_resources
/home/rezac/bin/miniconda3/envs/ml-uma/lib/python3.12/site-packages/torchtnt/utils/version.py:12: UserWarning: pkg_resources is deprecated as an API. See https://setuptools.pypa.io/en/latest/pkg_resources.html. The pkg_resources package is slated for removal as early as 2025-11-30. Refrain from using this package or pin to Setuptools<81.
  import pkg_resources
/home/rezac/bin/miniconda3/envs/ml-uma/lib/python3.12/site-packages/torchtnt/utils/version.py:12: UserWarning: pkg_resources is deprecated as an API. See https://setuptools.pypa.io/en/latest/pkg_resources.html. The pkg_resources package is slated for removal as early as 2025-11-30. Refrain from using this package or pin to Setuptools<81.
  import pkg_resources
/home/rezac/bin/miniconda3/envs/ml-uma/lib/python3.12/site-packages/torchtnt/utils/version.py:12: UserWarning: pkg_resources is deprecated as an API. See https://setuptools.pypa.io/en/latest/pkg_resources.html. The pkg_resources package is slated for removal as early as 2025-11-30. Refrain from using this package or pin to Setuptools<81.
  import pkg_resources
/home/rezac/bin/miniconda3/envs/ml-uma/lib/python3.12/site-packages/torchtnt/utils/version.py:12: UserWarning: pkg_resources is deprecated as an API. See https://setuptools.pypa.io/en/latest/pkg_resources.html. The pkg_resources package is slated for removal as early as 2025-11-30. Refrain from using this package or pin to Setuptools<81.
  import pkg_resources
/home/rezac/bin/miniconda3/envs/ml-uma/lib/python3.12/site-packages/torchtnt/utils/version.py:12: UserWarning: pkg_resources is deprecated as an API. See https://setuptools.pypa.io/en/latest/pkg_resources.html. The pkg_resources package is slated for removal as early as 2025-11-30. Refrain from using this package or pin to Setuptools<81.
  import pkg_resources
/home/rezac/bin/miniconda3/envs/ml-uma/lib/python3.12/site-packages/torchtnt/utils/version.py:12: UserWarning: pkg_resources is deprecated as an API. See https://setuptools.pypa.io/en/latest/pkg_resources.html. The pkg_resources package is slated for removal as early as 2025-11-30. Refrain from using this package or pin to Setuptools<81.
  import pkg_resources
/home/rezac/bin/miniconda3/envs/ml-uma/lib/python3.12/site-packages/torchtnt/utils/version.py:12: UserWarning: pkg_resources is deprecated as an API. See https://setuptools.pypa.io/en/latest/pkg_resources.html. The pkg_resources package is slated for removal as early as 2025-11-30. Refrain from using this package or pin to Setuptools<81.
  import pkg_resources
/home/rezac/bin/miniconda3/envs/ml-uma/lib/python3.12/site-packages/torchtnt/utils/version.py:12: UserWarning: pkg_resources is deprecated as an API. See https://setuptools.pypa.io/en/latest/pkg_resources.html. The pkg_resources package is slated for removal as early as 2025-11-30. Refrain from using this package or pin to Setuptools<81.
  import pkg_resources
/home/rezac/bin/miniconda3/envs/ml-uma/lib/python3.12/site-packages/torchtnt/utils/version.py:12: UserWarning: pkg_resources is deprecated as an API. See https://setuptools.pypa.io/en/latest/pkg_resources.html. The pkg_resources package is slated for removal as early as 2025-11-30. Refrain from using this package or pin to Setuptools<81.
  import pkg_resources
/home/rezac/bin/miniconda3/envs/ml-uma/lib/python3.12/site-packages/torchtnt/utils/version.py:12: UserWarning: pkg_resources is deprecated as an API. See https://setuptools.pypa.io/en/latest/pkg_resources.html. The pkg_resources package is slated for removal as early as 2025-11-30. Refrain from using this package or pin to Setuptools<81.
  import pkg_resources
/home/rezac/bin/miniconda3/envs/ml-uma/lib/python3.12/site-packages/torchtnt/utils/version.py:12: UserWarning: pkg_resources is deprecated as an API. See https://setuptools.pypa.io/en/latest/pkg_resources.html. The pkg_resources package is slated for removal as early as 2025-11-30. Refrain from using this package or pin to Setuptools<81.
  import pkg_resources
/home/rezac/bin/miniconda3/envs/ml-uma/lib/python3.12/site-packages/torchtnt/utils/version.py:12: UserWarning: pkg_resources is deprecated as an API. See https://setuptools.pypa.io/en/latest/pkg_resources.html. The pkg_resources package is slated for removal as early as 2025-11-30. Refrain from using this package or pin to Setuptools<81.
  import pkg_resources
/home/rezac/bin/miniconda3/envs/ml-uma/lib/python3.12/site-packages/torchtnt/utils/version.py:12: UserWarning: pkg_resources is deprecated as an API. See https://setuptools.pypa.io/en/latest/pkg_resources.html. The pkg_resources package is slated for removal as early as 2025-11-30. Refrain from using this package or pin to Setuptools<81.
  import pkg_resources
/home/rezac/bin/miniconda3/envs/ml-uma/lib/python3.12/site-packages/torchtnt/utils/version.py:12: UserWarning: pkg_resources is deprecated as an API. See https://setuptools.pypa.io/en/latest/pkg_resources.html. The pkg_resources package is slated for removal as early as 2025-11-30. Refrain from using this package or pin to Setuptools<81.
  import pkg_resources
/home/rezac/bin/miniconda3/envs/ml-uma/lib/python3.12/site-packages/torchtnt/utils/version.py:12: UserWarning: pkg_resources is deprecated as an API. See https://setuptools.pypa.io/en/latest/pkg_resources.html. The pkg_resources package is slated for removal as early as 2025-11-30. Refrain from using this package or pin to Setuptools<81.
  import pkg_resources
/home/rezac/bin/miniconda3/envs/ml-uma/lib/python3.12/site-packages/torchtnt/utils/version.py:12: UserWarning: pkg_resources is deprecated as an API. See https://setuptools.pypa.io/en/latest/pkg_resources.html. The pkg_resources package is slated for removal as early as 2025-11-30. Refrain from using this package or pin to Setuptools<81.
  import pkg_resources
/home/rezac/bin/miniconda3/envs/ml-uma/lib/python3.12/site-packages/torchtnt/utils/version.py:12: UserWarning: pkg_resources is deprecated as an API. See https://setuptools.pypa.io/en/latest/pkg_resources.html. The pkg_resources package is slated for removal as early as 2025-11-30. Refrain from using this package or pin to Setuptools<81.
  import pkg_resources
/home/rezac/bin/miniconda3/envs/ml-uma/lib/python3.12/site-packages/torchtnt/utils/version.py:12: UserWarning: pkg_resources is deprecated as an API. See https://setuptools.pypa.io/en/latest/pkg_resources.html. The pkg_resources package is slated for removal as early as 2025-11-30. Refrain from using this package or pin to Setuptools<81.
  import pkg_resources
/home/rezac/bin/miniconda3/envs/ml-uma/lib/python3.12/site-packages/torchtnt/utils/version.py:12: UserWarning: pkg_resources is deprecated as an API. See https://setuptools.pypa.io/en/latest/pkg_resources.html. The pkg_resources package is slated for removal as early as 2025-11-30. Refrain from using this package or pin to Setuptools<81.
  import pkg_resources
/home/rezac/bin/miniconda3/envs/ml-uma/lib/python3.12/site-packages/torchtnt/utils/version.py:12: UserWarning: pkg_resources is deprecated as an API. See https://setuptools.pypa.io/en/latest/pkg_resources.html. The pkg_resources package is slated for removal as early as 2025-11-30. Refrain from using this package or pin to Setuptools<81.
  import pkg_resources
/home/rezac/bin/miniconda3/envs/ml-uma/lib/python3.12/site-packages/torchtnt/utils/version.py:12: UserWarning: pkg_resources is deprecated as an API. See https://setuptools.pypa.io/en/latest/pkg_resources.html. The pkg_resources package is slated for removal as early as 2025-11-30. Refrain from using this package or pin to Setuptools<81.
  import pkg_resources
/home/rezac/bin/miniconda3/envs/ml-uma/lib/python3.12/site-packages/torchtnt/utils/version.py:12: UserWarning: pkg_resources is deprecated as an API. See https://setuptools.pypa.io/en/latest/pkg_resources.html. The pkg_resources package is slated for removal as early as 2025-11-30. Refrain from using this package or pin to Setuptools<81.
  import pkg_resources
/home/rezac/bin/miniconda3/envs/ml-uma/lib/python3.12/site-packages/torchtnt/utils/version.py:12: UserWarning: pkg_resources is deprecated as an API. See https://setuptools.pypa.io/en/latest/pkg_resources.html. The pkg_resources package is slated for removal as early as 2025-11-30. Refrain from using this package or pin to Setuptools<81.
  import pkg_resources
/home/rezac/bin/miniconda3/envs/ml-uma/lib/python3.12/site-packages/torchtnt/utils/version.py:12: UserWarning: pkg_resources is deprecated as an API. See https://setuptools.pypa.io/en/latest/pkg_resources.html. The pkg_resources package is slated for removal as early as 2025-11-30. Refrain from using this package or pin to Setuptools<81.
  import pkg_resources
/home/rezac/bin/miniconda3/envs/ml-uma/lib/python3.12/site-packages/torchtnt/utils/version.py:12: UserWarning: pkg_resources is deprecated as an API. See https://setuptools.pypa.io/en/latest/pkg_resources.html. The pkg_resources package is slated for removal as early as 2025-11-30. Refrain from using this package or pin to Setuptools<81.
  import pkg_resources
/home/rezac/bin/miniconda3/envs/ml-uma/lib/python3.12/site-packages/torchtnt/utils/version.py:12: UserWarning: pkg_resources is deprecated as an API. See https://setuptools.pypa.io/en/latest/pkg_resources.html. The pkg_resources package is slated for removal as early as 2025-11-30. Refrain from using this package or pin to Setuptools<81.
  import pkg_resources
/home/rezac/bin/miniconda3/envs/ml-uma/lib/python3.12/site-packages/torchtnt/utils/version.py:12: UserWarning: pkg_resources is deprecated as an API. See https://setuptools.pypa.io/en/latest/pkg_resources.html. The pkg_resources package is slated for removal as early as 2025-11-30. Refrain from using this package or pin to Setuptools<81.
  import pkg_resources
/home/rezac/bin/miniconda3/envs/ml-uma/lib/python3.12/site-packages/torchtnt/utils/version.py:12: UserWarning: pkg_resources is deprecated as an API. See https://setuptools.pypa.io/en/latest/pkg_resources.html. The pkg_resources package is slated for removal as early as 2025-11-30. Refrain from using this package or pin to Setuptools<81.
  import pkg_resources
/home/rezac/bin/miniconda3/envs/ml-uma/lib/python3.12/site-packages/torchtnt/utils/version.py:12: UserWarning: pkg_resources is deprecated as an API. See https://setuptools.pypa.io/en/latest/pkg_resources.html. The pkg_resources package is slated for removal as early as 2025-11-30. Refrain from using this package or pin to Setuptools<81.
  import pkg_resources
/home/rezac/bin/miniconda3/envs/ml-uma/lib/python3.12/site-packages/torchtnt/utils/version.py:12: UserWarning: pkg_resources is deprecated as an API. See https://setuptools.pypa.io/en/latest/pkg_resources.html. The pkg_resources package is slated for removal as early as 2025-11-30. Refrain from using this package or pin to Setuptools<81.
  import pkg_resources
/home/rezac/bin/miniconda3/envs/ml-uma/lib/python3.12/site-packages/torchtnt/utils/version.py:12: UserWarning: pkg_resources is deprecated as an API. See https://setuptools.pypa.io/en/latest/pkg_resources.html. The pkg_resources package is slated for removal as early as 2025-11-30. Refrain from using this package or pin to Setuptools<81.
  import pkg_resources
/home/rezac/bin/miniconda3/envs/ml-uma/lib/python3.12/site-packages/torchtnt/utils/version.py:12: UserWarning: pkg_resources is deprecated as an API. See https://setuptools.pypa.io/en/latest/pkg_resources.html. The pkg_resources package is slated for removal as early as 2025-11-30. Refrain from using this package or pin to Setuptools<81.
  import pkg_resources
/home/rezac/bin/miniconda3/envs/ml-uma/lib/python3.12/site-packages/torchtnt/utils/version.py:12: UserWarning: pkg_resources is deprecated as an API. See https://setuptools.pypa.io/en/latest/pkg_resources.html. The pkg_resources package is slated for removal as early as 2025-11-30. Refrain from using this package or pin to Setuptools<81.
  import pkg_resources
/home/rezac/bin/miniconda3/envs/ml-uma/lib/python3.12/site-packages/torchtnt/utils/version.py:12: UserWarning: pkg_resources is deprecated as an API. See https://setuptools.pypa.io/en/latest/pkg_resources.html. The pkg_resources package is slated for removal as early as 2025-11-30. Refrain from using this package or pin to Setuptools<81.
  import pkg_resources
/home/rezac/bin/miniconda3/envs/ml-uma/lib/python3.12/site-packages/torchtnt/utils/version.py:12: UserWarning: pkg_resources is deprecated as an API. See https://setuptools.pypa.io/en/latest/pkg_resources.html. The pkg_resources package is slated for removal as early as 2025-11-30. Refrain from using this package or pin to Setuptools<81.
  import pkg_resources
/home/rezac/bin/miniconda3/envs/ml-uma/lib/python3.12/site-packages/torchtnt/utils/version.py:12: UserWarning: pkg_resources is deprecated as an API. See https://setuptools.pypa.io/en/latest/pkg_resources.html. The pkg_resources package is slated for removal as early as 2025-11-30. Refrain from using this package or pin to Setuptools<81.
  import pkg_resources
/home/rezac/bin/miniconda3/envs/ml-uma/lib/python3.12/site-packages/torchtnt/utils/version.py:12: UserWarning: pkg_resources is deprecated as an API. See https://setuptools.pypa.io/en/latest/pkg_resources.html. The pkg_resources package is slated for removal as early as 2025-11-30. Refrain from using this package or pin to Setuptools<81.
  import pkg_resources
/home/rezac/bin/miniconda3/envs/ml-uma/lib/python3.12/site-packages/torchtnt/utils/version.py:12: UserWarning: pkg_resources is deprecated as an API. See https://setuptools.pypa.io/en/latest/pkg_resources.html. The pkg_resources package is slated for removal as early as 2025-11-30. Refrain from using this package or pin to Setuptools<81.
  import pkg_resources
/home/rezac/bin/miniconda3/envs/ml-uma/lib/python3.12/site-packages/torchtnt/utils/version.py:12: UserWarning: pkg_resources is deprecated as an API. See https://setuptools.pypa.io/en/latest/pkg_resources.html. The pkg_resources package is slated for removal as early as 2025-11-30. Refrain from using this package or pin to Setuptools<81.
  import pkg_resources
/home/rezac/bin/miniconda3/envs/ml-uma/lib/python3.12/site-packages/torchtnt/utils/version.py:12: UserWarning: pkg_resources is deprecated as an API. See https://setuptools.pypa.io/en/latest/pkg_resources.html. The pkg_resources package is slated for removal as early as 2025-11-30. Refrain from using this package or pin to Setuptools<81.
  import pkg_resources
/home/rezac/bin/miniconda3/envs/ml-uma/lib/python3.12/site-packages/torchtnt/utils/version.py:12: UserWarning: pkg_resources is deprecated as an API. See https://setuptools.pypa.io/en/latest/pkg_resources.html. The pkg_resources package is slated for removal as early as 2025-11-30. Refrain from using this package or pin to Setuptools<81.
  import pkg_resources
/home/rezac/bin/miniconda3/envs/ml-uma/lib/python3.12/site-packages/torchtnt/utils/version.py:12: UserWarning: pkg_resources is deprecated as an API. See https://setuptools.pypa.io/en/latest/pkg_resources.html. The pkg_resources package is slated for removal as early as 2025-11-30. Refrain from using this package or pin to Setuptools<81.
  import pkg_resources
/home/rezac/bin/miniconda3/envs/ml-uma/lib/python3.12/site-packages/torchtnt/utils/version.py:12: UserWarning: pkg_resources is deprecated as an API. See https://setuptools.pypa.io/en/latest/pkg_resources.html. The pkg_resources package is slated for removal as early as 2025-11-30. Refrain from using this package or pin to Setuptools<81.
  import pkg_resources
/home/rezac/bin/miniconda3/envs/ml-uma/lib/python3.12/site-packages/torchtnt/utils/version.py:12: UserWarning: pkg_resources is deprecated as an API. See https://setuptools.pypa.io/en/latest/pkg_resources.html. The pkg_resources package is slated for removal as early as 2025-11-30. Refrain from using this package or pin to Setuptools<81.
  import pkg_resources
/home/rezac/bin/miniconda3/envs/ml-uma/lib/python3.12/site-packages/torchtnt/utils/version.py:12: UserWarning: pkg_resources is deprecated as an API. See https://setuptools.pypa.io/en/latest/pkg_resources.html. The pkg_resources package is slated for removal as early as 2025-11-30. Refrain from using this package or pin to Setuptools<81.
  import pkg_resources
/home/rezac/bin/miniconda3/envs/ml-uma/lib/python3.12/site-packages/torchtnt/utils/version.py:12: UserWarning: pkg_resources is deprecated as an API. See https://setuptools.pypa.io/en/latest/pkg_resources.html. The pkg_resources package is slated for removal as early as 2025-11-30. Refrain from using this package or pin to Setuptools<81.
  import pkg_resources
/home/rezac/bin/miniconda3/envs/ml-uma/lib/python3.12/site-packages/torchtnt/utils/version.py:12: UserWarning: pkg_resources is deprecated as an API. See https://setuptools.pypa.io/en/latest/pkg_resources.html. The pkg_resources package is slated for removal as early as 2025-11-30. Refrain from using this package or pin to Setuptools<81.
  import pkg_resources
/home/rezac/bin/miniconda3/envs/ml-uma/lib/python3.12/site-packages/torchtnt/utils/version.py:12: UserWarning: pkg_resources is deprecated as an API. See https://setuptools.pypa.io/en/latest/pkg_resources.html. The pkg_resources package is slated for removal as early as 2025-11-30. Refrain from using this package or pin to Setuptools<81.
  import pkg_resources
/home/rezac/bin/miniconda3/envs/ml-uma/lib/python3.12/site-packages/torchtnt/utils/version.py:12: UserWarning: pkg_resources is deprecated as an API. See https://setuptools.pypa.io/en/latest/pkg_resources.html. The pkg_resources package is slated for removal as early as 2025-11-30. Refrain from using this package or pin to Setuptools<81.
  import pkg_resources
/home/rezac/bin/miniconda3/envs/ml-uma/lib/python3.12/site-packages/torchtnt/utils/version.py:12: UserWarning: pkg_resources is deprecated as an API. See https://setuptools.pypa.io/en/latest/pkg_resources.html. The pkg_resources package is slated for removal as early as 2025-11-30. Refrain from using this package or pin to Setuptools<81.
  import pkg_resources
/home/rezac/bin/miniconda3/envs/ml-uma/lib/python3.12/site-packages/torchtnt/utils/version.py:12: UserWarning: pkg_resources is deprecated as an API. See https://setuptools.pypa.io/en/latest/pkg_resources.html. The pkg_resources package is slated for removal as early as 2025-11-30. Refrain from using this package or pin to Setuptools<81.
  import pkg_resources
/home/rezac/bin/miniconda3/envs/ml-uma/lib/python3.12/site-packages/torchtnt/utils/version.py:12: UserWarning: pkg_resources is deprecated as an API. See https://setuptools.pypa.io/en/latest/pkg_resources.html. The pkg_resources package is slated for removal as early as 2025-11-30. Refrain from using this package or pin to Setuptools<81.
  import pkg_resources
/home/rezac/bin/miniconda3/envs/ml-uma/lib/python3.12/site-packages/torchtnt/utils/version.py:12: UserWarning: pkg_resources is deprecated as an API. See https://setuptools.pypa.io/en/latest/pkg_resources.html. The pkg_resources package is slated for removal as early as 2025-11-30. Refrain from using this package or pin to Setuptools<81.
  import pkg_resources
/home/rezac/bin/miniconda3/envs/ml-uma/lib/python3.12/site-packages/torchtnt/utils/version.py:12: UserWarning: pkg_resources is deprecated as an API. See https://setuptools.pypa.io/en/latest/pkg_resources.html. The pkg_resources package is slated for removal as early as 2025-11-30. Refrain from using this package or pin to Setuptools<81.
  import pkg_resources
/home/rezac/bin/miniconda3/envs/ml-uma/lib/python3.12/site-packages/torchtnt/utils/version.py:12: UserWarning: pkg_resources is deprecated as an API. See https://setuptools.pypa.io/en/latest/pkg_resources.html. The pkg_resources package is slated for removal as early as 2025-11-30. Refrain from using this package or pin to Setuptools<81.
  import pkg_resources
/home/rezac/bin/miniconda3/envs/ml-uma/lib/python3.12/site-packages/torchtnt/utils/version.py:12: UserWarning: pkg_resources is deprecated as an API. See https://setuptools.pypa.io/en/latest/pkg_resources.html. The pkg_resources package is slated for removal as early as 2025-11-30. Refrain from using this package or pin to Setuptools<81.
  import pkg_resources
/home/rezac/bin/miniconda3/envs/ml-uma/lib/python3.12/site-packages/torchtnt/utils/version.py:12: UserWarning: pkg_resources is deprecated as an API. See https://setuptools.pypa.io/en/latest/pkg_resources.html. The pkg_resources package is slated for removal as early as 2025-11-30. Refrain from using this package or pin to Setuptools<81.
  import pkg_resources
/home/rezac/bin/miniconda3/envs/ml-uma/lib/python3.12/site-packages/torchtnt/utils/version.py:12: UserWarning: pkg_resources is deprecated as an API. See https://setuptools.pypa.io/en/latest/pkg_resources.html. The pkg_resources package is slated for removal as early as 2025-11-30. Refrain from using this package or pin to Setuptools<81.
  import pkg_resources
/home/rezac/bin/miniconda3/envs/ml-uma/lib/python3.12/site-packages/torchtnt/utils/version.py:12: UserWarning: pkg_resources is deprecated as an API. See https://setuptools.pypa.io/en/latest/pkg_resources.html. The pkg_resources package is slated for removal as early as 2025-11-30. Refrain from using this package or pin to Setuptools<81.
  import pkg_resources
/home/rezac/bin/miniconda3/envs/ml-uma/lib/python3.12/site-packages/torchtnt/utils/version.py:12: UserWarning: pkg_resources is deprecated as an API. See https://setuptools.pypa.io/en/latest/pkg_resources.html. The pkg_resources package is slated for removal as early as 2025-11-30. Refrain from using this package or pin to Setuptools<81.
  import pkg_resources
/home/rezac/bin/miniconda3/envs/ml-uma/lib/python3.12/site-packages/torchtnt/utils/version.py:12: UserWarning: pkg_resources is deprecated as an API. See https://setuptools.pypa.io/en/latest/pkg_resources.html. The pkg_resources package is slated for removal as early as 2025-11-30. Refrain from using this package or pin to Setuptools<81.
  import pkg_resources
/home/rezac/bin/miniconda3/envs/ml-uma/lib/python3.12/site-packages/torchtnt/utils/version.py:12: UserWarning: pkg_resources is deprecated as an API. See https://setuptools.pypa.io/en/latest/pkg_resources.html. The pkg_resources package is slated for removal as early as 2025-11-30. Refrain from using this package or pin to Setuptools<81.
  import pkg_resources
/home/rezac/bin/miniconda3/envs/ml-uma/lib/python3.12/site-packages/torchtnt/utils/version.py:12: UserWarning: pkg_resources is deprecated as an API. See https://setuptools.pypa.io/en/latest/pkg_resources.html. The pkg_resources package is slated for removal as early as 2025-11-30. Refrain from using this package or pin to Setuptools<81.
  import pkg_resources
/home/rezac/bin/miniconda3/envs/ml-uma/lib/python3.12/site-packages/torchtnt/utils/version.py:12: UserWarning: pkg_resources is deprecated as an API. See https://setuptools.pypa.io/en/latest/pkg_resources.html. The pkg_resources package is slated for removal as early as 2025-11-30. Refrain from using this package or pin to Setuptools<81.
  import pkg_resources
/home/rezac/bin/miniconda3/envs/ml-uma/lib/python3.12/site-packages/torchtnt/utils/version.py:12: UserWarning: pkg_resources is deprecated as an API. See https://setuptools.pypa.io/en/latest/pkg_resources.html. The pkg_resources package is slated for removal as early as 2025-11-30. Refrain from using this package or pin to Setuptools<81.
  import pkg_resources
/home/rezac/bin/miniconda3/envs/ml-uma/lib/python3.12/site-packages/torchtnt/utils/version.py:12: UserWarning: pkg_resources is deprecated as an API. See https://setuptools.pypa.io/en/latest/pkg_resources.html. The pkg_resources package is slated for removal as early as 2025-11-30. Refrain from using this package or pin to Setuptools<81.
  import pkg_resources
/home/rezac/bin/miniconda3/envs/ml-uma/lib/python3.12/site-packages/torchtnt/utils/version.py:12: UserWarning: pkg_resources is deprecated as an API. See https://setuptools.pypa.io/en/latest/pkg_resources.html. The pkg_resources package is slated for removal as early as 2025-11-30. Refrain from using this package or pin to Setuptools<81.
  import pkg_resources
/home/rezac/bin/miniconda3/envs/ml-uma/lib/python3.12/site-packages/torchtnt/utils/version.py:12: UserWarning: pkg_resources is deprecated as an API. See https://setuptools.pypa.io/en/latest/pkg_resources.html. The pkg_resources package is slated for removal as early as 2025-11-30. Refrain from using this package or pin to Setuptools<81.
  import pkg_resources
/home/rezac/bin/miniconda3/envs/ml-uma/lib/python3.12/site-packages/torchtnt/utils/version.py:12: UserWarning: pkg_resources is deprecated as an API. See https://setuptools.pypa.io/en/latest/pkg_resources.html. The pkg_resources package is slated for removal as early as 2025-11-30. Refrain from using this package or pin to Setuptools<81.
  import pkg_resources
/home/rezac/bin/miniconda3/envs/ml-uma/lib/python3.12/site-packages/torchtnt/utils/version.py:12: UserWarning: pkg_resources is deprecated as an API. See https://setuptools.pypa.io/en/latest/pkg_resources.html. The pkg_resources package is slated for removal as early as 2025-11-30. Refrain from using this package or pin to Setuptools<81.
  import pkg_resources
/home/rezac/bin/miniconda3/envs/ml-uma/lib/python3.12/site-packages/torchtnt/utils/version.py:12: UserWarning: pkg_resources is deprecated as an API. See https://setuptools.pypa.io/en/latest/pkg_resources.html. The pkg_resources package is slated for removal as early as 2025-11-30. Refrain from using this package or pin to Setuptools<81.
  import pkg_resources
/home/rezac/bin/miniconda3/envs/ml-uma/lib/python3.12/site-packages/torchtnt/utils/version.py:12: UserWarning: pkg_resources is deprecated as an API. See https://setuptools.pypa.io/en/latest/pkg_resources.html. The pkg_resources package is slated for removal as early as 2025-11-30. Refrain from using this package or pin to Setuptools<81.
  import pkg_resources
/home/rezac/bin/miniconda3/envs/ml-uma/lib/python3.12/site-packages/torchtnt/utils/version.py:12: UserWarning: pkg_resources is deprecated as an API. See https://setuptools.pypa.io/en/latest/pkg_resources.html. The pkg_resources package is slated for removal as early as 2025-11-30. Refrain from using this package or pin to Setuptools<81.
  import pkg_resources
/home/rezac/bin/miniconda3/envs/ml-uma/lib/python3.12/site-packages/torchtnt/utils/version.py:12: UserWarning: pkg_resources is deprecated as an API. See https://setuptools.pypa.io/en/latest/pkg_resources.html. The pkg_resources package is slated for removal as early as 2025-11-30. Refrain from using this package or pin to Setuptools<81.
  import pkg_resources
/home/rezac/bin/miniconda3/envs/ml-uma/lib/python3.12/site-packages/torchtnt/utils/version.py:12: UserWarning: pkg_resources is deprecated as an API. See https://setuptools.pypa.io/en/latest/pkg_resources.html. The pkg_resources package is slated for removal as early as 2025-11-30. Refrain from using this package or pin to Setuptools<81.
  import pkg_resources
/home/rezac/bin/miniconda3/envs/ml-uma/lib/python3.12/site-packages/torchtnt/utils/version.py:12: UserWarning: pkg_resources is deprecated as an API. See https://setuptools.pypa.io/en/latest/pkg_resources.html. The pkg_resources package is slated for removal as early as 2025-11-30. Refrain from using this package or pin to Setuptools<81.
  import pkg_resources
/home/rezac/bin/miniconda3/envs/ml-uma/lib/python3.12/site-packages/torchtnt/utils/version.py:12: UserWarning: pkg_resources is deprecated as an API. See https://setuptools.pypa.io/en/latest/pkg_resources.html. The pkg_resources package is slated for removal as early as 2025-11-30. Refrain from using this package or pin to Setuptools<81.
  import pkg_resources
/home/rezac/bin/miniconda3/envs/ml-uma/lib/python3.12/site-packages/torchtnt/utils/version.py:12: UserWarning: pkg_resources is deprecated as an API. See https://setuptools.pypa.io/en/latest/pkg_resources.html. The pkg_resources package is slated for removal as early as 2025-11-30. Refrain from using this package or pin to Setuptools<81.
  import pkg_resources
/home/rezac/bin/miniconda3/envs/ml-uma/lib/python3.12/site-packages/torchtnt/utils/version.py:12: UserWarning: pkg_resources is deprecated as an API. See https://setuptools.pypa.io/en/latest/pkg_resources.html. The pkg_resources package is slated for removal as early as 2025-11-30. Refrain from using this package or pin to Setuptools<81.
  import pkg_resources
/home/rezac/bin/miniconda3/envs/ml-uma/lib/python3.12/site-packages/torchtnt/utils/version.py:12: UserWarning: pkg_resources is deprecated as an API. See https://setuptools.pypa.io/en/latest/pkg_resources.html. The pkg_resources package is slated for removal as early as 2025-11-30. Refrain from using this package or pin to Setuptools<81.
  import pkg_resources
/home/rezac/bin/miniconda3/envs/ml-uma/lib/python3.12/site-packages/torchtnt/utils/version.py:12: UserWarning: pkg_resources is deprecated as an API. See https://setuptools.pypa.io/en/latest/pkg_resources.html. The pkg_resources package is slated for removal as early as 2025-11-30. Refrain from using this package or pin to Setuptools<81.
  import pkg_resources
/home/rezac/bin/miniconda3/envs/ml-uma/lib/python3.12/site-packages/torchtnt/utils/version.py:12: UserWarning: pkg_resources is deprecated as an API. See https://setuptools.pypa.io/en/latest/pkg_resources.html. The pkg_resources package is slated for removal as early as 2025-11-30. Refrain from using this package or pin to Setuptools<81.
  import pkg_resources
/home/rezac/bin/miniconda3/envs/ml-uma/lib/python3.12/site-packages/torchtnt/utils/version.py:12: UserWarning: pkg_resources is deprecated as an API. See https://setuptools.pypa.io/en/latest/pkg_resources.html. The pkg_resources package is slated for removal as early as 2025-11-30. Refrain from using this package or pin to Setuptools<81.
  import pkg_resources
/home/rezac/bin/miniconda3/envs/ml-uma/lib/python3.12/site-packages/torchtnt/utils/version.py:12: UserWarning: pkg_resources is deprecated as an API. See https://setuptools.pypa.io/en/latest/pkg_resources.html. The pkg_resources package is slated for removal as early as 2025-11-30. Refrain from using this package or pin to Setuptools<81.
  import pkg_resources
/home/rezac/bin/miniconda3/envs/ml-uma/lib/python3.12/site-packages/torchtnt/utils/version.py:12: UserWarning: pkg_resources is deprecated as an API. See https://setuptools.pypa.io/en/latest/pkg_resources.html. The pkg_resources package is slated for removal as early as 2025-11-30. Refrain from using this package or pin to Setuptools<81.
  import pkg_resources
/home/rezac/bin/miniconda3/envs/ml-uma/lib/python3.12/site-packages/torchtnt/utils/version.py:12: UserWarning: pkg_resources is deprecated as an API. See https://setuptools.pypa.io/en/latest/pkg_resources.html. The pkg_resources package is slated for removal as early as 2025-11-30. Refrain from using this package or pin to Setuptools<81.
  import pkg_resources
/home/rezac/bin/miniconda3/envs/ml-uma/lib/python3.12/site-packages/torchtnt/utils/version.py:12: UserWarning: pkg_resources is deprecated as an API. See https://setuptools.pypa.io/en/latest/pkg_resources.html. The pkg_resources package is slated for removal as early as 2025-11-30. Refrain from using this package or pin to Setuptools<81.
  import pkg_resources
/home/rezac/bin/miniconda3/envs/ml-uma/lib/python3.12/site-packages/torchtnt/utils/version.py:12: UserWarning: pkg_resources is deprecated as an API. See https://setuptools.pypa.io/en/latest/pkg_resources.html. The pkg_resources package is slated for removal as early as 2025-11-30. Refrain from using this package or pin to Setuptools<81.
  import pkg_resources
/home/rezac/bin/miniconda3/envs/ml-uma/lib/python3.12/site-packages/torchtnt/utils/version.py:12: UserWarning: pkg_resources is deprecated as an API. See https://setuptools.pypa.io/en/latest/pkg_resources.html. The pkg_resources package is slated for removal as early as 2025-11-30. Refrain from using this package or pin to Setuptools<81.
  import pkg_resources
/home/rezac/bin/miniconda3/envs/ml-uma/lib/python3.12/site-packages/torchtnt/utils/version.py:12: UserWarning: pkg_resources is deprecated as an API. See https://setuptools.pypa.io/en/latest/pkg_resources.html. The pkg_resources package is slated for removal as early as 2025-11-30. Refrain from using this package or pin to Setuptools<81.
  import pkg_resources
/home/rezac/bin/miniconda3/envs/ml-uma/lib/python3.12/site-packages/torchtnt/utils/version.py:12: UserWarning: pkg_resources is deprecated as an API. See https://setuptools.pypa.io/en/latest/pkg_resources.html. The pkg_resources package is slated for removal as early as 2025-11-30. Refrain from using this package or pin to Setuptools<81.
  import pkg_resources
/home/rezac/bin/miniconda3/envs/ml-uma/lib/python3.12/site-packages/torchtnt/utils/version.py:12: UserWarning: pkg_resources is deprecated as an API. See https://setuptools.pypa.io/en/latest/pkg_resources.html. The pkg_resources package is slated for removal as early as 2025-11-30. Refrain from using this package or pin to Setuptools<81.
  import pkg_resources
/home/rezac/bin/miniconda3/envs/ml-uma/lib/python3.12/site-packages/torchtnt/utils/version.py:12: UserWarning: pkg_resources is deprecated as an API. See https://setuptools.pypa.io/en/latest/pkg_resources.html. The pkg_resources package is slated for removal as early as 2025-11-30. Refrain from using this package or pin to Setuptools<81.
  import pkg_resources
/home/rezac/bin/miniconda3/envs/ml-uma/lib/python3.12/site-packages/torchtnt/utils/version.py:12: UserWarning: pkg_resources is deprecated as an API. See https://setuptools.pypa.io/en/latest/pkg_resources.html. The pkg_resources package is slated for removal as early as 2025-11-30. Refrain from using this package or pin to Setuptools<81.
  import pkg_resources
/home/rezac/bin/miniconda3/envs/ml-uma/lib/python3.12/site-packages/torchtnt/utils/version.py:12: UserWarning: pkg_resources is deprecated as an API. See https://setuptools.pypa.io/en/latest/pkg_resources.html. The pkg_resources package is slated for removal as early as 2025-11-30. Refrain from using this package or pin to Setuptools<81.
  import pkg_resources
/home/rezac/bin/miniconda3/envs/ml-uma/lib/python3.12/site-packages/torchtnt/utils/version.py:12: UserWarning: pkg_resources is deprecated as an API. See https://setuptools.pypa.io/en/latest/pkg_resources.html. The pkg_resources package is slated for removal as early as 2025-11-30. Refrain from using this package or pin to Setuptools<81.
  import pkg_resources
/home/rezac/bin/miniconda3/envs/ml-uma/lib/python3.12/site-packages/torchtnt/utils/version.py:12: UserWarning: pkg_resources is deprecated as an API. See https://setuptools.pypa.io/en/latest/pkg_resources.html. The pkg_resources package is slated for removal as early as 2025-11-30. Refrain from using this package or pin to Setuptools<81.
  import pkg_resources
/home/rezac/bin/miniconda3/envs/ml-uma/lib/python3.12/site-packages/torchtnt/utils/version.py:12: UserWarning: pkg_resources is deprecated as an API. See https://setuptools.pypa.io/en/latest/pkg_resources.html. The pkg_resources package is slated for removal as early as 2025-11-30. Refrain from using this package or pin to Setuptools<81.
  import pkg_resources
/home/rezac/bin/miniconda3/envs/ml-uma/lib/python3.12/site-packages/torchtnt/utils/version.py:12: UserWarning: pkg_resources is deprecated as an API. See https://setuptools.pypa.io/en/latest/pkg_resources.html. The pkg_resources package is slated for removal as early as 2025-11-30. Refrain from using this package or pin to Setuptools<81.
  import pkg_resources
/home/rezac/bin/miniconda3/envs/ml-uma/lib/python3.12/site-packages/torchtnt/utils/version.py:12: UserWarning: pkg_resources is deprecated as an API. See https://setuptools.pypa.io/en/latest/pkg_resources.html. The pkg_resources package is slated for removal as early as 2025-11-30. Refrain from using this package or pin to Setuptools<81.
  import pkg_resources
/home/rezac/bin/miniconda3/envs/ml-uma/lib/python3.12/site-packages/torchtnt/utils/version.py:12: UserWarning: pkg_resources is deprecated as an API. See https://setuptools.pypa.io/en/latest/pkg_resources.html. The pkg_resources package is slated for removal as early as 2025-11-30. Refrain from using this package or pin to Setuptools<81.
  import pkg_resources
/home/rezac/bin/miniconda3/envs/ml-uma/lib/python3.12/site-packages/torchtnt/utils/version.py:12: UserWarning: pkg_resources is deprecated as an API. See https://setuptools.pypa.io/en/latest/pkg_resources.html. The pkg_resources package is slated for removal as early as 2025-11-30. Refrain from using this package or pin to Setuptools<81.
  import pkg_resources
/home/rezac/bin/miniconda3/envs/ml-uma/lib/python3.12/site-packages/torchtnt/utils/version.py:12: UserWarning: pkg_resources is deprecated as an API. See https://setuptools.pypa.io/en/latest/pkg_resources.html. The pkg_resources package is slated for removal as early as 2025-11-30. Refrain from using this package or pin to Setuptools<81.
  import pkg_resources
/home/rezac/bin/miniconda3/envs/ml-uma/lib/python3.12/site-packages/torchtnt/utils/version.py:12: UserWarning: pkg_resources is deprecated as an API. See https://setuptools.pypa.io/en/latest/pkg_resources.html. The pkg_resources package is slated for removal as early as 2025-11-30. Refrain from using this package or pin to Setuptools<81.
  import pkg_resources
/home/rezac/bin/miniconda3/envs/ml-uma/lib/python3.12/site-packages/torchtnt/utils/version.py:12: UserWarning: pkg_resources is deprecated as an API. See https://setuptools.pypa.io/en/latest/pkg_resources.html. The pkg_resources package is slated for removal as early as 2025-11-30. Refrain from using this package or pin to Setuptools<81.
  import pkg_resources
/home/rezac/bin/miniconda3/envs/ml-uma/lib/python3.12/site-packages/torchtnt/utils/version.py:12: UserWarning: pkg_resources is deprecated as an API. See https://setuptools.pypa.io/en/latest/pkg_resources.html. The pkg_resources package is slated for removal as early as 2025-11-30. Refrain from using this package or pin to Setuptools<81.
  import pkg_resources
/home/rezac/bin/miniconda3/envs/ml-uma/lib/python3.12/site-packages/torchtnt/utils/version.py:12: UserWarning: pkg_resources is deprecated as an API. See https://setuptools.pypa.io/en/latest/pkg_resources.html. The pkg_resources package is slated for removal as early as 2025-11-30. Refrain from using this package or pin to Setuptools<81.
  import pkg_resources
/home/rezac/bin/miniconda3/envs/ml-uma/lib/python3.12/site-packages/torchtnt/utils/version.py:12: UserWarning: pkg_resources is deprecated as an API. See https://setuptools.pypa.io/en/latest/pkg_resources.html. The pkg_resources package is slated for removal as early as 2025-11-30. Refrain from using this package or pin to Setuptools<81.
  import pkg_resources
/home/rezac/bin/miniconda3/envs/ml-uma/lib/python3.12/site-packages/torchtnt/utils/version.py:12: UserWarning: pkg_resources is deprecated as an API. See https://setuptools.pypa.io/en/latest/pkg_resources.html. The pkg_resources package is slated for removal as early as 2025-11-30. Refrain from using this package or pin to Setuptools<81.
  import pkg_resources
/home/rezac/bin/miniconda3/envs/ml-uma/lib/python3.12/site-packages/torchtnt/utils/version.py:12: UserWarning: pkg_resources is deprecated as an API. See https://setuptools.pypa.io/en/latest/pkg_resources.html. The pkg_resources package is slated for removal as early as 2025-11-30. Refrain from using this package or pin to Setuptools<81.
  import pkg_resources
/home/rezac/bin/miniconda3/envs/ml-uma/lib/python3.12/site-packages/torchtnt/utils/version.py:12: UserWarning: pkg_resources is deprecated as an API. See https://setuptools.pypa.io/en/latest/pkg_resources.html. The pkg_resources package is slated for removal as early as 2025-11-30. Refrain from using this package or pin to Setuptools<81.
  import pkg_resources
/home/rezac/bin/miniconda3/envs/ml-uma/lib/python3.12/site-packages/torchtnt/utils/version.py:12: UserWarning: pkg_resources is deprecated as an API. See https://setuptools.pypa.io/en/latest/pkg_resources.html. The pkg_resources package is slated for removal as early as 2025-11-30. Refrain from using this package or pin to Setuptools<81.
  import pkg_resources
/home/rezac/bin/miniconda3/envs/ml-uma/lib/python3.12/site-packages/torchtnt/utils/version.py:12: UserWarning: pkg_resources is deprecated as an API. See https://setuptools.pypa.io/en/latest/pkg_resources.html. The pkg_resources package is slated for removal as early as 2025-11-30. Refrain from using this package or pin to Setuptools<81.
  import pkg_resources
/home/rezac/bin/miniconda3/envs/ml-uma/lib/python3.12/site-packages/torchtnt/utils/version.py:12: UserWarning: pkg_resources is deprecated as an API. See https://setuptools.pypa.io/en/latest/pkg_resources.html. The pkg_resources package is slated for removal as early as 2025-11-30. Refrain from using this package or pin to Setuptools<81.
  import pkg_resources
/home/rezac/bin/miniconda3/envs/ml-uma/lib/python3.12/site-packages/torchtnt/utils/version.py:12: UserWarning: pkg_resources is deprecated as an API. See https://setuptools.pypa.io/en/latest/pkg_resources.html. The pkg_resources package is slated for removal as early as 2025-11-30. Refrain from using this package or pin to Setuptools<81.
  import pkg_resources
/home/rezac/bin/miniconda3/envs/ml-uma/lib/python3.12/site-packages/torchtnt/utils/version.py:12: UserWarning: pkg_resources is deprecated as an API. See https://setuptools.pypa.io/en/latest/pkg_resources.html. The pkg_resources package is slated for removal as early as 2025-11-30. Refrain from using this package or pin to Setuptools<81.
  import pkg_resources
/home/rezac/bin/miniconda3/envs/ml-uma/lib/python3.12/site-packages/torchtnt/utils/version.py:12: UserWarning: pkg_resources is deprecated as an API. See https://setuptools.pypa.io/en/latest/pkg_resources.html. The pkg_resources package is slated for removal as early as 2025-11-30. Refrain from using this package or pin to Setuptools<81.
  import pkg_resources
/home/rezac/bin/miniconda3/envs/ml-uma/lib/python3.12/site-packages/torchtnt/utils/version.py:12: UserWarning: pkg_resources is deprecated as an API. See https://setuptools.pypa.io/en/latest/pkg_resources.html. The pkg_resources package is slated for removal as early as 2025-11-30. Refrain from using this package or pin to Setuptools<81.
  import pkg_resources
/home/rezac/bin/miniconda3/envs/ml-uma/lib/python3.12/site-packages/torchtnt/utils/version.py:12: UserWarning: pkg_resources is deprecated as an API. See https://setuptools.pypa.io/en/latest/pkg_resources.html. The pkg_resources package is slated for removal as early as 2025-11-30. Refrain from using this package or pin to Setuptools<81.
  import pkg_resources
/home/rezac/bin/miniconda3/envs/ml-uma/lib/python3.12/site-packages/torchtnt/utils/version.py:12: UserWarning: pkg_resources is deprecated as an API. See https://setuptools.pypa.io/en/latest/pkg_resources.html. The pkg_resources package is slated for removal as early as 2025-11-30. Refrain from using this package or pin to Setuptools<81.
  import pkg_resources
/home/rezac/bin/miniconda3/envs/ml-uma/lib/python3.12/site-packages/torchtnt/utils/version.py:12: UserWarning: pkg_resources is deprecated as an API. See https://setuptools.pypa.io/en/latest/pkg_resources.html. The pkg_resources package is slated for removal as early as 2025-11-30. Refrain from using this package or pin to Setuptools<81.
  import pkg_resources
/home/rezac/bin/miniconda3/envs/ml-uma/lib/python3.12/site-packages/torchtnt/utils/version.py:12: UserWarning: pkg_resources is deprecated as an API. See https://setuptools.pypa.io/en/latest/pkg_resources.html. The pkg_resources package is slated for removal as early as 2025-11-30. Refrain from using this package or pin to Setuptools<81.
  import pkg_resources
/home/rezac/bin/miniconda3/envs/ml-uma/lib/python3.12/site-packages/torchtnt/utils/version.py:12: UserWarning: pkg_resources is deprecated as an API. See https://setuptools.pypa.io/en/latest/pkg_resources.html. The pkg_resources package is slated for removal as early as 2025-11-30. Refrain from using this package or pin to Setuptools<81.
  import pkg_resources
/home/rezac/bin/miniconda3/envs/ml-uma/lib/python3.12/site-packages/torchtnt/utils/version.py:12: UserWarning: pkg_resources is deprecated as an API. See https://setuptools.pypa.io/en/latest/pkg_resources.html. The pkg_resources package is slated for removal as early as 2025-11-30. Refrain from using this package or pin to Setuptools<81.
  import pkg_resources
/home/rezac/bin/miniconda3/envs/ml-uma/lib/python3.12/site-packages/torchtnt/utils/version.py:12: UserWarning: pkg_resources is deprecated as an API. See https://setuptools.pypa.io/en/latest/pkg_resources.html. The pkg_resources package is slated for removal as early as 2025-11-30. Refrain from using this package or pin to Setuptools<81.
  import pkg_resources
/home/rezac/bin/miniconda3/envs/ml-uma/lib/python3.12/site-packages/torchtnt/utils/version.py:12: UserWarning: pkg_resources is deprecated as an API. See https://setuptools.pypa.io/en/latest/pkg_resources.html. The pkg_resources package is slated for removal as early as 2025-11-30. Refrain from using this package or pin to Setuptools<81.
  import pkg_resources
/home/rezac/bin/miniconda3/envs/ml-uma/lib/python3.12/site-packages/torchtnt/utils/version.py:12: UserWarning: pkg_resources is deprecated as an API. See https://setuptools.pypa.io/en/latest/pkg_resources.html. The pkg_resources package is slated for removal as early as 2025-11-30. Refrain from using this package or pin to Setuptools<81.
  import pkg_resources
/home/rezac/bin/miniconda3/envs/ml-uma/lib/python3.12/site-packages/torchtnt/utils/version.py:12: UserWarning: pkg_resources is deprecated as an API. See https://setuptools.pypa.io/en/latest/pkg_resources.html. The pkg_resources package is slated for removal as early as 2025-11-30. Refrain from using this package or pin to Setuptools<81.
  import pkg_resources
/home/rezac/bin/miniconda3/envs/ml-uma/lib/python3.12/site-packages/torchtnt/utils/version.py:12: UserWarning: pkg_resources is deprecated as an API. See https://setuptools.pypa.io/en/latest/pkg_resources.html. The pkg_resources package is slated for removal as early as 2025-11-30. Refrain from using this package or pin to Setuptools<81.
  import pkg_resources
/home/rezac/bin/miniconda3/envs/ml-uma/lib/python3.12/site-packages/torchtnt/utils/version.py:12: UserWarning: pkg_resources is deprecated as an API. See https://setuptools.pypa.io/en/latest/pkg_resources.html. The pkg_resources package is slated for removal as early as 2025-11-30. Refrain from using this package or pin to Setuptools<81.
  import pkg_resources
/home/rezac/bin/miniconda3/envs/ml-uma/lib/python3.12/site-packages/torchtnt/utils/version.py:12: UserWarning: pkg_resources is deprecated as an API. See https://setuptools.pypa.io/en/latest/pkg_resources.html. The pkg_resources package is slated for removal as early as 2025-11-30. Refrain from using this package or pin to Setuptools<81.
  import pkg_resources
/home/rezac/bin/miniconda3/envs/ml-uma/lib/python3.12/site-packages/torchtnt/utils/version.py:12: UserWarning: pkg_resources is deprecated as an API. See https://setuptools.pypa.io/en/latest/pkg_resources.html. The pkg_resources package is slated for removal as early as 2025-11-30. Refrain from using this package or pin to Setuptools<81.
  import pkg_resources
/home/rezac/bin/miniconda3/envs/ml-uma/lib/python3.12/site-packages/torchtnt/utils/version.py:12: UserWarning: pkg_resources is deprecated as an API. See https://setuptools.pypa.io/en/latest/pkg_resources.html. The pkg_resources package is slated for removal as early as 2025-11-30. Refrain from using this package or pin to Setuptools<81.
  import pkg_resources
/home/rezac/bin/miniconda3/envs/ml-uma/lib/python3.12/site-packages/torchtnt/utils/version.py:12: UserWarning: pkg_resources is deprecated as an API. See https://setuptools.pypa.io/en/latest/pkg_resources.html. The pkg_resources package is slated for removal as early as 2025-11-30. Refrain from using this package or pin to Setuptools<81.
  import pkg_resources
/home/rezac/bin/miniconda3/envs/ml-uma/lib/python3.12/site-packages/torchtnt/utils/version.py:12: UserWarning: pkg_resources is deprecated as an API. See https://setuptools.pypa.io/en/latest/pkg_resources.html. The pkg_resources package is slated for removal as early as 2025-11-30. Refrain from using this package or pin to Setuptools<81.
  import pkg_resources
/home/rezac/bin/miniconda3/envs/ml-uma/lib/python3.12/site-packages/torchtnt/utils/version.py:12: UserWarning: pkg_resources is deprecated as an API. See https://setuptools.pypa.io/en/latest/pkg_resources.html. The pkg_resources package is slated for removal as early as 2025-11-30. Refrain from using this package or pin to Setuptools<81.
  import pkg_resources
/home/rezac/bin/miniconda3/envs/ml-uma/lib/python3.12/site-packages/torchtnt/utils/version.py:12: UserWarning: pkg_resources is deprecated as an API. See https://setuptools.pypa.io/en/latest/pkg_resources.html. The pkg_resources package is slated for removal as early as 2025-11-30. Refrain from using this package or pin to Setuptools<81.
  import pkg_resources
/home/rezac/bin/miniconda3/envs/ml-uma/lib/python3.12/site-packages/torchtnt/utils/version.py:12: UserWarning: pkg_resources is deprecated as an API. See https://setuptools.pypa.io/en/latest/pkg_resources.html. The pkg_resources package is slated for removal as early as 2025-11-30. Refrain from using this package or pin to Setuptools<81.
  import pkg_resources
/home/rezac/bin/miniconda3/envs/ml-uma/lib/python3.12/site-packages/torchtnt/utils/version.py:12: UserWarning: pkg_resources is deprecated as an API. See https://setuptools.pypa.io/en/latest/pkg_resources.html. The pkg_resources package is slated for removal as early as 2025-11-30. Refrain from using this package or pin to Setuptools<81.
  import pkg_resources
/home/rezac/bin/miniconda3/envs/ml-uma/lib/python3.12/site-packages/torchtnt/utils/version.py:12: UserWarning: pkg_resources is deprecated as an API. See https://setuptools.pypa.io/en/latest/pkg_resources.html. The pkg_resources package is slated for removal as early as 2025-11-30. Refrain from using this package or pin to Setuptools<81.
  import pkg_resources
/home/rezac/bin/miniconda3/envs/ml-uma/lib/python3.12/site-packages/torchtnt/utils/version.py:12: UserWarning: pkg_resources is deprecated as an API. See https://setuptools.pypa.io/en/latest/pkg_resources.html. The pkg_resources package is slated for removal as early as 2025-11-30. Refrain from using this package or pin to Setuptools<81.
  import pkg_resources
/home/rezac/bin/miniconda3/envs/ml-uma/lib/python3.12/site-packages/torchtnt/utils/version.py:12: UserWarning: pkg_resources is deprecated as an API. See https://setuptools.pypa.io/en/latest/pkg_resources.html. The pkg_resources package is slated for removal as early as 2025-11-30. Refrain from using this package or pin to Setuptools<81.
  import pkg_resources
/home/rezac/bin/miniconda3/envs/ml-uma/lib/python3.12/site-packages/torchtnt/utils/version.py:12: UserWarning: pkg_resources is deprecated as an API. See https://setuptools.pypa.io/en/latest/pkg_resources.html. The pkg_resources package is slated for removal as early as 2025-11-30. Refrain from using this package or pin to Setuptools<81.
  import pkg_resources
/home/rezac/bin/miniconda3/envs/ml-uma/lib/python3.12/site-packages/torchtnt/utils/version.py:12: UserWarning: pkg_resources is deprecated as an API. See https://setuptools.pypa.io/en/latest/pkg_resources.html. The pkg_resources package is slated for removal as early as 2025-11-30. Refrain from using this package or pin to Setuptools<81.
  import pkg_resources
/home/rezac/bin/miniconda3/envs/ml-uma/lib/python3.12/site-packages/torchtnt/utils/version.py:12: UserWarning: pkg_resources is deprecated as an API. See https://setuptools.pypa.io/en/latest/pkg_resources.html. The pkg_resources package is slated for removal as early as 2025-11-30. Refrain from using this package or pin to Setuptools<81.
  import pkg_resources
/home/rezac/bin/miniconda3/envs/ml-uma/lib/python3.12/site-packages/torchtnt/utils/version.py:12: UserWarning: pkg_resources is deprecated as an API. See https://setuptools.pypa.io/en/latest/pkg_resources.html. The pkg_resources package is slated for removal as early as 2025-11-30. Refrain from using this package or pin to Setuptools<81.
  import pkg_resources
/home/rezac/bin/miniconda3/envs/ml-uma/lib/python3.12/site-packages/torchtnt/utils/version.py:12: UserWarning: pkg_resources is deprecated as an API. See https://setuptools.pypa.io/en/latest/pkg_resources.html. The pkg_resources package is slated for removal as early as 2025-11-30. Refrain from using this package or pin to Setuptools<81.
  import pkg_resources
/home/rezac/bin/miniconda3/envs/ml-uma/lib/python3.12/site-packages/torchtnt/utils/version.py:12: UserWarning: pkg_resources is deprecated as an API. See https://setuptools.pypa.io/en/latest/pkg_resources.html. The pkg_resources package is slated for removal as early as 2025-11-30. Refrain from using this package or pin to Setuptools<81.
  import pkg_resources
/home/rezac/bin/miniconda3/envs/ml-uma/lib/python3.12/site-packages/torchtnt/utils/version.py:12: UserWarning: pkg_resources is deprecated as an API. See https://setuptools.pypa.io/en/latest/pkg_resources.html. The pkg_resources package is slated for removal as early as 2025-11-30. Refrain from using this package or pin to Setuptools<81.
  import pkg_resources
/home/rezac/bin/miniconda3/envs/ml-uma/lib/python3.12/site-packages/torchtnt/utils/version.py:12: UserWarning: pkg_resources is deprecated as an API. See https://setuptools.pypa.io/en/latest/pkg_resources.html. The pkg_resources package is slated for removal as early as 2025-11-30. Refrain from using this package or pin to Setuptools<81.
  import pkg_resources
/home/rezac/bin/miniconda3/envs/ml-uma/lib/python3.12/site-packages/torchtnt/utils/version.py:12: UserWarning: pkg_resources is deprecated as an API. See https://setuptools.pypa.io/en/latest/pkg_resources.html. The pkg_resources package is slated for removal as early as 2025-11-30. Refrain from using this package or pin to Setuptools<81.
  import pkg_resources
/home/rezac/bin/miniconda3/envs/ml-uma/lib/python3.12/site-packages/torchtnt/utils/version.py:12: UserWarning: pkg_resources is deprecated as an API. See https://setuptools.pypa.io/en/latest/pkg_resources.html. The pkg_resources package is slated for removal as early as 2025-11-30. Refrain from using this package or pin to Setuptools<81.
  import pkg_resources
/home/rezac/bin/miniconda3/envs/ml-uma/lib/python3.12/site-packages/torchtnt/utils/version.py:12: UserWarning: pkg_resources is deprecated as an API. See https://setuptools.pypa.io/en/latest/pkg_resources.html. The pkg_resources package is slated for removal as early as 2025-11-30. Refrain from using this package or pin to Setuptools<81.
  import pkg_resources
/home/rezac/bin/miniconda3/envs/ml-uma/lib/python3.12/site-packages/torchtnt/utils/version.py:12: UserWarning: pkg_resources is deprecated as an API. See https://setuptools.pypa.io/en/latest/pkg_resources.html. The pkg_resources package is slated for removal as early as 2025-11-30. Refrain from using this package or pin to Setuptools<81.
  import pkg_resources
/home/rezac/bin/miniconda3/envs/ml-uma/lib/python3.12/site-packages/torchtnt/utils/version.py:12: UserWarning: pkg_resources is deprecated as an API. See https://setuptools.pypa.io/en/latest/pkg_resources.html. The pkg_resources package is slated for removal as early as 2025-11-30. Refrain from using this package or pin to Setuptools<81.
  import pkg_resources
/home/rezac/bin/miniconda3/envs/ml-uma/lib/python3.12/site-packages/torchtnt/utils/version.py:12: UserWarning: pkg_resources is deprecated as an API. See https://setuptools.pypa.io/en/latest/pkg_resources.html. The pkg_resources package is slated for removal as early as 2025-11-30. Refrain from using this package or pin to Setuptools<81.
  import pkg_resources
/home/rezac/bin/miniconda3/envs/ml-uma/lib/python3.12/site-packages/torchtnt/utils/version.py:12: UserWarning: pkg_resources is deprecated as an API. See https://setuptools.pypa.io/en/latest/pkg_resources.html. The pkg_resources package is slated for removal as early as 2025-11-30. Refrain from using this package or pin to Setuptools<81.
  import pkg_resources
/home/rezac/bin/miniconda3/envs/ml-uma/lib/python3.12/site-packages/torchtnt/utils/version.py:12: UserWarning: pkg_resources is deprecated as an API. See https://setuptools.pypa.io/en/latest/pkg_resources.html. The pkg_resources package is slated for removal as early as 2025-11-30. Refrain from using this package or pin to Setuptools<81.
  import pkg_resources
/home/rezac/bin/miniconda3/envs/ml-uma/lib/python3.12/site-packages/torchtnt/utils/version.py:12: UserWarning: pkg_resources is deprecated as an API. See https://setuptools.pypa.io/en/latest/pkg_resources.html. The pkg_resources package is slated for removal as early as 2025-11-30. Refrain from using this package or pin to Setuptools<81.
  import pkg_resources
/home/rezac/bin/miniconda3/envs/ml-uma/lib/python3.12/site-packages/torchtnt/utils/version.py:12: UserWarning: pkg_resources is deprecated as an API. See https://setuptools.pypa.io/en/latest/pkg_resources.html. The pkg_resources package is slated for removal as early as 2025-11-30. Refrain from using this package or pin to Setuptools<81.
  import pkg_resources
/home/rezac/bin/miniconda3/envs/ml-uma/lib/python3.12/site-packages/torchtnt/utils/version.py:12: UserWarning: pkg_resources is deprecated as an API. See https://setuptools.pypa.io/en/latest/pkg_resources.html. The pkg_resources package is slated for removal as early as 2025-11-30. Refrain from using this package or pin to Setuptools<81.
  import pkg_resources
/home/rezac/bin/miniconda3/envs/ml-uma/lib/python3.12/site-packages/torchtnt/utils/version.py:12: UserWarning: pkg_resources is deprecated as an API. See https://setuptools.pypa.io/en/latest/pkg_resources.html. The pkg_resources package is slated for removal as early as 2025-11-30. Refrain from using this package or pin to Setuptools<81.
  import pkg_resources
/home/rezac/bin/miniconda3/envs/ml-uma/lib/python3.12/site-packages/torchtnt/utils/version.py:12: UserWarning: pkg_resources is deprecated as an API. See https://setuptools.pypa.io/en/latest/pkg_resources.html. The pkg_resources package is slated for removal as early as 2025-11-30. Refrain from using this package or pin to Setuptools<81.
  import pkg_resources
/home/rezac/bin/miniconda3/envs/ml-uma/lib/python3.12/site-packages/torchtnt/utils/version.py:12: UserWarning: pkg_resources is deprecated as an API. See https://setuptools.pypa.io/en/latest/pkg_resources.html. The pkg_resources package is slated for removal as early as 2025-11-30. Refrain from using this package or pin to Setuptools<81.
  import pkg_resources
/home/rezac/bin/miniconda3/envs/ml-uma/lib/python3.12/site-packages/torchtnt/utils/version.py:12: UserWarning: pkg_resources is deprecated as an API. See https://setuptools.pypa.io/en/latest/pkg_resources.html. The pkg_resources package is slated for removal as early as 2025-11-30. Refrain from using this package or pin to Setuptools<81.
  import pkg_resources
/home/rezac/bin/miniconda3/envs/ml-uma/lib/python3.12/site-packages/torchtnt/utils/version.py:12: UserWarning: pkg_resources is deprecated as an API. See https://setuptools.pypa.io/en/latest/pkg_resources.html. The pkg_resources package is slated for removal as early as 2025-11-30. Refrain from using this package or pin to Setuptools<81.
  import pkg_resources
/home/rezac/bin/miniconda3/envs/ml-uma/lib/python3.12/site-packages/torchtnt/utils/version.py:12: UserWarning: pkg_resources is deprecated as an API. See https://setuptools.pypa.io/en/latest/pkg_resources.html. The pkg_resources package is slated for removal as early as 2025-11-30. Refrain from using this package or pin to Setuptools<81.
  import pkg_resources
/home/rezac/bin/miniconda3/envs/ml-uma/lib/python3.12/site-packages/torchtnt/utils/version.py:12: UserWarning: pkg_resources is deprecated as an API. See https://setuptools.pypa.io/en/latest/pkg_resources.html. The pkg_resources package is slated for removal as early as 2025-11-30. Refrain from using this package or pin to Setuptools<81.
  import pkg_resources
/home/rezac/bin/miniconda3/envs/ml-uma/lib/python3.12/site-packages/torchtnt/utils/version.py:12: UserWarning: pkg_resources is deprecated as an API. See https://setuptools.pypa.io/en/latest/pkg_resources.html. The pkg_resources package is slated for removal as early as 2025-11-30. Refrain from using this package or pin to Setuptools<81.
  import pkg_resources
/home/rezac/bin/miniconda3/envs/ml-uma/lib/python3.12/site-packages/torchtnt/utils/version.py:12: UserWarning: pkg_resources is deprecated as an API. See https://setuptools.pypa.io/en/latest/pkg_resources.html. The pkg_resources package is slated for removal as early as 2025-11-30. Refrain from using this package or pin to Setuptools<81.
  import pkg_resources
/home/rezac/bin/miniconda3/envs/ml-uma/lib/python3.12/site-packages/torchtnt/utils/version.py:12: UserWarning: pkg_resources is deprecated as an API. See https://setuptools.pypa.io/en/latest/pkg_resources.html. The pkg_resources package is slated for removal as early as 2025-11-30. Refrain from using this package or pin to Setuptools<81.
  import pkg_resources
/home/rezac/bin/miniconda3/envs/ml-uma/lib/python3.12/site-packages/torchtnt/utils/version.py:12: UserWarning: pkg_resources is deprecated as an API. See https://setuptools.pypa.io/en/latest/pkg_resources.html. The pkg_resources package is slated for removal as early as 2025-11-30. Refrain from using this package or pin to Setuptools<81.
  import pkg_resources
/home/rezac/bin/miniconda3/envs/ml-uma/lib/python3.12/site-packages/torchtnt/utils/version.py:12: UserWarning: pkg_resources is deprecated as an API. See https://setuptools.pypa.io/en/latest/pkg_resources.html. The pkg_resources package is slated for removal as early as 2025-11-30. Refrain from using this package or pin to Setuptools<81.
  import pkg_resources
/home/rezac/bin/miniconda3/envs/ml-uma/lib/python3.12/site-packages/torchtnt/utils/version.py:12: UserWarning: pkg_resources is deprecated as an API. See https://setuptools.pypa.io/en/latest/pkg_resources.html. The pkg_resources package is slated for removal as early as 2025-11-30. Refrain from using this package or pin to Setuptools<81.
  import pkg_resources
/home/rezac/bin/miniconda3/envs/ml-uma/lib/python3.12/site-packages/torchtnt/utils/version.py:12: UserWarning: pkg_resources is deprecated as an API. See https://setuptools.pypa.io/en/latest/pkg_resources.html. The pkg_resources package is slated for removal as early as 2025-11-30. Refrain from using this package or pin to Setuptools<81.
  import pkg_resources
/home/rezac/bin/miniconda3/envs/ml-uma/lib/python3.12/site-packages/torchtnt/utils/version.py:12: UserWarning: pkg_resources is deprecated as an API. See https://setuptools.pypa.io/en/latest/pkg_resources.html. The pkg_resources package is slated for removal as early as 2025-11-30. Refrain from using this package or pin to Setuptools<81.
  import pkg_resources
/home/rezac/bin/miniconda3/envs/ml-uma/lib/python3.12/site-packages/torchtnt/utils/version.py:12: UserWarning: pkg_resources is deprecated as an API. See https://setuptools.pypa.io/en/latest/pkg_resources.html. The pkg_resources package is slated for removal as early as 2025-11-30. Refrain from using this package or pin to Setuptools<81.
  import pkg_resources
/home/rezac/bin/miniconda3/envs/ml-uma/lib/python3.12/site-packages/torchtnt/utils/version.py:12: UserWarning: pkg_resources is deprecated as an API. See https://setuptools.pypa.io/en/latest/pkg_resources.html. The pkg_resources package is slated for removal as early as 2025-11-30. Refrain from using this package or pin to Setuptools<81.
  import pkg_resources
/home/rezac/bin/miniconda3/envs/ml-uma/lib/python3.12/site-packages/torchtnt/utils/version.py:12: UserWarning: pkg_resources is deprecated as an API. See https://setuptools.pypa.io/en/latest/pkg_resources.html. The pkg_resources package is slated for removal as early as 2025-11-30. Refrain from using this package or pin to Setuptools<81.
  import pkg_resources
/home/rezac/bin/miniconda3/envs/ml-uma/lib/python3.12/site-packages/torchtnt/utils/version.py:12: UserWarning: pkg_resources is deprecated as an API. See https://setuptools.pypa.io/en/latest/pkg_resources.html. The pkg_resources package is slated for removal as early as 2025-11-30. Refrain from using this package or pin to Setuptools<81.
  import pkg_resources
/home/rezac/bin/miniconda3/envs/ml-uma/lib/python3.12/site-packages/torchtnt/utils/version.py:12: UserWarning: pkg_resources is deprecated as an API. See https://setuptools.pypa.io/en/latest/pkg_resources.html. The pkg_resources package is slated for removal as early as 2025-11-30. Refrain from using this package or pin to Setuptools<81.
  import pkg_resources
/home/rezac/bin/miniconda3/envs/ml-uma/lib/python3.12/site-packages/torchtnt/utils/version.py:12: UserWarning: pkg_resources is deprecated as an API. See https://setuptools.pypa.io/en/latest/pkg_resources.html. The pkg_resources package is slated for removal as early as 2025-11-30. Refrain from using this package or pin to Setuptools<81.
  import pkg_resources
/home/rezac/bin/miniconda3/envs/ml-uma/lib/python3.12/site-packages/torchtnt/utils/version.py:12: UserWarning: pkg_resources is deprecated as an API. See https://setuptools.pypa.io/en/latest/pkg_resources.html. The pkg_resources package is slated for removal as early as 2025-11-30. Refrain from using this package or pin to Setuptools<81.
  import pkg_resources
/home/rezac/bin/miniconda3/envs/ml-uma/lib/python3.12/site-packages/torchtnt/utils/version.py:12: UserWarning: pkg_resources is deprecated as an API. See https://setuptools.pypa.io/en/latest/pkg_resources.html. The pkg_resources package is slated for removal as early as 2025-11-30. Refrain from using this package or pin to Setuptools<81.
  import pkg_resources
/home/rezac/bin/miniconda3/envs/ml-uma/lib/python3.12/site-packages/torchtnt/utils/version.py:12: UserWarning: pkg_resources is deprecated as an API. See https://setuptools.pypa.io/en/latest/pkg_resources.html. The pkg_resources package is slated for removal as early as 2025-11-30. Refrain from using this package or pin to Setuptools<81.
  import pkg_resources
/home/rezac/bin/miniconda3/envs/ml-uma/lib/python3.12/site-packages/torchtnt/utils/version.py:12: UserWarning: pkg_resources is deprecated as an API. See https://setuptools.pypa.io/en/latest/pkg_resources.html. The pkg_resources package is slated for removal as early as 2025-11-30. Refrain from using this package or pin to Setuptools<81.
  import pkg_resources
/home/rezac/bin/miniconda3/envs/ml-uma/lib/python3.12/site-packages/torchtnt/utils/version.py:12: UserWarning: pkg_resources is deprecated as an API. See https://setuptools.pypa.io/en/latest/pkg_resources.html. The pkg_resources package is slated for removal as early as 2025-11-30. Refrain from using this package or pin to Setuptools<81.
  import pkg_resources
/home/rezac/bin/miniconda3/envs/ml-uma/lib/python3.12/site-packages/torchtnt/utils/version.py:12: UserWarning: pkg_resources is deprecated as an API. See https://setuptools.pypa.io/en/latest/pkg_resources.html. The pkg_resources package is slated for removal as early as 2025-11-30. Refrain from using this package or pin to Setuptools<81.
  import pkg_resources
/home/rezac/bin/miniconda3/envs/ml-uma/lib/python3.12/site-packages/torchtnt/utils/version.py:12: UserWarning: pkg_resources is deprecated as an API. See https://setuptools.pypa.io/en/latest/pkg_resources.html. The pkg_resources package is slated for removal as early as 2025-11-30. Refrain from using this package or pin to Setuptools<81.
  import pkg_resources
/home/rezac/bin/miniconda3/envs/ml-uma/lib/python3.12/site-packages/torchtnt/utils/version.py:12: UserWarning: pkg_resources is deprecated as an API. See https://setuptools.pypa.io/en/latest/pkg_resources.html. The pkg_resources package is slated for removal as early as 2025-11-30. Refrain from using this package or pin to Setuptools<81.
  import pkg_resources
/home/rezac/bin/miniconda3/envs/ml-uma/lib/python3.12/site-packages/torchtnt/utils/version.py:12: UserWarning: pkg_resources is deprecated as an API. See https://setuptools.pypa.io/en/latest/pkg_resources.html. The pkg_resources package is slated for removal as early as 2025-11-30. Refrain from using this package or pin to Setuptools<81.
  import pkg_resources
/home/rezac/bin/miniconda3/envs/ml-uma/lib/python3.12/site-packages/torchtnt/utils/version.py:12: UserWarning: pkg_resources is deprecated as an API. See https://setuptools.pypa.io/en/latest/pkg_resources.html. The pkg_resources package is slated for removal as early as 2025-11-30. Refrain from using this package or pin to Setuptools<81.
  import pkg_resources
/home/rezac/bin/miniconda3/envs/ml-uma/lib/python3.12/site-packages/torchtnt/utils/version.py:12: UserWarning: pkg_resources is deprecated as an API. See https://setuptools.pypa.io/en/latest/pkg_resources.html. The pkg_resources package is slated for removal as early as 2025-11-30. Refrain from using this package or pin to Setuptools<81.
  import pkg_resources
/home/rezac/bin/miniconda3/envs/ml-uma/lib/python3.12/site-packages/torchtnt/utils/version.py:12: UserWarning: pkg_resources is deprecated as an API. See https://setuptools.pypa.io/en/latest/pkg_resources.html. The pkg_resources package is slated for removal as early as 2025-11-30. Refrain from using this package or pin to Setuptools<81.
  import pkg_resources
/home/rezac/bin/miniconda3/envs/ml-uma/lib/python3.12/site-packages/torchtnt/utils/version.py:12: UserWarning: pkg_resources is deprecated as an API. See https://setuptools.pypa.io/en/latest/pkg_resources.html. The pkg_resources package is slated for removal as early as 2025-11-30. Refrain from using this package or pin to Setuptools<81.
  import pkg_resources
/home/rezac/bin/miniconda3/envs/ml-uma/lib/python3.12/site-packages/torchtnt/utils/version.py:12: UserWarning: pkg_resources is deprecated as an API. See https://setuptools.pypa.io/en/latest/pkg_resources.html. The pkg_resources package is slated for removal as early as 2025-11-30. Refrain from using this package or pin to Setuptools<81.
  import pkg_resources
/home/rezac/bin/miniconda3/envs/ml-uma/lib/python3.12/site-packages/torchtnt/utils/version.py:12: UserWarning: pkg_resources is deprecated as an API. See https://setuptools.pypa.io/en/latest/pkg_resources.html. The pkg_resources package is slated for removal as early as 2025-11-30. Refrain from using this package or pin to Setuptools<81.
  import pkg_resources
/home/rezac/bin/miniconda3/envs/ml-uma/lib/python3.12/site-packages/torchtnt/utils/version.py:12: UserWarning: pkg_resources is deprecated as an API. See https://setuptools.pypa.io/en/latest/pkg_resources.html. The pkg_resources package is slated for removal as early as 2025-11-30. Refrain from using this package or pin to Setuptools<81.
  import pkg_resources
/home/rezac/bin/miniconda3/envs/ml-uma/lib/python3.12/site-packages/torchtnt/utils/version.py:12: UserWarning: pkg_resources is deprecated as an API. See https://setuptools.pypa.io/en/latest/pkg_resources.html. The pkg_resources package is slated for removal as early as 2025-11-30. Refrain from using this package or pin to Setuptools<81.
  import pkg_resources
/home/rezac/bin/miniconda3/envs/ml-uma/lib/python3.12/site-packages/torchtnt/utils/version.py:12: UserWarning: pkg_resources is deprecated as an API. See https://setuptools.pypa.io/en/latest/pkg_resources.html. The pkg_resources package is slated for removal as early as 2025-11-30. Refrain from using this package or pin to Setuptools<81.
  import pkg_resources
/home/rezac/bin/miniconda3/envs/ml-uma/lib/python3.12/site-packages/torchtnt/utils/version.py:12: UserWarning: pkg_resources is deprecated as an API. See https://setuptools.pypa.io/en/latest/pkg_resources.html. The pkg_resources package is slated for removal as early as 2025-11-30. Refrain from using this package or pin to Setuptools<81.
  import pkg_resources
/home/rezac/bin/miniconda3/envs/ml-uma/lib/python3.12/site-packages/torchtnt/utils/version.py:12: UserWarning: pkg_resources is deprecated as an API. See https://setuptools.pypa.io/en/latest/pkg_resources.html. The pkg_resources package is slated for removal as early as 2025-11-30. Refrain from using this package or pin to Setuptools<81.
  import pkg_resources
/home/rezac/bin/miniconda3/envs/ml-uma/lib/python3.12/site-packages/torchtnt/utils/version.py:12: UserWarning: pkg_resources is deprecated as an API. See https://setuptools.pypa.io/en/latest/pkg_resources.html. The pkg_resources package is slated for removal as early as 2025-11-30. Refrain from using this package or pin to Setuptools<81.
  import pkg_resources
/home/rezac/bin/miniconda3/envs/ml-uma/lib/python3.12/site-packages/torchtnt/utils/version.py:12: UserWarning: pkg_resources is deprecated as an API. See https://setuptools.pypa.io/en/latest/pkg_resources.html. The pkg_resources package is slated for removal as early as 2025-11-30. Refrain from using this package or pin to Setuptools<81.
  import pkg_resources
/home/rezac/bin/miniconda3/envs/ml-uma/lib/python3.12/site-packages/torchtnt/utils/version.py:12: UserWarning: pkg_resources is deprecated as an API. See https://setuptools.pypa.io/en/latest/pkg_resources.html. The pkg_resources package is slated for removal as early as 2025-11-30. Refrain from using this package or pin to Setuptools<81.
  import pkg_resources
/home/rezac/bin/miniconda3/envs/ml-uma/lib/python3.12/site-packages/torchtnt/utils/version.py:12: UserWarning: pkg_resources is deprecated as an API. See https://setuptools.pypa.io/en/latest/pkg_resources.html. The pkg_resources package is slated for removal as early as 2025-11-30. Refrain from using this package or pin to Setuptools<81.
  import pkg_resources
/home/rezac/bin/miniconda3/envs/ml-uma/lib/python3.12/site-packages/torchtnt/utils/version.py:12: UserWarning: pkg_resources is deprecated as an API. See https://setuptools.pypa.io/en/latest/pkg_resources.html. The pkg_resources package is slated for removal as early as 2025-11-30. Refrain from using this package or pin to Setuptools<81.
  import pkg_resources
/home/rezac/bin/miniconda3/envs/ml-uma/lib/python3.12/site-packages/torchtnt/utils/version.py:12: UserWarning: pkg_resources is deprecated as an API. See https://setuptools.pypa.io/en/latest/pkg_resources.html. The pkg_resources package is slated for removal as early as 2025-11-30. Refrain from using this package or pin to Setuptools<81.
  import pkg_resources
/home/rezac/bin/miniconda3/envs/ml-uma/lib/python3.12/site-packages/torchtnt/utils/version.py:12: UserWarning: pkg_resources is deprecated as an API. See https://setuptools.pypa.io/en/latest/pkg_resources.html. The pkg_resources package is slated for removal as early as 2025-11-30. Refrain from using this package or pin to Setuptools<81.
  import pkg_resources
/home/rezac/bin/miniconda3/envs/ml-uma/lib/python3.12/site-packages/torchtnt/utils/version.py:12: UserWarning: pkg_resources is deprecated as an API. See https://setuptools.pypa.io/en/latest/pkg_resources.html. The pkg_resources package is slated for removal as early as 2025-11-30. Refrain from using this package or pin to Setuptools<81.
  import pkg_resources
/home/rezac/bin/miniconda3/envs/ml-uma/lib/python3.12/site-packages/torchtnt/utils/version.py:12: UserWarning: pkg_resources is deprecated as an API. See https://setuptools.pypa.io/en/latest/pkg_resources.html. The pkg_resources package is slated for removal as early as 2025-11-30. Refrain from using this package or pin to Setuptools<81.
  import pkg_resources
/home/rezac/bin/miniconda3/envs/ml-uma/lib/python3.12/site-packages/torchtnt/utils/version.py:12: UserWarning: pkg_resources is deprecated as an API. See https://setuptools.pypa.io/en/latest/pkg_resources.html. The pkg_resources package is slated for removal as early as 2025-11-30. Refrain from using this package or pin to Setuptools<81.
  import pkg_resources
/home/rezac/bin/miniconda3/envs/ml-uma/lib/python3.12/site-packages/torchtnt/utils/version.py:12: UserWarning: pkg_resources is deprecated as an API. See https://setuptools.pypa.io/en/latest/pkg_resources.html. The pkg_resources package is slated for removal as early as 2025-11-30. Refrain from using this package or pin to Setuptools<81.
  import pkg_resources
/home/rezac/bin/miniconda3/envs/ml-uma/lib/python3.12/site-packages/torchtnt/utils/version.py:12: UserWarning: pkg_resources is deprecated as an API. See https://setuptools.pypa.io/en/latest/pkg_resources.html. The pkg_resources package is slated for removal as early as 2025-11-30. Refrain from using this package or pin to Setuptools<81.
  import pkg_resources
/home/rezac/bin/miniconda3/envs/ml-uma/lib/python3.12/site-packages/torchtnt/utils/version.py:12: UserWarning: pkg_resources is deprecated as an API. See https://setuptools.pypa.io/en/latest/pkg_resources.html. The pkg_resources package is slated for removal as early as 2025-11-30. Refrain from using this package or pin to Setuptools<81.
  import pkg_resources
/home/rezac/bin/miniconda3/envs/ml-uma/lib/python3.12/site-packages/torchtnt/utils/version.py:12: UserWarning: pkg_resources is deprecated as an API. See https://setuptools.pypa.io/en/latest/pkg_resources.html. The pkg_resources package is slated for removal as early as 2025-11-30. Refrain from using this package or pin to Setuptools<81.
  import pkg_resources
/home/rezac/bin/miniconda3/envs/ml-uma/lib/python3.12/site-packages/torchtnt/utils/version.py:12: UserWarning: pkg_resources is deprecated as an API. See https://setuptools.pypa.io/en/latest/pkg_resources.html. The pkg_resources package is slated for removal as early as 2025-11-30. Refrain from using this package or pin to Setuptools<81.
  import pkg_resources
/home/rezac/bin/miniconda3/envs/ml-uma/lib/python3.12/site-packages/torchtnt/utils/version.py:12: UserWarning: pkg_resources is deprecated as an API. See https://setuptools.pypa.io/en/latest/pkg_resources.html. The pkg_resources package is slated for removal as early as 2025-11-30. Refrain from using this package or pin to Setuptools<81.
  import pkg_resources
/home/rezac/bin/miniconda3/envs/ml-uma/lib/python3.12/site-packages/torchtnt/utils/version.py:12: UserWarning: pkg_resources is deprecated as an API. See https://setuptools.pypa.io/en/latest/pkg_resources.html. The pkg_resources package is slated for removal as early as 2025-11-30. Refrain from using this package or pin to Setuptools<81.
  import pkg_resources
/home/rezac/bin/miniconda3/envs/ml-uma/lib/python3.12/site-packages/torchtnt/utils/version.py:12: UserWarning: pkg_resources is deprecated as an API. See https://setuptools.pypa.io/en/latest/pkg_resources.html. The pkg_resources package is slated for removal as early as 2025-11-30. Refrain from using this package or pin to Setuptools<81.
  import pkg_resources
/home/rezac/bin/miniconda3/envs/ml-uma/lib/python3.12/site-packages/torchtnt/utils/version.py:12: UserWarning: pkg_resources is deprecated as an API. See https://setuptools.pypa.io/en/latest/pkg_resources.html. The pkg_resources package is slated for removal as early as 2025-11-30. Refrain from using this package or pin to Setuptools<81.
  import pkg_resources
/home/rezac/bin/miniconda3/envs/ml-uma/lib/python3.12/site-packages/torchtnt/utils/version.py:12: UserWarning: pkg_resources is deprecated as an API. See https://setuptools.pypa.io/en/latest/pkg_resources.html. The pkg_resources package is slated for removal as early as 2025-11-30. Refrain from using this package or pin to Setuptools<81.
  import pkg_resources
/home/rezac/bin/miniconda3/envs/ml-uma/lib/python3.12/site-packages/torchtnt/utils/version.py:12: UserWarning: pkg_resources is deprecated as an API. See https://setuptools.pypa.io/en/latest/pkg_resources.html. The pkg_resources package is slated for removal as early as 2025-11-30. Refrain from using this package or pin to Setuptools<81.
  import pkg_resources
/home/rezac/bin/miniconda3/envs/ml-uma/lib/python3.12/site-packages/torchtnt/utils/version.py:12: UserWarning: pkg_resources is deprecated as an API. See https://setuptools.pypa.io/en/latest/pkg_resources.html. The pkg_resources package is slated for removal as early as 2025-11-30. Refrain from using this package or pin to Setuptools<81.
  import pkg_resources
/home/rezac/bin/miniconda3/envs/ml-uma/lib/python3.12/site-packages/torchtnt/utils/version.py:12: UserWarning: pkg_resources is deprecated as an API. See https://setuptools.pypa.io/en/latest/pkg_resources.html. The pkg_resources package is slated for removal as early as 2025-11-30. Refrain from using this package or pin to Setuptools<81.
  import pkg_resources
/home/rezac/bin/miniconda3/envs/ml-uma/lib/python3.12/site-packages/torchtnt/utils/version.py:12: UserWarning: pkg_resources is deprecated as an API. See https://setuptools.pypa.io/en/latest/pkg_resources.html. The pkg_resources package is slated for removal as early as 2025-11-30. Refrain from using this package or pin to Setuptools<81.
  import pkg_resources
/home/rezac/bin/miniconda3/envs/ml-uma/lib/python3.12/site-packages/torchtnt/utils/version.py:12: UserWarning: pkg_resources is deprecated as an API. See https://setuptools.pypa.io/en/latest/pkg_resources.html. The pkg_resources package is slated for removal as early as 2025-11-30. Refrain from using this package or pin to Setuptools<81.
  import pkg_resources
/home/rezac/bin/miniconda3/envs/ml-uma/lib/python3.12/site-packages/torchtnt/utils/version.py:12: UserWarning: pkg_resources is deprecated as an API. See https://setuptools.pypa.io/en/latest/pkg_resources.html. The pkg_resources package is slated for removal as early as 2025-11-30. Refrain from using this package or pin to Setuptools<81.
  import pkg_resources
/home/rezac/bin/miniconda3/envs/ml-uma/lib/python3.12/site-packages/torchtnt/utils/version.py:12: UserWarning: pkg_resources is deprecated as an API. See https://setuptools.pypa.io/en/latest/pkg_resources.html. The pkg_resources package is slated for removal as early as 2025-11-30. Refrain from using this package or pin to Setuptools<81.
  import pkg_resources
/home/rezac/bin/miniconda3/envs/ml-uma/lib/python3.12/site-packages/torchtnt/utils/version.py:12: UserWarning: pkg_resources is deprecated as an API. See https://setuptools.pypa.io/en/latest/pkg_resources.html. The pkg_resources package is slated for removal as early as 2025-11-30. Refrain from using this package or pin to Setuptools<81.
  import pkg_resources
/home/rezac/bin/miniconda3/envs/ml-uma/lib/python3.12/site-packages/torchtnt/utils/version.py:12: UserWarning: pkg_resources is deprecated as an API. See https://setuptools.pypa.io/en/latest/pkg_resources.html. The pkg_resources package is slated for removal as early as 2025-11-30. Refrain from using this package or pin to Setuptools<81.
  import pkg_resources
/home/rezac/bin/miniconda3/envs/ml-uma/lib/python3.12/site-packages/torchtnt/utils/version.py:12: UserWarning: pkg_resources is deprecated as an API. See https://setuptools.pypa.io/en/latest/pkg_resources.html. The pkg_resources package is slated for removal as early as 2025-11-30. Refrain from using this package or pin to Setuptools<81.
  import pkg_resources
/home/rezac/bin/miniconda3/envs/ml-uma/lib/python3.12/site-packages/torchtnt/utils/version.py:12: UserWarning: pkg_resources is deprecated as an API. See https://setuptools.pypa.io/en/latest/pkg_resources.html. The pkg_resources package is slated for removal as early as 2025-11-30. Refrain from using this package or pin to Setuptools<81.
  import pkg_resources
/home/rezac/bin/miniconda3/envs/ml-uma/lib/python3.12/site-packages/torchtnt/utils/version.py:12: UserWarning: pkg_resources is deprecated as an API. See https://setuptools.pypa.io/en/latest/pkg_resources.html. The pkg_resources package is slated for removal as early as 2025-11-30. Refrain from using this package or pin to Setuptools<81.
  import pkg_resources
/home/rezac/bin/miniconda3/envs/ml-uma/lib/python3.12/site-packages/torchtnt/utils/version.py:12: UserWarning: pkg_resources is deprecated as an API. See https://setuptools.pypa.io/en/latest/pkg_resources.html. The pkg_resources package is slated for removal as early as 2025-11-30. Refrain from using this package or pin to Setuptools<81.
  import pkg_resources
/home/rezac/bin/miniconda3/envs/ml-uma/lib/python3.12/site-packages/torchtnt/utils/version.py:12: UserWarning: pkg_resources is deprecated as an API. See https://setuptools.pypa.io/en/latest/pkg_resources.html. The pkg_resources package is slated for removal as early as 2025-11-30. Refrain from using this package or pin to Setuptools<81.
  import pkg_resources
/home/rezac/bin/miniconda3/envs/ml-uma/lib/python3.12/site-packages/torchtnt/utils/version.py:12: UserWarning: pkg_resources is deprecated as an API. See https://setuptools.pypa.io/en/latest/pkg_resources.html. The pkg_resources package is slated for removal as early as 2025-11-30. Refrain from using this package or pin to Setuptools<81.
  import pkg_resources
/home/rezac/bin/miniconda3/envs/ml-uma/lib/python3.12/site-packages/torchtnt/utils/version.py:12: UserWarning: pkg_resources is deprecated as an API. See https://setuptools.pypa.io/en/latest/pkg_resources.html. The pkg_resources package is slated for removal as early as 2025-11-30. Refrain from using this package or pin to Setuptools<81.
  import pkg_resources
/home/rezac/bin/miniconda3/envs/ml-uma/lib/python3.12/site-packages/torchtnt/utils/version.py:12: UserWarning: pkg_resources is deprecated as an API. See https://setuptools.pypa.io/en/latest/pkg_resources.html. The pkg_resources package is slated for removal as early as 2025-11-30. Refrain from using this package or pin to Setuptools<81.
  import pkg_resources
/home/rezac/bin/miniconda3/envs/ml-uma/lib/python3.12/site-packages/torchtnt/utils/version.py:12: UserWarning: pkg_resources is deprecated as an API. See https://setuptools.pypa.io/en/latest/pkg_resources.html. The pkg_resources package is slated for removal as early as 2025-11-30. Refrain from using this package or pin to Setuptools<81.
  import pkg_resources
/home/rezac/bin/miniconda3/envs/ml-uma/lib/python3.12/site-packages/torchtnt/utils/version.py:12: UserWarning: pkg_resources is deprecated as an API. See https://setuptools.pypa.io/en/latest/pkg_resources.html. The pkg_resources package is slated for removal as early as 2025-11-30. Refrain from using this package or pin to Setuptools<81.
  import pkg_resources
/home/rezac/bin/miniconda3/envs/ml-uma/lib/python3.12/site-packages/torchtnt/utils/version.py:12: UserWarning: pkg_resources is deprecated as an API. See https://setuptools.pypa.io/en/latest/pkg_resources.html. The pkg_resources package is slated for removal as early as 2025-11-30. Refrain from using this package or pin to Setuptools<81.
  import pkg_resources
/home/rezac/bin/miniconda3/envs/ml-uma/lib/python3.12/site-packages/torchtnt/utils/version.py:12: UserWarning: pkg_resources is deprecated as an API. See https://setuptools.pypa.io/en/latest/pkg_resources.html. The pkg_resources package is slated for removal as early as 2025-11-30. Refrain from using this package or pin to Setuptools<81.
  import pkg_resources
/home/rezac/bin/miniconda3/envs/ml-uma/lib/python3.12/site-packages/torchtnt/utils/version.py:12: UserWarning: pkg_resources is deprecated as an API. See https://setuptools.pypa.io/en/latest/pkg_resources.html. The pkg_resources package is slated for removal as early as 2025-11-30. Refrain from using this package or pin to Setuptools<81.
  import pkg_resources
/home/rezac/bin/miniconda3/envs/ml-uma/lib/python3.12/site-packages/torchtnt/utils/version.py:12: UserWarning: pkg_resources is deprecated as an API. See https://setuptools.pypa.io/en/latest/pkg_resources.html. The pkg_resources package is slated for removal as early as 2025-11-30. Refrain from using this package or pin to Setuptools<81.
  import pkg_resources
/home/rezac/bin/miniconda3/envs/ml-uma/lib/python3.12/site-packages/torchtnt/utils/version.py:12: UserWarning: pkg_resources is deprecated as an API. See https://setuptools.pypa.io/en/latest/pkg_resources.html. The pkg_resources package is slated for removal as early as 2025-11-30. Refrain from using this package or pin to Setuptools<81.
  import pkg_resources
/home/rezac/bin/miniconda3/envs/ml-uma/lib/python3.12/site-packages/torchtnt/utils/version.py:12: UserWarning: pkg_resources is deprecated as an API. See https://setuptools.pypa.io/en/latest/pkg_resources.html. The pkg_resources package is slated for removal as early as 2025-11-30. Refrain from using this package or pin to Setuptools<81.
  import pkg_resources
/home/rezac/bin/miniconda3/envs/ml-uma/lib/python3.12/site-packages/torchtnt/utils/version.py:12: UserWarning: pkg_resources is deprecated as an API. See https://setuptools.pypa.io/en/latest/pkg_resources.html. The pkg_resources package is slated for removal as early as 2025-11-30. Refrain from using this package or pin to Setuptools<81.
  import pkg_resources
/home/rezac/bin/miniconda3/envs/ml-uma/lib/python3.12/site-packages/torchtnt/utils/version.py:12: UserWarning: pkg_resources is deprecated as an API. See https://setuptools.pypa.io/en/latest/pkg_resources.html. The pkg_resources package is slated for removal as early as 2025-11-30. Refrain from using this package or pin to Setuptools<81.
  import pkg_resources
/home/rezac/bin/miniconda3/envs/ml-uma/lib/python3.12/site-packages/torchtnt/utils/version.py:12: UserWarning: pkg_resources is deprecated as an API. See https://setuptools.pypa.io/en/latest/pkg_resources.html. The pkg_resources package is slated for removal as early as 2025-11-30. Refrain from using this package or pin to Setuptools<81.
  import pkg_resources
/home/rezac/bin/miniconda3/envs/ml-uma/lib/python3.12/site-packages/torchtnt/utils/version.py:12: UserWarning: pkg_resources is deprecated as an API. See https://setuptools.pypa.io/en/latest/pkg_resources.html. The pkg_resources package is slated for removal as early as 2025-11-30. Refrain from using this package or pin to Setuptools<81.
  import pkg_resources
/home/rezac/bin/miniconda3/envs/ml-uma/lib/python3.12/site-packages/torchtnt/utils/version.py:12: UserWarning: pkg_resources is deprecated as an API. See https://setuptools.pypa.io/en/latest/pkg_resources.html. The pkg_resources package is slated for removal as early as 2025-11-30. Refrain from using this package or pin to Setuptools<81.
  import pkg_resources
/home/rezac/bin/miniconda3/envs/ml-uma/lib/python3.12/site-packages/torchtnt/utils/version.py:12: UserWarning: pkg_resources is deprecated as an API. See https://setuptools.pypa.io/en/latest/pkg_resources.html. The pkg_resources package is slated for removal as early as 2025-11-30. Refrain from using this package or pin to Setuptools<81.
  import pkg_resources
/home/rezac/bin/miniconda3/envs/ml-uma/lib/python3.12/site-packages/torchtnt/utils/version.py:12: UserWarning: pkg_resources is deprecated as an API. See https://setuptools.pypa.io/en/latest/pkg_resources.html. The pkg_resources package is slated for removal as early as 2025-11-30. Refrain from using this package or pin to Setuptools<81.
  import pkg_resources
/home/rezac/bin/miniconda3/envs/ml-uma/lib/python3.12/site-packages/torchtnt/utils/version.py:12: UserWarning: pkg_resources is deprecated as an API. See https://setuptools.pypa.io/en/latest/pkg_resources.html. The pkg_resources package is slated for removal as early as 2025-11-30. Refrain from using this package or pin to Setuptools<81.
  import pkg_resources
/home/rezac/bin/miniconda3/envs/ml-uma/lib/python3.12/site-packages/torchtnt/utils/version.py:12: UserWarning: pkg_resources is deprecated as an API. See https://setuptools.pypa.io/en/latest/pkg_resources.html. The pkg_resources package is slated for removal as early as 2025-11-30. Refrain from using this package or pin to Setuptools<81.
  import pkg_resources
/home/rezac/bin/miniconda3/envs/ml-uma/lib/python3.12/site-packages/torchtnt/utils/version.py:12: UserWarning: pkg_resources is deprecated as an API. See https://setuptools.pypa.io/en/latest/pkg_resources.html. The pkg_resources package is slated for removal as early as 2025-11-30. Refrain from using this package or pin to Setuptools<81.
  import pkg_resources
/home/rezac/bin/miniconda3/envs/ml-uma/lib/python3.12/site-packages/torchtnt/utils/version.py:12: UserWarning: pkg_resources is deprecated as an API. See https://setuptools.pypa.io/en/latest/pkg_resources.html. The pkg_resources package is slated for removal as early as 2025-11-30. Refrain from using this package or pin to Setuptools<81.
  import pkg_resources
/home/rezac/bin/miniconda3/envs/ml-uma/lib/python3.12/site-packages/torchtnt/utils/version.py:12: UserWarning: pkg_resources is deprecated as an API. See https://setuptools.pypa.io/en/latest/pkg_resources.html. The pkg_resources package is slated for removal as early as 2025-11-30. Refrain from using this package or pin to Setuptools<81.
  import pkg_resources
/home/rezac/bin/miniconda3/envs/ml-uma/lib/python3.12/site-packages/torchtnt/utils/version.py:12: UserWarning: pkg_resources is deprecated as an API. See https://setuptools.pypa.io/en/latest/pkg_resources.html. The pkg_resources package is slated for removal as early as 2025-11-30. Refrain from using this package or pin to Setuptools<81.
  import pkg_resources
/home/rezac/bin/miniconda3/envs/ml-uma/lib/python3.12/site-packages/torchtnt/utils/version.py:12: UserWarning: pkg_resources is deprecated as an API. See https://setuptools.pypa.io/en/latest/pkg_resources.html. The pkg_resources package is slated for removal as early as 2025-11-30. Refrain from using this package or pin to Setuptools<81.
  import pkg_resources
/home/rezac/bin/miniconda3/envs/ml-uma/lib/python3.12/site-packages/torchtnt/utils/version.py:12: UserWarning: pkg_resources is deprecated as an API. See https://setuptools.pypa.io/en/latest/pkg_resources.html. The pkg_resources package is slated for removal as early as 2025-11-30. Refrain from using this package or pin to Setuptools<81.
  import pkg_resources
/home/rezac/bin/miniconda3/envs/ml-uma/lib/python3.12/site-packages/torchtnt/utils/version.py:12: UserWarning: pkg_resources is deprecated as an API. See https://setuptools.pypa.io/en/latest/pkg_resources.html. The pkg_resources package is slated for removal as early as 2025-11-30. Refrain from using this package or pin to Setuptools<81.
  import pkg_resources
/home/rezac/bin/miniconda3/envs/ml-uma/lib/python3.12/site-packages/torchtnt/utils/version.py:12: UserWarning: pkg_resources is deprecated as an API. See https://setuptools.pypa.io/en/latest/pkg_resources.html. The pkg_resources package is slated for removal as early as 2025-11-30. Refrain from using this package or pin to Setuptools<81.
  import pkg_resources
/home/rezac/bin/miniconda3/envs/ml-uma/lib/python3.12/site-packages/torchtnt/utils/version.py:12: UserWarning: pkg_resources is deprecated as an API. See https://setuptools.pypa.io/en/latest/pkg_resources.html. The pkg_resources package is slated for removal as early as 2025-11-30. Refrain from using this package or pin to Setuptools<81.
  import pkg_resources
/home/rezac/bin/miniconda3/envs/ml-uma/lib/python3.12/site-packages/torchtnt/utils/version.py:12: UserWarning: pkg_resources is deprecated as an API. See https://setuptools.pypa.io/en/latest/pkg_resources.html. The pkg_resources package is slated for removal as early as 2025-11-30. Refrain from using this package or pin to Setuptools<81.
  import pkg_resources
/home/rezac/bin/miniconda3/envs/ml-uma/lib/python3.12/site-packages/torchtnt/utils/version.py:12: UserWarning: pkg_resources is deprecated as an API. See https://setuptools.pypa.io/en/latest/pkg_resources.html. The pkg_resources package is slated for removal as early as 2025-11-30. Refrain from using this package or pin to Setuptools<81.
  import pkg_resources
/home/rezac/bin/miniconda3/envs/ml-uma/lib/python3.12/site-packages/torchtnt/utils/version.py:12: UserWarning: pkg_resources is deprecated as an API. See https://setuptools.pypa.io/en/latest/pkg_resources.html. The pkg_resources package is slated for removal as early as 2025-11-30. Refrain from using this package or pin to Setuptools<81.
  import pkg_resources
/home/rezac/bin/miniconda3/envs/ml-uma/lib/python3.12/site-packages/torchtnt/utils/version.py:12: UserWarning: pkg_resources is deprecated as an API. See https://setuptools.pypa.io/en/latest/pkg_resources.html. The pkg_resources package is slated for removal as early as 2025-11-30. Refrain from using this package or pin to Setuptools<81.
  import pkg_resources
/home/rezac/bin/miniconda3/envs/ml-uma/lib/python3.12/site-packages/torchtnt/utils/version.py:12: UserWarning: pkg_resources is deprecated as an API. See https://setuptools.pypa.io/en/latest/pkg_resources.html. The pkg_resources package is slated for removal as early as 2025-11-30. Refrain from using this package or pin to Setuptools<81.
  import pkg_resources
/home/rezac/bin/miniconda3/envs/ml-uma/lib/python3.12/site-packages/torchtnt/utils/version.py:12: UserWarning: pkg_resources is deprecated as an API. See https://setuptools.pypa.io/en/latest/pkg_resources.html. The pkg_resources package is slated for removal as early as 2025-11-30. Refrain from using this package or pin to Setuptools<81.
  import pkg_resources
/home/rezac/bin/miniconda3/envs/ml-uma/lib/python3.12/site-packages/torchtnt/utils/version.py:12: UserWarning: pkg_resources is deprecated as an API. See https://setuptools.pypa.io/en/latest/pkg_resources.html. The pkg_resources package is slated for removal as early as 2025-11-30. Refrain from using this package or pin to Setuptools<81.
  import pkg_resources
/home/rezac/bin/miniconda3/envs/ml-uma/lib/python3.12/site-packages/torchtnt/utils/version.py:12: UserWarning: pkg_resources is deprecated as an API. See https://setuptools.pypa.io/en/latest/pkg_resources.html. The pkg_resources package is slated for removal as early as 2025-11-30. Refrain from using this package or pin to Setuptools<81.
  import pkg_resources
/home/rezac/bin/miniconda3/envs/ml-uma/lib/python3.12/site-packages/torchtnt/utils/version.py:12: UserWarning: pkg_resources is deprecated as an API. See https://setuptools.pypa.io/en/latest/pkg_resources.html. The pkg_resources package is slated for removal as early as 2025-11-30. Refrain from using this package or pin to Setuptools<81.
  import pkg_resources
/home/rezac/bin/miniconda3/envs/ml-uma/lib/python3.12/site-packages/torchtnt/utils/version.py:12: UserWarning: pkg_resources is deprecated as an API. See https://setuptools.pypa.io/en/latest/pkg_resources.html. The pkg_resources package is slated for removal as early as 2025-11-30. Refrain from using this package or pin to Setuptools<81.
  import pkg_resources
/home/rezac/bin/miniconda3/envs/ml-uma/lib/python3.12/site-packages/torchtnt/utils/version.py:12: UserWarning: pkg_resources is deprecated as an API. See https://setuptools.pypa.io/en/latest/pkg_resources.html. The pkg_resources package is slated for removal as early as 2025-11-30. Refrain from using this package or pin to Setuptools<81.
  import pkg_resources
/home/rezac/bin/miniconda3/envs/ml-uma/lib/python3.12/site-packages/torchtnt/utils/version.py:12: UserWarning: pkg_resources is deprecated as an API. See https://setuptools.pypa.io/en/latest/pkg_resources.html. The pkg_resources package is slated for removal as early as 2025-11-30. Refrain from using this package or pin to Setuptools<81.
  import pkg_resources
/home/rezac/bin/miniconda3/envs/ml-uma/lib/python3.12/site-packages/torchtnt/utils/version.py:12: UserWarning: pkg_resources is deprecated as an API. See https://setuptools.pypa.io/en/latest/pkg_resources.html. The pkg_resources package is slated for removal as early as 2025-11-30. Refrain from using this package or pin to Setuptools<81.
  import pkg_resources
/home/rezac/bin/miniconda3/envs/ml-uma/lib/python3.12/site-packages/torchtnt/utils/version.py:12: UserWarning: pkg_resources is deprecated as an API. See https://setuptools.pypa.io/en/latest/pkg_resources.html. The pkg_resources package is slated for removal as early as 2025-11-30. Refrain from using this package or pin to Setuptools<81.
  import pkg_resources
/home/rezac/bin/miniconda3/envs/ml-uma/lib/python3.12/site-packages/torchtnt/utils/version.py:12: UserWarning: pkg_resources is deprecated as an API. See https://setuptools.pypa.io/en/latest/pkg_resources.html. The pkg_resources package is slated for removal as early as 2025-11-30. Refrain from using this package or pin to Setuptools<81.
  import pkg_resources
/home/rezac/bin/miniconda3/envs/ml-uma/lib/python3.12/site-packages/torchtnt/utils/version.py:12: UserWarning: pkg_resources is deprecated as an API. See https://setuptools.pypa.io/en/latest/pkg_resources.html. The pkg_resources package is slated for removal as early as 2025-11-30. Refrain from using this package or pin to Setuptools<81.
  import pkg_resources
/home/rezac/bin/miniconda3/envs/ml-uma/lib/python3.12/site-packages/torchtnt/utils/version.py:12: UserWarning: pkg_resources is deprecated as an API. See https://setuptools.pypa.io/en/latest/pkg_resources.html. The pkg_resources package is slated for removal as early as 2025-11-30. Refrain from using this package or pin to Setuptools<81.
  import pkg_resources
/home/rezac/bin/miniconda3/envs/ml-uma/lib/python3.12/site-packages/torchtnt/utils/version.py:12: UserWarning: pkg_resources is deprecated as an API. See https://setuptools.pypa.io/en/latest/pkg_resources.html. The pkg_resources package is slated for removal as early as 2025-11-30. Refrain from using this package or pin to Setuptools<81.
  import pkg_resources
/home/rezac/bin/miniconda3/envs/ml-uma/lib/python3.12/site-packages/torchtnt/utils/version.py:12: UserWarning: pkg_resources is deprecated as an API. See https://setuptools.pypa.io/en/latest/pkg_resources.html. The pkg_resources package is slated for removal as early as 2025-11-30. Refrain from using this package or pin to Setuptools<81.
  import pkg_resources
/home/rezac/bin/miniconda3/envs/ml-uma/lib/python3.12/site-packages/torchtnt/utils/version.py:12: UserWarning: pkg_resources is deprecated as an API. See https://setuptools.pypa.io/en/latest/pkg_resources.html. The pkg_resources package is slated for removal as early as 2025-11-30. Refrain from using this package or pin to Setuptools<81.
  import pkg_resources
/home/rezac/bin/miniconda3/envs/ml-uma/lib/python3.12/site-packages/torchtnt/utils/version.py:12: UserWarning: pkg_resources is deprecated as an API. See https://setuptools.pypa.io/en/latest/pkg_resources.html. The pkg_resources package is slated for removal as early as 2025-11-30. Refrain from using this package or pin to Setuptools<81.
  import pkg_resources
/home/rezac/bin/miniconda3/envs/ml-uma/lib/python3.12/site-packages/torchtnt/utils/version.py:12: UserWarning: pkg_resources is deprecated as an API. See https://setuptools.pypa.io/en/latest/pkg_resources.html. The pkg_resources package is slated for removal as early as 2025-11-30. Refrain from using this package or pin to Setuptools<81.
  import pkg_resources
/home/rezac/bin/miniconda3/envs/ml-uma/lib/python3.12/site-packages/torchtnt/utils/version.py:12: UserWarning: pkg_resources is deprecated as an API. See https://setuptools.pypa.io/en/latest/pkg_resources.html. The pkg_resources package is slated for removal as early as 2025-11-30. Refrain from using this package or pin to Setuptools<81.
  import pkg_resources
/home/rezac/bin/miniconda3/envs/ml-uma/lib/python3.12/site-packages/torchtnt/utils/version.py:12: UserWarning: pkg_resources is deprecated as an API. See https://setuptools.pypa.io/en/latest/pkg_resources.html. The pkg_resources package is slated for removal as early as 2025-11-30. Refrain from using this package or pin to Setuptools<81.
  import pkg_resources
/home/rezac/bin/miniconda3/envs/ml-uma/lib/python3.12/site-packages/torchtnt/utils/version.py:12: UserWarning: pkg_resources is deprecated as an API. See https://setuptools.pypa.io/en/latest/pkg_resources.html. The pkg_resources package is slated for removal as early as 2025-11-30. Refrain from using this package or pin to Setuptools<81.
  import pkg_resources
/home/rezac/bin/miniconda3/envs/ml-uma/lib/python3.12/site-packages/torchtnt/utils/version.py:12: UserWarning: pkg_resources is deprecated as an API. See https://setuptools.pypa.io/en/latest/pkg_resources.html. The pkg_resources package is slated for removal as early as 2025-11-30. Refrain from using this package or pin to Setuptools<81.
  import pkg_resources
/home/rezac/bin/miniconda3/envs/ml-uma/lib/python3.12/site-packages/torchtnt/utils/version.py:12: UserWarning: pkg_resources is deprecated as an API. See https://setuptools.pypa.io/en/latest/pkg_resources.html. The pkg_resources package is slated for removal as early as 2025-11-30. Refrain from using this package or pin to Setuptools<81.
  import pkg_resources
/home/rezac/bin/miniconda3/envs/ml-uma/lib/python3.12/site-packages/torchtnt/utils/version.py:12: UserWarning: pkg_resources is deprecated as an API. See https://setuptools.pypa.io/en/latest/pkg_resources.html. The pkg_resources package is slated for removal as early as 2025-11-30. Refrain from using this package or pin to Setuptools<81.
  import pkg_resources
/home/rezac/bin/miniconda3/envs/ml-uma/lib/python3.12/site-packages/torchtnt/utils/version.py:12: UserWarning: pkg_resources is deprecated as an API. See https://setuptools.pypa.io/en/latest/pkg_resources.html. The pkg_resources package is slated for removal as early as 2025-11-30. Refrain from using this package or pin to Setuptools<81.
  import pkg_resources
/home/rezac/bin/miniconda3/envs/ml-uma/lib/python3.12/site-packages/torchtnt/utils/version.py:12: UserWarning: pkg_resources is deprecated as an API. See https://setuptools.pypa.io/en/latest/pkg_resources.html. The pkg_resources package is slated for removal as early as 2025-11-30. Refrain from using this package or pin to Setuptools<81.
  import pkg_resources
/home/rezac/bin/miniconda3/envs/ml-uma/lib/python3.12/site-packages/torchtnt/utils/version.py:12: UserWarning: pkg_resources is deprecated as an API. See https://setuptools.pypa.io/en/latest/pkg_resources.html. The pkg_resources package is slated for removal as early as 2025-11-30. Refrain from using this package or pin to Setuptools<81.
  import pkg_resources
/home/rezac/bin/miniconda3/envs/ml-uma/lib/python3.12/site-packages/torchtnt/utils/version.py:12: UserWarning: pkg_resources is deprecated as an API. See https://setuptools.pypa.io/en/latest/pkg_resources.html. The pkg_resources package is slated for removal as early as 2025-11-30. Refrain from using this package or pin to Setuptools<81.
  import pkg_resources
/home/rezac/bin/miniconda3/envs/ml-uma/lib/python3.12/site-packages/torchtnt/utils/version.py:12: UserWarning: pkg_resources is deprecated as an API. See https://setuptools.pypa.io/en/latest/pkg_resources.html. The pkg_resources package is slated for removal as early as 2025-11-30. Refrain from using this package or pin to Setuptools<81.
  import pkg_resources
/home/rezac/bin/miniconda3/envs/ml-uma/lib/python3.12/site-packages/torchtnt/utils/version.py:12: UserWarning: pkg_resources is deprecated as an API. See https://setuptools.pypa.io/en/latest/pkg_resources.html. The pkg_resources package is slated for removal as early as 2025-11-30. Refrain from using this package or pin to Setuptools<81.
  import pkg_resources
/home/rezac/bin/miniconda3/envs/ml-uma/lib/python3.12/site-packages/torchtnt/utils/version.py:12: UserWarning: pkg_resources is deprecated as an API. See https://setuptools.pypa.io/en/latest/pkg_resources.html. The pkg_resources package is slated for removal as early as 2025-11-30. Refrain from using this package or pin to Setuptools<81.
  import pkg_resources
/home/rezac/bin/miniconda3/envs/ml-uma/lib/python3.12/site-packages/torchtnt/utils/version.py:12: UserWarning: pkg_resources is deprecated as an API. See https://setuptools.pypa.io/en/latest/pkg_resources.html. The pkg_resources package is slated for removal as early as 2025-11-30. Refrain from using this package or pin to Setuptools<81.
  import pkg_resources
/home/rezac/bin/miniconda3/envs/ml-uma/lib/python3.12/site-packages/torchtnt/utils/version.py:12: UserWarning: pkg_resources is deprecated as an API. See https://setuptools.pypa.io/en/latest/pkg_resources.html. The pkg_resources package is slated for removal as early as 2025-11-30. Refrain from using this package or pin to Setuptools<81.
  import pkg_resources
/home/rezac/bin/miniconda3/envs/ml-uma/lib/python3.12/site-packages/torchtnt/utils/version.py:12: UserWarning: pkg_resources is deprecated as an API. See https://setuptools.pypa.io/en/latest/pkg_resources.html. The pkg_resources package is slated for removal as early as 2025-11-30. Refrain from using this package or pin to Setuptools<81.
  import pkg_resources
/home/rezac/bin/miniconda3/envs/ml-uma/lib/python3.12/site-packages/torchtnt/utils/version.py:12: UserWarning: pkg_resources is deprecated as an API. See https://setuptools.pypa.io/en/latest/pkg_resources.html. The pkg_resources package is slated for removal as early as 2025-11-30. Refrain from using this package or pin to Setuptools<81.
  import pkg_resources
/home/rezac/bin/miniconda3/envs/ml-uma/lib/python3.12/site-packages/torchtnt/utils/version.py:12: UserWarning: pkg_resources is deprecated as an API. See https://setuptools.pypa.io/en/latest/pkg_resources.html. The pkg_resources package is slated for removal as early as 2025-11-30. Refrain from using this package or pin to Setuptools<81.
  import pkg_resources
/home/rezac/bin/miniconda3/envs/ml-uma/lib/python3.12/site-packages/torchtnt/utils/version.py:12: UserWarning: pkg_resources is deprecated as an API. See https://setuptools.pypa.io/en/latest/pkg_resources.html. The pkg_resources package is slated for removal as early as 2025-11-30. Refrain from using this package or pin to Setuptools<81.
  import pkg_resources
/home/rezac/bin/miniconda3/envs/ml-uma/lib/python3.12/site-packages/torchtnt/utils/version.py:12: UserWarning: pkg_resources is deprecated as an API. See https://setuptools.pypa.io/en/latest/pkg_resources.html. The pkg_resources package is slated for removal as early as 2025-11-30. Refrain from using this package or pin to Setuptools<81.
  import pkg_resources
/home/rezac/bin/miniconda3/envs/ml-uma/lib/python3.12/site-packages/torchtnt/utils/version.py:12: UserWarning: pkg_resources is deprecated as an API. See https://setuptools.pypa.io/en/latest/pkg_resources.html. The pkg_resources package is slated for removal as early as 2025-11-30. Refrain from using this package or pin to Setuptools<81.
  import pkg_resources
/home/rezac/bin/miniconda3/envs/ml-uma/lib/python3.12/site-packages/torchtnt/utils/version.py:12: UserWarning: pkg_resources is deprecated as an API. See https://setuptools.pypa.io/en/latest/pkg_resources.html. The pkg_resources package is slated for removal as early as 2025-11-30. Refrain from using this package or pin to Setuptools<81.
  import pkg_resources
/home/rezac/bin/miniconda3/envs/ml-uma/lib/python3.12/site-packages/torchtnt/utils/version.py:12: UserWarning: pkg_resources is deprecated as an API. See https://setuptools.pypa.io/en/latest/pkg_resources.html. The pkg_resources package is slated for removal as early as 2025-11-30. Refrain from using this package or pin to Setuptools<81.
  import pkg_resources
/home/rezac/bin/miniconda3/envs/ml-uma/lib/python3.12/site-packages/torchtnt/utils/version.py:12: UserWarning: pkg_resources is deprecated as an API. See https://setuptools.pypa.io/en/latest/pkg_resources.html. The pkg_resources package is slated for removal as early as 2025-11-30. Refrain from using this package or pin to Setuptools<81.
  import pkg_resources
/home/rezac/bin/miniconda3/envs/ml-uma/lib/python3.12/site-packages/torchtnt/utils/version.py:12: UserWarning: pkg_resources is deprecated as an API. See https://setuptools.pypa.io/en/latest/pkg_resources.html. The pkg_resources package is slated for removal as early as 2025-11-30. Refrain from using this package or pin to Setuptools<81.
  import pkg_resources
/home/rezac/bin/miniconda3/envs/ml-uma/lib/python3.12/site-packages/torchtnt/utils/version.py:12: UserWarning: pkg_resources is deprecated as an API. See https://setuptools.pypa.io/en/latest/pkg_resources.html. The pkg_resources package is slated for removal as early as 2025-11-30. Refrain from using this package or pin to Setuptools<81.
  import pkg_resources
/home/rezac/bin/miniconda3/envs/ml-uma/lib/python3.12/site-packages/torchtnt/utils/version.py:12: UserWarning: pkg_resources is deprecated as an API. See https://setuptools.pypa.io/en/latest/pkg_resources.html. The pkg_resources package is slated for removal as early as 2025-11-30. Refrain from using this package or pin to Setuptools<81.
  import pkg_resources
/home/rezac/bin/miniconda3/envs/ml-uma/lib/python3.12/site-packages/torchtnt/utils/version.py:12: UserWarning: pkg_resources is deprecated as an API. See https://setuptools.pypa.io/en/latest/pkg_resources.html. The pkg_resources package is slated for removal as early as 2025-11-30. Refrain from using this package or pin to Setuptools<81.
  import pkg_resources
/home/rezac/bin/miniconda3/envs/ml-uma/lib/python3.12/site-packages/torchtnt/utils/version.py:12: UserWarning: pkg_resources is deprecated as an API. See https://setuptools.pypa.io/en/latest/pkg_resources.html. The pkg_resources package is slated for removal as early as 2025-11-30. Refrain from using this package or pin to Setuptools<81.
  import pkg_resources
/home/rezac/bin/miniconda3/envs/ml-uma/lib/python3.12/site-packages/torchtnt/utils/version.py:12: UserWarning: pkg_resources is deprecated as an API. See https://setuptools.pypa.io/en/latest/pkg_resources.html. The pkg_resources package is slated for removal as early as 2025-11-30. Refrain from using this package or pin to Setuptools<81.
  import pkg_resources
/home/rezac/bin/miniconda3/envs/ml-uma/lib/python3.12/site-packages/torchtnt/utils/version.py:12: UserWarning: pkg_resources is deprecated as an API. See https://setuptools.pypa.io/en/latest/pkg_resources.html. The pkg_resources package is slated for removal as early as 2025-11-30. Refrain from using this package or pin to Setuptools<81.
  import pkg_resources
/home/rezac/bin/miniconda3/envs/ml-uma/lib/python3.12/site-packages/torchtnt/utils/version.py:12: UserWarning: pkg_resources is deprecated as an API. See https://setuptools.pypa.io/en/latest/pkg_resources.html. The pkg_resources package is slated for removal as early as 2025-11-30. Refrain from using this package or pin to Setuptools<81.
  import pkg_resources
/home/rezac/bin/miniconda3/envs/ml-uma/lib/python3.12/site-packages/torchtnt/utils/version.py:12: UserWarning: pkg_resources is deprecated as an API. See https://setuptools.pypa.io/en/latest/pkg_resources.html. The pkg_resources package is slated for removal as early as 2025-11-30. Refrain from using this package or pin to Setuptools<81.
  import pkg_resources
/home/rezac/bin/miniconda3/envs/ml-uma/lib/python3.12/site-packages/torchtnt/utils/version.py:12: UserWarning: pkg_resources is deprecated as an API. See https://setuptools.pypa.io/en/latest/pkg_resources.html. The pkg_resources package is slated for removal as early as 2025-11-30. Refrain from using this package or pin to Setuptools<81.
  import pkg_resources
/home/rezac/bin/miniconda3/envs/ml-uma/lib/python3.12/site-packages/torchtnt/utils/version.py:12: UserWarning: pkg_resources is deprecated as an API. See https://setuptools.pypa.io/en/latest/pkg_resources.html. The pkg_resources package is slated for removal as early as 2025-11-30. Refrain from using this package or pin to Setuptools<81.
  import pkg_resources
/home/rezac/bin/miniconda3/envs/ml-uma/lib/python3.12/site-packages/torchtnt/utils/version.py:12: UserWarning: pkg_resources is deprecated as an API. See https://setuptools.pypa.io/en/latest/pkg_resources.html. The pkg_resources package is slated for removal as early as 2025-11-30. Refrain from using this package or pin to Setuptools<81.
  import pkg_resources
/home/rezac/bin/miniconda3/envs/ml-uma/lib/python3.12/site-packages/torchtnt/utils/version.py:12: UserWarning: pkg_resources is deprecated as an API. See https://setuptools.pypa.io/en/latest/pkg_resources.html. The pkg_resources package is slated for removal as early as 2025-11-30. Refrain from using this package or pin to Setuptools<81.
  import pkg_resources
/home/rezac/bin/miniconda3/envs/ml-uma/lib/python3.12/site-packages/torchtnt/utils/version.py:12: UserWarning: pkg_resources is deprecated as an API. See https://setuptools.pypa.io/en/latest/pkg_resources.html. The pkg_resources package is slated for removal as early as 2025-11-30. Refrain from using this package or pin to Setuptools<81.
  import pkg_resources
/home/rezac/bin/miniconda3/envs/ml-uma/lib/python3.12/site-packages/torchtnt/utils/version.py:12: UserWarning: pkg_resources is deprecated as an API. See https://setuptools.pypa.io/en/latest/pkg_resources.html. The pkg_resources package is slated for removal as early as 2025-11-30. Refrain from using this package or pin to Setuptools<81.
  import pkg_resources
/home/rezac/bin/miniconda3/envs/ml-uma/lib/python3.12/site-packages/torchtnt/utils/version.py:12: UserWarning: pkg_resources is deprecated as an API. See https://setuptools.pypa.io/en/latest/pkg_resources.html. The pkg_resources package is slated for removal as early as 2025-11-30. Refrain from using this package or pin to Setuptools<81.
  import pkg_resources
/home/rezac/bin/miniconda3/envs/ml-uma/lib/python3.12/site-packages/torchtnt/utils/version.py:12: UserWarning: pkg_resources is deprecated as an API. See https://setuptools.pypa.io/en/latest/pkg_resources.html. The pkg_resources package is slated for removal as early as 2025-11-30. Refrain from using this package or pin to Setuptools<81.
  import pkg_resources
/home/rezac/bin/miniconda3/envs/ml-uma/lib/python3.12/site-packages/torchtnt/utils/version.py:12: UserWarning: pkg_resources is deprecated as an API. See https://setuptools.pypa.io/en/latest/pkg_resources.html. The pkg_resources package is slated for removal as early as 2025-11-30. Refrain from using this package or pin to Setuptools<81.
  import pkg_resources
/home/rezac/bin/miniconda3/envs/ml-uma/lib/python3.12/site-packages/torchtnt/utils/version.py:12: UserWarning: pkg_resources is deprecated as an API. See https://setuptools.pypa.io/en/latest/pkg_resources.html. The pkg_resources package is slated for removal as early as 2025-11-30. Refrain from using this package or pin to Setuptools<81.
  import pkg_resources
/home/rezac/bin/miniconda3/envs/ml-uma/lib/python3.12/site-packages/torchtnt/utils/version.py:12: UserWarning: pkg_resources is deprecated as an API. See https://setuptools.pypa.io/en/latest/pkg_resources.html. The pkg_resources package is slated for removal as early as 2025-11-30. Refrain from using this package or pin to Setuptools<81.
  import pkg_resources
/home/rezac/bin/miniconda3/envs/ml-uma/lib/python3.12/site-packages/torchtnt/utils/version.py:12: UserWarning: pkg_resources is deprecated as an API. See https://setuptools.pypa.io/en/latest/pkg_resources.html. The pkg_resources package is slated for removal as early as 2025-11-30. Refrain from using this package or pin to Setuptools<81.
  import pkg_resources
/home/rezac/bin/miniconda3/envs/ml-uma/lib/python3.12/site-packages/torchtnt/utils/version.py:12: UserWarning: pkg_resources is deprecated as an API. See https://setuptools.pypa.io/en/latest/pkg_resources.html. The pkg_resources package is slated for removal as early as 2025-11-30. Refrain from using this package or pin to Setuptools<81.
  import pkg_resources
/home/rezac/bin/miniconda3/envs/ml-uma/lib/python3.12/site-packages/torchtnt/utils/version.py:12: UserWarning: pkg_resources is deprecated as an API. See https://setuptools.pypa.io/en/latest/pkg_resources.html. The pkg_resources package is slated for removal as early as 2025-11-30. Refrain from using this package or pin to Setuptools<81.
  import pkg_resources
/home/rezac/bin/miniconda3/envs/ml-uma/lib/python3.12/site-packages/torchtnt/utils/version.py:12: UserWarning: pkg_resources is deprecated as an API. See https://setuptools.pypa.io/en/latest/pkg_resources.html. The pkg_resources package is slated for removal as early as 2025-11-30. Refrain from using this package or pin to Setuptools<81.
  import pkg_resources
/home/rezac/bin/miniconda3/envs/ml-uma/lib/python3.12/site-packages/torchtnt/utils/version.py:12: UserWarning: pkg_resources is deprecated as an API. See https://setuptools.pypa.io/en/latest/pkg_resources.html. The pkg_resources package is slated for removal as early as 2025-11-30. Refrain from using this package or pin to Setuptools<81.
  import pkg_resources
/home/rezac/bin/miniconda3/envs/ml-uma/lib/python3.12/site-packages/torchtnt/utils/version.py:12: UserWarning: pkg_resources is deprecated as an API. See https://setuptools.pypa.io/en/latest/pkg_resources.html. The pkg_resources package is slated for removal as early as 2025-11-30. Refrain from using this package or pin to Setuptools<81.
  import pkg_resources
/home/rezac/bin/miniconda3/envs/ml-uma/lib/python3.12/site-packages/torchtnt/utils/version.py:12: UserWarning: pkg_resources is deprecated as an API. See https://setuptools.pypa.io/en/latest/pkg_resources.html. The pkg_resources package is slated for removal as early as 2025-11-30. Refrain from using this package or pin to Setuptools<81.
  import pkg_resources
/home/rezac/bin/miniconda3/envs/ml-uma/lib/python3.12/site-packages/torchtnt/utils/version.py:12: UserWarning: pkg_resources is deprecated as an API. See https://setuptools.pypa.io/en/latest/pkg_resources.html. The pkg_resources package is slated for removal as early as 2025-11-30. Refrain from using this package or pin to Setuptools<81.
  import pkg_resources
/home/rezac/bin/miniconda3/envs/ml-uma/lib/python3.12/site-packages/torchtnt/utils/version.py:12: UserWarning: pkg_resources is deprecated as an API. See https://setuptools.pypa.io/en/latest/pkg_resources.html. The pkg_resources package is slated for removal as early as 2025-11-30. Refrain from using this package or pin to Setuptools<81.
  import pkg_resources
/home/rezac/bin/miniconda3/envs/ml-uma/lib/python3.12/site-packages/torchtnt/utils/version.py:12: UserWarning: pkg_resources is deprecated as an API. See https://setuptools.pypa.io/en/latest/pkg_resources.html. The pkg_resources package is slated for removal as early as 2025-11-30. Refrain from using this package or pin to Setuptools<81.
  import pkg_resources
/home/rezac/bin/miniconda3/envs/ml-uma/lib/python3.12/site-packages/torchtnt/utils/version.py:12: UserWarning: pkg_resources is deprecated as an API. See https://setuptools.pypa.io/en/latest/pkg_resources.html. The pkg_resources package is slated for removal as early as 2025-11-30. Refrain from using this package or pin to Setuptools<81.
  import pkg_resources
/home/rezac/bin/miniconda3/envs/ml-uma/lib/python3.12/site-packages/torchtnt/utils/version.py:12: UserWarning: pkg_resources is deprecated as an API. See https://setuptools.pypa.io/en/latest/pkg_resources.html. The pkg_resources package is slated for removal as early as 2025-11-30. Refrain from using this package or pin to Setuptools<81.
  import pkg_resources
/home/rezac/bin/miniconda3/envs/ml-uma/lib/python3.12/site-packages/torchtnt/utils/version.py:12: UserWarning: pkg_resources is deprecated as an API. See https://setuptools.pypa.io/en/latest/pkg_resources.html. The pkg_resources package is slated for removal as early as 2025-11-30. Refrain from using this package or pin to Setuptools<81.
  import pkg_resources
/home/rezac/bin/miniconda3/envs/ml-uma/lib/python3.12/site-packages/torchtnt/utils/version.py:12: UserWarning: pkg_resources is deprecated as an API. See https://setuptools.pypa.io/en/latest/pkg_resources.html. The pkg_resources package is slated for removal as early as 2025-11-30. Refrain from using this package or pin to Setuptools<81.
  import pkg_resources
/home/rezac/bin/miniconda3/envs/ml-uma/lib/python3.12/site-packages/torchtnt/utils/version.py:12: UserWarning: pkg_resources is deprecated as an API. See https://setuptools.pypa.io/en/latest/pkg_resources.html. The pkg_resources package is slated for removal as early as 2025-11-30. Refrain from using this package or pin to Setuptools<81.
  import pkg_resources
/home/rezac/bin/miniconda3/envs/ml-uma/lib/python3.12/site-packages/torchtnt/utils/version.py:12: UserWarning: pkg_resources is deprecated as an API. See https://setuptools.pypa.io/en/latest/pkg_resources.html. The pkg_resources package is slated for removal as early as 2025-11-30. Refrain from using this package or pin to Setuptools<81.
  import pkg_resources
/home/rezac/bin/miniconda3/envs/ml-uma/lib/python3.12/site-packages/torchtnt/utils/version.py:12: UserWarning: pkg_resources is deprecated as an API. See https://setuptools.pypa.io/en/latest/pkg_resources.html. The pkg_resources package is slated for removal as early as 2025-11-30. Refrain from using this package or pin to Setuptools<81.
  import pkg_resources
/home/rezac/bin/miniconda3/envs/ml-uma/lib/python3.12/site-packages/torchtnt/utils/version.py:12: UserWarning: pkg_resources is deprecated as an API. See https://setuptools.pypa.io/en/latest/pkg_resources.html. The pkg_resources package is slated for removal as early as 2025-11-30. Refrain from using this package or pin to Setuptools<81.
  import pkg_resources
/home/rezac/bin/miniconda3/envs/ml-uma/lib/python3.12/site-packages/torchtnt/utils/version.py:12: UserWarning: pkg_resources is deprecated as an API. See https://setuptools.pypa.io/en/latest/pkg_resources.html. The pkg_resources package is slated for removal as early as 2025-11-30. Refrain from using this package or pin to Setuptools<81.
  import pkg_resources
/home/rezac/bin/miniconda3/envs/ml-uma/lib/python3.12/site-packages/torchtnt/utils/version.py:12: UserWarning: pkg_resources is deprecated as an API. See https://setuptools.pypa.io/en/latest/pkg_resources.html. The pkg_resources package is slated for removal as early as 2025-11-30. Refrain from using this package or pin to Setuptools<81.
  import pkg_resources
/home/rezac/bin/miniconda3/envs/ml-uma/lib/python3.12/site-packages/torchtnt/utils/version.py:12: UserWarning: pkg_resources is deprecated as an API. See https://setuptools.pypa.io/en/latest/pkg_resources.html. The pkg_resources package is slated for removal as early as 2025-11-30. Refrain from using this package or pin to Setuptools<81.
  import pkg_resources
/home/rezac/bin/miniconda3/envs/ml-uma/lib/python3.12/site-packages/torchtnt/utils/version.py:12: UserWarning: pkg_resources is deprecated as an API. See https://setuptools.pypa.io/en/latest/pkg_resources.html. The pkg_resources package is slated for removal as early as 2025-11-30. Refrain from using this package or pin to Setuptools<81.
  import pkg_resources
/home/rezac/bin/miniconda3/envs/ml-uma/lib/python3.12/site-packages/torchtnt/utils/version.py:12: UserWarning: pkg_resources is deprecated as an API. See https://setuptools.pypa.io/en/latest/pkg_resources.html. The pkg_resources package is slated for removal as early as 2025-11-30. Refrain from using this package or pin to Setuptools<81.
  import pkg_resources
/home/rezac/bin/miniconda3/envs/ml-uma/lib/python3.12/site-packages/torchtnt/utils/version.py:12: UserWarning: pkg_resources is deprecated as an API. See https://setuptools.pypa.io/en/latest/pkg_resources.html. The pkg_resources package is slated for removal as early as 2025-11-30. Refrain from using this package or pin to Setuptools<81.
  import pkg_resources
/home/rezac/bin/miniconda3/envs/ml-uma/lib/python3.12/site-packages/torchtnt/utils/version.py:12: UserWarning: pkg_resources is deprecated as an API. See https://setuptools.pypa.io/en/latest/pkg_resources.html. The pkg_resources package is slated for removal as early as 2025-11-30. Refrain from using this package or pin to Setuptools<81.
  import pkg_resources
/home/rezac/bin/miniconda3/envs/ml-uma/lib/python3.12/site-packages/torchtnt/utils/version.py:12: UserWarning: pkg_resources is deprecated as an API. See https://setuptools.pypa.io/en/latest/pkg_resources.html. The pkg_resources package is slated for removal as early as 2025-11-30. Refrain from using this package or pin to Setuptools<81.
  import pkg_resources
/home/rezac/bin/miniconda3/envs/ml-uma/lib/python3.12/site-packages/torchtnt/utils/version.py:12: UserWarning: pkg_resources is deprecated as an API. See https://setuptools.pypa.io/en/latest/pkg_resources.html. The pkg_resources package is slated for removal as early as 2025-11-30. Refrain from using this package or pin to Setuptools<81.
  import pkg_resources
/home/rezac/bin/miniconda3/envs/ml-uma/lib/python3.12/site-packages/torchtnt/utils/version.py:12: UserWarning: pkg_resources is deprecated as an API. See https://setuptools.pypa.io/en/latest/pkg_resources.html. The pkg_resources package is slated for removal as early as 2025-11-30. Refrain from using this package or pin to Setuptools<81.
  import pkg_resources
/home/rezac/bin/miniconda3/envs/ml-uma/lib/python3.12/site-packages/torchtnt/utils/version.py:12: UserWarning: pkg_resources is deprecated as an API. See https://setuptools.pypa.io/en/latest/pkg_resources.html. The pkg_resources package is slated for removal as early as 2025-11-30. Refrain from using this package or pin to Setuptools<81.
  import pkg_resources
/home/rezac/bin/miniconda3/envs/ml-uma/lib/python3.12/site-packages/torchtnt/utils/version.py:12: UserWarning: pkg_resources is deprecated as an API. See https://setuptools.pypa.io/en/latest/pkg_resources.html. The pkg_resources package is slated for removal as early as 2025-11-30. Refrain from using this package or pin to Setuptools<81.
  import pkg_resources
/home/rezac/bin/miniconda3/envs/ml-uma/lib/python3.12/site-packages/torchtnt/utils/version.py:12: UserWarning: pkg_resources is deprecated as an API. See https://setuptools.pypa.io/en/latest/pkg_resources.html. The pkg_resources package is slated for removal as early as 2025-11-30. Refrain from using this package or pin to Setuptools<81.
  import pkg_resources
/home/rezac/bin/miniconda3/envs/ml-uma/lib/python3.12/site-packages/torchtnt/utils/version.py:12: UserWarning: pkg_resources is deprecated as an API. See https://setuptools.pypa.io/en/latest/pkg_resources.html. The pkg_resources package is slated for removal as early as 2025-11-30. Refrain from using this package or pin to Setuptools<81.
  import pkg_resources
/home/rezac/bin/miniconda3/envs/ml-uma/lib/python3.12/site-packages/torchtnt/utils/version.py:12: UserWarning: pkg_resources is deprecated as an API. See https://setuptools.pypa.io/en/latest/pkg_resources.html. The pkg_resources package is slated for removal as early as 2025-11-30. Refrain from using this package or pin to Setuptools<81.
  import pkg_resources
/home/rezac/bin/miniconda3/envs/ml-uma/lib/python3.12/site-packages/torchtnt/utils/version.py:12: UserWarning: pkg_resources is deprecated as an API. See https://setuptools.pypa.io/en/latest/pkg_resources.html. The pkg_resources package is slated for removal as early as 2025-11-30. Refrain from using this package or pin to Setuptools<81.
  import pkg_resources
/home/rezac/bin/miniconda3/envs/ml-uma/lib/python3.12/site-packages/torchtnt/utils/version.py:12: UserWarning: pkg_resources is deprecated as an API. See https://setuptools.pypa.io/en/latest/pkg_resources.html. The pkg_resources package is slated for removal as early as 2025-11-30. Refrain from using this package or pin to Setuptools<81.
  import pkg_resources
/home/rezac/bin/miniconda3/envs/ml-uma/lib/python3.12/site-packages/torchtnt/utils/version.py:12: UserWarning: pkg_resources is deprecated as an API. See https://setuptools.pypa.io/en/latest/pkg_resources.html. The pkg_resources package is slated for removal as early as 2025-11-30. Refrain from using this package or pin to Setuptools<81.
  import pkg_resources
/home/rezac/bin/miniconda3/envs/ml-uma/lib/python3.12/site-packages/torchtnt/utils/version.py:12: UserWarning: pkg_resources is deprecated as an API. See https://setuptools.pypa.io/en/latest/pkg_resources.html. The pkg_resources package is slated for removal as early as 2025-11-30. Refrain from using this package or pin to Setuptools<81.
  import pkg_resources
/home/rezac/bin/miniconda3/envs/ml-uma/lib/python3.12/site-packages/torchtnt/utils/version.py:12: UserWarning: pkg_resources is deprecated as an API. See https://setuptools.pypa.io/en/latest/pkg_resources.html. The pkg_resources package is slated for removal as early as 2025-11-30. Refrain from using this package or pin to Setuptools<81.
  import pkg_resources
/home/rezac/bin/miniconda3/envs/ml-uma/lib/python3.12/site-packages/torchtnt/utils/version.py:12: UserWarning: pkg_resources is deprecated as an API. See https://setuptools.pypa.io/en/latest/pkg_resources.html. The pkg_resources package is slated for removal as early as 2025-11-30. Refrain from using this package or pin to Setuptools<81.
  import pkg_resources
/home/rezac/bin/miniconda3/envs/ml-uma/lib/python3.12/site-packages/torchtnt/utils/version.py:12: UserWarning: pkg_resources is deprecated as an API. See https://setuptools.pypa.io/en/latest/pkg_resources.html. The pkg_resources package is slated for removal as early as 2025-11-30. Refrain from using this package or pin to Setuptools<81.
  import pkg_resources
/home/rezac/bin/miniconda3/envs/ml-uma/lib/python3.12/site-packages/torchtnt/utils/version.py:12: UserWarning: pkg_resources is deprecated as an API. See https://setuptools.pypa.io/en/latest/pkg_resources.html. The pkg_resources package is slated for removal as early as 2025-11-30. Refrain from using this package or pin to Setuptools<81.
  import pkg_resources
/home/rezac/bin/miniconda3/envs/ml-uma/lib/python3.12/site-packages/torchtnt/utils/version.py:12: UserWarning: pkg_resources is deprecated as an API. See https://setuptools.pypa.io/en/latest/pkg_resources.html. The pkg_resources package is slated for removal as early as 2025-11-30. Refrain from using this package or pin to Setuptools<81.
  import pkg_resources
/home/rezac/bin/miniconda3/envs/ml-uma/lib/python3.12/site-packages/torchtnt/utils/version.py:12: UserWarning: pkg_resources is deprecated as an API. See https://setuptools.pypa.io/en/latest/pkg_resources.html. The pkg_resources package is slated for removal as early as 2025-11-30. Refrain from using this package or pin to Setuptools<81.
  import pkg_resources
/home/rezac/bin/miniconda3/envs/ml-uma/lib/python3.12/site-packages/torchtnt/utils/version.py:12: UserWarning: pkg_resources is deprecated as an API. See https://setuptools.pypa.io/en/latest/pkg_resources.html. The pkg_resources package is slated for removal as early as 2025-11-30. Refrain from using this package or pin to Setuptools<81.
  import pkg_resources
/home/rezac/bin/miniconda3/envs/ml-uma/lib/python3.12/site-packages/torchtnt/utils/version.py:12: UserWarning: pkg_resources is deprecated as an API. See https://setuptools.pypa.io/en/latest/pkg_resources.html. The pkg_resources package is slated for removal as early as 2025-11-30. Refrain from using this package or pin to Setuptools<81.
  import pkg_resources
/home/rezac/bin/miniconda3/envs/ml-uma/lib/python3.12/site-packages/torchtnt/utils/version.py:12: UserWarning: pkg_resources is deprecated as an API. See https://setuptools.pypa.io/en/latest/pkg_resources.html. The pkg_resources package is slated for removal as early as 2025-11-30. Refrain from using this package or pin to Setuptools<81.
  import pkg_resources
/home/rezac/bin/miniconda3/envs/ml-uma/lib/python3.12/site-packages/torchtnt/utils/version.py:12: UserWarning: pkg_resources is deprecated as an API. See https://setuptools.pypa.io/en/latest/pkg_resources.html. The pkg_resources package is slated for removal as early as 2025-11-30. Refrain from using this package or pin to Setuptools<81.
  import pkg_resources
/home/rezac/bin/miniconda3/envs/ml-uma/lib/python3.12/site-packages/torchtnt/utils/version.py:12: UserWarning: pkg_resources is deprecated as an API. See https://setuptools.pypa.io/en/latest/pkg_resources.html. The pkg_resources package is slated for removal as early as 2025-11-30. Refrain from using this package or pin to Setuptools<81.
  import pkg_resources
/home/rezac/bin/miniconda3/envs/ml-uma/lib/python3.12/site-packages/torchtnt/utils/version.py:12: UserWarning: pkg_resources is deprecated as an API. See https://setuptools.pypa.io/en/latest/pkg_resources.html. The pkg_resources package is slated for removal as early as 2025-11-30. Refrain from using this package or pin to Setuptools<81.
  import pkg_resources
/home/rezac/bin/miniconda3/envs/ml-uma/lib/python3.12/site-packages/torchtnt/utils/version.py:12: UserWarning: pkg_resources is deprecated as an API. See https://setuptools.pypa.io/en/latest/pkg_resources.html. The pkg_resources package is slated for removal as early as 2025-11-30. Refrain from using this package or pin to Setuptools<81.
  import pkg_resources
/home/rezac/bin/miniconda3/envs/ml-uma/lib/python3.12/site-packages/torchtnt/utils/version.py:12: UserWarning: pkg_resources is deprecated as an API. See https://setuptools.pypa.io/en/latest/pkg_resources.html. The pkg_resources package is slated for removal as early as 2025-11-30. Refrain from using this package or pin to Setuptools<81.
  import pkg_resources
/home/rezac/bin/miniconda3/envs/ml-uma/lib/python3.12/site-packages/torchtnt/utils/version.py:12: UserWarning: pkg_resources is deprecated as an API. See https://setuptools.pypa.io/en/latest/pkg_resources.html. The pkg_resources package is slated for removal as early as 2025-11-30. Refrain from using this package or pin to Setuptools<81.
  import pkg_resources
/home/rezac/bin/miniconda3/envs/ml-uma/lib/python3.12/site-packages/torchtnt/utils/version.py:12: UserWarning: pkg_resources is deprecated as an API. See https://setuptools.pypa.io/en/latest/pkg_resources.html. The pkg_resources package is slated for removal as early as 2025-11-30. Refrain from using this package or pin to Setuptools<81.
  import pkg_resources
/home/rezac/bin/miniconda3/envs/ml-uma/lib/python3.12/site-packages/torchtnt/utils/version.py:12: UserWarning: pkg_resources is deprecated as an API. See https://setuptools.pypa.io/en/latest/pkg_resources.html. The pkg_resources package is slated for removal as early as 2025-11-30. Refrain from using this package or pin to Setuptools<81.
  import pkg_resources
/home/rezac/bin/miniconda3/envs/ml-uma/lib/python3.12/site-packages/torchtnt/utils/version.py:12: UserWarning: pkg_resources is deprecated as an API. See https://setuptools.pypa.io/en/latest/pkg_resources.html. The pkg_resources package is slated for removal as early as 2025-11-30. Refrain from using this package or pin to Setuptools<81.
  import pkg_resources
/home/rezac/bin/miniconda3/envs/ml-uma/lib/python3.12/site-packages/torchtnt/utils/version.py:12: UserWarning: pkg_resources is deprecated as an API. See https://setuptools.pypa.io/en/latest/pkg_resources.html. The pkg_resources package is slated for removal as early as 2025-11-30. Refrain from using this package or pin to Setuptools<81.
  import pkg_resources
/home/rezac/bin/miniconda3/envs/ml-uma/lib/python3.12/site-packages/torchtnt/utils/version.py:12: UserWarning: pkg_resources is deprecated as an API. See https://setuptools.pypa.io/en/latest/pkg_resources.html. The pkg_resources package is slated for removal as early as 2025-11-30. Refrain from using this package or pin to Setuptools<81.
  import pkg_resources
/home/rezac/bin/miniconda3/envs/ml-uma/lib/python3.12/site-packages/torchtnt/utils/version.py:12: UserWarning: pkg_resources is deprecated as an API. See https://setuptools.pypa.io/en/latest/pkg_resources.html. The pkg_resources package is slated for removal as early as 2025-11-30. Refrain from using this package or pin to Setuptools<81.
  import pkg_resources
/home/rezac/bin/miniconda3/envs/ml-uma/lib/python3.12/site-packages/torchtnt/utils/version.py:12: UserWarning: pkg_resources is deprecated as an API. See https://setuptools.pypa.io/en/latest/pkg_resources.html. The pkg_resources package is slated for removal as early as 2025-11-30. Refrain from using this package or pin to Setuptools<81.
  import pkg_resources
/home/rezac/bin/miniconda3/envs/ml-uma/lib/python3.12/site-packages/torchtnt/utils/version.py:12: UserWarning: pkg_resources is deprecated as an API. See https://setuptools.pypa.io/en/latest/pkg_resources.html. The pkg_resources package is slated for removal as early as 2025-11-30. Refrain from using this package or pin to Setuptools<81.
  import pkg_resources
/home/rezac/bin/miniconda3/envs/ml-uma/lib/python3.12/site-packages/torchtnt/utils/version.py:12: UserWarning: pkg_resources is deprecated as an API. See https://setuptools.pypa.io/en/latest/pkg_resources.html. The pkg_resources package is slated for removal as early as 2025-11-30. Refrain from using this package or pin to Setuptools<81.
  import pkg_resources
/home/rezac/bin/miniconda3/envs/ml-uma/lib/python3.12/site-packages/torchtnt/utils/version.py:12: UserWarning: pkg_resources is deprecated as an API. See https://setuptools.pypa.io/en/latest/pkg_resources.html. The pkg_resources package is slated for removal as early as 2025-11-30. Refrain from using this package or pin to Setuptools<81.
  import pkg_resources
/home/rezac/bin/miniconda3/envs/ml-uma/lib/python3.12/site-packages/torchtnt/utils/version.py:12: UserWarning: pkg_resources is deprecated as an API. See https://setuptools.pypa.io/en/latest/pkg_resources.html. The pkg_resources package is slated for removal as early as 2025-11-30. Refrain from using this package or pin to Setuptools<81.
  import pkg_resources
/home/rezac/bin/miniconda3/envs/ml-uma/lib/python3.12/site-packages/torchtnt/utils/version.py:12: UserWarning: pkg_resources is deprecated as an API. See https://setuptools.pypa.io/en/latest/pkg_resources.html. The pkg_resources package is slated for removal as early as 2025-11-30. Refrain from using this package or pin to Setuptools<81.
  import pkg_resources
/home/rezac/bin/miniconda3/envs/ml-uma/lib/python3.12/site-packages/torchtnt/utils/version.py:12: UserWarning: pkg_resources is deprecated as an API. See https://setuptools.pypa.io/en/latest/pkg_resources.html. The pkg_resources package is slated for removal as early as 2025-11-30. Refrain from using this package or pin to Setuptools<81.
  import pkg_resources
/home/rezac/bin/miniconda3/envs/ml-uma/lib/python3.12/site-packages/torchtnt/utils/version.py:12: UserWarning: pkg_resources is deprecated as an API. See https://setuptools.pypa.io/en/latest/pkg_resources.html. The pkg_resources package is slated for removal as early as 2025-11-30. Refrain from using this package or pin to Setuptools<81.
  import pkg_resources
/home/rezac/bin/miniconda3/envs/ml-uma/lib/python3.12/site-packages/torchtnt/utils/version.py:12: UserWarning: pkg_resources is deprecated as an API. See https://setuptools.pypa.io/en/latest/pkg_resources.html. The pkg_resources package is slated for removal as early as 2025-11-30. Refrain from using this package or pin to Setuptools<81.
  import pkg_resources
/home/rezac/bin/miniconda3/envs/ml-uma/lib/python3.12/site-packages/torchtnt/utils/version.py:12: UserWarning: pkg_resources is deprecated as an API. See https://setuptools.pypa.io/en/latest/pkg_resources.html. The pkg_resources package is slated for removal as early as 2025-11-30. Refrain from using this package or pin to Setuptools<81.
  import pkg_resources
/home/rezac/bin/miniconda3/envs/ml-uma/lib/python3.12/site-packages/torchtnt/utils/version.py:12: UserWarning: pkg_resources is deprecated as an API. See https://setuptools.pypa.io/en/latest/pkg_resources.html. The pkg_resources package is slated for removal as early as 2025-11-30. Refrain from using this package or pin to Setuptools<81.
  import pkg_resources
/home/rezac/bin/miniconda3/envs/ml-uma/lib/python3.12/site-packages/torchtnt/utils/version.py:12: UserWarning: pkg_resources is deprecated as an API. See https://setuptools.pypa.io/en/latest/pkg_resources.html. The pkg_resources package is slated for removal as early as 2025-11-30. Refrain from using this package or pin to Setuptools<81.
  import pkg_resources
/home/rezac/bin/miniconda3/envs/ml-uma/lib/python3.12/site-packages/torchtnt/utils/version.py:12: UserWarning: pkg_resources is deprecated as an API. See https://setuptools.pypa.io/en/latest/pkg_resources.html. The pkg_resources package is slated for removal as early as 2025-11-30. Refrain from using this package or pin to Setuptools<81.
  import pkg_resources
/home/rezac/bin/miniconda3/envs/ml-uma/lib/python3.12/site-packages/torchtnt/utils/version.py:12: UserWarning: pkg_resources is deprecated as an API. See https://setuptools.pypa.io/en/latest/pkg_resources.html. The pkg_resources package is slated for removal as early as 2025-11-30. Refrain from using this package or pin to Setuptools<81.
  import pkg_resources
/home/rezac/bin/miniconda3/envs/ml-uma/lib/python3.12/site-packages/torchtnt/utils/version.py:12: UserWarning: pkg_resources is deprecated as an API. See https://setuptools.pypa.io/en/latest/pkg_resources.html. The pkg_resources package is slated for removal as early as 2025-11-30. Refrain from using this package or pin to Setuptools<81.
  import pkg_resources
/home/rezac/bin/miniconda3/envs/ml-uma/lib/python3.12/site-packages/torchtnt/utils/version.py:12: UserWarning: pkg_resources is deprecated as an API. See https://setuptools.pypa.io/en/latest/pkg_resources.html. The pkg_resources package is slated for removal as early as 2025-11-30. Refrain from using this package or pin to Setuptools<81.
  import pkg_resources
/home/rezac/bin/miniconda3/envs/ml-uma/lib/python3.12/site-packages/torchtnt/utils/version.py:12: UserWarning: pkg_resources is deprecated as an API. See https://setuptools.pypa.io/en/latest/pkg_resources.html. The pkg_resources package is slated for removal as early as 2025-11-30. Refrain from using this package or pin to Setuptools<81.
  import pkg_resources
/home/rezac/bin/miniconda3/envs/ml-uma/lib/python3.12/site-packages/torchtnt/utils/version.py:12: UserWarning: pkg_resources is deprecated as an API. See https://setuptools.pypa.io/en/latest/pkg_resources.html. The pkg_resources package is slated for removal as early as 2025-11-30. Refrain from using this package or pin to Setuptools<81.
  import pkg_resources
/home/rezac/bin/miniconda3/envs/ml-uma/lib/python3.12/site-packages/torchtnt/utils/version.py:12: UserWarning: pkg_resources is deprecated as an API. See https://setuptools.pypa.io/en/latest/pkg_resources.html. The pkg_resources package is slated for removal as early as 2025-11-30. Refrain from using this package or pin to Setuptools<81.
  import pkg_resources
/home/rezac/bin/miniconda3/envs/ml-uma/lib/python3.12/site-packages/torchtnt/utils/version.py:12: UserWarning: pkg_resources is deprecated as an API. See https://setuptools.pypa.io/en/latest/pkg_resources.html. The pkg_resources package is slated for removal as early as 2025-11-30. Refrain from using this package or pin to Setuptools<81.
  import pkg_resources
/home/rezac/bin/miniconda3/envs/ml-uma/lib/python3.12/site-packages/torchtnt/utils/version.py:12: UserWarning: pkg_resources is deprecated as an API. See https://setuptools.pypa.io/en/latest/pkg_resources.html. The pkg_resources package is slated for removal as early as 2025-11-30. Refrain from using this package or pin to Setuptools<81.
  import pkg_resources
/home/rezac/bin/miniconda3/envs/ml-uma/lib/python3.12/site-packages/torchtnt/utils/version.py:12: UserWarning: pkg_resources is deprecated as an API. See https://setuptools.pypa.io/en/latest/pkg_resources.html. The pkg_resources package is slated for removal as early as 2025-11-30. Refrain from using this package or pin to Setuptools<81.
  import pkg_resources
/home/rezac/bin/miniconda3/envs/ml-uma/lib/python3.12/site-packages/torchtnt/utils/version.py:12: UserWarning: pkg_resources is deprecated as an API. See https://setuptools.pypa.io/en/latest/pkg_resources.html. The pkg_resources package is slated for removal as early as 2025-11-30. Refrain from using this package or pin to Setuptools<81.
  import pkg_resources
/home/rezac/bin/miniconda3/envs/ml-uma/lib/python3.12/site-packages/torchtnt/utils/version.py:12: UserWarning: pkg_resources is deprecated as an API. See https://setuptools.pypa.io/en/latest/pkg_resources.html. The pkg_resources package is slated for removal as early as 2025-11-30. Refrain from using this package or pin to Setuptools<81.
  import pkg_resources
/home/rezac/bin/miniconda3/envs/ml-uma/lib/python3.12/site-packages/torchtnt/utils/version.py:12: UserWarning: pkg_resources is deprecated as an API. See https://setuptools.pypa.io/en/latest/pkg_resources.html. The pkg_resources package is slated for removal as early as 2025-11-30. Refrain from using this package or pin to Setuptools<81.
  import pkg_resources
/home/rezac/bin/miniconda3/envs/ml-uma/lib/python3.12/site-packages/torchtnt/utils/version.py:12: UserWarning: pkg_resources is deprecated as an API. See https://setuptools.pypa.io/en/latest/pkg_resources.html. The pkg_resources package is slated for removal as early as 2025-11-30. Refrain from using this package or pin to Setuptools<81.
  import pkg_resources
/home/rezac/bin/miniconda3/envs/ml-uma/lib/python3.12/site-packages/torchtnt/utils/version.py:12: UserWarning: pkg_resources is deprecated as an API. See https://setuptools.pypa.io/en/latest/pkg_resources.html. The pkg_resources package is slated for removal as early as 2025-11-30. Refrain from using this package or pin to Setuptools<81.
  import pkg_resources
/home/rezac/bin/miniconda3/envs/ml-uma/lib/python3.12/site-packages/torchtnt/utils/version.py:12: UserWarning: pkg_resources is deprecated as an API. See https://setuptools.pypa.io/en/latest/pkg_resources.html. The pkg_resources package is slated for removal as early as 2025-11-30. Refrain from using this package or pin to Setuptools<81.
  import pkg_resources
/home/rezac/bin/miniconda3/envs/ml-uma/lib/python3.12/site-packages/torchtnt/utils/version.py:12: UserWarning: pkg_resources is deprecated as an API. See https://setuptools.pypa.io/en/latest/pkg_resources.html. The pkg_resources package is slated for removal as early as 2025-11-30. Refrain from using this package or pin to Setuptools<81.
  import pkg_resources
/home/rezac/bin/miniconda3/envs/ml-uma/lib/python3.12/site-packages/torchtnt/utils/version.py:12: UserWarning: pkg_resources is deprecated as an API. See https://setuptools.pypa.io/en/latest/pkg_resources.html. The pkg_resources package is slated for removal as early as 2025-11-30. Refrain from using this package or pin to Setuptools<81.
  import pkg_resources
/home/rezac/bin/miniconda3/envs/ml-uma/lib/python3.12/site-packages/torchtnt/utils/version.py:12: UserWarning: pkg_resources is deprecated as an API. See https://setuptools.pypa.io/en/latest/pkg_resources.html. The pkg_resources package is slated for removal as early as 2025-11-30. Refrain from using this package or pin to Setuptools<81.
  import pkg_resources
/home/rezac/bin/miniconda3/envs/ml-uma/lib/python3.12/site-packages/torchtnt/utils/version.py:12: UserWarning: pkg_resources is deprecated as an API. See https://setuptools.pypa.io/en/latest/pkg_resources.html. The pkg_resources package is slated for removal as early as 2025-11-30. Refrain from using this package or pin to Setuptools<81.
  import pkg_resources
/home/rezac/bin/miniconda3/envs/ml-uma/lib/python3.12/site-packages/torchtnt/utils/version.py:12: UserWarning: pkg_resources is deprecated as an API. See https://setuptools.pypa.io/en/latest/pkg_resources.html. The pkg_resources package is slated for removal as early as 2025-11-30. Refrain from using this package or pin to Setuptools<81.
  import pkg_resources
/home/rezac/bin/miniconda3/envs/ml-uma/lib/python3.12/site-packages/torchtnt/utils/version.py:12: UserWarning: pkg_resources is deprecated as an API. See https://setuptools.pypa.io/en/latest/pkg_resources.html. The pkg_resources package is slated for removal as early as 2025-11-30. Refrain from using this package or pin to Setuptools<81.
  import pkg_resources
/home/rezac/bin/miniconda3/envs/ml-uma/lib/python3.12/site-packages/torchtnt/utils/version.py:12: UserWarning: pkg_resources is deprecated as an API. See https://setuptools.pypa.io/en/latest/pkg_resources.html. The pkg_resources package is slated for removal as early as 2025-11-30. Refrain from using this package or pin to Setuptools<81.
  import pkg_resources
/home/rezac/bin/miniconda3/envs/ml-uma/lib/python3.12/site-packages/torchtnt/utils/version.py:12: UserWarning: pkg_resources is deprecated as an API. See https://setuptools.pypa.io/en/latest/pkg_resources.html. The pkg_resources package is slated for removal as early as 2025-11-30. Refrain from using this package or pin to Setuptools<81.
  import pkg_resources
/home/rezac/bin/miniconda3/envs/ml-uma/lib/python3.12/site-packages/torchtnt/utils/version.py:12: UserWarning: pkg_resources is deprecated as an API. See https://setuptools.pypa.io/en/latest/pkg_resources.html. The pkg_resources package is slated for removal as early as 2025-11-30. Refrain from using this package or pin to Setuptools<81.
  import pkg_resources
/home/rezac/bin/miniconda3/envs/ml-uma/lib/python3.12/site-packages/torchtnt/utils/version.py:12: UserWarning: pkg_resources is deprecated as an API. See https://setuptools.pypa.io/en/latest/pkg_resources.html. The pkg_resources package is slated for removal as early as 2025-11-30. Refrain from using this package or pin to Setuptools<81.
  import pkg_resources
/home/rezac/bin/miniconda3/envs/ml-uma/lib/python3.12/site-packages/torchtnt/utils/version.py:12: UserWarning: pkg_resources is deprecated as an API. See https://setuptools.pypa.io/en/latest/pkg_resources.html. The pkg_resources package is slated for removal as early as 2025-11-30. Refrain from using this package or pin to Setuptools<81.
  import pkg_resources
/home/rezac/bin/miniconda3/envs/ml-uma/lib/python3.12/site-packages/torchtnt/utils/version.py:12: UserWarning: pkg_resources is deprecated as an API. See https://setuptools.pypa.io/en/latest/pkg_resources.html. The pkg_resources package is slated for removal as early as 2025-11-30. Refrain from using this package or pin to Setuptools<81.
  import pkg_resources
/home/rezac/bin/miniconda3/envs/ml-uma/lib/python3.12/site-packages/torchtnt/utils/version.py:12: UserWarning: pkg_resources is deprecated as an API. See https://setuptools.pypa.io/en/latest/pkg_resources.html. The pkg_resources package is slated for removal as early as 2025-11-30. Refrain from using this package or pin to Setuptools<81.
  import pkg_resources
/home/rezac/bin/miniconda3/envs/ml-uma/lib/python3.12/site-packages/torchtnt/utils/version.py:12: UserWarning: pkg_resources is deprecated as an API. See https://setuptools.pypa.io/en/latest/pkg_resources.html. The pkg_resources package is slated for removal as early as 2025-11-30. Refrain from using this package or pin to Setuptools<81.
  import pkg_resources
/home/rezac/bin/miniconda3/envs/ml-uma/lib/python3.12/site-packages/torchtnt/utils/version.py:12: UserWarning: pkg_resources is deprecated as an API. See https://setuptools.pypa.io/en/latest/pkg_resources.html. The pkg_resources package is slated for removal as early as 2025-11-30. Refrain from using this package or pin to Setuptools<81.
  import pkg_resources
/home/rezac/bin/miniconda3/envs/ml-uma/lib/python3.12/site-packages/torchtnt/utils/version.py:12: UserWarning: pkg_resources is deprecated as an API. See https://setuptools.pypa.io/en/latest/pkg_resources.html. The pkg_resources package is slated for removal as early as 2025-11-30. Refrain from using this package or pin to Setuptools<81.
  import pkg_resources
/home/rezac/bin/miniconda3/envs/ml-uma/lib/python3.12/site-packages/torchtnt/utils/version.py:12: UserWarning: pkg_resources is deprecated as an API. See https://setuptools.pypa.io/en/latest/pkg_resources.html. The pkg_resources package is slated for removal as early as 2025-11-30. Refrain from using this package or pin to Setuptools<81.
  import pkg_resources
/home/rezac/bin/miniconda3/envs/ml-uma/lib/python3.12/site-packages/torchtnt/utils/version.py:12: UserWarning: pkg_resources is deprecated as an API. See https://setuptools.pypa.io/en/latest/pkg_resources.html. The pkg_resources package is slated for removal as early as 2025-11-30. Refrain from using this package or pin to Setuptools<81.
  import pkg_resources
/home/rezac/bin/miniconda3/envs/ml-uma/lib/python3.12/site-packages/torchtnt/utils/version.py:12: UserWarning: pkg_resources is deprecated as an API. See https://setuptools.pypa.io/en/latest/pkg_resources.html. The pkg_resources package is slated for removal as early as 2025-11-30. Refrain from using this package or pin to Setuptools<81.
  import pkg_resources
/home/rezac/bin/miniconda3/envs/ml-uma/lib/python3.12/site-packages/torchtnt/utils/version.py:12: UserWarning: pkg_resources is deprecated as an API. See https://setuptools.pypa.io/en/latest/pkg_resources.html. The pkg_resources package is slated for removal as early as 2025-11-30. Refrain from using this package or pin to Setuptools<81.
  import pkg_resources
/home/rezac/bin/miniconda3/envs/ml-uma/lib/python3.12/site-packages/torchtnt/utils/version.py:12: UserWarning: pkg_resources is deprecated as an API. See https://setuptools.pypa.io/en/latest/pkg_resources.html. The pkg_resources package is slated for removal as early as 2025-11-30. Refrain from using this package or pin to Setuptools<81.
  import pkg_resources
/home/rezac/bin/miniconda3/envs/ml-uma/lib/python3.12/site-packages/torchtnt/utils/version.py:12: UserWarning: pkg_resources is deprecated as an API. See https://setuptools.pypa.io/en/latest/pkg_resources.html. The pkg_resources package is slated for removal as early as 2025-11-30. Refrain from using this package or pin to Setuptools<81.
  import pkg_resources
/home/rezac/bin/miniconda3/envs/ml-uma/lib/python3.12/site-packages/torchtnt/utils/version.py:12: UserWarning: pkg_resources is deprecated as an API. See https://setuptools.pypa.io/en/latest/pkg_resources.html. The pkg_resources package is slated for removal as early as 2025-11-30. Refrain from using this package or pin to Setuptools<81.
  import pkg_resources
/home/rezac/bin/miniconda3/envs/ml-uma/lib/python3.12/site-packages/torchtnt/utils/version.py:12: UserWarning: pkg_resources is deprecated as an API. See https://setuptools.pypa.io/en/latest/pkg_resources.html. The pkg_resources package is slated for removal as early as 2025-11-30. Refrain from using this package or pin to Setuptools<81.
  import pkg_resources
/home/rezac/bin/miniconda3/envs/ml-uma/lib/python3.12/site-packages/torchtnt/utils/version.py:12: UserWarning: pkg_resources is deprecated as an API. See https://setuptools.pypa.io/en/latest/pkg_resources.html. The pkg_resources package is slated for removal as early as 2025-11-30. Refrain from using this package or pin to Setuptools<81.
  import pkg_resources
/home/rezac/bin/miniconda3/envs/ml-uma/lib/python3.12/site-packages/torchtnt/utils/version.py:12: UserWarning: pkg_resources is deprecated as an API. See https://setuptools.pypa.io/en/latest/pkg_resources.html. The pkg_resources package is slated for removal as early as 2025-11-30. Refrain from using this package or pin to Setuptools<81.
  import pkg_resources
/home/rezac/bin/miniconda3/envs/ml-uma/lib/python3.12/site-packages/torchtnt/utils/version.py:12: UserWarning: pkg_resources is deprecated as an API. See https://setuptools.pypa.io/en/latest/pkg_resources.html. The pkg_resources package is slated for removal as early as 2025-11-30. Refrain from using this package or pin to Setuptools<81.
  import pkg_resources
/home/rezac/bin/miniconda3/envs/ml-uma/lib/python3.12/site-packages/torchtnt/utils/version.py:12: UserWarning: pkg_resources is deprecated as an API. See https://setuptools.pypa.io/en/latest/pkg_resources.html. The pkg_resources package is slated for removal as early as 2025-11-30. Refrain from using this package or pin to Setuptools<81.
  import pkg_resources
/home/rezac/bin/miniconda3/envs/ml-uma/lib/python3.12/site-packages/torchtnt/utils/version.py:12: UserWarning: pkg_resources is deprecated as an API. See https://setuptools.pypa.io/en/latest/pkg_resources.html. The pkg_resources package is slated for removal as early as 2025-11-30. Refrain from using this package or pin to Setuptools<81.
  import pkg_resources
/home/rezac/bin/miniconda3/envs/ml-uma/lib/python3.12/site-packages/torchtnt/utils/version.py:12: UserWarning: pkg_resources is deprecated as an API. See https://setuptools.pypa.io/en/latest/pkg_resources.html. The pkg_resources package is slated for removal as early as 2025-11-30. Refrain from using this package or pin to Setuptools<81.
  import pkg_resources
/home/rezac/bin/miniconda3/envs/ml-uma/lib/python3.12/site-packages/torchtnt/utils/version.py:12: UserWarning: pkg_resources is deprecated as an API. See https://setuptools.pypa.io/en/latest/pkg_resources.html. The pkg_resources package is slated for removal as early as 2025-11-30. Refrain from using this package or pin to Setuptools<81.
  import pkg_resources
/home/rezac/bin/miniconda3/envs/ml-uma/lib/python3.12/site-packages/torchtnt/utils/version.py:12: UserWarning: pkg_resources is deprecated as an API. See https://setuptools.pypa.io/en/latest/pkg_resources.html. The pkg_resources package is slated for removal as early as 2025-11-30. Refrain from using this package or pin to Setuptools<81.
  import pkg_resources
/home/rezac/bin/miniconda3/envs/ml-uma/lib/python3.12/site-packages/torchtnt/utils/version.py:12: UserWarning: pkg_resources is deprecated as an API. See https://setuptools.pypa.io/en/latest/pkg_resources.html. The pkg_resources package is slated for removal as early as 2025-11-30. Refrain from using this package or pin to Setuptools<81.
  import pkg_resources
/home/rezac/bin/miniconda3/envs/ml-uma/lib/python3.12/site-packages/torchtnt/utils/version.py:12: UserWarning: pkg_resources is deprecated as an API. See https://setuptools.pypa.io/en/latest/pkg_resources.html. The pkg_resources package is slated for removal as early as 2025-11-30. Refrain from using this package or pin to Setuptools<81.
  import pkg_resources
/home/rezac/bin/miniconda3/envs/ml-uma/lib/python3.12/site-packages/torchtnt/utils/version.py:12: UserWarning: pkg_resources is deprecated as an API. See https://setuptools.pypa.io/en/latest/pkg_resources.html. The pkg_resources package is slated for removal as early as 2025-11-30. Refrain from using this package or pin to Setuptools<81.
  import pkg_resources
/home/rezac/bin/miniconda3/envs/ml-uma/lib/python3.12/site-packages/torchtnt/utils/version.py:12: UserWarning: pkg_resources is deprecated as an API. See https://setuptools.pypa.io/en/latest/pkg_resources.html. The pkg_resources package is slated for removal as early as 2025-11-30. Refrain from using this package or pin to Setuptools<81.
  import pkg_resources
/home/rezac/bin/miniconda3/envs/ml-uma/lib/python3.12/site-packages/torchtnt/utils/version.py:12: UserWarning: pkg_resources is deprecated as an API. See https://setuptools.pypa.io/en/latest/pkg_resources.html. The pkg_resources package is slated for removal as early as 2025-11-30. Refrain from using this package or pin to Setuptools<81.
  import pkg_resources
/home/rezac/bin/miniconda3/envs/ml-uma/lib/python3.12/site-packages/torchtnt/utils/version.py:12: UserWarning: pkg_resources is deprecated as an API. See https://setuptools.pypa.io/en/latest/pkg_resources.html. The pkg_resources package is slated for removal as early as 2025-11-30. Refrain from using this package or pin to Setuptools<81.
  import pkg_resources
/home/rezac/bin/miniconda3/envs/ml-uma/lib/python3.12/site-packages/torchtnt/utils/version.py:12: UserWarning: pkg_resources is deprecated as an API. See https://setuptools.pypa.io/en/latest/pkg_resources.html. The pkg_resources package is slated for removal as early as 2025-11-30. Refrain from using this package or pin to Setuptools<81.
  import pkg_resources
/home/rezac/bin/miniconda3/envs/ml-uma/lib/python3.12/site-packages/torchtnt/utils/version.py:12: UserWarning: pkg_resources is deprecated as an API. See https://setuptools.pypa.io/en/latest/pkg_resources.html. The pkg_resources package is slated for removal as early as 2025-11-30. Refrain from using this package or pin to Setuptools<81.
  import pkg_resources
/home/rezac/bin/miniconda3/envs/ml-uma/lib/python3.12/site-packages/torchtnt/utils/version.py:12: UserWarning: pkg_resources is deprecated as an API. See https://setuptools.pypa.io/en/latest/pkg_resources.html. The pkg_resources package is slated for removal as early as 2025-11-30. Refrain from using this package or pin to Setuptools<81.
  import pkg_resources
/home/rezac/bin/miniconda3/envs/ml-uma/lib/python3.12/site-packages/torchtnt/utils/version.py:12: UserWarning: pkg_resources is deprecated as an API. See https://setuptools.pypa.io/en/latest/pkg_resources.html. The pkg_resources package is slated for removal as early as 2025-11-30. Refrain from using this package or pin to Setuptools<81.
  import pkg_resources
/home/rezac/bin/miniconda3/envs/ml-uma/lib/python3.12/site-packages/torchtnt/utils/version.py:12: UserWarning: pkg_resources is deprecated as an API. See https://setuptools.pypa.io/en/latest/pkg_resources.html. The pkg_resources package is slated for removal as early as 2025-11-30. Refrain from using this package or pin to Setuptools<81.
  import pkg_resources
/home/rezac/bin/miniconda3/envs/ml-uma/lib/python3.12/site-packages/torchtnt/utils/version.py:12: UserWarning: pkg_resources is deprecated as an API. See https://setuptools.pypa.io/en/latest/pkg_resources.html. The pkg_resources package is slated for removal as early as 2025-11-30. Refrain from using this package or pin to Setuptools<81.
  import pkg_resources
/home/rezac/bin/miniconda3/envs/ml-uma/lib/python3.12/site-packages/torchtnt/utils/version.py:12: UserWarning: pkg_resources is deprecated as an API. See https://setuptools.pypa.io/en/latest/pkg_resources.html. The pkg_resources package is slated for removal as early as 2025-11-30. Refrain from using this package or pin to Setuptools<81.
  import pkg_resources
/home/rezac/bin/miniconda3/envs/ml-uma/lib/python3.12/site-packages/torchtnt/utils/version.py:12: UserWarning: pkg_resources is deprecated as an API. See https://setuptools.pypa.io/en/latest/pkg_resources.html. The pkg_resources package is slated for removal as early as 2025-11-30. Refrain from using this package or pin to Setuptools<81.
  import pkg_resources
/home/rezac/bin/miniconda3/envs/ml-uma/lib/python3.12/site-packages/torchtnt/utils/version.py:12: UserWarning: pkg_resources is deprecated as an API. See https://setuptools.pypa.io/en/latest/pkg_resources.html. The pkg_resources package is slated for removal as early as 2025-11-30. Refrain from using this package or pin to Setuptools<81.
  import pkg_resources
/home/rezac/bin/miniconda3/envs/ml-uma/lib/python3.12/site-packages/torchtnt/utils/version.py:12: UserWarning: pkg_resources is deprecated as an API. See https://setuptools.pypa.io/en/latest/pkg_resources.html. The pkg_resources package is slated for removal as early as 2025-11-30. Refrain from using this package or pin to Setuptools<81.
  import pkg_resources
/home/rezac/bin/miniconda3/envs/ml-uma/lib/python3.12/site-packages/torchtnt/utils/version.py:12: UserWarning: pkg_resources is deprecated as an API. See https://setuptools.pypa.io/en/latest/pkg_resources.html. The pkg_resources package is slated for removal as early as 2025-11-30. Refrain from using this package or pin to Setuptools<81.
  import pkg_resources
/home/rezac/bin/miniconda3/envs/ml-uma/lib/python3.12/site-packages/torchtnt/utils/version.py:12: UserWarning: pkg_resources is deprecated as an API. See https://setuptools.pypa.io/en/latest/pkg_resources.html. The pkg_resources package is slated for removal as early as 2025-11-30. Refrain from using this package or pin to Setuptools<81.
  import pkg_resources
/home/rezac/bin/miniconda3/envs/ml-uma/lib/python3.12/site-packages/torchtnt/utils/version.py:12: UserWarning: pkg_resources is deprecated as an API. See https://setuptools.pypa.io/en/latest/pkg_resources.html. The pkg_resources package is slated for removal as early as 2025-11-30. Refrain from using this package or pin to Setuptools<81.
  import pkg_resources
/home/rezac/bin/miniconda3/envs/ml-uma/lib/python3.12/site-packages/torchtnt/utils/version.py:12: UserWarning: pkg_resources is deprecated as an API. See https://setuptools.pypa.io/en/latest/pkg_resources.html. The pkg_resources package is slated for removal as early as 2025-11-30. Refrain from using this package or pin to Setuptools<81.
  import pkg_resources
/home/rezac/bin/miniconda3/envs/ml-uma/lib/python3.12/site-packages/torchtnt/utils/version.py:12: UserWarning: pkg_resources is deprecated as an API. See https://setuptools.pypa.io/en/latest/pkg_resources.html. The pkg_resources package is slated for removal as early as 2025-11-30. Refrain from using this package or pin to Setuptools<81.
  import pkg_resources
/home/rezac/bin/miniconda3/envs/ml-uma/lib/python3.12/site-packages/torchtnt/utils/version.py:12: UserWarning: pkg_resources is deprecated as an API. See https://setuptools.pypa.io/en/latest/pkg_resources.html. The pkg_resources package is slated for removal as early as 2025-11-30. Refrain from using this package or pin to Setuptools<81.
  import pkg_resources
/home/rezac/bin/miniconda3/envs/ml-uma/lib/python3.12/site-packages/torchtnt/utils/version.py:12: UserWarning: pkg_resources is deprecated as an API. See https://setuptools.pypa.io/en/latest/pkg_resources.html. The pkg_resources package is slated for removal as early as 2025-11-30. Refrain from using this package or pin to Setuptools<81.
  import pkg_resources
/home/rezac/bin/miniconda3/envs/ml-uma/lib/python3.12/site-packages/torchtnt/utils/version.py:12: UserWarning: pkg_resources is deprecated as an API. See https://setuptools.pypa.io/en/latest/pkg_resources.html. The pkg_resources package is slated for removal as early as 2025-11-30. Refrain from using this package or pin to Setuptools<81.
  import pkg_resources
/home/rezac/bin/miniconda3/envs/ml-uma/lib/python3.12/site-packages/torchtnt/utils/version.py:12: UserWarning: pkg_resources is deprecated as an API. See https://setuptools.pypa.io/en/latest/pkg_resources.html. The pkg_resources package is slated for removal as early as 2025-11-30. Refrain from using this package or pin to Setuptools<81.
  import pkg_resources
/home/rezac/bin/miniconda3/envs/ml-uma/lib/python3.12/site-packages/torchtnt/utils/version.py:12: UserWarning: pkg_resources is deprecated as an API. See https://setuptools.pypa.io/en/latest/pkg_resources.html. The pkg_resources package is slated for removal as early as 2025-11-30. Refrain from using this package or pin to Setuptools<81.
  import pkg_resources
/home/rezac/bin/miniconda3/envs/ml-uma/lib/python3.12/site-packages/torchtnt/utils/version.py:12: UserWarning: pkg_resources is deprecated as an API. See https://setuptools.pypa.io/en/latest/pkg_resources.html. The pkg_resources package is slated for removal as early as 2025-11-30. Refrain from using this package or pin to Setuptools<81.
  import pkg_resources
/home/rezac/bin/miniconda3/envs/ml-uma/lib/python3.12/site-packages/torchtnt/utils/version.py:12: UserWarning: pkg_resources is deprecated as an API. See https://setuptools.pypa.io/en/latest/pkg_resources.html. The pkg_resources package is slated for removal as early as 2025-11-30. Refrain from using this package or pin to Setuptools<81.
  import pkg_resources
/home/rezac/bin/miniconda3/envs/ml-uma/lib/python3.12/site-packages/torchtnt/utils/version.py:12: UserWarning: pkg_resources is deprecated as an API. See https://setuptools.pypa.io/en/latest/pkg_resources.html. The pkg_resources package is slated for removal as early as 2025-11-30. Refrain from using this package or pin to Setuptools<81.
  import pkg_resources
/home/rezac/bin/miniconda3/envs/ml-uma/lib/python3.12/site-packages/torchtnt/utils/version.py:12: UserWarning: pkg_resources is deprecated as an API. See https://setuptools.pypa.io/en/latest/pkg_resources.html. The pkg_resources package is slated for removal as early as 2025-11-30. Refrain from using this package or pin to Setuptools<81.
  import pkg_resources
/home/rezac/bin/miniconda3/envs/ml-uma/lib/python3.12/site-packages/torchtnt/utils/version.py:12: UserWarning: pkg_resources is deprecated as an API. See https://setuptools.pypa.io/en/latest/pkg_resources.html. The pkg_resources package is slated for removal as early as 2025-11-30. Refrain from using this package or pin to Setuptools<81.
  import pkg_resources
/home/rezac/bin/miniconda3/envs/ml-uma/lib/python3.12/site-packages/torchtnt/utils/version.py:12: UserWarning: pkg_resources is deprecated as an API. See https://setuptools.pypa.io/en/latest/pkg_resources.html. The pkg_resources package is slated for removal as early as 2025-11-30. Refrain from using this package or pin to Setuptools<81.
  import pkg_resources
/home/rezac/bin/miniconda3/envs/ml-uma/lib/python3.12/site-packages/torchtnt/utils/version.py:12: UserWarning: pkg_resources is deprecated as an API. See https://setuptools.pypa.io/en/latest/pkg_resources.html. The pkg_resources package is slated for removal as early as 2025-11-30. Refrain from using this package or pin to Setuptools<81.
  import pkg_resources
/home/rezac/bin/miniconda3/envs/ml-uma/lib/python3.12/site-packages/torchtnt/utils/version.py:12: UserWarning: pkg_resources is deprecated as an API. See https://setuptools.pypa.io/en/latest/pkg_resources.html. The pkg_resources package is slated for removal as early as 2025-11-30. Refrain from using this package or pin to Setuptools<81.
  import pkg_resources
/home/rezac/bin/miniconda3/envs/ml-uma/lib/python3.12/site-packages/torchtnt/utils/version.py:12: UserWarning: pkg_resources is deprecated as an API. See https://setuptools.pypa.io/en/latest/pkg_resources.html. The pkg_resources package is slated for removal as early as 2025-11-30. Refrain from using this package or pin to Setuptools<81.
  import pkg_resources
/home/rezac/bin/miniconda3/envs/ml-uma/lib/python3.12/site-packages/torchtnt/utils/version.py:12: UserWarning: pkg_resources is deprecated as an API. See https://setuptools.pypa.io/en/latest/pkg_resources.html. The pkg_resources package is slated for removal as early as 2025-11-30. Refrain from using this package or pin to Setuptools<81.
  import pkg_resources
/home/rezac/bin/miniconda3/envs/ml-uma/lib/python3.12/site-packages/torchtnt/utils/version.py:12: UserWarning: pkg_resources is deprecated as an API. See https://setuptools.pypa.io/en/latest/pkg_resources.html. The pkg_resources package is slated for removal as early as 2025-11-30. Refrain from using this package or pin to Setuptools<81.
  import pkg_resources
/home/rezac/bin/miniconda3/envs/ml-uma/lib/python3.12/site-packages/torchtnt/utils/version.py:12: UserWarning: pkg_resources is deprecated as an API. See https://setuptools.pypa.io/en/latest/pkg_resources.html. The pkg_resources package is slated for removal as early as 2025-11-30. Refrain from using this package or pin to Setuptools<81.
  import pkg_resources
/home/rezac/bin/miniconda3/envs/ml-uma/lib/python3.12/site-packages/torchtnt/utils/version.py:12: UserWarning: pkg_resources is deprecated as an API. See https://setuptools.pypa.io/en/latest/pkg_resources.html. The pkg_resources package is slated for removal as early as 2025-11-30. Refrain from using this package or pin to Setuptools<81.
  import pkg_resources
/home/rezac/bin/miniconda3/envs/ml-uma/lib/python3.12/site-packages/torchtnt/utils/version.py:12: UserWarning: pkg_resources is deprecated as an API. See https://setuptools.pypa.io/en/latest/pkg_resources.html. The pkg_resources package is slated for removal as early as 2025-11-30. Refrain from using this package or pin to Setuptools<81.
  import pkg_resources
/home/rezac/bin/miniconda3/envs/ml-uma/lib/python3.12/site-packages/torchtnt/utils/version.py:12: UserWarning: pkg_resources is deprecated as an API. See https://setuptools.pypa.io/en/latest/pkg_resources.html. The pkg_resources package is slated for removal as early as 2025-11-30. Refrain from using this package or pin to Setuptools<81.
  import pkg_resources
/home/rezac/bin/miniconda3/envs/ml-uma/lib/python3.12/site-packages/torchtnt/utils/version.py:12: UserWarning: pkg_resources is deprecated as an API. See https://setuptools.pypa.io/en/latest/pkg_resources.html. The pkg_resources package is slated for removal as early as 2025-11-30. Refrain from using this package or pin to Setuptools<81.
  import pkg_resources
/home/rezac/bin/miniconda3/envs/ml-uma/lib/python3.12/site-packages/torchtnt/utils/version.py:12: UserWarning: pkg_resources is deprecated as an API. See https://setuptools.pypa.io/en/latest/pkg_resources.html. The pkg_resources package is slated for removal as early as 2025-11-30. Refrain from using this package or pin to Setuptools<81.
  import pkg_resources
/home/rezac/bin/miniconda3/envs/ml-uma/lib/python3.12/site-packages/torchtnt/utils/version.py:12: UserWarning: pkg_resources is deprecated as an API. See https://setuptools.pypa.io/en/latest/pkg_resources.html. The pkg_resources package is slated for removal as early as 2025-11-30. Refrain from using this package or pin to Setuptools<81.
  import pkg_resources
/home/rezac/bin/miniconda3/envs/ml-uma/lib/python3.12/site-packages/torchtnt/utils/version.py:12: UserWarning: pkg_resources is deprecated as an API. See https://setuptools.pypa.io/en/latest/pkg_resources.html. The pkg_resources package is slated for removal as early as 2025-11-30. Refrain from using this package or pin to Setuptools<81.
  import pkg_resources
/home/rezac/bin/miniconda3/envs/ml-uma/lib/python3.12/site-packages/torchtnt/utils/version.py:12: UserWarning: pkg_resources is deprecated as an API. See https://setuptools.pypa.io/en/latest/pkg_resources.html. The pkg_resources package is slated for removal as early as 2025-11-30. Refrain from using this package or pin to Setuptools<81.
  import pkg_resources
/home/rezac/bin/miniconda3/envs/ml-uma/lib/python3.12/site-packages/torchtnt/utils/version.py:12: UserWarning: pkg_resources is deprecated as an API. See https://setuptools.pypa.io/en/latest/pkg_resources.html. The pkg_resources package is slated for removal as early as 2025-11-30. Refrain from using this package or pin to Setuptools<81.
  import pkg_resources
/home/rezac/bin/miniconda3/envs/ml-uma/lib/python3.12/site-packages/torchtnt/utils/version.py:12: UserWarning: pkg_resources is deprecated as an API. See https://setuptools.pypa.io/en/latest/pkg_resources.html. The pkg_resources package is slated for removal as early as 2025-11-30. Refrain from using this package or pin to Setuptools<81.
  import pkg_resources
/home/rezac/bin/miniconda3/envs/ml-uma/lib/python3.12/site-packages/torchtnt/utils/version.py:12: UserWarning: pkg_resources is deprecated as an API. See https://setuptools.pypa.io/en/latest/pkg_resources.html. The pkg_resources package is slated for removal as early as 2025-11-30. Refrain from using this package or pin to Setuptools<81.
  import pkg_resources
/home/rezac/bin/miniconda3/envs/ml-uma/lib/python3.12/site-packages/torchtnt/utils/version.py:12: UserWarning: pkg_resources is deprecated as an API. See https://setuptools.pypa.io/en/latest/pkg_resources.html. The pkg_resources package is slated for removal as early as 2025-11-30. Refrain from using this package or pin to Setuptools<81.
  import pkg_resources
/home/rezac/bin/miniconda3/envs/ml-uma/lib/python3.12/site-packages/torchtnt/utils/version.py:12: UserWarning: pkg_resources is deprecated as an API. See https://setuptools.pypa.io/en/latest/pkg_resources.html. The pkg_resources package is slated for removal as early as 2025-11-30. Refrain from using this package or pin to Setuptools<81.
  import pkg_resources
/home/rezac/bin/miniconda3/envs/ml-uma/lib/python3.12/site-packages/torchtnt/utils/version.py:12: UserWarning: pkg_resources is deprecated as an API. See https://setuptools.pypa.io/en/latest/pkg_resources.html. The pkg_resources package is slated for removal as early as 2025-11-30. Refrain from using this package or pin to Setuptools<81.
  import pkg_resources
/home/rezac/bin/miniconda3/envs/ml-uma/lib/python3.12/site-packages/torchtnt/utils/version.py:12: UserWarning: pkg_resources is deprecated as an API. See https://setuptools.pypa.io/en/latest/pkg_resources.html. The pkg_resources package is slated for removal as early as 2025-11-30. Refrain from using this package or pin to Setuptools<81.
  import pkg_resources
/home/rezac/bin/miniconda3/envs/ml-uma/lib/python3.12/site-packages/torchtnt/utils/version.py:12: UserWarning: pkg_resources is deprecated as an API. See https://setuptools.pypa.io/en/latest/pkg_resources.html. The pkg_resources package is slated for removal as early as 2025-11-30. Refrain from using this package or pin to Setuptools<81.
  import pkg_resources
/home/rezac/bin/miniconda3/envs/ml-uma/lib/python3.12/site-packages/torchtnt/utils/version.py:12: UserWarning: pkg_resources is deprecated as an API. See https://setuptools.pypa.io/en/latest/pkg_resources.html. The pkg_resources package is slated for removal as early as 2025-11-30. Refrain from using this package or pin to Setuptools<81.
  import pkg_resources
/home/rezac/bin/miniconda3/envs/ml-uma/lib/python3.12/site-packages/torchtnt/utils/version.py:12: UserWarning: pkg_resources is deprecated as an API. See https://setuptools.pypa.io/en/latest/pkg_resources.html. The pkg_resources package is slated for removal as early as 2025-11-30. Refrain from using this package or pin to Setuptools<81.
  import pkg_resources
/home/rezac/bin/miniconda3/envs/ml-uma/lib/python3.12/site-packages/torchtnt/utils/version.py:12: UserWarning: pkg_resources is deprecated as an API. See https://setuptools.pypa.io/en/latest/pkg_resources.html. The pkg_resources package is slated for removal as early as 2025-11-30. Refrain from using this package or pin to Setuptools<81.
  import pkg_resources
/home/rezac/bin/miniconda3/envs/ml-uma/lib/python3.12/site-packages/torchtnt/utils/version.py:12: UserWarning: pkg_resources is deprecated as an API. See https://setuptools.pypa.io/en/latest/pkg_resources.html. The pkg_resources package is slated for removal as early as 2025-11-30. Refrain from using this package or pin to Setuptools<81.
  import pkg_resources
/home/rezac/bin/miniconda3/envs/ml-uma/lib/python3.12/site-packages/torchtnt/utils/version.py:12: UserWarning: pkg_resources is deprecated as an API. See https://setuptools.pypa.io/en/latest/pkg_resources.html. The pkg_resources package is slated for removal as early as 2025-11-30. Refrain from using this package or pin to Setuptools<81.
  import pkg_resources
/home/rezac/bin/miniconda3/envs/ml-uma/lib/python3.12/site-packages/torchtnt/utils/version.py:12: UserWarning: pkg_resources is deprecated as an API. See https://setuptools.pypa.io/en/latest/pkg_resources.html. The pkg_resources package is slated for removal as early as 2025-11-30. Refrain from using this package or pin to Setuptools<81.
  import pkg_resources
/home/rezac/bin/miniconda3/envs/ml-uma/lib/python3.12/site-packages/torchtnt/utils/version.py:12: UserWarning: pkg_resources is deprecated as an API. See https://setuptools.pypa.io/en/latest/pkg_resources.html. The pkg_resources package is slated for removal as early as 2025-11-30. Refrain from using this package or pin to Setuptools<81.
  import pkg_resources
/home/rezac/bin/miniconda3/envs/ml-uma/lib/python3.12/site-packages/torchtnt/utils/version.py:12: UserWarning: pkg_resources is deprecated as an API. See https://setuptools.pypa.io/en/latest/pkg_resources.html. The pkg_resources package is slated for removal as early as 2025-11-30. Refrain from using this package or pin to Setuptools<81.
  import pkg_resources
/home/rezac/bin/miniconda3/envs/ml-uma/lib/python3.12/site-packages/torchtnt/utils/version.py:12: UserWarning: pkg_resources is deprecated as an API. See https://setuptools.pypa.io/en/latest/pkg_resources.html. The pkg_resources package is slated for removal as early as 2025-11-30. Refrain from using this package or pin to Setuptools<81.
  import pkg_resources
/home/rezac/bin/miniconda3/envs/ml-uma/lib/python3.12/site-packages/torchtnt/utils/version.py:12: UserWarning: pkg_resources is deprecated as an API. See https://setuptools.pypa.io/en/latest/pkg_resources.html. The pkg_resources package is slated for removal as early as 2025-11-30. Refrain from using this package or pin to Setuptools<81.
  import pkg_resources
/home/rezac/bin/miniconda3/envs/ml-uma/lib/python3.12/site-packages/torchtnt/utils/version.py:12: UserWarning: pkg_resources is deprecated as an API. See https://setuptools.pypa.io/en/latest/pkg_resources.html. The pkg_resources package is slated for removal as early as 2025-11-30. Refrain from using this package or pin to Setuptools<81.
  import pkg_resources
/home/rezac/bin/miniconda3/envs/ml-uma/lib/python3.12/site-packages/torchtnt/utils/version.py:12: UserWarning: pkg_resources is deprecated as an API. See https://setuptools.pypa.io/en/latest/pkg_resources.html. The pkg_resources package is slated for removal as early as 2025-11-30. Refrain from using this package or pin to Setuptools<81.
  import pkg_resources
/home/rezac/bin/miniconda3/envs/ml-uma/lib/python3.12/site-packages/torchtnt/utils/version.py:12: UserWarning: pkg_resources is deprecated as an API. See https://setuptools.pypa.io/en/latest/pkg_resources.html. The pkg_resources package is slated for removal as early as 2025-11-30. Refrain from using this package or pin to Setuptools<81.
  import pkg_resources
/home/rezac/bin/miniconda3/envs/ml-uma/lib/python3.12/site-packages/torchtnt/utils/version.py:12: UserWarning: pkg_resources is deprecated as an API. See https://setuptools.pypa.io/en/latest/pkg_resources.html. The pkg_resources package is slated for removal as early as 2025-11-30. Refrain from using this package or pin to Setuptools<81.
  import pkg_resources
/home/rezac/bin/miniconda3/envs/ml-uma/lib/python3.12/site-packages/torchtnt/utils/version.py:12: UserWarning: pkg_resources is deprecated as an API. See https://setuptools.pypa.io/en/latest/pkg_resources.html. The pkg_resources package is slated for removal as early as 2025-11-30. Refrain from using this package or pin to Setuptools<81.
  import pkg_resources
/home/rezac/bin/miniconda3/envs/ml-uma/lib/python3.12/site-packages/torchtnt/utils/version.py:12: UserWarning: pkg_resources is deprecated as an API. See https://setuptools.pypa.io/en/latest/pkg_resources.html. The pkg_resources package is slated for removal as early as 2025-11-30. Refrain from using this package or pin to Setuptools<81.
  import pkg_resources
/home/rezac/bin/miniconda3/envs/ml-uma/lib/python3.12/site-packages/torchtnt/utils/version.py:12: UserWarning: pkg_resources is deprecated as an API. See https://setuptools.pypa.io/en/latest/pkg_resources.html. The pkg_resources package is slated for removal as early as 2025-11-30. Refrain from using this package or pin to Setuptools<81.
  import pkg_resources
/home/rezac/bin/miniconda3/envs/ml-uma/lib/python3.12/site-packages/torchtnt/utils/version.py:12: UserWarning: pkg_resources is deprecated as an API. See https://setuptools.pypa.io/en/latest/pkg_resources.html. The pkg_resources package is slated for removal as early as 2025-11-30. Refrain from using this package or pin to Setuptools<81.
  import pkg_resources
/home/rezac/bin/miniconda3/envs/ml-uma/lib/python3.12/site-packages/torchtnt/utils/version.py:12: UserWarning: pkg_resources is deprecated as an API. See https://setuptools.pypa.io/en/latest/pkg_resources.html. The pkg_resources package is slated for removal as early as 2025-11-30. Refrain from using this package or pin to Setuptools<81.
  import pkg_resources
/home/rezac/bin/miniconda3/envs/ml-uma/lib/python3.12/site-packages/torchtnt/utils/version.py:12: UserWarning: pkg_resources is deprecated as an API. See https://setuptools.pypa.io/en/latest/pkg_resources.html. The pkg_resources package is slated for removal as early as 2025-11-30. Refrain from using this package or pin to Setuptools<81.
  import pkg_resources
/home/rezac/bin/miniconda3/envs/ml-uma/lib/python3.12/site-packages/torchtnt/utils/version.py:12: UserWarning: pkg_resources is deprecated as an API. See https://setuptools.pypa.io/en/latest/pkg_resources.html. The pkg_resources package is slated for removal as early as 2025-11-30. Refrain from using this package or pin to Setuptools<81.
  import pkg_resources
/home/rezac/bin/miniconda3/envs/ml-uma/lib/python3.12/site-packages/torchtnt/utils/version.py:12: UserWarning: pkg_resources is deprecated as an API. See https://setuptools.pypa.io/en/latest/pkg_resources.html. The pkg_resources package is slated for removal as early as 2025-11-30. Refrain from using this package or pin to Setuptools<81.
  import pkg_resources
/home/rezac/bin/miniconda3/envs/ml-uma/lib/python3.12/site-packages/torchtnt/utils/version.py:12: UserWarning: pkg_resources is deprecated as an API. See https://setuptools.pypa.io/en/latest/pkg_resources.html. The pkg_resources package is slated for removal as early as 2025-11-30. Refrain from using this package or pin to Setuptools<81.
  import pkg_resources
/home/rezac/bin/miniconda3/envs/ml-uma/lib/python3.12/site-packages/torchtnt/utils/version.py:12: UserWarning: pkg_resources is deprecated as an API. See https://setuptools.pypa.io/en/latest/pkg_resources.html. The pkg_resources package is slated for removal as early as 2025-11-30. Refrain from using this package or pin to Setuptools<81.
  import pkg_resources
/home/rezac/bin/miniconda3/envs/ml-uma/lib/python3.12/site-packages/torchtnt/utils/version.py:12: UserWarning: pkg_resources is deprecated as an API. See https://setuptools.pypa.io/en/latest/pkg_resources.html. The pkg_resources package is slated for removal as early as 2025-11-30. Refrain from using this package or pin to Setuptools<81.
  import pkg_resources
/home/rezac/bin/miniconda3/envs/ml-uma/lib/python3.12/site-packages/torchtnt/utils/version.py:12: UserWarning: pkg_resources is deprecated as an API. See https://setuptools.pypa.io/en/latest/pkg_resources.html. The pkg_resources package is slated for removal as early as 2025-11-30. Refrain from using this package or pin to Setuptools<81.
  import pkg_resources
/home/rezac/bin/miniconda3/envs/ml-uma/lib/python3.12/site-packages/torchtnt/utils/version.py:12: UserWarning: pkg_resources is deprecated as an API. See https://setuptools.pypa.io/en/latest/pkg_resources.html. The pkg_resources package is slated for removal as early as 2025-11-30. Refrain from using this package or pin to Setuptools<81.
  import pkg_resources
/home/rezac/bin/miniconda3/envs/ml-uma/lib/python3.12/site-packages/torchtnt/utils/version.py:12: UserWarning: pkg_resources is deprecated as an API. See https://setuptools.pypa.io/en/latest/pkg_resources.html. The pkg_resources package is slated for removal as early as 2025-11-30. Refrain from using this package or pin to Setuptools<81.
  import pkg_resources
/home/rezac/bin/miniconda3/envs/ml-uma/lib/python3.12/site-packages/torchtnt/utils/version.py:12: UserWarning: pkg_resources is deprecated as an API. See https://setuptools.pypa.io/en/latest/pkg_resources.html. The pkg_resources package is slated for removal as early as 2025-11-30. Refrain from using this package or pin to Setuptools<81.
  import pkg_resources
/home/rezac/bin/miniconda3/envs/ml-uma/lib/python3.12/site-packages/torchtnt/utils/version.py:12: UserWarning: pkg_resources is deprecated as an API. See https://setuptools.pypa.io/en/latest/pkg_resources.html. The pkg_resources package is slated for removal as early as 2025-11-30. Refrain from using this package or pin to Setuptools<81.
  import pkg_resources
/home/rezac/bin/miniconda3/envs/ml-uma/lib/python3.12/site-packages/torchtnt/utils/version.py:12: UserWarning: pkg_resources is deprecated as an API. See https://setuptools.pypa.io/en/latest/pkg_resources.html. The pkg_resources package is slated for removal as early as 2025-11-30. Refrain from using this package or pin to Setuptools<81.
  import pkg_resources
/home/rezac/bin/miniconda3/envs/ml-uma/lib/python3.12/site-packages/torchtnt/utils/version.py:12: UserWarning: pkg_resources is deprecated as an API. See https://setuptools.pypa.io/en/latest/pkg_resources.html. The pkg_resources package is slated for removal as early as 2025-11-30. Refrain from using this package or pin to Setuptools<81.
  import pkg_resources
/home/rezac/bin/miniconda3/envs/ml-uma/lib/python3.12/site-packages/torchtnt/utils/version.py:12: UserWarning: pkg_resources is deprecated as an API. See https://setuptools.pypa.io/en/latest/pkg_resources.html. The pkg_resources package is slated for removal as early as 2025-11-30. Refrain from using this package or pin to Setuptools<81.
  import pkg_resources
/home/rezac/bin/miniconda3/envs/ml-uma/lib/python3.12/site-packages/torchtnt/utils/version.py:12: UserWarning: pkg_resources is deprecated as an API. See https://setuptools.pypa.io/en/latest/pkg_resources.html. The pkg_resources package is slated for removal as early as 2025-11-30. Refrain from using this package or pin to Setuptools<81.
  import pkg_resources
/home/rezac/bin/miniconda3/envs/ml-uma/lib/python3.12/site-packages/torchtnt/utils/version.py:12: UserWarning: pkg_resources is deprecated as an API. See https://setuptools.pypa.io/en/latest/pkg_resources.html. The pkg_resources package is slated for removal as early as 2025-11-30. Refrain from using this package or pin to Setuptools<81.
  import pkg_resources
/home/rezac/bin/miniconda3/envs/ml-uma/lib/python3.12/site-packages/torchtnt/utils/version.py:12: UserWarning: pkg_resources is deprecated as an API. See https://setuptools.pypa.io/en/latest/pkg_resources.html. The pkg_resources package is slated for removal as early as 2025-11-30. Refrain from using this package or pin to Setuptools<81.
  import pkg_resources
/home/rezac/bin/miniconda3/envs/ml-uma/lib/python3.12/site-packages/torchtnt/utils/version.py:12: UserWarning: pkg_resources is deprecated as an API. See https://setuptools.pypa.io/en/latest/pkg_resources.html. The pkg_resources package is slated for removal as early as 2025-11-30. Refrain from using this package or pin to Setuptools<81.
  import pkg_resources
/home/rezac/bin/miniconda3/envs/ml-uma/lib/python3.12/site-packages/torchtnt/utils/version.py:12: UserWarning: pkg_resources is deprecated as an API. See https://setuptools.pypa.io/en/latest/pkg_resources.html. The pkg_resources package is slated for removal as early as 2025-11-30. Refrain from using this package or pin to Setuptools<81.
  import pkg_resources
/home/rezac/bin/miniconda3/envs/ml-uma/lib/python3.12/site-packages/torchtnt/utils/version.py:12: UserWarning: pkg_resources is deprecated as an API. See https://setuptools.pypa.io/en/latest/pkg_resources.html. The pkg_resources package is slated for removal as early as 2025-11-30. Refrain from using this package or pin to Setuptools<81.
  import pkg_resources
/home/rezac/bin/miniconda3/envs/ml-uma/lib/python3.12/site-packages/torchtnt/utils/version.py:12: UserWarning: pkg_resources is deprecated as an API. See https://setuptools.pypa.io/en/latest/pkg_resources.html. The pkg_resources package is slated for removal as early as 2025-11-30. Refrain from using this package or pin to Setuptools<81.
  import pkg_resources
/home/rezac/bin/miniconda3/envs/ml-uma/lib/python3.12/site-packages/torchtnt/utils/version.py:12: UserWarning: pkg_resources is deprecated as an API. See https://setuptools.pypa.io/en/latest/pkg_resources.html. The pkg_resources package is slated for removal as early as 2025-11-30. Refrain from using this package or pin to Setuptools<81.
  import pkg_resources
/home/rezac/bin/miniconda3/envs/ml-uma/lib/python3.12/site-packages/torchtnt/utils/version.py:12: UserWarning: pkg_resources is deprecated as an API. See https://setuptools.pypa.io/en/latest/pkg_resources.html. The pkg_resources package is slated for removal as early as 2025-11-30. Refrain from using this package or pin to Setuptools<81.
  import pkg_resources
/home/rezac/bin/miniconda3/envs/ml-uma/lib/python3.12/site-packages/torchtnt/utils/version.py:12: UserWarning: pkg_resources is deprecated as an API. See https://setuptools.pypa.io/en/latest/pkg_resources.html. The pkg_resources package is slated for removal as early as 2025-11-30. Refrain from using this package or pin to Setuptools<81.
  import pkg_resources
/home/rezac/bin/miniconda3/envs/ml-uma/lib/python3.12/site-packages/torchtnt/utils/version.py:12: UserWarning: pkg_resources is deprecated as an API. See https://setuptools.pypa.io/en/latest/pkg_resources.html. The pkg_resources package is slated for removal as early as 2025-11-30. Refrain from using this package or pin to Setuptools<81.
  import pkg_resources
/home/rezac/bin/miniconda3/envs/ml-uma/lib/python3.12/site-packages/torchtnt/utils/version.py:12: UserWarning: pkg_resources is deprecated as an API. See https://setuptools.pypa.io/en/latest/pkg_resources.html. The pkg_resources package is slated for removal as early as 2025-11-30. Refrain from using this package or pin to Setuptools<81.
  import pkg_resources
/home/rezac/bin/miniconda3/envs/ml-uma/lib/python3.12/site-packages/torchtnt/utils/version.py:12: UserWarning: pkg_resources is deprecated as an API. See https://setuptools.pypa.io/en/latest/pkg_resources.html. The pkg_resources package is slated for removal as early as 2025-11-30. Refrain from using this package or pin to Setuptools<81.
  import pkg_resources
/home/rezac/bin/miniconda3/envs/ml-uma/lib/python3.12/site-packages/torchtnt/utils/version.py:12: UserWarning: pkg_resources is deprecated as an API. See https://setuptools.pypa.io/en/latest/pkg_resources.html. The pkg_resources package is slated for removal as early as 2025-11-30. Refrain from using this package or pin to Setuptools<81.
  import pkg_resources
/home/rezac/bin/miniconda3/envs/ml-uma/lib/python3.12/site-packages/torchtnt/utils/version.py:12: UserWarning: pkg_resources is deprecated as an API. See https://setuptools.pypa.io/en/latest/pkg_resources.html. The pkg_resources package is slated for removal as early as 2025-11-30. Refrain from using this package or pin to Setuptools<81.
  import pkg_resources
/home/rezac/bin/miniconda3/envs/ml-uma/lib/python3.12/site-packages/torchtnt/utils/version.py:12: UserWarning: pkg_resources is deprecated as an API. See https://setuptools.pypa.io/en/latest/pkg_resources.html. The pkg_resources package is slated for removal as early as 2025-11-30. Refrain from using this package or pin to Setuptools<81.
  import pkg_resources
/home/rezac/bin/miniconda3/envs/ml-uma/lib/python3.12/site-packages/torchtnt/utils/version.py:12: UserWarning: pkg_resources is deprecated as an API. See https://setuptools.pypa.io/en/latest/pkg_resources.html. The pkg_resources package is slated for removal as early as 2025-11-30. Refrain from using this package or pin to Setuptools<81.
  import pkg_resources
/home/rezac/bin/miniconda3/envs/ml-uma/lib/python3.12/site-packages/torchtnt/utils/version.py:12: UserWarning: pkg_resources is deprecated as an API. See https://setuptools.pypa.io/en/latest/pkg_resources.html. The pkg_resources package is slated for removal as early as 2025-11-30. Refrain from using this package or pin to Setuptools<81.
  import pkg_resources
/home/rezac/bin/miniconda3/envs/ml-uma/lib/python3.12/site-packages/torchtnt/utils/version.py:12: UserWarning: pkg_resources is deprecated as an API. See https://setuptools.pypa.io/en/latest/pkg_resources.html. The pkg_resources package is slated for removal as early as 2025-11-30. Refrain from using this package or pin to Setuptools<81.
  import pkg_resources
/home/rezac/bin/miniconda3/envs/ml-uma/lib/python3.12/site-packages/torchtnt/utils/version.py:12: UserWarning: pkg_resources is deprecated as an API. See https://setuptools.pypa.io/en/latest/pkg_resources.html. The pkg_resources package is slated for removal as early as 2025-11-30. Refrain from using this package or pin to Setuptools<81.
  import pkg_resources
/home/rezac/bin/miniconda3/envs/ml-uma/lib/python3.12/site-packages/torchtnt/utils/version.py:12: UserWarning: pkg_resources is deprecated as an API. See https://setuptools.pypa.io/en/latest/pkg_resources.html. The pkg_resources package is slated for removal as early as 2025-11-30. Refrain from using this package or pin to Setuptools<81.
  import pkg_resources
/home/rezac/bin/miniconda3/envs/ml-uma/lib/python3.12/site-packages/torchtnt/utils/version.py:12: UserWarning: pkg_resources is deprecated as an API. See https://setuptools.pypa.io/en/latest/pkg_resources.html. The pkg_resources package is slated for removal as early as 2025-11-30. Refrain from using this package or pin to Setuptools<81.
  import pkg_resources
/home/rezac/bin/miniconda3/envs/ml-uma/lib/python3.12/site-packages/torchtnt/utils/version.py:12: UserWarning: pkg_resources is deprecated as an API. See https://setuptools.pypa.io/en/latest/pkg_resources.html. The pkg_resources package is slated for removal as early as 2025-11-30. Refrain from using this package or pin to Setuptools<81.
  import pkg_resources
/home/rezac/bin/miniconda3/envs/ml-uma/lib/python3.12/site-packages/torchtnt/utils/version.py:12: UserWarning: pkg_resources is deprecated as an API. See https://setuptools.pypa.io/en/latest/pkg_resources.html. The pkg_resources package is slated for removal as early as 2025-11-30. Refrain from using this package or pin to Setuptools<81.
  import pkg_resources
/home/rezac/bin/miniconda3/envs/ml-uma/lib/python3.12/site-packages/torchtnt/utils/version.py:12: UserWarning: pkg_resources is deprecated as an API. See https://setuptools.pypa.io/en/latest/pkg_resources.html. The pkg_resources package is slated for removal as early as 2025-11-30. Refrain from using this package or pin to Setuptools<81.
  import pkg_resources
/home/rezac/bin/miniconda3/envs/ml-uma/lib/python3.12/site-packages/torchtnt/utils/version.py:12: UserWarning: pkg_resources is deprecated as an API. See https://setuptools.pypa.io/en/latest/pkg_resources.html. The pkg_resources package is slated for removal as early as 2025-11-30. Refrain from using this package or pin to Setuptools<81.
  import pkg_resources
/home/rezac/bin/miniconda3/envs/ml-uma/lib/python3.12/site-packages/torchtnt/utils/version.py:12: UserWarning: pkg_resources is deprecated as an API. See https://setuptools.pypa.io/en/latest/pkg_resources.html. The pkg_resources package is slated for removal as early as 2025-11-30. Refrain from using this package or pin to Setuptools<81.
  import pkg_resources
/home/rezac/bin/miniconda3/envs/ml-uma/lib/python3.12/site-packages/torchtnt/utils/version.py:12: UserWarning: pkg_resources is deprecated as an API. See https://setuptools.pypa.io/en/latest/pkg_resources.html. The pkg_resources package is slated for removal as early as 2025-11-30. Refrain from using this package or pin to Setuptools<81.
  import pkg_resources
/home/rezac/bin/miniconda3/envs/ml-uma/lib/python3.12/site-packages/torchtnt/utils/version.py:12: UserWarning: pkg_resources is deprecated as an API. See https://setuptools.pypa.io/en/latest/pkg_resources.html. The pkg_resources package is slated for removal as early as 2025-11-30. Refrain from using this package or pin to Setuptools<81.
  import pkg_resources
/home/rezac/bin/miniconda3/envs/ml-uma/lib/python3.12/site-packages/torchtnt/utils/version.py:12: UserWarning: pkg_resources is deprecated as an API. See https://setuptools.pypa.io/en/latest/pkg_resources.html. The pkg_resources package is slated for removal as early as 2025-11-30. Refrain from using this package or pin to Setuptools<81.
  import pkg_resources
/home/rezac/bin/miniconda3/envs/ml-uma/lib/python3.12/site-packages/torchtnt/utils/version.py:12: UserWarning: pkg_resources is deprecated as an API. See https://setuptools.pypa.io/en/latest/pkg_resources.html. The pkg_resources package is slated for removal as early as 2025-11-30. Refrain from using this package or pin to Setuptools<81.
  import pkg_resources
/home/rezac/bin/miniconda3/envs/ml-uma/lib/python3.12/site-packages/torchtnt/utils/version.py:12: UserWarning: pkg_resources is deprecated as an API. See https://setuptools.pypa.io/en/latest/pkg_resources.html. The pkg_resources package is slated for removal as early as 2025-11-30. Refrain from using this package or pin to Setuptools<81.
  import pkg_resources
/home/rezac/bin/miniconda3/envs/ml-uma/lib/python3.12/site-packages/torchtnt/utils/version.py:12: UserWarning: pkg_resources is deprecated as an API. See https://setuptools.pypa.io/en/latest/pkg_resources.html. The pkg_resources package is slated for removal as early as 2025-11-30. Refrain from using this package or pin to Setuptools<81.
  import pkg_resources
/home/rezac/bin/miniconda3/envs/ml-uma/lib/python3.12/site-packages/torchtnt/utils/version.py:12: UserWarning: pkg_resources is deprecated as an API. See https://setuptools.pypa.io/en/latest/pkg_resources.html. The pkg_resources package is slated for removal as early as 2025-11-30. Refrain from using this package or pin to Setuptools<81.
  import pkg_resources
/home/rezac/bin/miniconda3/envs/ml-uma/lib/python3.12/site-packages/torchtnt/utils/version.py:12: UserWarning: pkg_resources is deprecated as an API. See https://setuptools.pypa.io/en/latest/pkg_resources.html. The pkg_resources package is slated for removal as early as 2025-11-30. Refrain from using this package or pin to Setuptools<81.
  import pkg_resources
/home/rezac/bin/miniconda3/envs/ml-uma/lib/python3.12/site-packages/torchtnt/utils/version.py:12: UserWarning: pkg_resources is deprecated as an API. See https://setuptools.pypa.io/en/latest/pkg_resources.html. The pkg_resources package is slated for removal as early as 2025-11-30. Refrain from using this package or pin to Setuptools<81.
  import pkg_resources
/home/rezac/bin/miniconda3/envs/ml-uma/lib/python3.12/site-packages/torchtnt/utils/version.py:12: UserWarning: pkg_resources is deprecated as an API. See https://setuptools.pypa.io/en/latest/pkg_resources.html. The pkg_resources package is slated for removal as early as 2025-11-30. Refrain from using this package or pin to Setuptools<81.
  import pkg_resources
/home/rezac/bin/miniconda3/envs/ml-uma/lib/python3.12/site-packages/torchtnt/utils/version.py:12: UserWarning: pkg_resources is deprecated as an API. See https://setuptools.pypa.io/en/latest/pkg_resources.html. The pkg_resources package is slated for removal as early as 2025-11-30. Refrain from using this package or pin to Setuptools<81.
  import pkg_resources
/home/rezac/bin/miniconda3/envs/ml-uma/lib/python3.12/site-packages/torchtnt/utils/version.py:12: UserWarning: pkg_resources is deprecated as an API. See https://setuptools.pypa.io/en/latest/pkg_resources.html. The pkg_resources package is slated for removal as early as 2025-11-30. Refrain from using this package or pin to Setuptools<81.
  import pkg_resources
/home/rezac/bin/miniconda3/envs/ml-uma/lib/python3.12/site-packages/torchtnt/utils/version.py:12: UserWarning: pkg_resources is deprecated as an API. See https://setuptools.pypa.io/en/latest/pkg_resources.html. The pkg_resources package is slated for removal as early as 2025-11-30. Refrain from using this package or pin to Setuptools<81.
  import pkg_resources
/home/rezac/bin/miniconda3/envs/ml-uma/lib/python3.12/site-packages/torchtnt/utils/version.py:12: UserWarning: pkg_resources is deprecated as an API. See https://setuptools.pypa.io/en/latest/pkg_resources.html. The pkg_resources package is slated for removal as early as 2025-11-30. Refrain from using this package or pin to Setuptools<81.
  import pkg_resources
/home/rezac/bin/miniconda3/envs/ml-uma/lib/python3.12/site-packages/torchtnt/utils/version.py:12: UserWarning: pkg_resources is deprecated as an API. See https://setuptools.pypa.io/en/latest/pkg_resources.html. The pkg_resources package is slated for removal as early as 2025-11-30. Refrain from using this package or pin to Setuptools<81.
  import pkg_resources
/home/rezac/bin/miniconda3/envs/ml-uma/lib/python3.12/site-packages/torchtnt/utils/version.py:12: UserWarning: pkg_resources is deprecated as an API. See https://setuptools.pypa.io/en/latest/pkg_resources.html. The pkg_resources package is slated for removal as early as 2025-11-30. Refrain from using this package or pin to Setuptools<81.
  import pkg_resources
/home/rezac/bin/miniconda3/envs/ml-uma/lib/python3.12/site-packages/torchtnt/utils/version.py:12: UserWarning: pkg_resources is deprecated as an API. See https://setuptools.pypa.io/en/latest/pkg_resources.html. The pkg_resources package is slated for removal as early as 2025-11-30. Refrain from using this package or pin to Setuptools<81.
  import pkg_resources
/home/rezac/bin/miniconda3/envs/ml-uma/lib/python3.12/site-packages/torchtnt/utils/version.py:12: UserWarning: pkg_resources is deprecated as an API. See https://setuptools.pypa.io/en/latest/pkg_resources.html. The pkg_resources package is slated for removal as early as 2025-11-30. Refrain from using this package or pin to Setuptools<81.
  import pkg_resources
/home/rezac/bin/miniconda3/envs/ml-uma/lib/python3.12/site-packages/torchtnt/utils/version.py:12: UserWarning: pkg_resources is deprecated as an API. See https://setuptools.pypa.io/en/latest/pkg_resources.html. The pkg_resources package is slated for removal as early as 2025-11-30. Refrain from using this package or pin to Setuptools<81.
  import pkg_resources
/home/rezac/bin/miniconda3/envs/ml-uma/lib/python3.12/site-packages/torchtnt/utils/version.py:12: UserWarning: pkg_resources is deprecated as an API. See https://setuptools.pypa.io/en/latest/pkg_resources.html. The pkg_resources package is slated for removal as early as 2025-11-30. Refrain from using this package or pin to Setuptools<81.
  import pkg_resources
/home/rezac/bin/miniconda3/envs/ml-uma/lib/python3.12/site-packages/torchtnt/utils/version.py:12: UserWarning: pkg_resources is deprecated as an API. See https://setuptools.pypa.io/en/latest/pkg_resources.html. The pkg_resources package is slated for removal as early as 2025-11-30. Refrain from using this package or pin to Setuptools<81.
  import pkg_resources
/home/rezac/bin/miniconda3/envs/ml-uma/lib/python3.12/site-packages/torchtnt/utils/version.py:12: UserWarning: pkg_resources is deprecated as an API. See https://setuptools.pypa.io/en/latest/pkg_resources.html. The pkg_resources package is slated for removal as early as 2025-11-30. Refrain from using this package or pin to Setuptools<81.
  import pkg_resources
/home/rezac/bin/miniconda3/envs/ml-uma/lib/python3.12/site-packages/torchtnt/utils/version.py:12: UserWarning: pkg_resources is deprecated as an API. See https://setuptools.pypa.io/en/latest/pkg_resources.html. The pkg_resources package is slated for removal as early as 2025-11-30. Refrain from using this package or pin to Setuptools<81.
  import pkg_resources
/home/rezac/bin/miniconda3/envs/ml-uma/lib/python3.12/site-packages/torchtnt/utils/version.py:12: UserWarning: pkg_resources is deprecated as an API. See https://setuptools.pypa.io/en/latest/pkg_resources.html. The pkg_resources package is slated for removal as early as 2025-11-30. Refrain from using this package or pin to Setuptools<81.
  import pkg_resources
/home/rezac/bin/miniconda3/envs/ml-uma/lib/python3.12/site-packages/torchtnt/utils/version.py:12: UserWarning: pkg_resources is deprecated as an API. See https://setuptools.pypa.io/en/latest/pkg_resources.html. The pkg_resources package is slated for removal as early as 2025-11-30. Refrain from using this package or pin to Setuptools<81.
  import pkg_resources
/home/rezac/bin/miniconda3/envs/ml-uma/lib/python3.12/site-packages/torchtnt/utils/version.py:12: UserWarning: pkg_resources is deprecated as an API. See https://setuptools.pypa.io/en/latest/pkg_resources.html. The pkg_resources package is slated for removal as early as 2025-11-30. Refrain from using this package or pin to Setuptools<81.
  import pkg_resources
/home/rezac/bin/miniconda3/envs/ml-uma/lib/python3.12/site-packages/torchtnt/utils/version.py:12: UserWarning: pkg_resources is deprecated as an API. See https://setuptools.pypa.io/en/latest/pkg_resources.html. The pkg_resources package is slated for removal as early as 2025-11-30. Refrain from using this package or pin to Setuptools<81.
  import pkg_resources
/home/rezac/bin/miniconda3/envs/ml-uma/lib/python3.12/site-packages/torchtnt/utils/version.py:12: UserWarning: pkg_resources is deprecated as an API. See https://setuptools.pypa.io/en/latest/pkg_resources.html. The pkg_resources package is slated for removal as early as 2025-11-30. Refrain from using this package or pin to Setuptools<81.
  import pkg_resources
/home/rezac/bin/miniconda3/envs/ml-uma/lib/python3.12/site-packages/torchtnt/utils/version.py:12: UserWarning: pkg_resources is deprecated as an API. See https://setuptools.pypa.io/en/latest/pkg_resources.html. The pkg_resources package is slated for removal as early as 2025-11-30. Refrain from using this package or pin to Setuptools<81.
  import pkg_resources
/home/rezac/bin/miniconda3/envs/ml-uma/lib/python3.12/site-packages/torchtnt/utils/version.py:12: UserWarning: pkg_resources is deprecated as an API. See https://setuptools.pypa.io/en/latest/pkg_resources.html. The pkg_resources package is slated for removal as early as 2025-11-30. Refrain from using this package or pin to Setuptools<81.
  import pkg_resources
/home/rezac/bin/miniconda3/envs/ml-uma/lib/python3.12/site-packages/torchtnt/utils/version.py:12: UserWarning: pkg_resources is deprecated as an API. See https://setuptools.pypa.io/en/latest/pkg_resources.html. The pkg_resources package is slated for removal as early as 2025-11-30. Refrain from using this package or pin to Setuptools<81.
  import pkg_resources
/home/rezac/bin/miniconda3/envs/ml-uma/lib/python3.12/site-packages/torchtnt/utils/version.py:12: UserWarning: pkg_resources is deprecated as an API. See https://setuptools.pypa.io/en/latest/pkg_resources.html. The pkg_resources package is slated for removal as early as 2025-11-30. Refrain from using this package or pin to Setuptools<81.
  import pkg_resources
/home/rezac/bin/miniconda3/envs/ml-uma/lib/python3.12/site-packages/torchtnt/utils/version.py:12: UserWarning: pkg_resources is deprecated as an API. See https://setuptools.pypa.io/en/latest/pkg_resources.html. The pkg_resources package is slated for removal as early as 2025-11-30. Refrain from using this package or pin to Setuptools<81.
  import pkg_resources
/home/rezac/bin/miniconda3/envs/ml-uma/lib/python3.12/site-packages/torchtnt/utils/version.py:12: UserWarning: pkg_resources is deprecated as an API. See https://setuptools.pypa.io/en/latest/pkg_resources.html. The pkg_resources package is slated for removal as early as 2025-11-30. Refrain from using this package or pin to Setuptools<81.
  import pkg_resources
/home/rezac/bin/miniconda3/envs/ml-uma/lib/python3.12/site-packages/torchtnt/utils/version.py:12: UserWarning: pkg_resources is deprecated as an API. See https://setuptools.pypa.io/en/latest/pkg_resources.html. The pkg_resources package is slated for removal as early as 2025-11-30. Refrain from using this package or pin to Setuptools<81.
  import pkg_resources
/home/rezac/bin/miniconda3/envs/ml-uma/lib/python3.12/site-packages/torchtnt/utils/version.py:12: UserWarning: pkg_resources is deprecated as an API. See https://setuptools.pypa.io/en/latest/pkg_resources.html. The pkg_resources package is slated for removal as early as 2025-11-30. Refrain from using this package or pin to Setuptools<81.
  import pkg_resources
/home/rezac/bin/miniconda3/envs/ml-uma/lib/python3.12/site-packages/torchtnt/utils/version.py:12: UserWarning: pkg_resources is deprecated as an API. See https://setuptools.pypa.io/en/latest/pkg_resources.html. The pkg_resources package is slated for removal as early as 2025-11-30. Refrain from using this package or pin to Setuptools<81.
  import pkg_resources
/home/rezac/bin/miniconda3/envs/ml-uma/lib/python3.12/site-packages/torchtnt/utils/version.py:12: UserWarning: pkg_resources is deprecated as an API. See https://setuptools.pypa.io/en/latest/pkg_resources.html. The pkg_resources package is slated for removal as early as 2025-11-30. Refrain from using this package or pin to Setuptools<81.
  import pkg_resources
/home/rezac/bin/miniconda3/envs/ml-uma/lib/python3.12/site-packages/torchtnt/utils/version.py:12: UserWarning: pkg_resources is deprecated as an API. See https://setuptools.pypa.io/en/latest/pkg_resources.html. The pkg_resources package is slated for removal as early as 2025-11-30. Refrain from using this package or pin to Setuptools<81.
  import pkg_resources
/home/rezac/bin/miniconda3/envs/ml-uma/lib/python3.12/site-packages/torchtnt/utils/version.py:12: UserWarning: pkg_resources is deprecated as an API. See https://setuptools.pypa.io/en/latest/pkg_resources.html. The pkg_resources package is slated for removal as early as 2025-11-30. Refrain from using this package or pin to Setuptools<81.
  import pkg_resources
/home/rezac/bin/miniconda3/envs/ml-uma/lib/python3.12/site-packages/torchtnt/utils/version.py:12: UserWarning: pkg_resources is deprecated as an API. See https://setuptools.pypa.io/en/latest/pkg_resources.html. The pkg_resources package is slated for removal as early as 2025-11-30. Refrain from using this package or pin to Setuptools<81.
  import pkg_resources
/home/rezac/bin/miniconda3/envs/ml-uma/lib/python3.12/site-packages/torchtnt/utils/version.py:12: UserWarning: pkg_resources is deprecated as an API. See https://setuptools.pypa.io/en/latest/pkg_resources.html. The pkg_resources package is slated for removal as early as 2025-11-30. Refrain from using this package or pin to Setuptools<81.
  import pkg_resources
/home/rezac/bin/miniconda3/envs/ml-uma/lib/python3.12/site-packages/torchtnt/utils/version.py:12: UserWarning: pkg_resources is deprecated as an API. See https://setuptools.pypa.io/en/latest/pkg_resources.html. The pkg_resources package is slated for removal as early as 2025-11-30. Refrain from using this package or pin to Setuptools<81.
  import pkg_resources
/home/rezac/bin/miniconda3/envs/ml-uma/lib/python3.12/site-packages/torchtnt/utils/version.py:12: UserWarning: pkg_resources is deprecated as an API. See https://setuptools.pypa.io/en/latest/pkg_resources.html. The pkg_resources package is slated for removal as early as 2025-11-30. Refrain from using this package or pin to Setuptools<81.
  import pkg_resources
/home/rezac/bin/miniconda3/envs/ml-uma/lib/python3.12/site-packages/torchtnt/utils/version.py:12: UserWarning: pkg_resources is deprecated as an API. See https://setuptools.pypa.io/en/latest/pkg_resources.html. The pkg_resources package is slated for removal as early as 2025-11-30. Refrain from using this package or pin to Setuptools<81.
  import pkg_resources
/home/rezac/bin/miniconda3/envs/ml-uma/lib/python3.12/site-packages/torchtnt/utils/version.py:12: UserWarning: pkg_resources is deprecated as an API. See https://setuptools.pypa.io/en/latest/pkg_resources.html. The pkg_resources package is slated for removal as early as 2025-11-30. Refrain from using this package or pin to Setuptools<81.
  import pkg_resources
/home/rezac/bin/miniconda3/envs/ml-uma/lib/python3.12/site-packages/torchtnt/utils/version.py:12: UserWarning: pkg_resources is deprecated as an API. See https://setuptools.pypa.io/en/latest/pkg_resources.html. The pkg_resources package is slated for removal as early as 2025-11-30. Refrain from using this package or pin to Setuptools<81.
  import pkg_resources
/home/rezac/bin/miniconda3/envs/ml-uma/lib/python3.12/site-packages/torchtnt/utils/version.py:12: UserWarning: pkg_resources is deprecated as an API. See https://setuptools.pypa.io/en/latest/pkg_resources.html. The pkg_resources package is slated for removal as early as 2025-11-30. Refrain from using this package or pin to Setuptools<81.
  import pkg_resources
/home/rezac/bin/miniconda3/envs/ml-uma/lib/python3.12/site-packages/torchtnt/utils/version.py:12: UserWarning: pkg_resources is deprecated as an API. See https://setuptools.pypa.io/en/latest/pkg_resources.html. The pkg_resources package is slated for removal as early as 2025-11-30. Refrain from using this package or pin to Setuptools<81.
  import pkg_resources
/home/rezac/bin/miniconda3/envs/ml-uma/lib/python3.12/site-packages/torchtnt/utils/version.py:12: UserWarning: pkg_resources is deprecated as an API. See https://setuptools.pypa.io/en/latest/pkg_resources.html. The pkg_resources package is slated for removal as early as 2025-11-30. Refrain from using this package or pin to Setuptools<81.
  import pkg_resources
/home/rezac/bin/miniconda3/envs/ml-uma/lib/python3.12/site-packages/torchtnt/utils/version.py:12: UserWarning: pkg_resources is deprecated as an API. See https://setuptools.pypa.io/en/latest/pkg_resources.html. The pkg_resources package is slated for removal as early as 2025-11-30. Refrain from using this package or pin to Setuptools<81.
  import pkg_resources
/home/rezac/bin/miniconda3/envs/ml-uma/lib/python3.12/site-packages/torchtnt/utils/version.py:12: UserWarning: pkg_resources is deprecated as an API. See https://setuptools.pypa.io/en/latest/pkg_resources.html. The pkg_resources package is slated for removal as early as 2025-11-30. Refrain from using this package or pin to Setuptools<81.
  import pkg_resources
/home/rezac/bin/miniconda3/envs/ml-uma/lib/python3.12/site-packages/torchtnt/utils/version.py:12: UserWarning: pkg_resources is deprecated as an API. See https://setuptools.pypa.io/en/latest/pkg_resources.html. The pkg_resources package is slated for removal as early as 2025-11-30. Refrain from using this package or pin to Setuptools<81.
  import pkg_resources
/home/rezac/bin/miniconda3/envs/ml-uma/lib/python3.12/site-packages/torchtnt/utils/version.py:12: UserWarning: pkg_resources is deprecated as an API. See https://setuptools.pypa.io/en/latest/pkg_resources.html. The pkg_resources package is slated for removal as early as 2025-11-30. Refrain from using this package or pin to Setuptools<81.
  import pkg_resources
/home/rezac/bin/miniconda3/envs/ml-uma/lib/python3.12/site-packages/torchtnt/utils/version.py:12: UserWarning: pkg_resources is deprecated as an API. See https://setuptools.pypa.io/en/latest/pkg_resources.html. The pkg_resources package is slated for removal as early as 2025-11-30. Refrain from using this package or pin to Setuptools<81.
  import pkg_resources
/home/rezac/bin/miniconda3/envs/ml-uma/lib/python3.12/site-packages/torchtnt/utils/version.py:12: UserWarning: pkg_resources is deprecated as an API. See https://setuptools.pypa.io/en/latest/pkg_resources.html. The pkg_resources package is slated for removal as early as 2025-11-30. Refrain from using this package or pin to Setuptools<81.
  import pkg_resources
/home/rezac/bin/miniconda3/envs/ml-uma/lib/python3.12/site-packages/torchtnt/utils/version.py:12: UserWarning: pkg_resources is deprecated as an API. See https://setuptools.pypa.io/en/latest/pkg_resources.html. The pkg_resources package is slated for removal as early as 2025-11-30. Refrain from using this package or pin to Setuptools<81.
  import pkg_resources
/home/rezac/bin/miniconda3/envs/ml-uma/lib/python3.12/site-packages/torchtnt/utils/version.py:12: UserWarning: pkg_resources is deprecated as an API. See https://setuptools.pypa.io/en/latest/pkg_resources.html. The pkg_resources package is slated for removal as early as 2025-11-30. Refrain from using this package or pin to Setuptools<81.
  import pkg_resources
/home/rezac/bin/miniconda3/envs/ml-uma/lib/python3.12/site-packages/torchtnt/utils/version.py:12: UserWarning: pkg_resources is deprecated as an API. See https://setuptools.pypa.io/en/latest/pkg_resources.html. The pkg_resources package is slated for removal as early as 2025-11-30. Refrain from using this package or pin to Setuptools<81.
  import pkg_resources
/home/rezac/bin/miniconda3/envs/ml-uma/lib/python3.12/site-packages/torchtnt/utils/version.py:12: UserWarning: pkg_resources is deprecated as an API. See https://setuptools.pypa.io/en/latest/pkg_resources.html. The pkg_resources package is slated for removal as early as 2025-11-30. Refrain from using this package or pin to Setuptools<81.
  import pkg_resources
/home/rezac/bin/miniconda3/envs/ml-uma/lib/python3.12/site-packages/torchtnt/utils/version.py:12: UserWarning: pkg_resources is deprecated as an API. See https://setuptools.pypa.io/en/latest/pkg_resources.html. The pkg_resources package is slated for removal as early as 2025-11-30. Refrain from using this package or pin to Setuptools<81.
  import pkg_resources
/home/rezac/bin/miniconda3/envs/ml-uma/lib/python3.12/site-packages/torchtnt/utils/version.py:12: UserWarning: pkg_resources is deprecated as an API. See https://setuptools.pypa.io/en/latest/pkg_resources.html. The pkg_resources package is slated for removal as early as 2025-11-30. Refrain from using this package or pin to Setuptools<81.
  import pkg_resources
/home/rezac/bin/miniconda3/envs/ml-uma/lib/python3.12/site-packages/torchtnt/utils/version.py:12: UserWarning: pkg_resources is deprecated as an API. See https://setuptools.pypa.io/en/latest/pkg_resources.html. The pkg_resources package is slated for removal as early as 2025-11-30. Refrain from using this package or pin to Setuptools<81.
  import pkg_resources
/home/rezac/bin/miniconda3/envs/ml-uma/lib/python3.12/site-packages/torchtnt/utils/version.py:12: UserWarning: pkg_resources is deprecated as an API. See https://setuptools.pypa.io/en/latest/pkg_resources.html. The pkg_resources package is slated for removal as early as 2025-11-30. Refrain from using this package or pin to Setuptools<81.
  import pkg_resources
/home/rezac/bin/miniconda3/envs/ml-uma/lib/python3.12/site-packages/torchtnt/utils/version.py:12: UserWarning: pkg_resources is deprecated as an API. See https://setuptools.pypa.io/en/latest/pkg_resources.html. The pkg_resources package is slated for removal as early as 2025-11-30. Refrain from using this package or pin to Setuptools<81.
  import pkg_resources
/home/rezac/bin/miniconda3/envs/ml-uma/lib/python3.12/site-packages/torchtnt/utils/version.py:12: UserWarning: pkg_resources is deprecated as an API. See https://setuptools.pypa.io/en/latest/pkg_resources.html. The pkg_resources package is slated for removal as early as 2025-11-30. Refrain from using this package or pin to Setuptools<81.
  import pkg_resources
/home/rezac/bin/miniconda3/envs/ml-uma/lib/python3.12/site-packages/torchtnt/utils/version.py:12: UserWarning: pkg_resources is deprecated as an API. See https://setuptools.pypa.io/en/latest/pkg_resources.html. The pkg_resources package is slated for removal as early as 2025-11-30. Refrain from using this package or pin to Setuptools<81.
  import pkg_resources
/home/rezac/bin/miniconda3/envs/ml-uma/lib/python3.12/site-packages/torchtnt/utils/version.py:12: UserWarning: pkg_resources is deprecated as an API. See https://setuptools.pypa.io/en/latest/pkg_resources.html. The pkg_resources package is slated for removal as early as 2025-11-30. Refrain from using this package or pin to Setuptools<81.
  import pkg_resources
/home/rezac/bin/miniconda3/envs/ml-uma/lib/python3.12/site-packages/torchtnt/utils/version.py:12: UserWarning: pkg_resources is deprecated as an API. See https://setuptools.pypa.io/en/latest/pkg_resources.html. The pkg_resources package is slated for removal as early as 2025-11-30. Refrain from using this package or pin to Setuptools<81.
  import pkg_resources
/home/rezac/bin/miniconda3/envs/ml-uma/lib/python3.12/site-packages/torchtnt/utils/version.py:12: UserWarning: pkg_resources is deprecated as an API. See https://setuptools.pypa.io/en/latest/pkg_resources.html. The pkg_resources package is slated for removal as early as 2025-11-30. Refrain from using this package or pin to Setuptools<81.
  import pkg_resources
/home/rezac/bin/miniconda3/envs/ml-uma/lib/python3.12/site-packages/torchtnt/utils/version.py:12: UserWarning: pkg_resources is deprecated as an API. See https://setuptools.pypa.io/en/latest/pkg_resources.html. The pkg_resources package is slated for removal as early as 2025-11-30. Refrain from using this package or pin to Setuptools<81.
  import pkg_resources
/home/rezac/bin/miniconda3/envs/ml-uma/lib/python3.12/site-packages/torchtnt/utils/version.py:12: UserWarning: pkg_resources is deprecated as an API. See https://setuptools.pypa.io/en/latest/pkg_resources.html. The pkg_resources package is slated for removal as early as 2025-11-30. Refrain from using this package or pin to Setuptools<81.
  import pkg_resources
/home/rezac/bin/miniconda3/envs/ml-uma/lib/python3.12/site-packages/torchtnt/utils/version.py:12: UserWarning: pkg_resources is deprecated as an API. See https://setuptools.pypa.io/en/latest/pkg_resources.html. The pkg_resources package is slated for removal as early as 2025-11-30. Refrain from using this package or pin to Setuptools<81.
  import pkg_resources
/home/rezac/bin/miniconda3/envs/ml-uma/lib/python3.12/site-packages/torchtnt/utils/version.py:12: UserWarning: pkg_resources is deprecated as an API. See https://setuptools.pypa.io/en/latest/pkg_resources.html. The pkg_resources package is slated for removal as early as 2025-11-30. Refrain from using this package or pin to Setuptools<81.
  import pkg_resources
/home/rezac/bin/miniconda3/envs/ml-uma/lib/python3.12/site-packages/torchtnt/utils/version.py:12: UserWarning: pkg_resources is deprecated as an API. See https://setuptools.pypa.io/en/latest/pkg_resources.html. The pkg_resources package is slated for removal as early as 2025-11-30. Refrain from using this package or pin to Setuptools<81.
  import pkg_resources
/home/rezac/bin/miniconda3/envs/ml-uma/lib/python3.12/site-packages/torchtnt/utils/version.py:12: UserWarning: pkg_resources is deprecated as an API. See https://setuptools.pypa.io/en/latest/pkg_resources.html. The pkg_resources package is slated for removal as early as 2025-11-30. Refrain from using this package or pin to Setuptools<81.
  import pkg_resources
/home/rezac/bin/miniconda3/envs/ml-uma/lib/python3.12/site-packages/torchtnt/utils/version.py:12: UserWarning: pkg_resources is deprecated as an API. See https://setuptools.pypa.io/en/latest/pkg_resources.html. The pkg_resources package is slated for removal as early as 2025-11-30. Refrain from using this package or pin to Setuptools<81.
  import pkg_resources
/home/rezac/bin/miniconda3/envs/ml-uma/lib/python3.12/site-packages/torchtnt/utils/version.py:12: UserWarning: pkg_resources is deprecated as an API. See https://setuptools.pypa.io/en/latest/pkg_resources.html. The pkg_resources package is slated for removal as early as 2025-11-30. Refrain from using this package or pin to Setuptools<81.
  import pkg_resources
/home/rezac/bin/miniconda3/envs/ml-uma/lib/python3.12/site-packages/torchtnt/utils/version.py:12: UserWarning: pkg_resources is deprecated as an API. See https://setuptools.pypa.io/en/latest/pkg_resources.html. The pkg_resources package is slated for removal as early as 2025-11-30. Refrain from using this package or pin to Setuptools<81.
  import pkg_resources
/home/rezac/bin/miniconda3/envs/ml-uma/lib/python3.12/site-packages/torchtnt/utils/version.py:12: UserWarning: pkg_resources is deprecated as an API. See https://setuptools.pypa.io/en/latest/pkg_resources.html. The pkg_resources package is slated for removal as early as 2025-11-30. Refrain from using this package or pin to Setuptools<81.
  import pkg_resources
/home/rezac/bin/miniconda3/envs/ml-uma/lib/python3.12/site-packages/torchtnt/utils/version.py:12: UserWarning: pkg_resources is deprecated as an API. See https://setuptools.pypa.io/en/latest/pkg_resources.html. The pkg_resources package is slated for removal as early as 2025-11-30. Refrain from using this package or pin to Setuptools<81.
  import pkg_resources
/home/rezac/bin/miniconda3/envs/ml-uma/lib/python3.12/site-packages/torchtnt/utils/version.py:12: UserWarning: pkg_resources is deprecated as an API. See https://setuptools.pypa.io/en/latest/pkg_resources.html. The pkg_resources package is slated for removal as early as 2025-11-30. Refrain from using this package or pin to Setuptools<81.
  import pkg_resources
/home/rezac/bin/miniconda3/envs/ml-uma/lib/python3.12/site-packages/torchtnt/utils/version.py:12: UserWarning: pkg_resources is deprecated as an API. See https://setuptools.pypa.io/en/latest/pkg_resources.html. The pkg_resources package is slated for removal as early as 2025-11-30. Refrain from using this package or pin to Setuptools<81.
  import pkg_resources
/home/rezac/bin/miniconda3/envs/ml-uma/lib/python3.12/site-packages/torchtnt/utils/version.py:12: UserWarning: pkg_resources is deprecated as an API. See https://setuptools.pypa.io/en/latest/pkg_resources.html. The pkg_resources package is slated for removal as early as 2025-11-30. Refrain from using this package or pin to Setuptools<81.
  import pkg_resources
/home/rezac/bin/miniconda3/envs/ml-uma/lib/python3.12/site-packages/torchtnt/utils/version.py:12: UserWarning: pkg_resources is deprecated as an API. See https://setuptools.pypa.io/en/latest/pkg_resources.html. The pkg_resources package is slated for removal as early as 2025-11-30. Refrain from using this package or pin to Setuptools<81.
  import pkg_resources
/home/rezac/bin/miniconda3/envs/ml-uma/lib/python3.12/site-packages/torchtnt/utils/version.py:12: UserWarning: pkg_resources is deprecated as an API. See https://setuptools.pypa.io/en/latest/pkg_resources.html. The pkg_resources package is slated for removal as early as 2025-11-30. Refrain from using this package or pin to Setuptools<81.
  import pkg_resources
/home/rezac/bin/miniconda3/envs/ml-uma/lib/python3.12/site-packages/torchtnt/utils/version.py:12: UserWarning: pkg_resources is deprecated as an API. See https://setuptools.pypa.io/en/latest/pkg_resources.html. The pkg_resources package is slated for removal as early as 2025-11-30. Refrain from using this package or pin to Setuptools<81.
  import pkg_resources
/home/rezac/bin/miniconda3/envs/ml-uma/lib/python3.12/site-packages/torchtnt/utils/version.py:12: UserWarning: pkg_resources is deprecated as an API. See https://setuptools.pypa.io/en/latest/pkg_resources.html. The pkg_resources package is slated for removal as early as 2025-11-30. Refrain from using this package or pin to Setuptools<81.
  import pkg_resources
/home/rezac/bin/miniconda3/envs/ml-uma/lib/python3.12/site-packages/torchtnt/utils/version.py:12: UserWarning: pkg_resources is deprecated as an API. See https://setuptools.pypa.io/en/latest/pkg_resources.html. The pkg_resources package is slated for removal as early as 2025-11-30. Refrain from using this package or pin to Setuptools<81.
  import pkg_resources
/home/rezac/bin/miniconda3/envs/ml-uma/lib/python3.12/site-packages/torchtnt/utils/version.py:12: UserWarning: pkg_resources is deprecated as an API. See https://setuptools.pypa.io/en/latest/pkg_resources.html. The pkg_resources package is slated for removal as early as 2025-11-30. Refrain from using this package or pin to Setuptools<81.
  import pkg_resources
/home/rezac/bin/miniconda3/envs/ml-uma/lib/python3.12/site-packages/torchtnt/utils/version.py:12: UserWarning: pkg_resources is deprecated as an API. See https://setuptools.pypa.io/en/latest/pkg_resources.html. The pkg_resources package is slated for removal as early as 2025-11-30. Refrain from using this package or pin to Setuptools<81.
  import pkg_resources
/home/rezac/bin/miniconda3/envs/ml-uma/lib/python3.12/site-packages/torchtnt/utils/version.py:12: UserWarning: pkg_resources is deprecated as an API. See https://setuptools.pypa.io/en/latest/pkg_resources.html. The pkg_resources package is slated for removal as early as 2025-11-30. Refrain from using this package or pin to Setuptools<81.
  import pkg_resources
/home/rezac/bin/miniconda3/envs/ml-uma/lib/python3.12/site-packages/torchtnt/utils/version.py:12: UserWarning: pkg_resources is deprecated as an API. See https://setuptools.pypa.io/en/latest/pkg_resources.html. The pkg_resources package is slated for removal as early as 2025-11-30. Refrain from using this package or pin to Setuptools<81.
  import pkg_resources
/home/rezac/bin/miniconda3/envs/ml-uma/lib/python3.12/site-packages/torchtnt/utils/version.py:12: UserWarning: pkg_resources is deprecated as an API. See https://setuptools.pypa.io/en/latest/pkg_resources.html. The pkg_resources package is slated for removal as early as 2025-11-30. Refrain from using this package or pin to Setuptools<81.
  import pkg_resources
/home/rezac/bin/miniconda3/envs/ml-uma/lib/python3.12/site-packages/torchtnt/utils/version.py:12: UserWarning: pkg_resources is deprecated as an API. See https://setuptools.pypa.io/en/latest/pkg_resources.html. The pkg_resources package is slated for removal as early as 2025-11-30. Refrain from using this package or pin to Setuptools<81.
  import pkg_resources
/home/rezac/bin/miniconda3/envs/ml-uma/lib/python3.12/site-packages/torchtnt/utils/version.py:12: UserWarning: pkg_resources is deprecated as an API. See https://setuptools.pypa.io/en/latest/pkg_resources.html. The pkg_resources package is slated for removal as early as 2025-11-30. Refrain from using this package or pin to Setuptools<81.
  import pkg_resources
/home/rezac/bin/miniconda3/envs/ml-uma/lib/python3.12/site-packages/torchtnt/utils/version.py:12: UserWarning: pkg_resources is deprecated as an API. See https://setuptools.pypa.io/en/latest/pkg_resources.html. The pkg_resources package is slated for removal as early as 2025-11-30. Refrain from using this package or pin to Setuptools<81.
  import pkg_resources
/home/rezac/bin/miniconda3/envs/ml-uma/lib/python3.12/site-packages/torchtnt/utils/version.py:12: UserWarning: pkg_resources is deprecated as an API. See https://setuptools.pypa.io/en/latest/pkg_resources.html. The pkg_resources package is slated for removal as early as 2025-11-30. Refrain from using this package or pin to Setuptools<81.
  import pkg_resources
/home/rezac/bin/miniconda3/envs/ml-uma/lib/python3.12/site-packages/torchtnt/utils/version.py:12: UserWarning: pkg_resources is deprecated as an API. See https://setuptools.pypa.io/en/latest/pkg_resources.html. The pkg_resources package is slated for removal as early as 2025-11-30. Refrain from using this package or pin to Setuptools<81.
  import pkg_resources
/home/rezac/bin/miniconda3/envs/ml-uma/lib/python3.12/site-packages/torchtnt/utils/version.py:12: UserWarning: pkg_resources is deprecated as an API. See https://setuptools.pypa.io/en/latest/pkg_resources.html. The pkg_resources package is slated for removal as early as 2025-11-30. Refrain from using this package or pin to Setuptools<81.
  import pkg_resources
/home/rezac/bin/miniconda3/envs/ml-uma/lib/python3.12/site-packages/torchtnt/utils/version.py:12: UserWarning: pkg_resources is deprecated as an API. See https://setuptools.pypa.io/en/latest/pkg_resources.html. The pkg_resources package is slated for removal as early as 2025-11-30. Refrain from using this package or pin to Setuptools<81.
  import pkg_resources
/home/rezac/bin/miniconda3/envs/ml-uma/lib/python3.12/site-packages/torchtnt/utils/version.py:12: UserWarning: pkg_resources is deprecated as an API. See https://setuptools.pypa.io/en/latest/pkg_resources.html. The pkg_resources package is slated for removal as early as 2025-11-30. Refrain from using this package or pin to Setuptools<81.
  import pkg_resources
/home/rezac/bin/miniconda3/envs/ml-uma/lib/python3.12/site-packages/torchtnt/utils/version.py:12: UserWarning: pkg_resources is deprecated as an API. See https://setuptools.pypa.io/en/latest/pkg_resources.html. The pkg_resources package is slated for removal as early as 2025-11-30. Refrain from using this package or pin to Setuptools<81.
  import pkg_resources
/home/rezac/bin/miniconda3/envs/ml-uma/lib/python3.12/site-packages/torchtnt/utils/version.py:12: UserWarning: pkg_resources is deprecated as an API. See https://setuptools.pypa.io/en/latest/pkg_resources.html. The pkg_resources package is slated for removal as early as 2025-11-30. Refrain from using this package or pin to Setuptools<81.
  import pkg_resources
/home/rezac/bin/miniconda3/envs/ml-uma/lib/python3.12/site-packages/torchtnt/utils/version.py:12: UserWarning: pkg_resources is deprecated as an API. See https://setuptools.pypa.io/en/latest/pkg_resources.html. The pkg_resources package is slated for removal as early as 2025-11-30. Refrain from using this package or pin to Setuptools<81.
  import pkg_resources
/home/rezac/bin/miniconda3/envs/ml-uma/lib/python3.12/site-packages/torchtnt/utils/version.py:12: UserWarning: pkg_resources is deprecated as an API. See https://setuptools.pypa.io/en/latest/pkg_resources.html. The pkg_resources package is slated for removal as early as 2025-11-30. Refrain from using this package or pin to Setuptools<81.
  import pkg_resources
/home/rezac/bin/miniconda3/envs/ml-uma/lib/python3.12/site-packages/torchtnt/utils/version.py:12: UserWarning: pkg_resources is deprecated as an API. See https://setuptools.pypa.io/en/latest/pkg_resources.html. The pkg_resources package is slated for removal as early as 2025-11-30. Refrain from using this package or pin to Setuptools<81.
  import pkg_resources
/home/rezac/bin/miniconda3/envs/ml-uma/lib/python3.12/site-packages/torchtnt/utils/version.py:12: UserWarning: pkg_resources is deprecated as an API. See https://setuptools.pypa.io/en/latest/pkg_resources.html. The pkg_resources package is slated for removal as early as 2025-11-30. Refrain from using this package or pin to Setuptools<81.
  import pkg_resources
/home/rezac/bin/miniconda3/envs/ml-uma/lib/python3.12/site-packages/torchtnt/utils/version.py:12: UserWarning: pkg_resources is deprecated as an API. See https://setuptools.pypa.io/en/latest/pkg_resources.html. The pkg_resources package is slated for removal as early as 2025-11-30. Refrain from using this package or pin to Setuptools<81.
  import pkg_resources
/home/rezac/bin/miniconda3/envs/ml-uma/lib/python3.12/site-packages/torchtnt/utils/version.py:12: UserWarning: pkg_resources is deprecated as an API. See https://setuptools.pypa.io/en/latest/pkg_resources.html. The pkg_resources package is slated for removal as early as 2025-11-30. Refrain from using this package or pin to Setuptools<81.
  import pkg_resources
/home/rezac/bin/miniconda3/envs/ml-uma/lib/python3.12/site-packages/torchtnt/utils/version.py:12: UserWarning: pkg_resources is deprecated as an API. See https://setuptools.pypa.io/en/latest/pkg_resources.html. The pkg_resources package is slated for removal as early as 2025-11-30. Refrain from using this package or pin to Setuptools<81.
  import pkg_resources
/home/rezac/bin/miniconda3/envs/ml-uma/lib/python3.12/site-packages/torchtnt/utils/version.py:12: UserWarning: pkg_resources is deprecated as an API. See https://setuptools.pypa.io/en/latest/pkg_resources.html. The pkg_resources package is slated for removal as early as 2025-11-30. Refrain from using this package or pin to Setuptools<81.
  import pkg_resources
/home/rezac/bin/miniconda3/envs/ml-uma/lib/python3.12/site-packages/torchtnt/utils/version.py:12: UserWarning: pkg_resources is deprecated as an API. See https://setuptools.pypa.io/en/latest/pkg_resources.html. The pkg_resources package is slated for removal as early as 2025-11-30. Refrain from using this package or pin to Setuptools<81.
  import pkg_resources
/home/rezac/bin/miniconda3/envs/ml-uma/lib/python3.12/site-packages/torchtnt/utils/version.py:12: UserWarning: pkg_resources is deprecated as an API. See https://setuptools.pypa.io/en/latest/pkg_resources.html. The pkg_resources package is slated for removal as early as 2025-11-30. Refrain from using this package or pin to Setuptools<81.
  import pkg_resources
/home/rezac/bin/miniconda3/envs/ml-uma/lib/python3.12/site-packages/torchtnt/utils/version.py:12: UserWarning: pkg_resources is deprecated as an API. See https://setuptools.pypa.io/en/latest/pkg_resources.html. The pkg_resources package is slated for removal as early as 2025-11-30. Refrain from using this package or pin to Setuptools<81.
  import pkg_resources
/home/rezac/bin/miniconda3/envs/ml-uma/lib/python3.12/site-packages/torchtnt/utils/version.py:12: UserWarning: pkg_resources is deprecated as an API. See https://setuptools.pypa.io/en/latest/pkg_resources.html. The pkg_resources package is slated for removal as early as 2025-11-30. Refrain from using this package or pin to Setuptools<81.
  import pkg_resources
/home/rezac/bin/miniconda3/envs/ml-uma/lib/python3.12/site-packages/torchtnt/utils/version.py:12: UserWarning: pkg_resources is deprecated as an API. See https://setuptools.pypa.io/en/latest/pkg_resources.html. The pkg_resources package is slated for removal as early as 2025-11-30. Refrain from using this package or pin to Setuptools<81.
  import pkg_resources
/home/rezac/bin/miniconda3/envs/ml-uma/lib/python3.12/site-packages/torchtnt/utils/version.py:12: UserWarning: pkg_resources is deprecated as an API. See https://setuptools.pypa.io/en/latest/pkg_resources.html. The pkg_resources package is slated for removal as early as 2025-11-30. Refrain from using this package or pin to Setuptools<81.
  import pkg_resources
/home/rezac/bin/miniconda3/envs/ml-uma/lib/python3.12/site-packages/torchtnt/utils/version.py:12: UserWarning: pkg_resources is deprecated as an API. See https://setuptools.pypa.io/en/latest/pkg_resources.html. The pkg_resources package is slated for removal as early as 2025-11-30. Refrain from using this package or pin to Setuptools<81.
  import pkg_resources
/home/rezac/bin/miniconda3/envs/ml-uma/lib/python3.12/site-packages/torchtnt/utils/version.py:12: UserWarning: pkg_resources is deprecated as an API. See https://setuptools.pypa.io/en/latest/pkg_resources.html. The pkg_resources package is slated for removal as early as 2025-11-30. Refrain from using this package or pin to Setuptools<81.
  import pkg_resources
/home/rezac/bin/miniconda3/envs/ml-uma/lib/python3.12/site-packages/torchtnt/utils/version.py:12: UserWarning: pkg_resources is deprecated as an API. See https://setuptools.pypa.io/en/latest/pkg_resources.html. The pkg_resources package is slated for removal as early as 2025-11-30. Refrain from using this package or pin to Setuptools<81.
  import pkg_resources
/home/rezac/bin/miniconda3/envs/ml-uma/lib/python3.12/site-packages/torchtnt/utils/version.py:12: UserWarning: pkg_resources is deprecated as an API. See https://setuptools.pypa.io/en/latest/pkg_resources.html. The pkg_resources package is slated for removal as early as 2025-11-30. Refrain from using this package or pin to Setuptools<81.
  import pkg_resources
/home/rezac/bin/miniconda3/envs/ml-uma/lib/python3.12/site-packages/torchtnt/utils/version.py:12: UserWarning: pkg_resources is deprecated as an API. See https://setuptools.pypa.io/en/latest/pkg_resources.html. The pkg_resources package is slated for removal as early as 2025-11-30. Refrain from using this package or pin to Setuptools<81.
  import pkg_resources
/home/rezac/bin/miniconda3/envs/ml-uma/lib/python3.12/site-packages/torchtnt/utils/version.py:12: UserWarning: pkg_resources is deprecated as an API. See https://setuptools.pypa.io/en/latest/pkg_resources.html. The pkg_resources package is slated for removal as early as 2025-11-30. Refrain from using this package or pin to Setuptools<81.
  import pkg_resources
/home/rezac/bin/miniconda3/envs/ml-uma/lib/python3.12/site-packages/torchtnt/utils/version.py:12: UserWarning: pkg_resources is deprecated as an API. See https://setuptools.pypa.io/en/latest/pkg_resources.html. The pkg_resources package is slated for removal as early as 2025-11-30. Refrain from using this package or pin to Setuptools<81.
  import pkg_resources
/home/rezac/bin/miniconda3/envs/ml-uma/lib/python3.12/site-packages/torchtnt/utils/version.py:12: UserWarning: pkg_resources is deprecated as an API. See https://setuptools.pypa.io/en/latest/pkg_resources.html. The pkg_resources package is slated for removal as early as 2025-11-30. Refrain from using this package or pin to Setuptools<81.
  import pkg_resources
/home/rezac/bin/miniconda3/envs/ml-uma/lib/python3.12/site-packages/torchtnt/utils/version.py:12: UserWarning: pkg_resources is deprecated as an API. See https://setuptools.pypa.io/en/latest/pkg_resources.html. The pkg_resources package is slated for removal as early as 2025-11-30. Refrain from using this package or pin to Setuptools<81.
  import pkg_resources
/home/rezac/bin/miniconda3/envs/ml-uma/lib/python3.12/site-packages/torchtnt/utils/version.py:12: UserWarning: pkg_resources is deprecated as an API. See https://setuptools.pypa.io/en/latest/pkg_resources.html. The pkg_resources package is slated for removal as early as 2025-11-30. Refrain from using this package or pin to Setuptools<81.
  import pkg_resources
/home/rezac/bin/miniconda3/envs/ml-uma/lib/python3.12/site-packages/torchtnt/utils/version.py:12: UserWarning: pkg_resources is deprecated as an API. See https://setuptools.pypa.io/en/latest/pkg_resources.html. The pkg_resources package is slated for removal as early as 2025-11-30. Refrain from using this package or pin to Setuptools<81.
  import pkg_resources
/home/rezac/bin/miniconda3/envs/ml-uma/lib/python3.12/site-packages/torchtnt/utils/version.py:12: UserWarning: pkg_resources is deprecated as an API. See https://setuptools.pypa.io/en/latest/pkg_resources.html. The pkg_resources package is slated for removal as early as 2025-11-30. Refrain from using this package or pin to Setuptools<81.
  import pkg_resources
/home/rezac/bin/miniconda3/envs/ml-uma/lib/python3.12/site-packages/torchtnt/utils/version.py:12: UserWarning: pkg_resources is deprecated as an API. See https://setuptools.pypa.io/en/latest/pkg_resources.html. The pkg_resources package is slated for removal as early as 2025-11-30. Refrain from using this package or pin to Setuptools<81.
  import pkg_resources
/home/rezac/bin/miniconda3/envs/ml-uma/lib/python3.12/site-packages/torchtnt/utils/version.py:12: UserWarning: pkg_resources is deprecated as an API. See https://setuptools.pypa.io/en/latest/pkg_resources.html. The pkg_resources package is slated for removal as early as 2025-11-30. Refrain from using this package or pin to Setuptools<81.
  import pkg_resources
/home/rezac/bin/miniconda3/envs/ml-uma/lib/python3.12/site-packages/torchtnt/utils/version.py:12: UserWarning: pkg_resources is deprecated as an API. See https://setuptools.pypa.io/en/latest/pkg_resources.html. The pkg_resources package is slated for removal as early as 2025-11-30. Refrain from using this package or pin to Setuptools<81.
  import pkg_resources
/home/rezac/bin/miniconda3/envs/ml-uma/lib/python3.12/site-packages/torchtnt/utils/version.py:12: UserWarning: pkg_resources is deprecated as an API. See https://setuptools.pypa.io/en/latest/pkg_resources.html. The pkg_resources package is slated for removal as early as 2025-11-30. Refrain from using this package or pin to Setuptools<81.
  import pkg_resources
/home/rezac/bin/miniconda3/envs/ml-uma/lib/python3.12/site-packages/torchtnt/utils/version.py:12: UserWarning: pkg_resources is deprecated as an API. See https://setuptools.pypa.io/en/latest/pkg_resources.html. The pkg_resources package is slated for removal as early as 2025-11-30. Refrain from using this package or pin to Setuptools<81.
  import pkg_resources
/home/rezac/bin/miniconda3/envs/ml-uma/lib/python3.12/site-packages/torchtnt/utils/version.py:12: UserWarning: pkg_resources is deprecated as an API. See https://setuptools.pypa.io/en/latest/pkg_resources.html. The pkg_resources package is slated for removal as early as 2025-11-30. Refrain from using this package or pin to Setuptools<81.
  import pkg_resources
/home/rezac/bin/miniconda3/envs/ml-uma/lib/python3.12/site-packages/torchtnt/utils/version.py:12: UserWarning: pkg_resources is deprecated as an API. See https://setuptools.pypa.io/en/latest/pkg_resources.html. The pkg_resources package is slated for removal as early as 2025-11-30. Refrain from using this package or pin to Setuptools<81.
  import pkg_resources
/home/rezac/bin/miniconda3/envs/ml-uma/lib/python3.12/site-packages/torchtnt/utils/version.py:12: UserWarning: pkg_resources is deprecated as an API. See https://setuptools.pypa.io/en/latest/pkg_resources.html. The pkg_resources package is slated for removal as early as 2025-11-30. Refrain from using this package or pin to Setuptools<81.
  import pkg_resources
/home/rezac/bin/miniconda3/envs/ml-uma/lib/python3.12/site-packages/torchtnt/utils/version.py:12: UserWarning: pkg_resources is deprecated as an API. See https://setuptools.pypa.io/en/latest/pkg_resources.html. The pkg_resources package is slated for removal as early as 2025-11-30. Refrain from using this package or pin to Setuptools<81.
  import pkg_resources
/home/rezac/bin/miniconda3/envs/ml-uma/lib/python3.12/site-packages/torchtnt/utils/version.py:12: UserWarning: pkg_resources is deprecated as an API. See https://setuptools.pypa.io/en/latest/pkg_resources.html. The pkg_resources package is slated for removal as early as 2025-11-30. Refrain from using this package or pin to Setuptools<81.
  import pkg_resources
/home/rezac/bin/miniconda3/envs/ml-uma/lib/python3.12/site-packages/torchtnt/utils/version.py:12: UserWarning: pkg_resources is deprecated as an API. See https://setuptools.pypa.io/en/latest/pkg_resources.html. The pkg_resources package is slated for removal as early as 2025-11-30. Refrain from using this package or pin to Setuptools<81.
  import pkg_resources
/home/rezac/bin/miniconda3/envs/ml-uma/lib/python3.12/site-packages/torchtnt/utils/version.py:12: UserWarning: pkg_resources is deprecated as an API. See https://setuptools.pypa.io/en/latest/pkg_resources.html. The pkg_resources package is slated for removal as early as 2025-11-30. Refrain from using this package or pin to Setuptools<81.
  import pkg_resources
/home/rezac/bin/miniconda3/envs/ml-uma/lib/python3.12/site-packages/torchtnt/utils/version.py:12: UserWarning: pkg_resources is deprecated as an API. See https://setuptools.pypa.io/en/latest/pkg_resources.html. The pkg_resources package is slated for removal as early as 2025-11-30. Refrain from using this package or pin to Setuptools<81.
  import pkg_resources
/home/rezac/bin/miniconda3/envs/ml-uma/lib/python3.12/site-packages/torchtnt/utils/version.py:12: UserWarning: pkg_resources is deprecated as an API. See https://setuptools.pypa.io/en/latest/pkg_resources.html. The pkg_resources package is slated for removal as early as 2025-11-30. Refrain from using this package or pin to Setuptools<81.
  import pkg_resources
/home/rezac/bin/miniconda3/envs/ml-uma/lib/python3.12/site-packages/torchtnt/utils/version.py:12: UserWarning: pkg_resources is deprecated as an API. See https://setuptools.pypa.io/en/latest/pkg_resources.html. The pkg_resources package is slated for removal as early as 2025-11-30. Refrain from using this package or pin to Setuptools<81.
  import pkg_resources
/home/rezac/bin/miniconda3/envs/ml-uma/lib/python3.12/site-packages/torchtnt/utils/version.py:12: UserWarning: pkg_resources is deprecated as an API. See https://setuptools.pypa.io/en/latest/pkg_resources.html. The pkg_resources package is slated for removal as early as 2025-11-30. Refrain from using this package or pin to Setuptools<81.
  import pkg_resources
/home/rezac/bin/miniconda3/envs/ml-uma/lib/python3.12/site-packages/torchtnt/utils/version.py:12: UserWarning: pkg_resources is deprecated as an API. See https://setuptools.pypa.io/en/latest/pkg_resources.html. The pkg_resources package is slated for removal as early as 2025-11-30. Refrain from using this package or pin to Setuptools<81.
  import pkg_resources
/home/rezac/bin/miniconda3/envs/ml-uma/lib/python3.12/site-packages/torchtnt/utils/version.py:12: UserWarning: pkg_resources is deprecated as an API. See https://setuptools.pypa.io/en/latest/pkg_resources.html. The pkg_resources package is slated for removal as early as 2025-11-30. Refrain from using this package or pin to Setuptools<81.
  import pkg_resources
/home/rezac/bin/miniconda3/envs/ml-uma/lib/python3.12/site-packages/torchtnt/utils/version.py:12: UserWarning: pkg_resources is deprecated as an API. See https://setuptools.pypa.io/en/latest/pkg_resources.html. The pkg_resources package is slated for removal as early as 2025-11-30. Refrain from using this package or pin to Setuptools<81.
  import pkg_resources
/home/rezac/bin/miniconda3/envs/ml-uma/lib/python3.12/site-packages/torchtnt/utils/version.py:12: UserWarning: pkg_resources is deprecated as an API. See https://setuptools.pypa.io/en/latest/pkg_resources.html. The pkg_resources package is slated for removal as early as 2025-11-30. Refrain from using this package or pin to Setuptools<81.
  import pkg_resources
/home/rezac/bin/miniconda3/envs/ml-uma/lib/python3.12/site-packages/torchtnt/utils/version.py:12: UserWarning: pkg_resources is deprecated as an API. See https://setuptools.pypa.io/en/latest/pkg_resources.html. The pkg_resources package is slated for removal as early as 2025-11-30. Refrain from using this package or pin to Setuptools<81.
  import pkg_resources
/home/rezac/bin/miniconda3/envs/ml-uma/lib/python3.12/site-packages/torchtnt/utils/version.py:12: UserWarning: pkg_resources is deprecated as an API. See https://setuptools.pypa.io/en/latest/pkg_resources.html. The pkg_resources package is slated for removal as early as 2025-11-30. Refrain from using this package or pin to Setuptools<81.
  import pkg_resources
/home/rezac/bin/miniconda3/envs/ml-uma/lib/python3.12/site-packages/torchtnt/utils/version.py:12: UserWarning: pkg_resources is deprecated as an API. See https://setuptools.pypa.io/en/latest/pkg_resources.html. The pkg_resources package is slated for removal as early as 2025-11-30. Refrain from using this package or pin to Setuptools<81.
  import pkg_resources
/home/rezac/bin/miniconda3/envs/ml-uma/lib/python3.12/site-packages/torchtnt/utils/version.py:12: UserWarning: pkg_resources is deprecated as an API. See https://setuptools.pypa.io/en/latest/pkg_resources.html. The pkg_resources package is slated for removal as early as 2025-11-30. Refrain from using this package or pin to Setuptools<81.
  import pkg_resources
/home/rezac/bin/miniconda3/envs/ml-uma/lib/python3.12/site-packages/torchtnt/utils/version.py:12: UserWarning: pkg_resources is deprecated as an API. See https://setuptools.pypa.io/en/latest/pkg_resources.html. The pkg_resources package is slated for removal as early as 2025-11-30. Refrain from using this package or pin to Setuptools<81.
  import pkg_resources
/home/rezac/bin/miniconda3/envs/ml-uma/lib/python3.12/site-packages/torchtnt/utils/version.py:12: UserWarning: pkg_resources is deprecated as an API. See https://setuptools.pypa.io/en/latest/pkg_resources.html. The pkg_resources package is slated for removal as early as 2025-11-30. Refrain from using this package or pin to Setuptools<81.
  import pkg_resources
/home/rezac/bin/miniconda3/envs/ml-uma/lib/python3.12/site-packages/torchtnt/utils/version.py:12: UserWarning: pkg_resources is deprecated as an API. See https://setuptools.pypa.io/en/latest/pkg_resources.html. The pkg_resources package is slated for removal as early as 2025-11-30. Refrain from using this package or pin to Setuptools<81.
  import pkg_resources
/home/rezac/bin/miniconda3/envs/ml-uma/lib/python3.12/site-packages/torchtnt/utils/version.py:12: UserWarning: pkg_resources is deprecated as an API. See https://setuptools.pypa.io/en/latest/pkg_resources.html. The pkg_resources package is slated for removal as early as 2025-11-30. Refrain from using this package or pin to Setuptools<81.
  import pkg_resources
/home/rezac/bin/miniconda3/envs/ml-uma/lib/python3.12/site-packages/torchtnt/utils/version.py:12: UserWarning: pkg_resources is deprecated as an API. See https://setuptools.pypa.io/en/latest/pkg_resources.html. The pkg_resources package is slated for removal as early as 2025-11-30. Refrain from using this package or pin to Setuptools<81.
  import pkg_resources
/home/rezac/bin/miniconda3/envs/ml-uma/lib/python3.12/site-packages/torchtnt/utils/version.py:12: UserWarning: pkg_resources is deprecated as an API. See https://setuptools.pypa.io/en/latest/pkg_resources.html. The pkg_resources package is slated for removal as early as 2025-11-30. Refrain from using this package or pin to Setuptools<81.
  import pkg_resources
/home/rezac/bin/miniconda3/envs/ml-uma/lib/python3.12/site-packages/torchtnt/utils/version.py:12: UserWarning: pkg_resources is deprecated as an API. See https://setuptools.pypa.io/en/latest/pkg_resources.html. The pkg_resources package is slated for removal as early as 2025-11-30. Refrain from using this package or pin to Setuptools<81.
  import pkg_resources
/home/rezac/bin/miniconda3/envs/ml-uma/lib/python3.12/site-packages/torchtnt/utils/version.py:12: UserWarning: pkg_resources is deprecated as an API. See https://setuptools.pypa.io/en/latest/pkg_resources.html. The pkg_resources package is slated for removal as early as 2025-11-30. Refrain from using this package or pin to Setuptools<81.
  import pkg_resources
/home/rezac/bin/miniconda3/envs/ml-uma/lib/python3.12/site-packages/torchtnt/utils/version.py:12: UserWarning: pkg_resources is deprecated as an API. See https://setuptools.pypa.io/en/latest/pkg_resources.html. The pkg_resources package is slated for removal as early as 2025-11-30. Refrain from using this package or pin to Setuptools<81.
  import pkg_resources
/home/rezac/bin/miniconda3/envs/ml-uma/lib/python3.12/site-packages/torchtnt/utils/version.py:12: UserWarning: pkg_resources is deprecated as an API. See https://setuptools.pypa.io/en/latest/pkg_resources.html. The pkg_resources package is slated for removal as early as 2025-11-30. Refrain from using this package or pin to Setuptools<81.
  import pkg_resources
/home/rezac/bin/miniconda3/envs/ml-uma/lib/python3.12/site-packages/torchtnt/utils/version.py:12: UserWarning: pkg_resources is deprecated as an API. See https://setuptools.pypa.io/en/latest/pkg_resources.html. The pkg_resources package is slated for removal as early as 2025-11-30. Refrain from using this package or pin to Setuptools<81.
  import pkg_resources
/home/rezac/bin/miniconda3/envs/ml-uma/lib/python3.12/site-packages/torchtnt/utils/version.py:12: UserWarning: pkg_resources is deprecated as an API. See https://setuptools.pypa.io/en/latest/pkg_resources.html. The pkg_resources package is slated for removal as early as 2025-11-30. Refrain from using this package or pin to Setuptools<81.
  import pkg_resources
/home/rezac/bin/miniconda3/envs/ml-uma/lib/python3.12/site-packages/torchtnt/utils/version.py:12: UserWarning: pkg_resources is deprecated as an API. See https://setuptools.pypa.io/en/latest/pkg_resources.html. The pkg_resources package is slated for removal as early as 2025-11-30. Refrain from using this package or pin to Setuptools<81.
  import pkg_resources
/home/rezac/bin/miniconda3/envs/ml-uma/lib/python3.12/site-packages/torchtnt/utils/version.py:12: UserWarning: pkg_resources is deprecated as an API. See https://setuptools.pypa.io/en/latest/pkg_resources.html. The pkg_resources package is slated for removal as early as 2025-11-30. Refrain from using this package or pin to Setuptools<81.
  import pkg_resources
/home/rezac/bin/miniconda3/envs/ml-uma/lib/python3.12/site-packages/torchtnt/utils/version.py:12: UserWarning: pkg_resources is deprecated as an API. See https://setuptools.pypa.io/en/latest/pkg_resources.html. The pkg_resources package is slated for removal as early as 2025-11-30. Refrain from using this package or pin to Setuptools<81.
  import pkg_resources
/home/rezac/bin/miniconda3/envs/ml-uma/lib/python3.12/site-packages/torchtnt/utils/version.py:12: UserWarning: pkg_resources is deprecated as an API. See https://setuptools.pypa.io/en/latest/pkg_resources.html. The pkg_resources package is slated for removal as early as 2025-11-30. Refrain from using this package or pin to Setuptools<81.
  import pkg_resources
/home/rezac/bin/miniconda3/envs/ml-uma/lib/python3.12/site-packages/torchtnt/utils/version.py:12: UserWarning: pkg_resources is deprecated as an API. See https://setuptools.pypa.io/en/latest/pkg_resources.html. The pkg_resources package is slated for removal as early as 2025-11-30. Refrain from using this package or pin to Setuptools<81.
  import pkg_resources
/home/rezac/bin/miniconda3/envs/ml-uma/lib/python3.12/site-packages/torchtnt/utils/version.py:12: UserWarning: pkg_resources is deprecated as an API. See https://setuptools.pypa.io/en/latest/pkg_resources.html. The pkg_resources package is slated for removal as early as 2025-11-30. Refrain from using this package or pin to Setuptools<81.
  import pkg_resources
/home/rezac/bin/miniconda3/envs/ml-uma/lib/python3.12/site-packages/torchtnt/utils/version.py:12: UserWarning: pkg_resources is deprecated as an API. See https://setuptools.pypa.io/en/latest/pkg_resources.html. The pkg_resources package is slated for removal as early as 2025-11-30. Refrain from using this package or pin to Setuptools<81.
  import pkg_resources
/home/rezac/bin/miniconda3/envs/ml-uma/lib/python3.12/site-packages/torchtnt/utils/version.py:12: UserWarning: pkg_resources is deprecated as an API. See https://setuptools.pypa.io/en/latest/pkg_resources.html. The pkg_resources package is slated for removal as early as 2025-11-30. Refrain from using this package or pin to Setuptools<81.
  import pkg_resources
/home/rezac/bin/miniconda3/envs/ml-uma/lib/python3.12/site-packages/torchtnt/utils/version.py:12: UserWarning: pkg_resources is deprecated as an API. See https://setuptools.pypa.io/en/latest/pkg_resources.html. The pkg_resources package is slated for removal as early as 2025-11-30. Refrain from using this package or pin to Setuptools<81.
  import pkg_resources
/home/rezac/bin/miniconda3/envs/ml-uma/lib/python3.12/site-packages/torchtnt/utils/version.py:12: UserWarning: pkg_resources is deprecated as an API. See https://setuptools.pypa.io/en/latest/pkg_resources.html. The pkg_resources package is slated for removal as early as 2025-11-30. Refrain from using this package or pin to Setuptools<81.
  import pkg_resources
/home/rezac/bin/miniconda3/envs/ml-uma/lib/python3.12/site-packages/torchtnt/utils/version.py:12: UserWarning: pkg_resources is deprecated as an API. See https://setuptools.pypa.io/en/latest/pkg_resources.html. The pkg_resources package is slated for removal as early as 2025-11-30. Refrain from using this package or pin to Setuptools<81.
  import pkg_resources
/home/rezac/bin/miniconda3/envs/ml-uma/lib/python3.12/site-packages/torchtnt/utils/version.py:12: UserWarning: pkg_resources is deprecated as an API. See https://setuptools.pypa.io/en/latest/pkg_resources.html. The pkg_resources package is slated for removal as early as 2025-11-30. Refrain from using this package or pin to Setuptools<81.
  import pkg_resources
/home/rezac/bin/miniconda3/envs/ml-uma/lib/python3.12/site-packages/torchtnt/utils/version.py:12: UserWarning: pkg_resources is deprecated as an API. See https://setuptools.pypa.io/en/latest/pkg_resources.html. The pkg_resources package is slated for removal as early as 2025-11-30. Refrain from using this package or pin to Setuptools<81.
  import pkg_resources
/home/rezac/bin/miniconda3/envs/ml-uma/lib/python3.12/site-packages/torchtnt/utils/version.py:12: UserWarning: pkg_resources is deprecated as an API. See https://setuptools.pypa.io/en/latest/pkg_resources.html. The pkg_resources package is slated for removal as early as 2025-11-30. Refrain from using this package or pin to Setuptools<81.
  import pkg_resources
/home/rezac/bin/miniconda3/envs/ml-uma/lib/python3.12/site-packages/torchtnt/utils/version.py:12: UserWarning: pkg_resources is deprecated as an API. See https://setuptools.pypa.io/en/latest/pkg_resources.html. The pkg_resources package is slated for removal as early as 2025-11-30. Refrain from using this package or pin to Setuptools<81.
  import pkg_resources
/home/rezac/bin/miniconda3/envs/ml-uma/lib/python3.12/site-packages/torchtnt/utils/version.py:12: UserWarning: pkg_resources is deprecated as an API. See https://setuptools.pypa.io/en/latest/pkg_resources.html. The pkg_resources package is slated for removal as early as 2025-11-30. Refrain from using this package or pin to Setuptools<81.
  import pkg_resources
/home/rezac/bin/miniconda3/envs/ml-uma/lib/python3.12/site-packages/torchtnt/utils/version.py:12: UserWarning: pkg_resources is deprecated as an API. See https://setuptools.pypa.io/en/latest/pkg_resources.html. The pkg_resources package is slated for removal as early as 2025-11-30. Refrain from using this package or pin to Setuptools<81.
  import pkg_resources
/home/rezac/bin/miniconda3/envs/ml-uma/lib/python3.12/site-packages/torchtnt/utils/version.py:12: UserWarning: pkg_resources is deprecated as an API. See https://setuptools.pypa.io/en/latest/pkg_resources.html. The pkg_resources package is slated for removal as early as 2025-11-30. Refrain from using this package or pin to Setuptools<81.
  import pkg_resources
/home/rezac/bin/miniconda3/envs/ml-uma/lib/python3.12/site-packages/torchtnt/utils/version.py:12: UserWarning: pkg_resources is deprecated as an API. See https://setuptools.pypa.io/en/latest/pkg_resources.html. The pkg_resources package is slated for removal as early as 2025-11-30. Refrain from using this package or pin to Setuptools<81.
  import pkg_resources
/home/rezac/bin/miniconda3/envs/ml-uma/lib/python3.12/site-packages/torchtnt/utils/version.py:12: UserWarning: pkg_resources is deprecated as an API. See https://setuptools.pypa.io/en/latest/pkg_resources.html. The pkg_resources package is slated for removal as early as 2025-11-30. Refrain from using this package or pin to Setuptools<81.
  import pkg_resources
/home/rezac/bin/miniconda3/envs/ml-uma/lib/python3.12/site-packages/torchtnt/utils/version.py:12: UserWarning: pkg_resources is deprecated as an API. See https://setuptools.pypa.io/en/latest/pkg_resources.html. The pkg_resources package is slated for removal as early as 2025-11-30. Refrain from using this package or pin to Setuptools<81.
  import pkg_resources
/home/rezac/bin/miniconda3/envs/ml-uma/lib/python3.12/site-packages/torchtnt/utils/version.py:12: UserWarning: pkg_resources is deprecated as an API. See https://setuptools.pypa.io/en/latest/pkg_resources.html. The pkg_resources package is slated for removal as early as 2025-11-30. Refrain from using this package or pin to Setuptools<81.
  import pkg_resources
/home/rezac/bin/miniconda3/envs/ml-uma/lib/python3.12/site-packages/torchtnt/utils/version.py:12: UserWarning: pkg_resources is deprecated as an API. See https://setuptools.pypa.io/en/latest/pkg_resources.html. The pkg_resources package is slated for removal as early as 2025-11-30. Refrain from using this package or pin to Setuptools<81.
  import pkg_resources
/home/rezac/bin/miniconda3/envs/ml-uma/lib/python3.12/site-packages/torchtnt/utils/version.py:12: UserWarning: pkg_resources is deprecated as an API. See https://setuptools.pypa.io/en/latest/pkg_resources.html. The pkg_resources package is slated for removal as early as 2025-11-30. Refrain from using this package or pin to Setuptools<81.
  import pkg_resources
/home/rezac/bin/miniconda3/envs/ml-uma/lib/python3.12/site-packages/torchtnt/utils/version.py:12: UserWarning: pkg_resources is deprecated as an API. See https://setuptools.pypa.io/en/latest/pkg_resources.html. The pkg_resources package is slated for removal as early as 2025-11-30. Refrain from using this package or pin to Setuptools<81.
  import pkg_resources
/home/rezac/bin/miniconda3/envs/ml-uma/lib/python3.12/site-packages/torchtnt/utils/version.py:12: UserWarning: pkg_resources is deprecated as an API. See https://setuptools.pypa.io/en/latest/pkg_resources.html. The pkg_resources package is slated for removal as early as 2025-11-30. Refrain from using this package or pin to Setuptools<81.
  import pkg_resources
/home/rezac/bin/miniconda3/envs/ml-uma/lib/python3.12/site-packages/torchtnt/utils/version.py:12: UserWarning: pkg_resources is deprecated as an API. See https://setuptools.pypa.io/en/latest/pkg_resources.html. The pkg_resources package is slated for removal as early as 2025-11-30. Refrain from using this package or pin to Setuptools<81.
  import pkg_resources
/home/rezac/bin/miniconda3/envs/ml-uma/lib/python3.12/site-packages/torchtnt/utils/version.py:12: UserWarning: pkg_resources is deprecated as an API. See https://setuptools.pypa.io/en/latest/pkg_resources.html. The pkg_resources package is slated for removal as early as 2025-11-30. Refrain from using this package or pin to Setuptools<81.
  import pkg_resources
/home/rezac/bin/miniconda3/envs/ml-uma/lib/python3.12/site-packages/torchtnt/utils/version.py:12: UserWarning: pkg_resources is deprecated as an API. See https://setuptools.pypa.io/en/latest/pkg_resources.html. The pkg_resources package is slated for removal as early as 2025-11-30. Refrain from using this package or pin to Setuptools<81.
  import pkg_resources
/home/rezac/bin/miniconda3/envs/ml-uma/lib/python3.12/site-packages/torchtnt/utils/version.py:12: UserWarning: pkg_resources is deprecated as an API. See https://setuptools.pypa.io/en/latest/pkg_resources.html. The pkg_resources package is slated for removal as early as 2025-11-30. Refrain from using this package or pin to Setuptools<81.
  import pkg_resources
/home/rezac/bin/miniconda3/envs/ml-uma/lib/python3.12/site-packages/torchtnt/utils/version.py:12: UserWarning: pkg_resources is deprecated as an API. See https://setuptools.pypa.io/en/latest/pkg_resources.html. The pkg_resources package is slated for removal as early as 2025-11-30. Refrain from using this package or pin to Setuptools<81.
  import pkg_resources
/home/rezac/bin/miniconda3/envs/ml-uma/lib/python3.12/site-packages/torchtnt/utils/version.py:12: UserWarning: pkg_resources is deprecated as an API. See https://setuptools.pypa.io/en/latest/pkg_resources.html. The pkg_resources package is slated for removal as early as 2025-11-30. Refrain from using this package or pin to Setuptools<81.
  import pkg_resources
/home/rezac/bin/miniconda3/envs/ml-uma/lib/python3.12/site-packages/torchtnt/utils/version.py:12: UserWarning: pkg_resources is deprecated as an API. See https://setuptools.pypa.io/en/latest/pkg_resources.html. The pkg_resources package is slated for removal as early as 2025-11-30. Refrain from using this package or pin to Setuptools<81.
  import pkg_resources
/home/rezac/bin/miniconda3/envs/ml-uma/lib/python3.12/site-packages/torchtnt/utils/version.py:12: UserWarning: pkg_resources is deprecated as an API. See https://setuptools.pypa.io/en/latest/pkg_resources.html. The pkg_resources package is slated for removal as early as 2025-11-30. Refrain from using this package or pin to Setuptools<81.
  import pkg_resources
/home/rezac/bin/miniconda3/envs/ml-uma/lib/python3.12/site-packages/torchtnt/utils/version.py:12: UserWarning: pkg_resources is deprecated as an API. See https://setuptools.pypa.io/en/latest/pkg_resources.html. The pkg_resources package is slated for removal as early as 2025-11-30. Refrain from using this package or pin to Setuptools<81.
  import pkg_resources
/home/rezac/bin/miniconda3/envs/ml-uma/lib/python3.12/site-packages/torchtnt/utils/version.py:12: UserWarning: pkg_resources is deprecated as an API. See https://setuptools.pypa.io/en/latest/pkg_resources.html. The pkg_resources package is slated for removal as early as 2025-11-30. Refrain from using this package or pin to Setuptools<81.
  import pkg_resources
/home/rezac/bin/miniconda3/envs/ml-uma/lib/python3.12/site-packages/torchtnt/utils/version.py:12: UserWarning: pkg_resources is deprecated as an API. See https://setuptools.pypa.io/en/latest/pkg_resources.html. The pkg_resources package is slated for removal as early as 2025-11-30. Refrain from using this package or pin to Setuptools<81.
  import pkg_resources
/home/rezac/bin/miniconda3/envs/ml-uma/lib/python3.12/site-packages/torchtnt/utils/version.py:12: UserWarning: pkg_resources is deprecated as an API. See https://setuptools.pypa.io/en/latest/pkg_resources.html. The pkg_resources package is slated for removal as early as 2025-11-30. Refrain from using this package or pin to Setuptools<81.
  import pkg_resources
/home/rezac/bin/miniconda3/envs/ml-uma/lib/python3.12/site-packages/torchtnt/utils/version.py:12: UserWarning: pkg_resources is deprecated as an API. See https://setuptools.pypa.io/en/latest/pkg_resources.html. The pkg_resources package is slated for removal as early as 2025-11-30. Refrain from using this package or pin to Setuptools<81.
  import pkg_resources
/home/rezac/bin/miniconda3/envs/ml-uma/lib/python3.12/site-packages/torchtnt/utils/version.py:12: UserWarning: pkg_resources is deprecated as an API. See https://setuptools.pypa.io/en/latest/pkg_resources.html. The pkg_resources package is slated for removal as early as 2025-11-30. Refrain from using this package or pin to Setuptools<81.
  import pkg_resources
/home/rezac/bin/miniconda3/envs/ml-uma/lib/python3.12/site-packages/torchtnt/utils/version.py:12: UserWarning: pkg_resources is deprecated as an API. See https://setuptools.pypa.io/en/latest/pkg_resources.html. The pkg_resources package is slated for removal as early as 2025-11-30. Refrain from using this package or pin to Setuptools<81.
  import pkg_resources
/home/rezac/bin/miniconda3/envs/ml-uma/lib/python3.12/site-packages/torchtnt/utils/version.py:12: UserWarning: pkg_resources is deprecated as an API. See https://setuptools.pypa.io/en/latest/pkg_resources.html. The pkg_resources package is slated for removal as early as 2025-11-30. Refrain from using this package or pin to Setuptools<81.
  import pkg_resources
/home/rezac/bin/miniconda3/envs/ml-uma/lib/python3.12/site-packages/torchtnt/utils/version.py:12: UserWarning: pkg_resources is deprecated as an API. See https://setuptools.pypa.io/en/latest/pkg_resources.html. The pkg_resources package is slated for removal as early as 2025-11-30. Refrain from using this package or pin to Setuptools<81.
  import pkg_resources
/home/rezac/bin/miniconda3/envs/ml-uma/lib/python3.12/site-packages/torchtnt/utils/version.py:12: UserWarning: pkg_resources is deprecated as an API. See https://setuptools.pypa.io/en/latest/pkg_resources.html. The pkg_resources package is slated for removal as early as 2025-11-30. Refrain from using this package or pin to Setuptools<81.
  import pkg_resources
/home/rezac/bin/miniconda3/envs/ml-uma/lib/python3.12/site-packages/torchtnt/utils/version.py:12: UserWarning: pkg_resources is deprecated as an API. See https://setuptools.pypa.io/en/latest/pkg_resources.html. The pkg_resources package is slated for removal as early as 2025-11-30. Refrain from using this package or pin to Setuptools<81.
  import pkg_resources
/home/rezac/bin/miniconda3/envs/ml-uma/lib/python3.12/site-packages/torchtnt/utils/version.py:12: UserWarning: pkg_resources is deprecated as an API. See https://setuptools.pypa.io/en/latest/pkg_resources.html. The pkg_resources package is slated for removal as early as 2025-11-30. Refrain from using this package or pin to Setuptools<81.
  import pkg_resources
/home/rezac/bin/miniconda3/envs/ml-uma/lib/python3.12/site-packages/torchtnt/utils/version.py:12: UserWarning: pkg_resources is deprecated as an API. See https://setuptools.pypa.io/en/latest/pkg_resources.html. The pkg_resources package is slated for removal as early as 2025-11-30. Refrain from using this package or pin to Setuptools<81.
  import pkg_resources
/home/rezac/bin/miniconda3/envs/ml-uma/lib/python3.12/site-packages/torchtnt/utils/version.py:12: UserWarning: pkg_resources is deprecated as an API. See https://setuptools.pypa.io/en/latest/pkg_resources.html. The pkg_resources package is slated for removal as early as 2025-11-30. Refrain from using this package or pin to Setuptools<81.
  import pkg_resources
/home/rezac/bin/miniconda3/envs/ml-uma/lib/python3.12/site-packages/torchtnt/utils/version.py:12: UserWarning: pkg_resources is deprecated as an API. See https://setuptools.pypa.io/en/latest/pkg_resources.html. The pkg_resources package is slated for removal as early as 2025-11-30. Refrain from using this package or pin to Setuptools<81.
  import pkg_resources
/home/rezac/bin/miniconda3/envs/ml-uma/lib/python3.12/site-packages/torchtnt/utils/version.py:12: UserWarning: pkg_resources is deprecated as an API. See https://setuptools.pypa.io/en/latest/pkg_resources.html. The pkg_resources package is slated for removal as early as 2025-11-30. Refrain from using this package or pin to Setuptools<81.
  import pkg_resources
/home/rezac/bin/miniconda3/envs/ml-uma/lib/python3.12/site-packages/torchtnt/utils/version.py:12: UserWarning: pkg_resources is deprecated as an API. See https://setuptools.pypa.io/en/latest/pkg_resources.html. The pkg_resources package is slated for removal as early as 2025-11-30. Refrain from using this package or pin to Setuptools<81.
  import pkg_resources
/home/rezac/bin/miniconda3/envs/ml-uma/lib/python3.12/site-packages/torchtnt/utils/version.py:12: UserWarning: pkg_resources is deprecated as an API. See https://setuptools.pypa.io/en/latest/pkg_resources.html. The pkg_resources package is slated for removal as early as 2025-11-30. Refrain from using this package or pin to Setuptools<81.
  import pkg_resources
/home/rezac/bin/miniconda3/envs/ml-uma/lib/python3.12/site-packages/torchtnt/utils/version.py:12: UserWarning: pkg_resources is deprecated as an API. See https://setuptools.pypa.io/en/latest/pkg_resources.html. The pkg_resources package is slated for removal as early as 2025-11-30. Refrain from using this package or pin to Setuptools<81.
  import pkg_resources
/home/rezac/bin/miniconda3/envs/ml-uma/lib/python3.12/site-packages/torchtnt/utils/version.py:12: UserWarning: pkg_resources is deprecated as an API. See https://setuptools.pypa.io/en/latest/pkg_resources.html. The pkg_resources package is slated for removal as early as 2025-11-30. Refrain from using this package or pin to Setuptools<81.
  import pkg_resources
/home/rezac/bin/miniconda3/envs/ml-uma/lib/python3.12/site-packages/torchtnt/utils/version.py:12: UserWarning: pkg_resources is deprecated as an API. See https://setuptools.pypa.io/en/latest/pkg_resources.html. The pkg_resources package is slated for removal as early as 2025-11-30. Refrain from using this package or pin to Setuptools<81.
  import pkg_resources
/home/rezac/bin/miniconda3/envs/ml-uma/lib/python3.12/site-packages/torchtnt/utils/version.py:12: UserWarning: pkg_resources is deprecated as an API. See https://setuptools.pypa.io/en/latest/pkg_resources.html. The pkg_resources package is slated for removal as early as 2025-11-30. Refrain from using this package or pin to Setuptools<81.
  import pkg_resources
/home/rezac/bin/miniconda3/envs/ml-uma/lib/python3.12/site-packages/torchtnt/utils/version.py:12: UserWarning: pkg_resources is deprecated as an API. See https://setuptools.pypa.io/en/latest/pkg_resources.html. The pkg_resources package is slated for removal as early as 2025-11-30. Refrain from using this package or pin to Setuptools<81.
  import pkg_resources
/home/rezac/bin/miniconda3/envs/ml-uma/lib/python3.12/site-packages/torchtnt/utils/version.py:12: UserWarning: pkg_resources is deprecated as an API. See https://setuptools.pypa.io/en/latest/pkg_resources.html. The pkg_resources package is slated for removal as early as 2025-11-30. Refrain from using this package or pin to Setuptools<81.
  import pkg_resources
/home/rezac/bin/miniconda3/envs/ml-uma/lib/python3.12/site-packages/torchtnt/utils/version.py:12: UserWarning: pkg_resources is deprecated as an API. See https://setuptools.pypa.io/en/latest/pkg_resources.html. The pkg_resources package is slated for removal as early as 2025-11-30. Refrain from using this package or pin to Setuptools<81.
  import pkg_resources
/home/rezac/bin/miniconda3/envs/ml-uma/lib/python3.12/site-packages/torchtnt/utils/version.py:12: UserWarning: pkg_resources is deprecated as an API. See https://setuptools.pypa.io/en/latest/pkg_resources.html. The pkg_resources package is slated for removal as early as 2025-11-30. Refrain from using this package or pin to Setuptools<81.
  import pkg_resources
/home/rezac/bin/miniconda3/envs/ml-uma/lib/python3.12/site-packages/torchtnt/utils/version.py:12: UserWarning: pkg_resources is deprecated as an API. See https://setuptools.pypa.io/en/latest/pkg_resources.html. The pkg_resources package is slated for removal as early as 2025-11-30. Refrain from using this package or pin to Setuptools<81.
  import pkg_resources
/home/rezac/bin/miniconda3/envs/ml-uma/lib/python3.12/site-packages/torchtnt/utils/version.py:12: UserWarning: pkg_resources is deprecated as an API. See https://setuptools.pypa.io/en/latest/pkg_resources.html. The pkg_resources package is slated for removal as early as 2025-11-30. Refrain from using this package or pin to Setuptools<81.
  import pkg_resources
/home/rezac/bin/miniconda3/envs/ml-uma/lib/python3.12/site-packages/torchtnt/utils/version.py:12: UserWarning: pkg_resources is deprecated as an API. See https://setuptools.pypa.io/en/latest/pkg_resources.html. The pkg_resources package is slated for removal as early as 2025-11-30. Refrain from using this package or pin to Setuptools<81.
  import pkg_resources
/home/rezac/bin/miniconda3/envs/ml-uma/lib/python3.12/site-packages/torchtnt/utils/version.py:12: UserWarning: pkg_resources is deprecated as an API. See https://setuptools.pypa.io/en/latest/pkg_resources.html. The pkg_resources package is slated for removal as early as 2025-11-30. Refrain from using this package or pin to Setuptools<81.
  import pkg_resources
/home/rezac/bin/miniconda3/envs/ml-uma/lib/python3.12/site-packages/torchtnt/utils/version.py:12: UserWarning: pkg_resources is deprecated as an API. See https://setuptools.pypa.io/en/latest/pkg_resources.html. The pkg_resources package is slated for removal as early as 2025-11-30. Refrain from using this package or pin to Setuptools<81.
  import pkg_resources
/home/rezac/bin/miniconda3/envs/ml-uma/lib/python3.12/site-packages/torchtnt/utils/version.py:12: UserWarning: pkg_resources is deprecated as an API. See https://setuptools.pypa.io/en/latest/pkg_resources.html. The pkg_resources package is slated for removal as early as 2025-11-30. Refrain from using this package or pin to Setuptools<81.
  import pkg_resources
/home/rezac/bin/miniconda3/envs/ml-uma/lib/python3.12/site-packages/torchtnt/utils/version.py:12: UserWarning: pkg_resources is deprecated as an API. See https://setuptools.pypa.io/en/latest/pkg_resources.html. The pkg_resources package is slated for removal as early as 2025-11-30. Refrain from using this package or pin to Setuptools<81.
  import pkg_resources
/home/rezac/bin/miniconda3/envs/ml-uma/lib/python3.12/site-packages/torchtnt/utils/version.py:12: UserWarning: pkg_resources is deprecated as an API. See https://setuptools.pypa.io/en/latest/pkg_resources.html. The pkg_resources package is slated for removal as early as 2025-11-30. Refrain from using this package or pin to Setuptools<81.
  import pkg_resources
/home/rezac/bin/miniconda3/envs/ml-uma/lib/python3.12/site-packages/torchtnt/utils/version.py:12: UserWarning: pkg_resources is deprecated as an API. See https://setuptools.pypa.io/en/latest/pkg_resources.html. The pkg_resources package is slated for removal as early as 2025-11-30. Refrain from using this package or pin to Setuptools<81.
  import pkg_resources
/home/rezac/bin/miniconda3/envs/ml-uma/lib/python3.12/site-packages/torchtnt/utils/version.py:12: UserWarning: pkg_resources is deprecated as an API. See https://setuptools.pypa.io/en/latest/pkg_resources.html. The pkg_resources package is slated for removal as early as 2025-11-30. Refrain from using this package or pin to Setuptools<81.
  import pkg_resources
/home/rezac/bin/miniconda3/envs/ml-uma/lib/python3.12/site-packages/torchtnt/utils/version.py:12: UserWarning: pkg_resources is deprecated as an API. See https://setuptools.pypa.io/en/latest/pkg_resources.html. The pkg_resources package is slated for removal as early as 2025-11-30. Refrain from using this package or pin to Setuptools<81.
  import pkg_resources
/home/rezac/bin/miniconda3/envs/ml-uma/lib/python3.12/site-packages/torchtnt/utils/version.py:12: UserWarning: pkg_resources is deprecated as an API. See https://setuptools.pypa.io/en/latest/pkg_resources.html. The pkg_resources package is slated for removal as early as 2025-11-30. Refrain from using this package or pin to Setuptools<81.
  import pkg_resources
/home/rezac/bin/miniconda3/envs/ml-uma/lib/python3.12/site-packages/torchtnt/utils/version.py:12: UserWarning: pkg_resources is deprecated as an API. See https://setuptools.pypa.io/en/latest/pkg_resources.html. The pkg_resources package is slated for removal as early as 2025-11-30. Refrain from using this package or pin to Setuptools<81.
  import pkg_resources
/home/rezac/bin/miniconda3/envs/ml-uma/lib/python3.12/site-packages/torchtnt/utils/version.py:12: UserWarning: pkg_resources is deprecated as an API. See https://setuptools.pypa.io/en/latest/pkg_resources.html. The pkg_resources package is slated for removal as early as 2025-11-30. Refrain from using this package or pin to Setuptools<81.
  import pkg_resources
/home/rezac/bin/miniconda3/envs/ml-uma/lib/python3.12/site-packages/torchtnt/utils/version.py:12: UserWarning: pkg_resources is deprecated as an API. See https://setuptools.pypa.io/en/latest/pkg_resources.html. The pkg_resources package is slated for removal as early as 2025-11-30. Refrain from using this package or pin to Setuptools<81.
  import pkg_resources
/home/rezac/bin/miniconda3/envs/ml-uma/lib/python3.12/site-packages/torchtnt/utils/version.py:12: UserWarning: pkg_resources is deprecated as an API. See https://setuptools.pypa.io/en/latest/pkg_resources.html. The pkg_resources package is slated for removal as early as 2025-11-30. Refrain from using this package or pin to Setuptools<81.
  import pkg_resources
/home/rezac/bin/miniconda3/envs/ml-uma/lib/python3.12/site-packages/torchtnt/utils/version.py:12: UserWarning: pkg_resources is deprecated as an API. See https://setuptools.pypa.io/en/latest/pkg_resources.html. The pkg_resources package is slated for removal as early as 2025-11-30. Refrain from using this package or pin to Setuptools<81.
  import pkg_resources
/home/rezac/bin/miniconda3/envs/ml-uma/lib/python3.12/site-packages/torchtnt/utils/version.py:12: UserWarning: pkg_resources is deprecated as an API. See https://setuptools.pypa.io/en/latest/pkg_resources.html. The pkg_resources package is slated for removal as early as 2025-11-30. Refrain from using this package or pin to Setuptools<81.
  import pkg_resources
/home/rezac/bin/miniconda3/envs/ml-uma/lib/python3.12/site-packages/torchtnt/utils/version.py:12: UserWarning: pkg_resources is deprecated as an API. See https://setuptools.pypa.io/en/latest/pkg_resources.html. The pkg_resources package is slated for removal as early as 2025-11-30. Refrain from using this package or pin to Setuptools<81.
  import pkg_resources
/home/rezac/bin/miniconda3/envs/ml-uma/lib/python3.12/site-packages/torchtnt/utils/version.py:12: UserWarning: pkg_resources is deprecated as an API. See https://setuptools.pypa.io/en/latest/pkg_resources.html. The pkg_resources package is slated for removal as early as 2025-11-30. Refrain from using this package or pin to Setuptools<81.
  import pkg_resources
/home/rezac/bin/miniconda3/envs/ml-uma/lib/python3.12/site-packages/torchtnt/utils/version.py:12: UserWarning: pkg_resources is deprecated as an API. See https://setuptools.pypa.io/en/latest/pkg_resources.html. The pkg_resources package is slated for removal as early as 2025-11-30. Refrain from using this package or pin to Setuptools<81.
  import pkg_resources
/home/rezac/bin/miniconda3/envs/ml-uma/lib/python3.12/site-packages/torchtnt/utils/version.py:12: UserWarning: pkg_resources is deprecated as an API. See https://setuptools.pypa.io/en/latest/pkg_resources.html. The pkg_resources package is slated for removal as early as 2025-11-30. Refrain from using this package or pin to Setuptools<81.
  import pkg_resources
/home/rezac/bin/miniconda3/envs/ml-uma/lib/python3.12/site-packages/torchtnt/utils/version.py:12: UserWarning: pkg_resources is deprecated as an API. See https://setuptools.pypa.io/en/latest/pkg_resources.html. The pkg_resources package is slated for removal as early as 2025-11-30. Refrain from using this package or pin to Setuptools<81.
  import pkg_resources
/home/rezac/bin/miniconda3/envs/ml-uma/lib/python3.12/site-packages/torchtnt/utils/version.py:12: UserWarning: pkg_resources is deprecated as an API. See https://setuptools.pypa.io/en/latest/pkg_resources.html. The pkg_resources package is slated for removal as early as 2025-11-30. Refrain from using this package or pin to Setuptools<81.
  import pkg_resources
/home/rezac/bin/miniconda3/envs/ml-uma/lib/python3.12/site-packages/torchtnt/utils/version.py:12: UserWarning: pkg_resources is deprecated as an API. See https://setuptools.pypa.io/en/latest/pkg_resources.html. The pkg_resources package is slated for removal as early as 2025-11-30. Refrain from using this package or pin to Setuptools<81.
  import pkg_resources
/home/rezac/bin/miniconda3/envs/ml-uma/lib/python3.12/site-packages/torchtnt/utils/version.py:12: UserWarning: pkg_resources is deprecated as an API. See https://setuptools.pypa.io/en/latest/pkg_resources.html. The pkg_resources package is slated for removal as early as 2025-11-30. Refrain from using this package or pin to Setuptools<81.
  import pkg_resources
/home/rezac/bin/miniconda3/envs/ml-uma/lib/python3.12/site-packages/torchtnt/utils/version.py:12: UserWarning: pkg_resources is deprecated as an API. See https://setuptools.pypa.io/en/latest/pkg_resources.html. The pkg_resources package is slated for removal as early as 2025-11-30. Refrain from using this package or pin to Setuptools<81.
  import pkg_resources
/home/rezac/bin/miniconda3/envs/ml-uma/lib/python3.12/site-packages/torchtnt/utils/version.py:12: UserWarning: pkg_resources is deprecated as an API. See https://setuptools.pypa.io/en/latest/pkg_resources.html. The pkg_resources package is slated for removal as early as 2025-11-30. Refrain from using this package or pin to Setuptools<81.
  import pkg_resources
/home/rezac/bin/miniconda3/envs/ml-uma/lib/python3.12/site-packages/torchtnt/utils/version.py:12: UserWarning: pkg_resources is deprecated as an API. See https://setuptools.pypa.io/en/latest/pkg_resources.html. The pkg_resources package is slated for removal as early as 2025-11-30. Refrain from using this package or pin to Setuptools<81.
  import pkg_resources
/home/rezac/bin/miniconda3/envs/ml-uma/lib/python3.12/site-packages/torchtnt/utils/version.py:12: UserWarning: pkg_resources is deprecated as an API. See https://setuptools.pypa.io/en/latest/pkg_resources.html. The pkg_resources package is slated for removal as early as 2025-11-30. Refrain from using this package or pin to Setuptools<81.
  import pkg_resources
/home/rezac/bin/miniconda3/envs/ml-uma/lib/python3.12/site-packages/torchtnt/utils/version.py:12: UserWarning: pkg_resources is deprecated as an API. See https://setuptools.pypa.io/en/latest/pkg_resources.html. The pkg_resources package is slated for removal as early as 2025-11-30. Refrain from using this package or pin to Setuptools<81.
  import pkg_resources
/home/rezac/bin/miniconda3/envs/ml-uma/lib/python3.12/site-packages/torchtnt/utils/version.py:12: UserWarning: pkg_resources is deprecated as an API. See https://setuptools.pypa.io/en/latest/pkg_resources.html. The pkg_resources package is slated for removal as early as 2025-11-30. Refrain from using this package or pin to Setuptools<81.
  import pkg_resources
/home/rezac/bin/miniconda3/envs/ml-uma/lib/python3.12/site-packages/torchtnt/utils/version.py:12: UserWarning: pkg_resources is deprecated as an API. See https://setuptools.pypa.io/en/latest/pkg_resources.html. The pkg_resources package is slated for removal as early as 2025-11-30. Refrain from using this package or pin to Setuptools<81.
  import pkg_resources
/home/rezac/bin/miniconda3/envs/ml-uma/lib/python3.12/site-packages/torchtnt/utils/version.py:12: UserWarning: pkg_resources is deprecated as an API. See https://setuptools.pypa.io/en/latest/pkg_resources.html. The pkg_resources package is slated for removal as early as 2025-11-30. Refrain from using this package or pin to Setuptools<81.
  import pkg_resources
/home/rezac/bin/miniconda3/envs/ml-uma/lib/python3.12/site-packages/torchtnt/utils/version.py:12: UserWarning: pkg_resources is deprecated as an API. See https://setuptools.pypa.io/en/latest/pkg_resources.html. The pkg_resources package is slated for removal as early as 2025-11-30. Refrain from using this package or pin to Setuptools<81.
  import pkg_resources
/home/rezac/bin/miniconda3/envs/ml-uma/lib/python3.12/site-packages/torchtnt/utils/version.py:12: UserWarning: pkg_resources is deprecated as an API. See https://setuptools.pypa.io/en/latest/pkg_resources.html. The pkg_resources package is slated for removal as early as 2025-11-30. Refrain from using this package or pin to Setuptools<81.
  import pkg_resources
/home/rezac/bin/miniconda3/envs/ml-uma/lib/python3.12/site-packages/torchtnt/utils/version.py:12: UserWarning: pkg_resources is deprecated as an API. See https://setuptools.pypa.io/en/latest/pkg_resources.html. The pkg_resources package is slated for removal as early as 2025-11-30. Refrain from using this package or pin to Setuptools<81.
  import pkg_resources
/home/rezac/bin/miniconda3/envs/ml-uma/lib/python3.12/site-packages/torchtnt/utils/version.py:12: UserWarning: pkg_resources is deprecated as an API. See https://setuptools.pypa.io/en/latest/pkg_resources.html. The pkg_resources package is slated for removal as early as 2025-11-30. Refrain from using this package or pin to Setuptools<81.
  import pkg_resources
/home/rezac/bin/miniconda3/envs/ml-uma/lib/python3.12/site-packages/torchtnt/utils/version.py:12: UserWarning: pkg_resources is deprecated as an API. See https://setuptools.pypa.io/en/latest/pkg_resources.html. The pkg_resources package is slated for removal as early as 2025-11-30. Refrain from using this package or pin to Setuptools<81.
  import pkg_resources
/home/rezac/bin/miniconda3/envs/ml-uma/lib/python3.12/site-packages/torchtnt/utils/version.py:12: UserWarning: pkg_resources is deprecated as an API. See https://setuptools.pypa.io/en/latest/pkg_resources.html. The pkg_resources package is slated for removal as early as 2025-11-30. Refrain from using this package or pin to Setuptools<81.
  import pkg_resources
/home/rezac/bin/miniconda3/envs/ml-uma/lib/python3.12/site-packages/torchtnt/utils/version.py:12: UserWarning: pkg_resources is deprecated as an API. See https://setuptools.pypa.io/en/latest/pkg_resources.html. The pkg_resources package is slated for removal as early as 2025-11-30. Refrain from using this package or pin to Setuptools<81.
  import pkg_resources
/home/rezac/bin/miniconda3/envs/ml-uma/lib/python3.12/site-packages/torchtnt/utils/version.py:12: UserWarning: pkg_resources is deprecated as an API. See https://setuptools.pypa.io/en/latest/pkg_resources.html. The pkg_resources package is slated for removal as early as 2025-11-30. Refrain from using this package or pin to Setuptools<81.
  import pkg_resources
/home/rezac/bin/miniconda3/envs/ml-uma/lib/python3.12/site-packages/torchtnt/utils/version.py:12: UserWarning: pkg_resources is deprecated as an API. See https://setuptools.pypa.io/en/latest/pkg_resources.html. The pkg_resources package is slated for removal as early as 2025-11-30. Refrain from using this package or pin to Setuptools<81.
  import pkg_resources
==========================================================================================
name                                             E      Eref     error  error(%)
------------------------------------------------------------------------------------------
01 10GS_01_bbn                              -2.644    -2.184    -0.460   -21.047
02 10GS_02_bbn                              -0.633    -0.132    -0.501  -379.442
03 10GS_03_bbn                              -0.306     0.428    -0.734  -171.515
04 10GS_04_bbn                               4.303     4.504    -0.201    -4.468
05 10GS_05_bbn                             -11.734   -11.437    -0.297    -2.600
06 10GS_06_pro                              -7.550    -6.883    -0.667    -9.687
07 10GS_07_bbn                              -6.308    -6.112    -0.196    -3.209
08 10GS_08_bbn                             -14.597   -14.282    -0.315    -2.207
09 10GS_09_bbn                              -4.242    -4.063    -0.179    -4.401
10 10GS_10_bbn                              -4.072    -3.957    -0.115    -2.912
11 10GS_11_bbn                              -1.344    -0.762    -0.582   -76.426
12 10GS_12_tyr                              -8.123    -7.821    -0.302    -3.859
13 10GS_13_phe                              -6.182    -5.857    -0.325    -5.545
14 10GS_14_val                              -1.311    -1.308    -0.003    -0.225
15 10GS_15_arg                             -54.583   -53.819    -0.764    -1.420
16 10GS_16_val                              -0.695    -0.618    -0.077   -12.474
17 10GS_17_trp                             -19.888   -19.558    -0.330    -1.689
18 10GS_18_lys                             -88.577   -89.344     0.767     0.859
19 10GS_19_gln                             -34.002   -32.038    -1.964    -6.130
20 10GS_20_leu                              -1.156    -1.287     0.131    10.186
21 10GS_21_gln                             -11.409   -10.897    -0.512    -4.698
22 10GS_22_ser                             -11.483   -11.270    -0.213    -1.892
23 10GS_23_tyr                              -1.721    -1.617    -0.104    -6.416
24 10GS_24_asp                              23.097    19.608     3.489    17.793
25 10GS_25_asp                             -14.851   -14.741    -0.110    -0.746
26 2CET_01_bbn                               0.443     0.231     0.212    91.766
27 2CET_02_bbn                              -0.785    -0.814     0.029     3.558
28 2CET_03_ala                              -0.188    -0.260     0.072    27.739
29 2CET_04_gln                             -10.103    -9.867    -0.236    -2.395
30 2CET_05_arg                              35.694    34.922     0.772     2.212
31 2CET_06_hie                              -1.231    -1.059    -0.172   -16.218
32 2CET_07_trp                              -4.845    -5.045     0.200     3.966
33 2CET_08_asn                              -2.389    -2.421     0.032     1.330
34 2CET_09_glu                            -103.996  -103.150    -0.846    -0.820
35 2CET_10_val                              -2.175    -2.021    -0.154    -7.636
36 2CET_11_val                              -0.268    -0.645     0.377    58.460
37 2CET_12_hie                               1.608    -0.152     1.760  1157.734
38 2CET_13_asn                              -0.206    -0.471     0.265    56.299
39 2CET_14_asn                               3.265     3.300    -0.035    -1.071
40 2CET_15_tyr                              -7.354    -6.712    -0.642    -9.558
41 2CET_16_met                              -0.086    -0.626     0.540    86.325
42 2CET_17_trp                              -4.397    -4.775     0.378     7.923
43 2CET_18_glu                             -93.784   -92.916    -0.868    -0.934
44 2CET_19_trp                             -10.475    -9.608    -0.867    -9.022
45 2CET_20_asn                               0.378     0.300     0.078    25.954
46 2CET_21_glu                            -111.555  -110.346    -1.209    -1.096
47 2CET_22_trp                              -2.210    -2.321     0.111     4.768
48 2CET_23_phe                              -5.573    -5.529    -0.044    -0.787
49 2FVD_01_bbn                              -1.129    -1.071    -0.058    -5.457
50 2FVD_02_bbn                              -1.076    -0.993    -0.083    -8.353
51 2FVD_03_bbn                              -0.822    -0.802    -0.020    -2.527
52 2FVD_04_bbn                              -0.393    -0.422     0.029     6.904
53 2FVD_05_bbn                              -5.809    -5.863     0.054     0.915
54 2FVD_06_bbn                              -3.479    -3.338    -0.141    -4.218
55 2FVD_07_bbn                              -8.408    -8.131    -0.277    -3.408
56 2FVD_08_bbn                              -2.905    -2.300    -0.605   -26.297
57 2FVD_09_bbn                              -8.306    -7.877    -0.429    -5.452
58 2FVD_10_bbn                               1.589     1.604    -0.015    -0.933
59 2FVD_11_bbn                              -1.575    -1.444    -0.131    -9.056
60 2FVD_12_bbn                               0.017     0.235    -0.218   -92.760
61 2FVD_13_bbn                              -3.559    -3.477    -0.082    -2.352
62 2FVD_14_bbn                               0.072     0.073    -0.001    -1.791
63 2FVD_15_bbn                              -0.340    -0.301    -0.039   -12.891
64 2FVD_16_bbn                              -3.244    -3.018    -0.226    -7.484
65 2FVD_17_ile                              -4.198    -3.780    -0.418   -11.054
66 2FVD_18_val                              -2.978    -2.692    -0.286   -10.618
67 2FVD_19_ala                              -2.032    -1.773    -0.259   -14.587
68 2FVD_20_lys                              -4.530    -5.495     0.965    17.564
69 2FVD_21_val                              -1.082    -1.148     0.066     5.777
70 2FVD_22_phe                              -2.349    -2.355     0.006     0.255
71 2FVD_23_glu                              -1.056    -1.405     0.349    24.830
72 2FVD_24_phe                              -3.150    -3.086    -0.064    -2.064
73 2FVD_25_leu                              -1.140    -1.099    -0.041    -3.748
74 2FVD_26_hie                              -0.571    -0.527    -0.044    -8.330
75 2FVD_27_gln                              -3.776    -3.566    -0.210    -5.892
76 2FVD_28_asp                             -10.602    -9.816    -0.786    -8.011
77 2FVD_29_lys                             -18.950   -18.966     0.016     0.085
78 2FVD_30_asn                              -4.687    -4.527    -0.160    -3.540
79 2FVD_31_leu                              -4.767    -4.344    -0.423    -9.728
80 2FVD_32_ala                              -1.172    -1.161    -0.011    -0.960
81 2FVD_33_asp                             -10.050    -9.472    -0.578    -6.105
82 2OBF_01_bbn                              -0.577    -0.518    -0.059   -11.394
83 2OBF_02_bbn                              -7.786    -7.805     0.019     0.242
84 2OBF_03_bbn                               1.141     0.825     0.316    38.246
85 2OBF_04_bbn                              -3.682    -3.767     0.085     2.247
86 2OBF_05_bbn                              -0.451    -0.402    -0.049   -12.106
87 2OBF_06_bbn                              -0.546    -0.817     0.271    33.221
88 2OBF_07_pro                              -0.644    -1.039     0.395    38.040
89 2OBF_08_bbn                               1.075     0.362     0.713   196.889
90 2OBF_09_bbn                              -0.176    -0.473     0.297    62.843
91 2OBF_10_bbn                              -5.524    -5.683     0.159     2.797
92 2OBF_11_bbn                               0.671     0.668     0.003     0.449
93 2OBF_12_bbn                               1.497     1.836    -0.339   -18.462
94 2OBF_13_bbn                              -2.956    -2.971     0.015     0.521
95 2OBF_14_tyr                              -6.842    -6.909     0.067     0.975
96 2OBF_15_asn                              -7.448    -7.005    -0.443    -6.330
97 2OBF_16_tyr                              -6.102    -5.912    -0.190    -3.212
98 2OBF_17_arg                              41.005    41.108    -0.103    -0.251
99 2OBF_18_leu                               0.004    -0.537     0.541   100.661
100 2OBF_19_val                             -2.757    -2.422    -0.335   -13.847
101 2OBF_20_ala                             -0.895    -0.973     0.078     8.027
102 2OBF_21_leu                             -0.732    -1.240     0.508    40.998
103 2OBF_22_tyr                             -3.292    -3.891     0.599    15.401
104 2OBF_23_tyr                             -2.179    -2.925     0.746    25.514
105 2OBF_24_phe                            -10.076    -9.337    -0.739    -7.919
106 2OBF_25_ala                             -0.384    -0.605     0.221    36.510
107 2OBF_26_ala                             -1.601    -1.585    -0.016    -1.039
108 2OBF_27_glu                           -136.243  -135.109    -1.134    -0.839
109 2OBF_28_tyr                             -9.072    -8.661    -0.411    -4.745
110 2OBF_29_val                             -0.594    -0.943     0.349    37.052
111 2OBF_30_met                              0.002    -0.341     0.343   100.449
112 2OBF_31_asp                            -83.759   -82.912    -0.847    -1.022
113 2OBF_32_val                             -1.718    -1.915     0.197    10.288
114 2OBF_33_val                             -1.445    -1.506     0.061     4.074
115 2P4Y_01_bbn                              0.303     0.633    -0.330   -52.165
116 2P4Y_02_bbn                             -3.483    -3.158    -0.325   -10.297
117 2P4Y_03_bbn                             -1.976    -1.621    -0.355   -21.870
118 2P4Y_04_bbn                             -0.876    -0.504    -0.372   -73.901
119 2P4Y_05_bbn                             -3.601    -3.285    -0.316    -9.605
120 2P4Y_06_bbn                             -1.535    -1.259    -0.276   -21.924
121 2P4Y_07_bbn                             -3.115    -1.965    -1.150   -58.512
122 2P4Y_08_bbn                             -2.524    -1.945    -0.579   -29.790
123 2P4Y_09_bbn                             -0.744    -0.814     0.070     8.587
124 2P4Y_10_bbn                             -1.203    -1.060    -0.143   -13.463
125 2P4Y_11_bbn                             -1.681    -1.549    -0.132    -8.491
126 2P4Y_12_bbn                             -1.655    -1.648    -0.007    -0.448
127 2P4Y_13_bbn                              0.280     0.388    -0.108   -27.929
128 2P4Y_14_bbn                             -7.677    -7.223    -0.454    -6.280
129 2P4Y_15_bbn                            -22.803   -22.002    -0.801    -3.641
130 2P4Y_16_bbn                             -6.928    -6.373    -0.555    -8.706
131 2P4Y_17_phe                              0.182    -0.118     0.300   253.818
132 2P4Y_18_ile                             -0.988    -0.958    -0.030    -3.173
133 2P4Y_19_cys                             -5.835    -5.376    -0.459    -8.545
134 2P4Y_20_phe                             -2.102    -1.502    -0.600   -39.945
135 2P4Y_21_arg                            -72.507   -70.559    -1.948    -2.761
136 2P4Y_22_ser                             -2.328    -1.952    -0.376   -19.285
137 2P4Y_23_ala                             -2.082    -2.010    -0.072    -3.604
138 2P4Y_24_glu                             19.600    19.435     0.165     0.847
139 2P4Y_25_ile                             -1.056    -1.935     0.879    45.410
140 2P4Y_26_ile                             -2.819    -2.787    -0.032    -1.142
141 2P4Y_27_tyr                             -2.078    -1.841    -0.237   -12.870
142 2P4Y_28_met                             -2.679    -2.641    -0.038    -1.423
143 2P4Y_29_leu                             -5.036    -4.607    -0.429    -9.320
144 2P4Y_30_leu                             -3.085    -2.673    -0.412   -15.406
145 2P4Y_31_val                             -1.620    -1.593    -0.027    -1.665
146 2P4Y_32_ile                             -8.297    -7.524    -0.773   -10.276
147 2P4Y_33_ser                             -4.085    -3.787    -0.298    -7.877
148 2P4Y_34_met                             -2.229    -2.077    -0.152    -7.313
149 2P4Y_35_leu                             -1.354    -1.370     0.016     1.197
150 2P4Y_36_phe                             -1.650    -1.510    -0.140    -9.300
151 2P4Y_37_met                             -3.380    -3.066    -0.314   -10.234
152 2P4Y_38_lys                            -28.941   -28.948     0.007     0.024
153 2P4Y_39_hie                             -1.374    -1.154    -0.220   -19.103
154 2VOT_01_bbn                              2.438     2.471    -0.033    -1.355
155 2VOT_02_bbn                              0.618     0.834    -0.216   -25.917
156 2VOT_03_bbn                              1.741     1.814    -0.073    -4.025
157 2VOT_04_trp                             -1.616    -1.855     0.239    12.900
158 2VOT_05_asp                           -109.627  -108.715    -0.912    -0.839
159 2VOT_06_trp                             -1.079    -0.130    -0.949  -730.036
160 2VOT_07_arg                             40.456    41.149    -0.693    -1.683
161 2VOT_08_trp                             -1.859    -1.687    -0.172   -10.176
162 2VOT_09_cys                             -1.888    -1.784    -0.104    -5.825
163 2VOT_10_asn                             -3.760    -3.554    -0.206    -5.809
164 2VOT_11_glu                           -110.102  -109.350    -0.752    -0.688
165 2VOT_12_glu                            -45.891   -45.354    -0.537    -1.183
166 2VOT_13_trp                              0.010    -0.448     0.458   102.274
167 2VOT_14_trp                              0.692     0.355     0.337    94.821
168 2VOT_15_hip                             53.465    52.496     0.969     1.847
169 2VOT_16_trp                             -8.663    -7.689    -0.974   -12.673
170 2VOT_17_tyr                             -4.307    -4.084    -0.223    -5.471
171 2VOT_18_glu                           -112.992  -111.797    -1.195    -1.069
172 2VOT_19_ser                              0.725     0.657     0.068    10.378
173 2VOT_20_ser                             -1.243    -1.306     0.063     4.819
174 2VOT_21_trp                            -15.185   -14.338    -0.847    -5.905
175 2VOT_22_trp                             -7.354    -7.156    -0.198    -2.765
176 2VW5_01_bbn                             -1.676    -1.602    -0.074    -4.640
177 2VW5_02_bbn                             -2.193    -2.012    -0.181    -9.015
178 2VW5_03_bbn                             -0.217    -0.165    -0.052   -31.308
179 2VW5_04_bbn                             -0.404    -0.347    -0.057   -16.311
180 2VW5_05_bbn                             -1.609    -1.513    -0.096    -6.329
181 2VW5_06_bbn                             -0.061     0.010    -0.071  -713.099
182 2VW5_07_bbn                             -0.122    -0.062    -0.060   -97.439
183 2VW5_08_bbn                             -0.451    -0.306    -0.145   -47.474
184 2VW5_09_bbn                             -2.211    -1.959    -0.252   -12.884
185 2VW5_10_bbn                             -0.809    -0.747    -0.062    -8.344
186 2VW5_11_bbn                             -4.323    -3.942    -0.381    -9.667
187 2VW5_12_bbn                             -0.153     0.092    -0.245  -266.694
188 2VW5_13_bbn                             -7.753    -7.609    -0.144    -1.899
189 2VW5_14_bbn                             -2.700    -2.653    -0.047    -1.768
190 2VW5_15_bbn                              0.064     0.119    -0.055   -46.112
191 2VW5_16_asn                             -6.625    -6.153    -0.472    -7.675
192 2VW5_17_ala                             -0.404    -0.437     0.033     7.640
193 2VW5_18_asp                            -28.688   -27.702    -0.986    -3.560
194 2VW5_19_ala                             -1.710    -1.574    -0.136    -8.609
195 2VW5_20_lys                            -17.222   -16.841    -0.381    -2.264
196 2VW5_21_asp                            -20.942   -20.676    -0.266    -1.285
197 2VW5_22_ile                             -0.947    -0.966     0.019     1.983
198 2VW5_23_met                             -6.475    -5.847    -0.628   -10.746
199 2VW5_24_glu                             -7.519    -6.855    -0.664    -9.682
200 2VW5_25_asn                             -2.331    -1.838    -0.493   -26.809
201 2VW5_26_leu                             -1.542    -1.397    -0.145   -10.408
202 2VW5_28_val                             -0.642    -0.688     0.046     6.723
203 2VW5_29_phe                             -3.996    -3.685    -0.311    -8.452
204 2VW5_30_tyr                             -1.270    -1.319     0.049     3.703
205 2VW5_31_val                             -0.492    -0.469    -0.023    -4.927
206 2VW5_32_thr                             -4.802    -4.575    -0.227    -4.958
207 2VW5_33_leu                             -0.914    -0.905    -0.009    -1.035
208 2XB8_01_bbn                              2.938     2.947    -0.009    -0.320
209 2XB8_02_bbn                             -4.125    -3.648    -0.477   -13.078
210 2XB8_03_bbn                             -2.843    -2.281    -0.562   -24.651
211 2XB8_04_bbn                             -3.487    -3.228    -0.259    -8.028
212 2XB8_05_bbn                             -2.316    -1.707    -0.609   -35.670
213 2XB8_06_bbn                              1.509     1.795    -0.286   -15.911
214 2XB8_07_bbn                             -0.492     0.743    -1.235  -166.198
215 2XB8_08_bbn                             -8.941    -8.427    -0.514    -6.105
216 2XB8_09_bbn                             -5.368    -4.519    -0.849   -18.776
217 2XB8_10_bbn                             -2.309    -1.881    -0.428   -22.775
218 2XB8_11_bbn                             -4.226    -3.191    -1.035   -32.438
219 2XB8_12_bbn                            -19.008   -18.509    -0.499    -2.693
220 2XB8_13_bbn                            -19.204   -18.726    -0.478    -2.555
221 2XB8_14_bbn                              2.747     3.105    -0.358   -11.532
222 2XB8_15_bbn                             -1.525    -1.108    -0.417   -37.673
223 2XB8_16_asn                              0.410     0.457    -0.047   -10.223
224 2XB8_17_leu                             -4.648    -4.157    -0.491   -11.815
225 2XB8_18_arg                            -25.200   -24.340    -0.860    -3.533
226 2XB8_19_leu                             -0.587    -0.451    -0.136   -30.082
227 2XB8_20_arg                            -19.243   -19.929     0.686     3.442
228 2XB8_21_tyr                             -9.257    -7.905    -1.352   -17.101
229 2XB8_22_asn                             -9.701    -9.067    -0.634    -6.988
230 2XB8_23_thr                             -1.262    -1.159    -0.103    -8.917
231 2XB8_24_hid                             -5.215    -4.787    -0.428    -8.950
232 2XB8_25_hie                              2.227     3.033    -0.806   -26.561
233 2XB8_26_ile                             -3.996    -3.670    -0.326    -8.896
234 2XB8_27_ser                            -13.452   -13.012    -0.440    -3.385
235 2XB8_28_val                             -1.670    -1.439    -0.231   -16.032
236 2XB8_29_arg                            -51.620   -51.470    -0.150    -0.291
237 2XB8_30_arg                            -59.518   -58.856    -0.662    -1.125
238 2XB8_31_val                             -0.894    -0.697    -0.197   -28.204
239 2XB8_32_asp                             28.101    28.727    -0.626    -2.178
240 2XB8_33_glu                             23.343    22.273     1.070     4.804
241 2YKI_01_bbn                              0.152     0.150     0.002     1.506
242 2YKI_02_bbn                             -0.298    -0.223    -0.075   -33.595
243 2YKI_03_bbn                             -0.899    -0.885    -0.014    -1.615
244 2YKI_04_bbn                             -0.534    -0.501    -0.033    -6.671
245 2YKI_05_bbn                             -1.119    -1.095    -0.024    -2.236
246 2YKI_06_bbn                             -1.052    -0.852    -0.200   -23.456
247 2YKI_07_bbn                             -0.954    -1.001     0.047     4.680
248 2YKI_08_bbn                            -10.033   -10.123     0.090     0.891
249 2YKI_09_bbn                              0.125    -0.006     0.131  2175.533
250 2YKI_10_bbn                             -1.128    -1.105    -0.023    -2.057
251 2YKI_11_bbn                             -4.668    -4.313    -0.355    -8.232
252 2YKI_12_bbn                             -1.008    -1.057     0.049     4.678
253 2YKI_13_bbn                             -0.398    -0.391    -0.007    -1.786
254 2YKI_14_bbn                             -1.796    -1.846     0.050     2.726
255 2YKI_15_bbn                             -0.285    -0.336     0.051    15.221
256 2YKI_16_bbn                             -0.268    -0.240    -0.028   -11.502
257 2YKI_17_bbn                             -2.759    -2.670    -0.089    -3.347
258 2YKI_18_bbn                             -1.851    -1.851     0.000     0.008
259 2YKI_19_bbn                              0.024     0.096    -0.072   -74.503
260 2YKI_20_bbn                              0.059     0.160    -0.101   -62.843
261 2YKI_21_bbn                              0.013    -0.036     0.049   136.887
262 2YKI_22_phe                             -1.809    -2.016     0.207    10.276
263 2YKI_23_gln                             -0.776    -0.677    -0.099   -14.624
264 2YKI_24_ile                             -0.917    -1.114     0.197    17.713
265 2YKI_25_leu                             -0.426    -0.415    -0.011    -2.740
266 2YKI_26_asn                             -7.651    -7.324    -0.327    -4.459
267 2YKI_27_ser                              0.230     0.118     0.112    95.133
268 2YKI_28_ala                             -0.300    -0.284    -0.016    -5.483
269 2YKI_29_asp                            -26.356   -25.837    -0.519    -2.007
270 2YKI_30_ile                             -0.346    -0.373     0.027     7.294
271 2YKI_31_met                             -7.455    -7.012    -0.443    -6.311
272 2YKI_32_leu                             -1.640    -1.697     0.057     3.330
273 2YKI_33_ile                             -0.355    -0.356     0.001     0.257
274 2YKI_34_leu                             -6.594    -5.688    -0.906   -15.929
275 2YKI_35_ile                             -1.099    -1.195     0.096     8.008
276 2YKI_36_ala                             -1.472    -1.598     0.126     7.883
277 2YKI_37_val                             -0.673    -0.790     0.117    14.863
278 2YKI_38_phe                             -9.075    -8.399    -0.676    -8.049
279 2YKI_40_val                             -1.569    -1.733     0.164     9.469
280 2YKI_41_trp                             -6.383    -6.213    -0.170    -2.743
281 2YKI_42_phe                             -2.663    -2.736     0.073     2.675
282 2YKI_43_thr                             -3.854    -3.713    -0.141    -3.797
283 2YKI_44_val                             -0.879    -0.972     0.093     9.532
284 2ZX6_01_bbn                              2.781     2.718     0.063     2.311
285 2ZX6_02_bbn                             -0.329    -0.331     0.002     0.561
286 2ZX6_03_bbn                             -0.855    -0.366    -0.489  -133.710
287 2ZX6_04_bbn                              1.639     1.694    -0.055    -3.237
288 2ZX6_05_phe                             -2.309    -2.454     0.145     5.924
289 2ZX6_06_hid                            -21.656   -21.607    -0.049    -0.228
290 2ZX6_07_leu                             -1.301    -1.413     0.112     7.908
291 2ZX6_08_tyr                             -3.546    -3.321    -0.225    -6.768
292 2ZX6_09_glu                            -81.421   -80.174    -1.247    -1.556
293 2ZX6_10_trp                             -0.815    -1.055     0.240    22.715
294 2ZX6_11_hie                             -1.395    -1.054    -0.341   -32.328
295 2ZX6_12_hid                            -18.358   -18.071    -0.287    -1.591
296 2ZX6_13_tyr                             -0.171    -0.065    -0.106  -162.327
297 2ZX6_14_leu                              0.102    -0.230     0.332   144.154
298 2ZX6_15_trp                             -3.097    -3.758     0.661    17.601
299 2ZX6_16_asp                           -111.268  -110.036    -1.232    -1.120
300 2ZX6_17_met                             -4.519    -4.204    -0.315    -7.502
301 2ZX6_18_arg                             54.248    55.564    -1.316    -2.369
302 2ZX6_19_glu                           -114.361  -111.740    -2.621    -2.346
303 2ZX6_20_val                             -1.073    -1.102     0.029     2.665
304 2ZX6_21_asn                             -6.084    -5.871    -0.213    -3.635
305 2ZX6_22_thr                             -2.285    -2.562     0.277    10.806
306 2ZX6_23_phe                             -8.852    -8.275    -0.577    -6.978
307 3G0W_01_bbn                             -0.343    -0.280    -0.063   -22.446
308 3G0W_02_bbn                             -3.515    -3.220    -0.295    -9.153
309 3G0W_03_bbn                             -0.007     0.001    -0.008  -823.648
310 3G0W_04_bbn                             -0.266    -0.022    -0.244 -1109.207
311 3G0W_05_bbn                             -0.695    -0.757     0.062     8.179
312 3G0W_06_bbn                              0.269     0.348    -0.079   -22.824
313 3G0W_07_bbn                             -0.749    -0.797     0.048     5.978
314 3G0W_08_bbn                             -0.289    -0.335     0.046    13.660
315 3G0W_09_bbn                             -1.008    -1.026     0.018     1.784
316 3G0W_10_bbn                             -0.433     1.077    -1.510  -140.172
317 3G0W_11_bbn                              2.499     2.491     0.008     0.310
318 3G0W_12_bbn                             -0.528    -0.473    -0.055   -11.700
319 3G0W_13_bbn                             -1.911    -1.851    -0.060    -3.240
320 3G0W_14_bbn                             -0.980    -0.879    -0.101   -11.472
321 3G0W_15_bbn                             -0.033    -0.077     0.044    56.675
322 3G0W_16_leu                             -1.699    -1.582    -0.117    -7.414
323 3G0W_17_leu                             -4.436    -4.177    -0.259    -6.208
324 3G0W_18_asn                            -14.826   -15.230     0.404     2.653
325 3G0W_19_leu                             -2.709    -2.527    -0.182    -7.221
326 3G0W_20_gln                              0.723     0.770    -0.047    -6.146
327 3G0W_21_trp                             -1.002    -1.224     0.222    18.131
328 3G0W_22_met                             -2.945    -2.943    -0.002    -0.071
329 3G0W_23_met                             -5.276    -6.038     0.762    12.623
330 3G0W_24_val                             -0.951    -2.021     1.070    52.940
331 3G0W_25_met                             -2.660    -2.591    -0.069    -2.652
332 3G0W_26_arg                            -19.167   -18.754    -0.413    -2.202
333 3G0W_27_phe                             -3.850    -3.633    -0.217    -5.959
334 3G0W_28_met                             -2.176    -2.138    -0.038    -1.800
335 3G0W_29_met                             -0.891    -0.973     0.082     8.385
336 3G0W_30_leu                             -1.896    -1.954     0.058     2.964
337 3G0W_31_phe                             -0.617    -0.746     0.129    17.238
338 3G0W_32_thr                             -5.031    -4.362    -0.669   -15.335
339 3G0W_33_leu                             -0.986    -0.959    -0.027    -2.841
340 3G0W_34_phe                             -2.451    -2.385    -0.066    -2.780
341 3G0W_35_met                             -0.733    -0.625    -0.108   -17.208
342 3G0W_36_ile                             -0.495    -0.474    -0.021    -4.328
343 3GCU_01_bbn                             -0.409    -0.282    -0.127   -44.956
344 3GCU_02_bbn                             -3.281    -3.124    -0.157    -5.017
345 3GCU_03_bbn                             -1.487    -1.441    -0.046    -3.162
346 3GCU_04_bbn                             -0.990    -1.028     0.038     3.710
347 3GCU_05_bbn                             -0.799    -0.689    -0.110   -15.930
348 3GCU_06_bbn                             -0.366    -0.328    -0.038   -11.551
349 3GCU_07_bbn                             -1.814    -1.867     0.053     2.834
350 3GCU_08_bbn                             -0.112    -0.029    -0.083  -286.351
351 3GCU_09_bbn                             -1.536    -1.389    -0.147   -10.547
352 3GCU_10_bbn                             -0.653    -0.503    -0.150   -29.776
353 3GCU_11_bbn                             -1.124    -1.166     0.042     3.596
354 3GCU_12_bbn                             -0.221    -0.152    -0.069   -45.166
355 3GCU_13_bbn                             -1.251    -1.220    -0.031    -2.575
356 3GCU_14_bbn                             -1.278    -1.261    -0.017    -1.361
357 3GCU_15_bbn                             -0.567    -0.618     0.051     8.200
358 3GCU_16_bbn                             -2.718    -2.654    -0.064    -2.398
359 3GCU_17_bbn                             -8.370    -8.222    -0.148    -1.800
360 3GCU_18_bbn                             -1.992    -2.033     0.041     1.997
361 3GCU_19_bbn                             -0.298    -0.332     0.034    10.303
362 3GCU_20_bbn                             -0.358    -0.237    -0.121   -50.880
363 3GCU_21_bbn                             -1.636    -1.341    -0.295   -21.999
364 3GCU_22_bbn                             -9.053    -8.470    -0.583    -6.886
365 3GCU_23_bbn                             -3.582    -3.359    -0.223    -6.639
366 3GCU_24_val                             -1.640    -1.617    -0.023    -1.449
367 3GCU_25_tyr                             -0.346    -0.332    -0.014    -4.344
368 3GCU_26_val                             -2.996    -2.777    -0.219    -7.881
369 3GCU_27_ala                             -2.093    -1.853    -0.240   -12.966
370 3GCU_28_lys                             -1.823    -1.564    -0.259   -16.560
371 3GCU_29_arg                             10.992     1.022     9.970   975.558
372 3GCU_30_arg                              1.924    -0.302     2.226   737.133
373 3GCU_31_glu                            -41.677   -40.107    -1.570    -3.914
374 3GCU_32_leu                             -1.550    -1.619     0.069     4.284
375 3GCU_33_leu                             -3.883    -3.539    -0.344    -9.734
376 3GCU_34_met                             -1.359    -1.363     0.004     0.289
377 3GCU_35_val                             -0.858    -0.854    -0.004    -0.503
378 3GCU_36_ile                             -3.430    -3.419    -0.011    -0.320
379 3GCU_37_leu                             -1.687    -1.666    -0.021    -1.260
380 3GCU_38_thr                             -6.306    -6.012    -0.294    -4.893
381 3GCU_39_leu                             -1.635    -1.675     0.040     2.415
382 3GCU_40_met                             -1.660    -1.631    -0.029    -1.757
383 3GCU_41_ile                             -1.334    -1.316    -0.018    -1.353
384 3GCU_42_ile                             -0.595    -0.576    -0.019    -3.230
385 3GCU_43_hie                             -2.164    -2.070    -0.094    -4.527
386 3GCU_44_ile                             -0.477    -0.486     0.009     1.817
387 3GCU_45_leu                             -3.843    -3.753    -0.090    -2.411
388 3GCU_46_asp                             -3.888    -3.510    -0.378   -10.763
389 3GCU_47_phe                             -4.056    -3.750    -0.306    -8.161
390 3GCU_48_leu                             -0.588    -0.619     0.031     5.035
391 3GNW_01_pro                             -1.723    -1.763     0.040     2.245
392 3GNW_02_bbn                             -0.138    -1.277     1.139    89.219
393 3GNW_03_bbn                             -3.332    -3.254    -0.078    -2.405
394 3GNW_04_bbn                             -3.049    -2.857    -0.192    -6.707
395 3GNW_05_bbn                             -0.527    -0.513    -0.014    -2.805
396 3GNW_06_bbn                             -0.239    -0.230    -0.009    -4.049
397 3GNW_07_bbn                             -1.797    -1.752    -0.045    -2.546
398 3GNW_08_bbn                             -0.097    -0.221     0.124    56.158
399 3GNW_09_bbn                             -1.049    -1.049    -0.000    -0.047
400 3GNW_10_bbn                             -0.757    -0.798     0.041     5.169
401 3GNW_11_bbn                             -2.479    -2.458    -0.021    -0.856
402 3GNW_12_bbn                             -0.689    -0.729     0.040     5.540
403 3GNW_13_bbn                             -8.247    -7.914    -0.333    -4.204
404 3GNW_14_bbn                             -8.320    -7.893    -0.427    -5.415
405 3GNW_15_bbn                             -9.208    -8.705    -0.503    -5.783
406 3GNW_16_bbn                             -2.686    -2.751     0.065     2.353
407 3GNW_17_arg                              0.236    -1.153     1.389   120.476
408 3GNW_18_phe                             -1.500    -1.633     0.133     8.149
409 3GNW_19_arg                             -6.203    -5.693    -0.510    -8.952
410 3GNW_20_asn                             -2.120    -1.994    -0.126    -6.324
411 3GNW_21_asp                             -5.840    -4.875    -0.965   -19.801
412 3GNW_22_cys                             -4.666    -4.152    -0.514   -12.376
413 3GNW_23_ser                             -8.604    -8.521    -0.083    -0.978
414 3GNW_24_ser                             -1.666    -1.549    -0.117    -7.569
415 3GNW_25_leu                             -2.557    -2.381    -0.176    -7.401
416 3GNW_26_arg                              4.492     3.776     0.716    18.949
417 3GNW_27_ser                             -0.462    -0.516     0.054    10.496
418 3GNW_28_asn                             -1.448    -1.264    -0.184   -14.591
419 3GNW_29_met                             -6.464    -6.025    -0.439    -7.282
420 3GNW_30_tyr                             -4.520    -4.562     0.042     0.914
421 3GNW_31_gln                             -0.516    -0.305    -0.211   -69.158
422 3GNW_32_ile                             -0.824    -0.859     0.035     4.115
423 3GNW_33_tyr                             -6.669    -6.613    -0.056    -0.852
424 3GNW_34_hie                             -0.107    -0.146     0.039    26.441
425 3GNW_35_ser                             -5.170    -4.733    -0.437    -9.234
426 3JVS_01_bbn                             -1.949    -1.960     0.011     0.567
427 3JVS_02_bbn                            -12.976   -13.696     0.720     5.260
428 3JVS_03_bbn                             -1.164    -1.071    -0.093    -8.641
429 3JVS_04_bbn                             -1.384    -0.504    -0.880  -174.672
430 3JVS_05_bbn                            -13.287   -12.381    -0.906    -7.316
431 3JVS_06_pro                             -5.269    -4.961    -0.308    -6.209
432 3JVS_07_bbn                              0.586     0.651    -0.065    -9.966
433 3JVS_08_pro                             -2.405    -2.382    -0.023    -0.984
434 3JVS_09_bbn                             -0.587    -0.536    -0.051    -9.546
435 3JVS_10_bbn                             -1.120    -1.080    -0.040    -3.743
436 3JVS_11_bbn                             -0.475    -0.457    -0.018    -3.938
437 3JVS_12_bbn                             -2.792    -2.491    -0.301   -12.099
438 3JVS_13_bbn                             -1.049    -1.033    -0.016    -1.582
439 3JVS_14_phe                             -8.433    -7.727    -0.706    -9.135
440 3JVS_15_asp                             -6.857    -7.306     0.449     6.140
441 3JVS_16_arg                              8.107    -0.422     8.529  2021.019
442 3JVS_17_ile                             -3.859    -3.698    -0.161    -4.363
443 3JVS_18_glu                             -7.531    -8.054     0.523     6.488
444 3JVS_19_tyr                             -1.039    -1.071     0.032     2.994
445 3JVS_20_ala                             -0.585    -0.589     0.004     0.613
446 3JVS_21_glu                             -3.795    -3.715    -0.080    -2.160
447 3JVS_22_leu                             -1.879    -1.646    -0.233   -14.167
448 3NOX_01_bbn                              0.683     0.798    -0.115   -14.456
449 3NOX_02_bbn                             -6.413    -6.207    -0.206    -3.312
450 3NOX_03_bbn                              0.438     0.757    -0.319   -42.145
451 3NOX_04_bbn                             -2.080    -1.971    -0.109    -5.532
452 3NOX_05_bbn                              1.296     1.333    -0.037    -2.758
453 3NOX_06_bbn                             -2.041    -1.433    -0.608   -42.453
454 3NOX_07_arg                             45.105    45.802    -0.697    -1.521
455 3NOX_08_glu                           -112.045  -111.564    -0.481    -0.431
456 3NOX_09_glu                           -122.928  -122.376    -0.552    -0.451
457 3NOX_10_tyr                             -4.807    -4.538    -0.269    -5.934
458 3NOX_11_trp                             -1.216    -0.699    -0.517   -73.950
459 3NOX_12_ser                             -6.935    -6.327    -0.608    -9.607
460 3NOX_13_tyr                             -2.140    -2.286     0.146     6.393
461 3NOX_14_val                             -0.184    -0.341     0.157    46.158
462 3NOX_15_trp                             -1.556    -2.227     0.671    30.146
463 3NOX_16_tyr                            -16.492   -16.022    -0.470    -2.932
464 3NOX_17_asp                            -63.950   -62.357    -1.593    -2.555
465 3NOX_18_tyr                             -8.775    -8.583    -0.192    -2.232
466 3NOX_19_asn                             -4.583    -4.442    -0.141    -3.169
467 3NOX_20_val                             -1.728    -1.718    -0.010    -0.575
468 3NOX_21_hid                             -8.429    -8.313    -0.116    -1.390
469 3PE2_01_bbn                             -3.406    -3.063    -0.343   -11.198
470 3PE2_02_bbn                             -0.211    -0.120    -0.091   -75.831
471 3PE2_03_bbn                             -1.399    -1.582     0.183    11.567
472 3PE2_04_bbn                             -1.675    -1.140    -0.535   -46.962
473 3PE2_05_bbn                             -2.573    -2.152    -0.421   -19.564
474 3PE2_06_bbn                             -2.309    -2.152    -0.157    -7.309
475 3PE2_07_bbn                             -1.627    -1.632     0.005     0.290
476 3PE2_08_bbn                             -8.415    -8.648     0.233     2.689
477 3PE2_09_bbn                              0.139     0.102     0.037    36.226
478 3PE2_10_bbn                             -2.297    -1.706    -0.591   -34.650
479 3PE2_11_bbn                             -4.009    -3.556    -0.453   -12.725
480 3PE2_12_bbn                            -18.656   -18.392    -0.264    -1.433
481 3PE2_13_bbn                             -6.945    -6.612    -0.333    -5.043
482 3PE2_14_leu                             -3.366    -3.361    -0.005    -0.150
483 3PE2_15_arg                            -14.709   -22.648     7.939    35.054
484 3PE2_16_val                             -4.165    -5.128     0.963    18.773
485 3PE2_17_val                             -3.846    -3.574    -0.272    -7.610
486 3PE2_18_lys                           -101.625  -101.837     0.212     0.208
487 3PE2_19_ile                             -3.094    -3.154     0.060     1.906
488 3PE2_20_phe                             -3.475    -2.992    -0.483   -16.147
489 3PE2_21_hid                             -1.502    -1.757     0.255    14.486
490 3PE2_22_val                             -0.938    -1.155     0.217    18.790
491 3PE2_23_asn                             -1.126    -0.799    -0.327   -40.909
492 3PE2_24_hid                             -2.953    -2.844    -0.109    -3.827
493 3PE2_25_met                             -4.071    -4.093     0.022     0.534
494 3PE2_26_ile                             -5.885    -5.304    -0.581   -10.956
495 3PE2_27_asp                             57.252    57.516    -0.264    -0.459
496 3PE2_28_trp                             -4.352    -4.656     0.304     6.527
497 4GID_01_bbn                             -2.062    -2.050    -0.012    -0.596
498 4GID_02_bbn                              1.819     1.595     0.224    14.054
499 4GID_03_bbn                             -1.971    -1.725    -0.246   -14.267
500 4GID_04_bbn                             -5.817    -5.236    -0.581   -11.093
501 4GID_05_bbn                             -0.003     0.112    -0.115  -102.327
502 4GID_06_bbn                              2.297     2.493    -0.196    -7.872
503 4GID_07_bbn                            -14.845   -14.417    -0.428    -2.968
504 4GID_08_bbn                              0.031    -0.097     0.128   132.209
505 4GID_09_pro                             -0.716    -1.047     0.331    31.588
506 4GID_10_bbn                             -4.361    -4.144    -0.217    -5.242
507 4GID_11_bbn                             -2.591    -2.179    -0.412   -18.891
508 4GID_12_bbn                             -3.370    -2.931    -0.439   -14.992
509 4GID_13_bbn                             -6.038    -5.824    -0.214    -3.678
510 4GID_14_bbn                             -1.874    -2.012     0.138     6.854
511 4GID_15_bbn                             -1.986    -1.966    -0.020    -0.996
512 4GID_16_bbn                             -4.163    -4.380     0.217     4.943
513 4GID_17_bbn                              0.769     0.779    -0.010    -1.252
514 4GID_18_bbn                             -3.354    -3.432     0.078     2.287
515 4GID_19_bbn                             -1.938    -1.652    -0.286   -17.293
516 4GID_20_bbn                             -0.454    -0.379    -0.075   -19.666
517 4GID_21_bbn                            -19.040   -18.166    -0.874    -4.810
518 4GID_22_bbn                             -7.383    -6.907    -0.476    -6.886
519 4GID_23_bbn                             -6.169    -5.857    -0.312    -5.323
520 4GID_24_bbn                              0.803     0.454     0.349    76.923
521 4GID_25_ser                              0.523     0.291     0.232    79.639
522 4GID_26_gln                             -1.988    -1.744    -0.244   -13.983
523 4GID_27_tyr                             -0.129    -0.498     0.369    74.085
524 4GID_28_leu                             -2.495    -2.591     0.096     3.700
525 4GID_29_asp                            -80.972   -79.976    -0.996    -1.246
526 4GID_30_ser                              0.616     0.726    -0.110   -15.207
527 4GID_31_val                             -0.547    -0.830     0.283    34.134
528 4GID_32_tyr                             -9.288    -8.307    -0.981   -11.811
529 4GID_33_thr                             -1.812    -1.485    -0.327   -22.008
530 4GID_34_gln                             -3.685    -2.954    -0.731   -24.753
531 4GID_35_phe                             -2.835    -2.732    -0.103    -3.784
532 4GID_36_ile                             -1.551    -1.625     0.074     4.571
533 4GID_37_trp                             -2.588    -3.718     1.130    30.381
534 4GID_38_ile                             -1.981    -1.892    -0.089    -4.694
535 4GID_39_ile                             -1.119    -1.303     0.184    14.126
536 4GID_40_arg                             29.743    28.317     1.426     5.036
537 4GID_41_tyr                             -4.240    -4.078    -0.162    -3.975
538 4GID_42_ile                             -1.407    -1.315    -0.092    -7.017
539 4GID_43_asp                           -115.441  -114.321    -1.120    -0.980
540 4GID_44_thr                             -7.231    -6.629    -0.602    -9.077
541 4GID_45_thr                             -5.602    -4.836    -0.766   -15.839
542 4GID_46_asn                             -5.958    -5.295    -0.663   -12.517
543 4GID_47_arg                             26.746    27.645    -0.899    -3.250
544 4GID_48_lys                             28.181    23.587     4.594    19.478
545 4GID_49_ser                              0.057     0.084    -0.027   -32.352
546 4GID_50_val                             -1.487    -1.455    -0.032    -2.211
547 4GID_51_ala                             -0.273    -0.385     0.112    29.113
==========================================================================================
RMSE                0.843   kcal/mol
MUE                 0.371   kcal/mol
------------------------------------------------------------------------------------------
MSE                -0.090   kcal/mol
min                -2.621   kcal/mol
max                 9.970   kcal/mol
range              12.591   kcal/mol
min abs             0.000   kcal/mol
max abs             9.970   kcal/mol
==========================================================================================
RMSE              168.343   %
MUE                36.908   %
MSE                 2.660   %
min             -1109.207   %
max              2175.533   %
range            3284.740   %
min abs             0.008   %
max abs          2175.533   %
------------------------------------------------------------------------------------------
RMSE/|avg|         10.409   %
MUE/|avg|           4.575   %
==========================================================================================
Statistics for groups:
neutral-neutral(225)RMSE      0.272   MSE      -0.092   kcal/mol
charged-neutral(280)RMSE      0.920   MSE      -0.083   kcal/mol
charged-charged(42) RMSE      1.793   MSE      -0.122   kcal/mol
--------------------------------------------------------------------------------
neutral-neutralRMSE/|avg|     12.03 %
charged-neutralRMSE/|avg|     21.57 %
charged-chargedRMSE/|avg|     2.76 %
==========================================================================================

