WARNING: Keyword 'lookup_table' ignored in calculation 'job_01_10GS_01_ab', it belongs to other interface (lookup)
WARNING: Keyword 'lookup_table' ignored in calculation 'job_01_10GS_01_a', it belongs to other interface (lookup)
WARNING: Keyword 'lookup_table' ignored in calculation 'job_01_10GS_01_b', it belongs to other interface (lookup)
WARNING: Keyword 'lookup_table' ignored in calculation 'job_02_10GS_02_ab', it belongs to other interface (lookup)
WARNING: Keyword 'lookup_table' ignored in calculation 'job_02_10GS_02_a', it belongs to other interface (lookup)
WARNING: Keyword 'lookup_table' ignored in calculation 'job_02_10GS_02_b', it belongs to other interface (lookup)
WARNING: Keyword 'lookup_table' ignored in calculation 'job_03_10GS_03_ab', it belongs to other interface (lookup)
WARNING: Keyword 'lookup_table' ignored in calculation 'job_03_10GS_03_a', it belongs to other interface (lookup)
WARNING: Keyword 'lookup_table' ignored in calculation 'job_03_10GS_03_b', it belongs to other interface (lookup)
WARNING: Keyword 'lookup_table' ignored in calculation 'job_04_10GS_04_ab', it belongs to other interface (lookup)
WARNING: Keyword 'lookup_table' ignored in calculation 'job_04_10GS_04_a', it belongs to other interface (lookup)
WARNING: Keyword 'lookup_table' ignored in calculation 'job_04_10GS_04_b', it belongs to other interface (lookup)
WARNING: Keyword 'lookup_table' ignored in calculation 'job_05_10GS_05_ab', it belongs to other interface (lookup)
WARNING: Keyword 'lookup_table' ignored in calculation 'job_05_10GS_05_a', it belongs to other interface (lookup)
WARNING: Keyword 'lookup_table' ignored in calculation 'job_05_10GS_05_b', it belongs to other interface (lookup)
WARNING: Keyword 'lookup_table' ignored in calculation 'job_06_10GS_06_ab', it belongs to other interface (lookup)
WARNING: Keyword 'lookup_table' ignored in calculation 'job_06_10GS_06_a', it belongs to other interface (lookup)
WARNING: Keyword 'lookup_table' ignored in calculation 'job_06_10GS_06_b', it belongs to other interface (lookup)
WARNING: Keyword 'lookup_table' ignored in calculation 'job_07_10GS_07_ab', it belongs to other interface (lookup)
WARNING: Keyword 'lookup_table' ignored in calculation 'job_07_10GS_07_a', it belongs to other interface (lookup)
WARNING: Keyword 'lookup_table' ignored in calculation 'job_07_10GS_07_b', it belongs to other interface (lookup)
WARNING: Keyword 'lookup_table' ignored in calculation 'job_08_10GS_08_ab', it belongs to other interface (lookup)
WARNING: Keyword 'lookup_table' ignored in calculation 'job_08_10GS_08_a', it belongs to other interface (lookup)
WARNING: Keyword 'lookup_table' ignored in calculation 'job_08_10GS_08_b', it belongs to other interface (lookup)
WARNING: Keyword 'lookup_table' ignored in calculation 'job_09_10GS_09_ab', it belongs to other interface (lookup)
WARNING: Keyword 'lookup_table' ignored in calculation 'job_09_10GS_09_a', it belongs to other interface (lookup)
WARNING: Keyword 'lookup_table' ignored in calculation 'job_09_10GS_09_b', it belongs to other interface (lookup)
WARNING: Keyword 'lookup_table' ignored in calculation 'job_10_10GS_10_ab', it belongs to other interface (lookup)
WARNING: Keyword 'lookup_table' ignored in calculation 'job_10_10GS_10_a', it belongs to other interface (lookup)
WARNING: Keyword 'lookup_table' ignored in calculation 'job_10_10GS_10_b', it belongs to other interface (lookup)
WARNING: Keyword 'lookup_table' ignored in calculation 'job_11_10GS_11_ab', it belongs to other interface (lookup)
WARNING: Keyword 'lookup_table' ignored in calculation 'job_11_10GS_11_a', it belongs to other interface (lookup)
WARNING: Keyword 'lookup_table' ignored in calculation 'job_11_10GS_11_b', it belongs to other interface (lookup)
WARNING: Keyword 'lookup_table' ignored in calculation 'job_12_10GS_12_ab', it belongs to other interface (lookup)
WARNING: Keyword 'lookup_table' ignored in calculation 'job_12_10GS_12_a', it belongs to other interface (lookup)
WARNING: Keyword 'lookup_table' ignored in calculation 'job_12_10GS_12_b', it belongs to other interface (lookup)
WARNING: Keyword 'lookup_table' ignored in calculation 'job_13_10GS_13_ab', it belongs to other interface (lookup)
WARNING: Keyword 'lookup_table' ignored in calculation 'job_13_10GS_13_a', it belongs to other interface (lookup)
WARNING: Keyword 'lookup_table' ignored in calculation 'job_13_10GS_13_b', it belongs to other interface (lookup)
WARNING: Keyword 'lookup_table' ignored in calculation 'job_14_10GS_14_ab', it belongs to other interface (lookup)
WARNING: Keyword 'lookup_table' ignored in calculation 'job_14_10GS_14_a', it belongs to other interface (lookup)
WARNING: Keyword 'lookup_table' ignored in calculation 'job_14_10GS_14_b', it belongs to other interface (lookup)
WARNING: Keyword 'lookup_table' ignored in calculation 'job_15_10GS_15_ab', it belongs to other interface (lookup)
WARNING: Keyword 'lookup_table' ignored in calculation 'job_15_10GS_15_a', it belongs to other interface (lookup)
WARNING: Keyword 'lookup_table' ignored in calculation 'job_15_10GS_15_b', it belongs to other interface (lookup)
WARNING: Keyword 'lookup_table' ignored in calculation 'job_16_10GS_16_ab', it belongs to other interface (lookup)
WARNING: Keyword 'lookup_table' ignored in calculation 'job_16_10GS_16_a', it belongs to other interface (lookup)
WARNING: Keyword 'lookup_table' ignored in calculation 'job_16_10GS_16_b', it belongs to other interface (lookup)
WARNING: Keyword 'lookup_table' ignored in calculation 'job_17_10GS_17_ab', it belongs to other interface (lookup)
WARNING: Keyword 'lookup_table' ignored in calculation 'job_17_10GS_17_a', it belongs to other interface (lookup)
WARNING: Keyword 'lookup_table' ignored in calculation 'job_17_10GS_17_b', it belongs to other interface (lookup)
WARNING: Keyword 'lookup_table' ignored in calculation 'job_18_10GS_18_ab', it belongs to other interface (lookup)
WARNING: Keyword 'lookup_table' ignored in calculation 'job_18_10GS_18_a', it belongs to other interface (lookup)
WARNING: Keyword 'lookup_table' ignored in calculation 'job_18_10GS_18_b', it belongs to other interface (lookup)
WARNING: Keyword 'lookup_table' ignored in calculation 'job_19_10GS_19_ab', it belongs to other interface (lookup)
WARNING: Keyword 'lookup_table' ignored in calculation 'job_19_10GS_19_a', it belongs to other interface (lookup)
WARNING: Keyword 'lookup_table' ignored in calculation 'job_19_10GS_19_b', it belongs to other interface (lookup)
WARNING: Keyword 'lookup_table' ignored in calculation 'job_20_10GS_20_ab', it belongs to other interface (lookup)
WARNING: Keyword 'lookup_table' ignored in calculation 'job_20_10GS_20_a', it belongs to other interface (lookup)
WARNING: Keyword 'lookup_table' ignored in calculation 'job_20_10GS_20_b', it belongs to other interface (lookup)
WARNING: Keyword 'lookup_table' ignored in calculation 'job_21_10GS_21_ab', it belongs to other interface (lookup)
WARNING: Keyword 'lookup_table' ignored in calculation 'job_21_10GS_21_a', it belongs to other interface (lookup)
WARNING: Keyword 'lookup_table' ignored in calculation 'job_21_10GS_21_b', it belongs to other interface (lookup)
WARNING: Keyword 'lookup_table' ignored in calculation 'job_22_10GS_22_ab', it belongs to other interface (lookup)
WARNING: Keyword 'lookup_table' ignored in calculation 'job_22_10GS_22_a', it belongs to other interface (lookup)
WARNING: Keyword 'lookup_table' ignored in calculation 'job_22_10GS_22_b', it belongs to other interface (lookup)
WARNING: Keyword 'lookup_table' ignored in calculation 'job_23_10GS_23_ab', it belongs to other interface (lookup)
WARNING: Keyword 'lookup_table' ignored in calculation 'job_23_10GS_23_a', it belongs to other interface (lookup)
WARNING: Keyword 'lookup_table' ignored in calculation 'job_23_10GS_23_b', it belongs to other interface (lookup)
WARNING: Keyword 'lookup_table' ignored in calculation 'job_24_10GS_24_ab', it belongs to other interface (lookup)
WARNING: Keyword 'lookup_table' ignored in calculation 'job_24_10GS_24_a', it belongs to other interface (lookup)
WARNING: Keyword 'lookup_table' ignored in calculation 'job_24_10GS_24_b', it belongs to other interface (lookup)
WARNING: Keyword 'lookup_table' ignored in calculation 'job_25_10GS_25_ab', it belongs to other interface (lookup)
WARNING: Keyword 'lookup_table' ignored in calculation 'job_25_10GS_25_a', it belongs to other interface (lookup)
WARNING: Keyword 'lookup_table' ignored in calculation 'job_25_10GS_25_b', it belongs to other interface (lookup)
WARNING: Keyword 'lookup_table' ignored in calculation 'job_26_2CET_01_ab', it belongs to other interface (lookup)
WARNING: Keyword 'lookup_table' ignored in calculation 'job_26_2CET_01_a', it belongs to other interface (lookup)
WARNING: Keyword 'lookup_table' ignored in calculation 'job_26_2CET_01_b', it belongs to other interface (lookup)
WARNING: Keyword 'lookup_table' ignored in calculation 'job_27_2CET_02_ab', it belongs to other interface (lookup)
WARNING: Keyword 'lookup_table' ignored in calculation 'job_27_2CET_02_a', it belongs to other interface (lookup)
WARNING: Keyword 'lookup_table' ignored in calculation 'job_27_2CET_02_b', it belongs to other interface (lookup)
WARNING: Keyword 'lookup_table' ignored in calculation 'job_28_2CET_03_ab', it belongs to other interface (lookup)
WARNING: Keyword 'lookup_table' ignored in calculation 'job_28_2CET_03_a', it belongs to other interface (lookup)
WARNING: Keyword 'lookup_table' ignored in calculation 'job_28_2CET_03_b', it belongs to other interface (lookup)
WARNING: Keyword 'lookup_table' ignored in calculation 'job_29_2CET_04_ab', it belongs to other interface (lookup)
WARNING: Keyword 'lookup_table' ignored in calculation 'job_29_2CET_04_a', it belongs to other interface (lookup)
WARNING: Keyword 'lookup_table' ignored in calculation 'job_29_2CET_04_b', it belongs to other interface (lookup)
WARNING: Keyword 'lookup_table' ignored in calculation 'job_30_2CET_05_ab', it belongs to other interface (lookup)
WARNING: Keyword 'lookup_table' ignored in calculation 'job_30_2CET_05_a', it belongs to other interface (lookup)
WARNING: Keyword 'lookup_table' ignored in calculation 'job_30_2CET_05_b', it belongs to other interface (lookup)
WARNING: Keyword 'lookup_table' ignored in calculation 'job_31_2CET_06_ab', it belongs to other interface (lookup)
WARNING: Keyword 'lookup_table' ignored in calculation 'job_31_2CET_06_a', it belongs to other interface (lookup)
WARNING: Keyword 'lookup_table' ignored in calculation 'job_31_2CET_06_b', it belongs to other interface (lookup)
WARNING: Keyword 'lookup_table' ignored in calculation 'job_32_2CET_07_ab', it belongs to other interface (lookup)
WARNING: Keyword 'lookup_table' ignored in calculation 'job_32_2CET_07_a', it belongs to other interface (lookup)
WARNING: Keyword 'lookup_table' ignored in calculation 'job_32_2CET_07_b', it belongs to other interface (lookup)
WARNING: Keyword 'lookup_table' ignored in calculation 'job_33_2CET_08_ab', it belongs to other interface (lookup)
WARNING: Keyword 'lookup_table' ignored in calculation 'job_33_2CET_08_a', it belongs to other interface (lookup)
WARNING: Keyword 'lookup_table' ignored in calculation 'job_33_2CET_08_b', it belongs to other interface (lookup)
WARNING: Keyword 'lookup_table' ignored in calculation 'job_34_2CET_09_ab', it belongs to other interface (lookup)
WARNING: Keyword 'lookup_table' ignored in calculation 'job_34_2CET_09_a', it belongs to other interface (lookup)
WARNING: Keyword 'lookup_table' ignored in calculation 'job_34_2CET_09_b', it belongs to other interface (lookup)
WARNING: Keyword 'lookup_table' ignored in calculation 'job_35_2CET_10_ab', it belongs to other interface (lookup)
WARNING: Keyword 'lookup_table' ignored in calculation 'job_35_2CET_10_a', it belongs to other interface (lookup)
WARNING: Keyword 'lookup_table' ignored in calculation 'job_35_2CET_10_b', it belongs to other interface (lookup)
WARNING: Keyword 'lookup_table' ignored in calculation 'job_36_2CET_11_ab', it belongs to other interface (lookup)
WARNING: Keyword 'lookup_table' ignored in calculation 'job_36_2CET_11_a', it belongs to other interface (lookup)
WARNING: Keyword 'lookup_table' ignored in calculation 'job_36_2CET_11_b', it belongs to other interface (lookup)
WARNING: Keyword 'lookup_table' ignored in calculation 'job_37_2CET_12_ab', it belongs to other interface (lookup)
WARNING: Keyword 'lookup_table' ignored in calculation 'job_37_2CET_12_a', it belongs to other interface (lookup)
WARNING: Keyword 'lookup_table' ignored in calculation 'job_37_2CET_12_b', it belongs to other interface (lookup)
WARNING: Keyword 'lookup_table' ignored in calculation 'job_38_2CET_13_ab', it belongs to other interface (lookup)
WARNING: Keyword 'lookup_table' ignored in calculation 'job_38_2CET_13_a', it belongs to other interface (lookup)
WARNING: Keyword 'lookup_table' ignored in calculation 'job_38_2CET_13_b', it belongs to other interface (lookup)
WARNING: Keyword 'lookup_table' ignored in calculation 'job_39_2CET_14_ab', it belongs to other interface (lookup)
WARNING: Keyword 'lookup_table' ignored in calculation 'job_39_2CET_14_a', it belongs to other interface (lookup)
WARNING: Keyword 'lookup_table' ignored in calculation 'job_39_2CET_14_b', it belongs to other interface (lookup)
WARNING: Keyword 'lookup_table' ignored in calculation 'job_40_2CET_15_ab', it belongs to other interface (lookup)
WARNING: Keyword 'lookup_table' ignored in calculation 'job_40_2CET_15_a', it belongs to other interface (lookup)
WARNING: Keyword 'lookup_table' ignored in calculation 'job_40_2CET_15_b', it belongs to other interface (lookup)
WARNING: Keyword 'lookup_table' ignored in calculation 'job_41_2CET_16_ab', it belongs to other interface (lookup)
WARNING: Keyword 'lookup_table' ignored in calculation 'job_41_2CET_16_a', it belongs to other interface (lookup)
WARNING: Keyword 'lookup_table' ignored in calculation 'job_41_2CET_16_b', it belongs to other interface (lookup)
WARNING: Keyword 'lookup_table' ignored in calculation 'job_42_2CET_17_ab', it belongs to other interface (lookup)
WARNING: Keyword 'lookup_table' ignored in calculation 'job_42_2CET_17_a', it belongs to other interface (lookup)
WARNING: Keyword 'lookup_table' ignored in calculation 'job_42_2CET_17_b', it belongs to other interface (lookup)
WARNING: Keyword 'lookup_table' ignored in calculation 'job_43_2CET_18_ab', it belongs to other interface (lookup)
WARNING: Keyword 'lookup_table' ignored in calculation 'job_43_2CET_18_a', it belongs to other interface (lookup)
WARNING: Keyword 'lookup_table' ignored in calculation 'job_43_2CET_18_b', it belongs to other interface (lookup)
WARNING: Keyword 'lookup_table' ignored in calculation 'job_44_2CET_19_ab', it belongs to other interface (lookup)
WARNING: Keyword 'lookup_table' ignored in calculation 'job_44_2CET_19_a', it belongs to other interface (lookup)
WARNING: Keyword 'lookup_table' ignored in calculation 'job_44_2CET_19_b', it belongs to other interface (lookup)
WARNING: Keyword 'lookup_table' ignored in calculation 'job_45_2CET_20_ab', it belongs to other interface (lookup)
WARNING: Keyword 'lookup_table' ignored in calculation 'job_45_2CET_20_a', it belongs to other interface (lookup)
WARNING: Keyword 'lookup_table' ignored in calculation 'job_45_2CET_20_b', it belongs to other interface (lookup)
WARNING: Keyword 'lookup_table' ignored in calculation 'job_46_2CET_21_ab', it belongs to other interface (lookup)
WARNING: Keyword 'lookup_table' ignored in calculation 'job_46_2CET_21_a', it belongs to other interface (lookup)
WARNING: Keyword 'lookup_table' ignored in calculation 'job_46_2CET_21_b', it belongs to other interface (lookup)
WARNING: Keyword 'lookup_table' ignored in calculation 'job_47_2CET_22_ab', it belongs to other interface (lookup)
WARNING: Keyword 'lookup_table' ignored in calculation 'job_47_2CET_22_a', it belongs to other interface (lookup)
WARNING: Keyword 'lookup_table' ignored in calculation 'job_47_2CET_22_b', it belongs to other interface (lookup)
WARNING: Keyword 'lookup_table' ignored in calculation 'job_48_2CET_23_ab', it belongs to other interface (lookup)
WARNING: Keyword 'lookup_table' ignored in calculation 'job_48_2CET_23_a', it belongs to other interface (lookup)
WARNING: Keyword 'lookup_table' ignored in calculation 'job_48_2CET_23_b', it belongs to other interface (lookup)
WARNING: Keyword 'lookup_table' ignored in calculation 'job_49_2FVD_01_ab', it belongs to other interface (lookup)
WARNING: Keyword 'lookup_table' ignored in calculation 'job_49_2FVD_01_a', it belongs to other interface (lookup)
WARNING: Keyword 'lookup_table' ignored in calculation 'job_49_2FVD_01_b', it belongs to other interface (lookup)
WARNING: Keyword 'lookup_table' ignored in calculation 'job_50_2FVD_02_ab', it belongs to other interface (lookup)
WARNING: Keyword 'lookup_table' ignored in calculation 'job_50_2FVD_02_a', it belongs to other interface (lookup)
WARNING: Keyword 'lookup_table' ignored in calculation 'job_50_2FVD_02_b', it belongs to other interface (lookup)
WARNING: Keyword 'lookup_table' ignored in calculation 'job_51_2FVD_03_ab', it belongs to other interface (lookup)
WARNING: Keyword 'lookup_table' ignored in calculation 'job_51_2FVD_03_a', it belongs to other interface (lookup)
WARNING: Keyword 'lookup_table' ignored in calculation 'job_51_2FVD_03_b', it belongs to other interface (lookup)
WARNING: Keyword 'lookup_table' ignored in calculation 'job_52_2FVD_04_ab', it belongs to other interface (lookup)
WARNING: Keyword 'lookup_table' ignored in calculation 'job_52_2FVD_04_a', it belongs to other interface (lookup)
WARNING: Keyword 'lookup_table' ignored in calculation 'job_52_2FVD_04_b', it belongs to other interface (lookup)
WARNING: Keyword 'lookup_table' ignored in calculation 'job_53_2FVD_05_ab', it belongs to other interface (lookup)
WARNING: Keyword 'lookup_table' ignored in calculation 'job_53_2FVD_05_a', it belongs to other interface (lookup)
WARNING: Keyword 'lookup_table' ignored in calculation 'job_53_2FVD_05_b', it belongs to other interface (lookup)
WARNING: Keyword 'lookup_table' ignored in calculation 'job_54_2FVD_06_ab', it belongs to other interface (lookup)
WARNING: Keyword 'lookup_table' ignored in calculation 'job_54_2FVD_06_a', it belongs to other interface (lookup)
WARNING: Keyword 'lookup_table' ignored in calculation 'job_54_2FVD_06_b', it belongs to other interface (lookup)
WARNING: Keyword 'lookup_table' ignored in calculation 'job_55_2FVD_07_ab', it belongs to other interface (lookup)
WARNING: Keyword 'lookup_table' ignored in calculation 'job_55_2FVD_07_a', it belongs to other interface (lookup)
WARNING: Keyword 'lookup_table' ignored in calculation 'job_55_2FVD_07_b', it belongs to other interface (lookup)
WARNING: Keyword 'lookup_table' ignored in calculation 'job_56_2FVD_08_ab', it belongs to other interface (lookup)
WARNING: Keyword 'lookup_table' ignored in calculation 'job_56_2FVD_08_a', it belongs to other interface (lookup)
WARNING: Keyword 'lookup_table' ignored in calculation 'job_56_2FVD_08_b', it belongs to other interface (lookup)
WARNING: Keyword 'lookup_table' ignored in calculation 'job_57_2FVD_09_ab', it belongs to other interface (lookup)
WARNING: Keyword 'lookup_table' ignored in calculation 'job_57_2FVD_09_a', it belongs to other interface (lookup)
WARNING: Keyword 'lookup_table' ignored in calculation 'job_57_2FVD_09_b', it belongs to other interface (lookup)
WARNING: Keyword 'lookup_table' ignored in calculation 'job_58_2FVD_10_ab', it belongs to other interface (lookup)
WARNING: Keyword 'lookup_table' ignored in calculation 'job_58_2FVD_10_a', it belongs to other interface (lookup)
WARNING: Keyword 'lookup_table' ignored in calculation 'job_58_2FVD_10_b', it belongs to other interface (lookup)
WARNING: Keyword 'lookup_table' ignored in calculation 'job_59_2FVD_11_ab', it belongs to other interface (lookup)
WARNING: Keyword 'lookup_table' ignored in calculation 'job_59_2FVD_11_a', it belongs to other interface (lookup)
WARNING: Keyword 'lookup_table' ignored in calculation 'job_59_2FVD_11_b', it belongs to other interface (lookup)
WARNING: Keyword 'lookup_table' ignored in calculation 'job_60_2FVD_12_ab', it belongs to other interface (lookup)
WARNING: Keyword 'lookup_table' ignored in calculation 'job_60_2FVD_12_a', it belongs to other interface (lookup)
WARNING: Keyword 'lookup_table' ignored in calculation 'job_60_2FVD_12_b', it belongs to other interface (lookup)
WARNING: Keyword 'lookup_table' ignored in calculation 'job_61_2FVD_13_ab', it belongs to other interface (lookup)
WARNING: Keyword 'lookup_table' ignored in calculation 'job_61_2FVD_13_a', it belongs to other interface (lookup)
WARNING: Keyword 'lookup_table' ignored in calculation 'job_61_2FVD_13_b', it belongs to other interface (lookup)
WARNING: Keyword 'lookup_table' ignored in calculation 'job_62_2FVD_14_ab', it belongs to other interface (lookup)
WARNING: Keyword 'lookup_table' ignored in calculation 'job_62_2FVD_14_a', it belongs to other interface (lookup)
WARNING: Keyword 'lookup_table' ignored in calculation 'job_62_2FVD_14_b', it belongs to other interface (lookup)
WARNING: Keyword 'lookup_table' ignored in calculation 'job_63_2FVD_15_ab', it belongs to other interface (lookup)
WARNING: Keyword 'lookup_table' ignored in calculation 'job_63_2FVD_15_a', it belongs to other interface (lookup)
WARNING: Keyword 'lookup_table' ignored in calculation 'job_63_2FVD_15_b', it belongs to other interface (lookup)
WARNING: Keyword 'lookup_table' ignored in calculation 'job_64_2FVD_16_ab', it belongs to other interface (lookup)
WARNING: Keyword 'lookup_table' ignored in calculation 'job_64_2FVD_16_a', it belongs to other interface (lookup)
WARNING: Keyword 'lookup_table' ignored in calculation 'job_64_2FVD_16_b', it belongs to other interface (lookup)
WARNING: Keyword 'lookup_table' ignored in calculation 'job_65_2FVD_17_ab', it belongs to other interface (lookup)
WARNING: Keyword 'lookup_table' ignored in calculation 'job_65_2FVD_17_a', it belongs to other interface (lookup)
WARNING: Keyword 'lookup_table' ignored in calculation 'job_65_2FVD_17_b', it belongs to other interface (lookup)
WARNING: Keyword 'lookup_table' ignored in calculation 'job_66_2FVD_18_ab', it belongs to other interface (lookup)
WARNING: Keyword 'lookup_table' ignored in calculation 'job_66_2FVD_18_a', it belongs to other interface (lookup)
WARNING: Keyword 'lookup_table' ignored in calculation 'job_66_2FVD_18_b', it belongs to other interface (lookup)
WARNING: Keyword 'lookup_table' ignored in calculation 'job_67_2FVD_19_ab', it belongs to other interface (lookup)
WARNING: Keyword 'lookup_table' ignored in calculation 'job_67_2FVD_19_a', it belongs to other interface (lookup)
WARNING: Keyword 'lookup_table' ignored in calculation 'job_67_2FVD_19_b', it belongs to other interface (lookup)
WARNING: Keyword 'lookup_table' ignored in calculation 'job_68_2FVD_20_ab', it belongs to other interface (lookup)
WARNING: Keyword 'lookup_table' ignored in calculation 'job_68_2FVD_20_a', it belongs to other interface (lookup)
WARNING: Keyword 'lookup_table' ignored in calculation 'job_68_2FVD_20_b', it belongs to other interface (lookup)
WARNING: Keyword 'lookup_table' ignored in calculation 'job_69_2FVD_21_ab', it belongs to other interface (lookup)
WARNING: Keyword 'lookup_table' ignored in calculation 'job_69_2FVD_21_a', it belongs to other interface (lookup)
WARNING: Keyword 'lookup_table' ignored in calculation 'job_69_2FVD_21_b', it belongs to other interface (lookup)
WARNING: Keyword 'lookup_table' ignored in calculation 'job_70_2FVD_22_ab', it belongs to other interface (lookup)
WARNING: Keyword 'lookup_table' ignored in calculation 'job_70_2FVD_22_a', it belongs to other interface (lookup)
WARNING: Keyword 'lookup_table' ignored in calculation 'job_70_2FVD_22_b', it belongs to other interface (lookup)
WARNING: Keyword 'lookup_table' ignored in calculation 'job_71_2FVD_23_ab', it belongs to other interface (lookup)
WARNING: Keyword 'lookup_table' ignored in calculation 'job_71_2FVD_23_a', it belongs to other interface (lookup)
WARNING: Keyword 'lookup_table' ignored in calculation 'job_71_2FVD_23_b', it belongs to other interface (lookup)
WARNING: Keyword 'lookup_table' ignored in calculation 'job_72_2FVD_24_ab', it belongs to other interface (lookup)
WARNING: Keyword 'lookup_table' ignored in calculation 'job_72_2FVD_24_a', it belongs to other interface (lookup)
WARNING: Keyword 'lookup_table' ignored in calculation 'job_72_2FVD_24_b', it belongs to other interface (lookup)
WARNING: Keyword 'lookup_table' ignored in calculation 'job_73_2FVD_25_ab', it belongs to other interface (lookup)
WARNING: Keyword 'lookup_table' ignored in calculation 'job_73_2FVD_25_a', it belongs to other interface (lookup)
WARNING: Keyword 'lookup_table' ignored in calculation 'job_73_2FVD_25_b', it belongs to other interface (lookup)
WARNING: Keyword 'lookup_table' ignored in calculation 'job_74_2FVD_26_ab', it belongs to other interface (lookup)
WARNING: Keyword 'lookup_table' ignored in calculation 'job_74_2FVD_26_a', it belongs to other interface (lookup)
WARNING: Keyword 'lookup_table' ignored in calculation 'job_74_2FVD_26_b', it belongs to other interface (lookup)
WARNING: Keyword 'lookup_table' ignored in calculation 'job_75_2FVD_27_ab', it belongs to other interface (lookup)
WARNING: Keyword 'lookup_table' ignored in calculation 'job_75_2FVD_27_a', it belongs to other interface (lookup)
WARNING: Keyword 'lookup_table' ignored in calculation 'job_75_2FVD_27_b', it belongs to other interface (lookup)
WARNING: Keyword 'lookup_table' ignored in calculation 'job_76_2FVD_28_ab', it belongs to other interface (lookup)
WARNING: Keyword 'lookup_table' ignored in calculation 'job_76_2FVD_28_a', it belongs to other interface (lookup)
WARNING: Keyword 'lookup_table' ignored in calculation 'job_76_2FVD_28_b', it belongs to other interface (lookup)
WARNING: Keyword 'lookup_table' ignored in calculation 'job_77_2FVD_29_ab', it belongs to other interface (lookup)
WARNING: Keyword 'lookup_table' ignored in calculation 'job_77_2FVD_29_a', it belongs to other interface (lookup)
WARNING: Keyword 'lookup_table' ignored in calculation 'job_77_2FVD_29_b', it belongs to other interface (lookup)
WARNING: Keyword 'lookup_table' ignored in calculation 'job_78_2FVD_30_ab', it belongs to other interface (lookup)
WARNING: Keyword 'lookup_table' ignored in calculation 'job_78_2FVD_30_a', it belongs to other interface (lookup)
WARNING: Keyword 'lookup_table' ignored in calculation 'job_78_2FVD_30_b', it belongs to other interface (lookup)
WARNING: Keyword 'lookup_table' ignored in calculation 'job_79_2FVD_31_ab', it belongs to other interface (lookup)
WARNING: Keyword 'lookup_table' ignored in calculation 'job_79_2FVD_31_a', it belongs to other interface (lookup)
WARNING: Keyword 'lookup_table' ignored in calculation 'job_79_2FVD_31_b', it belongs to other interface (lookup)
WARNING: Keyword 'lookup_table' ignored in calculation 'job_80_2FVD_32_ab', it belongs to other interface (lookup)
WARNING: Keyword 'lookup_table' ignored in calculation 'job_80_2FVD_32_a', it belongs to other interface (lookup)
WARNING: Keyword 'lookup_table' ignored in calculation 'job_80_2FVD_32_b', it belongs to other interface (lookup)
WARNING: Keyword 'lookup_table' ignored in calculation 'job_81_2FVD_33_ab', it belongs to other interface (lookup)
WARNING: Keyword 'lookup_table' ignored in calculation 'job_81_2FVD_33_a', it belongs to other interface (lookup)
WARNING: Keyword 'lookup_table' ignored in calculation 'job_81_2FVD_33_b', it belongs to other interface (lookup)
WARNING: Keyword 'lookup_table' ignored in calculation 'job_82_2OBF_01_ab', it belongs to other interface (lookup)
WARNING: Keyword 'lookup_table' ignored in calculation 'job_82_2OBF_01_a', it belongs to other interface (lookup)
WARNING: Keyword 'lookup_table' ignored in calculation 'job_82_2OBF_01_b', it belongs to other interface (lookup)
WARNING: Keyword 'lookup_table' ignored in calculation 'job_83_2OBF_02_ab', it belongs to other interface (lookup)
WARNING: Keyword 'lookup_table' ignored in calculation 'job_83_2OBF_02_a', it belongs to other interface (lookup)
WARNING: Keyword 'lookup_table' ignored in calculation 'job_83_2OBF_02_b', it belongs to other interface (lookup)
WARNING: Keyword 'lookup_table' ignored in calculation 'job_84_2OBF_03_ab', it belongs to other interface (lookup)
WARNING: Keyword 'lookup_table' ignored in calculation 'job_84_2OBF_03_a', it belongs to other interface (lookup)
WARNING: Keyword 'lookup_table' ignored in calculation 'job_84_2OBF_03_b', it belongs to other interface (lookup)
WARNING: Keyword 'lookup_table' ignored in calculation 'job_85_2OBF_04_ab', it belongs to other interface (lookup)
WARNING: Keyword 'lookup_table' ignored in calculation 'job_85_2OBF_04_a', it belongs to other interface (lookup)
WARNING: Keyword 'lookup_table' ignored in calculation 'job_85_2OBF_04_b', it belongs to other interface (lookup)
WARNING: Keyword 'lookup_table' ignored in calculation 'job_86_2OBF_05_ab', it belongs to other interface (lookup)
WARNING: Keyword 'lookup_table' ignored in calculation 'job_86_2OBF_05_a', it belongs to other interface (lookup)
WARNING: Keyword 'lookup_table' ignored in calculation 'job_86_2OBF_05_b', it belongs to other interface (lookup)
WARNING: Keyword 'lookup_table' ignored in calculation 'job_87_2OBF_06_ab', it belongs to other interface (lookup)
WARNING: Keyword 'lookup_table' ignored in calculation 'job_87_2OBF_06_a', it belongs to other interface (lookup)
WARNING: Keyword 'lookup_table' ignored in calculation 'job_87_2OBF_06_b', it belongs to other interface (lookup)
WARNING: Keyword 'lookup_table' ignored in calculation 'job_88_2OBF_07_ab', it belongs to other interface (lookup)
WARNING: Keyword 'lookup_table' ignored in calculation 'job_88_2OBF_07_a', it belongs to other interface (lookup)
WARNING: Keyword 'lookup_table' ignored in calculation 'job_88_2OBF_07_b', it belongs to other interface (lookup)
WARNING: Keyword 'lookup_table' ignored in calculation 'job_89_2OBF_08_ab', it belongs to other interface (lookup)
WARNING: Keyword 'lookup_table' ignored in calculation 'job_89_2OBF_08_a', it belongs to other interface (lookup)
WARNING: Keyword 'lookup_table' ignored in calculation 'job_89_2OBF_08_b', it belongs to other interface (lookup)
WARNING: Keyword 'lookup_table' ignored in calculation 'job_90_2OBF_09_ab', it belongs to other interface (lookup)
WARNING: Keyword 'lookup_table' ignored in calculation 'job_90_2OBF_09_a', it belongs to other interface (lookup)
WARNING: Keyword 'lookup_table' ignored in calculation 'job_90_2OBF_09_b', it belongs to other interface (lookup)
WARNING: Keyword 'lookup_table' ignored in calculation 'job_91_2OBF_10_ab', it belongs to other interface (lookup)
WARNING: Keyword 'lookup_table' ignored in calculation 'job_91_2OBF_10_a', it belongs to other interface (lookup)
WARNING: Keyword 'lookup_table' ignored in calculation 'job_91_2OBF_10_b', it belongs to other interface (lookup)
WARNING: Keyword 'lookup_table' ignored in calculation 'job_92_2OBF_11_ab', it belongs to other interface (lookup)
WARNING: Keyword 'lookup_table' ignored in calculation 'job_92_2OBF_11_a', it belongs to other interface (lookup)
WARNING: Keyword 'lookup_table' ignored in calculation 'job_92_2OBF_11_b', it belongs to other interface (lookup)
WARNING: Keyword 'lookup_table' ignored in calculation 'job_93_2OBF_12_ab', it belongs to other interface (lookup)
WARNING: Keyword 'lookup_table' ignored in calculation 'job_93_2OBF_12_a', it belongs to other interface (lookup)
WARNING: Keyword 'lookup_table' ignored in calculation 'job_93_2OBF_12_b', it belongs to other interface (lookup)
WARNING: Keyword 'lookup_table' ignored in calculation 'job_94_2OBF_13_ab', it belongs to other interface (lookup)
WARNING: Keyword 'lookup_table' ignored in calculation 'job_94_2OBF_13_a', it belongs to other interface (lookup)
WARNING: Keyword 'lookup_table' ignored in calculation 'job_94_2OBF_13_b', it belongs to other interface (lookup)
WARNING: Keyword 'lookup_table' ignored in calculation 'job_95_2OBF_14_ab', it belongs to other interface (lookup)
WARNING: Keyword 'lookup_table' ignored in calculation 'job_95_2OBF_14_a', it belongs to other interface (lookup)
WARNING: Keyword 'lookup_table' ignored in calculation 'job_95_2OBF_14_b', it belongs to other interface (lookup)
WARNING: Keyword 'lookup_table' ignored in calculation 'job_96_2OBF_15_ab', it belongs to other interface (lookup)
WARNING: Keyword 'lookup_table' ignored in calculation 'job_96_2OBF_15_a', it belongs to other interface (lookup)
WARNING: Keyword 'lookup_table' ignored in calculation 'job_96_2OBF_15_b', it belongs to other interface (lookup)
WARNING: Keyword 'lookup_table' ignored in calculation 'job_97_2OBF_16_ab', it belongs to other interface (lookup)
WARNING: Keyword 'lookup_table' ignored in calculation 'job_97_2OBF_16_a', it belongs to other interface (lookup)
WARNING: Keyword 'lookup_table' ignored in calculation 'job_97_2OBF_16_b', it belongs to other interface (lookup)
WARNING: Keyword 'lookup_table' ignored in calculation 'job_98_2OBF_17_ab', it belongs to other interface (lookup)
WARNING: Keyword 'lookup_table' ignored in calculation 'job_98_2OBF_17_a', it belongs to other interface (lookup)
WARNING: Keyword 'lookup_table' ignored in calculation 'job_98_2OBF_17_b', it belongs to other interface (lookup)
WARNING: Keyword 'lookup_table' ignored in calculation 'job_99_2OBF_18_ab', it belongs to other interface (lookup)
WARNING: Keyword 'lookup_table' ignored in calculation 'job_99_2OBF_18_a', it belongs to other interface (lookup)
WARNING: Keyword 'lookup_table' ignored in calculation 'job_99_2OBF_18_b', it belongs to other interface (lookup)
WARNING: Keyword 'lookup_table' ignored in calculation 'job_100_2OBF_19_ab', it belongs to other interface (lookup)
WARNING: Keyword 'lookup_table' ignored in calculation 'job_100_2OBF_19_a', it belongs to other interface (lookup)
WARNING: Keyword 'lookup_table' ignored in calculation 'job_100_2OBF_19_b', it belongs to other interface (lookup)
WARNING: Keyword 'lookup_table' ignored in calculation 'job_101_2OBF_20_ab', it belongs to other interface (lookup)
WARNING: Keyword 'lookup_table' ignored in calculation 'job_101_2OBF_20_a', it belongs to other interface (lookup)
WARNING: Keyword 'lookup_table' ignored in calculation 'job_101_2OBF_20_b', it belongs to other interface (lookup)
WARNING: Keyword 'lookup_table' ignored in calculation 'job_102_2OBF_21_ab', it belongs to other interface (lookup)
WARNING: Keyword 'lookup_table' ignored in calculation 'job_102_2OBF_21_a', it belongs to other interface (lookup)
WARNING: Keyword 'lookup_table' ignored in calculation 'job_102_2OBF_21_b', it belongs to other interface (lookup)
WARNING: Keyword 'lookup_table' ignored in calculation 'job_103_2OBF_22_ab', it belongs to other interface (lookup)
WARNING: Keyword 'lookup_table' ignored in calculation 'job_103_2OBF_22_a', it belongs to other interface (lookup)
WARNING: Keyword 'lookup_table' ignored in calculation 'job_103_2OBF_22_b', it belongs to other interface (lookup)
WARNING: Keyword 'lookup_table' ignored in calculation 'job_104_2OBF_23_ab', it belongs to other interface (lookup)
WARNING: Keyword 'lookup_table' ignored in calculation 'job_104_2OBF_23_a', it belongs to other interface (lookup)
WARNING: Keyword 'lookup_table' ignored in calculation 'job_104_2OBF_23_b', it belongs to other interface (lookup)
WARNING: Keyword 'lookup_table' ignored in calculation 'job_105_2OBF_24_ab', it belongs to other interface (lookup)
WARNING: Keyword 'lookup_table' ignored in calculation 'job_105_2OBF_24_a', it belongs to other interface (lookup)
WARNING: Keyword 'lookup_table' ignored in calculation 'job_105_2OBF_24_b', it belongs to other interface (lookup)
WARNING: Keyword 'lookup_table' ignored in calculation 'job_106_2OBF_25_ab', it belongs to other interface (lookup)
WARNING: Keyword 'lookup_table' ignored in calculation 'job_106_2OBF_25_a', it belongs to other interface (lookup)
WARNING: Keyword 'lookup_table' ignored in calculation 'job_106_2OBF_25_b', it belongs to other interface (lookup)
WARNING: Keyword 'lookup_table' ignored in calculation 'job_107_2OBF_26_ab', it belongs to other interface (lookup)
WARNING: Keyword 'lookup_table' ignored in calculation 'job_107_2OBF_26_a', it belongs to other interface (lookup)
WARNING: Keyword 'lookup_table' ignored in calculation 'job_107_2OBF_26_b', it belongs to other interface (lookup)
WARNING: Keyword 'lookup_table' ignored in calculation 'job_108_2OBF_27_ab', it belongs to other interface (lookup)
WARNING: Keyword 'lookup_table' ignored in calculation 'job_108_2OBF_27_a', it belongs to other interface (lookup)
WARNING: Keyword 'lookup_table' ignored in calculation 'job_108_2OBF_27_b', it belongs to other interface (lookup)
WARNING: Keyword 'lookup_table' ignored in calculation 'job_109_2OBF_28_ab', it belongs to other interface (lookup)
WARNING: Keyword 'lookup_table' ignored in calculation 'job_109_2OBF_28_a', it belongs to other interface (lookup)
WARNING: Keyword 'lookup_table' ignored in calculation 'job_109_2OBF_28_b', it belongs to other interface (lookup)
WARNING: Keyword 'lookup_table' ignored in calculation 'job_110_2OBF_29_ab', it belongs to other interface (lookup)
WARNING: Keyword 'lookup_table' ignored in calculation 'job_110_2OBF_29_a', it belongs to other interface (lookup)
WARNING: Keyword 'lookup_table' ignored in calculation 'job_110_2OBF_29_b', it belongs to other interface (lookup)
WARNING: Keyword 'lookup_table' ignored in calculation 'job_111_2OBF_30_ab', it belongs to other interface (lookup)
WARNING: Keyword 'lookup_table' ignored in calculation 'job_111_2OBF_30_a', it belongs to other interface (lookup)
WARNING: Keyword 'lookup_table' ignored in calculation 'job_111_2OBF_30_b', it belongs to other interface (lookup)
WARNING: Keyword 'lookup_table' ignored in calculation 'job_112_2OBF_31_ab', it belongs to other interface (lookup)
WARNING: Keyword 'lookup_table' ignored in calculation 'job_112_2OBF_31_a', it belongs to other interface (lookup)
WARNING: Keyword 'lookup_table' ignored in calculation 'job_112_2OBF_31_b', it belongs to other interface (lookup)
WARNING: Keyword 'lookup_table' ignored in calculation 'job_113_2OBF_32_ab', it belongs to other interface (lookup)
WARNING: Keyword 'lookup_table' ignored in calculation 'job_113_2OBF_32_a', it belongs to other interface (lookup)
WARNING: Keyword 'lookup_table' ignored in calculation 'job_113_2OBF_32_b', it belongs to other interface (lookup)
WARNING: Keyword 'lookup_table' ignored in calculation 'job_114_2OBF_33_ab', it belongs to other interface (lookup)
WARNING: Keyword 'lookup_table' ignored in calculation 'job_114_2OBF_33_a', it belongs to other interface (lookup)
WARNING: Keyword 'lookup_table' ignored in calculation 'job_114_2OBF_33_b', it belongs to other interface (lookup)
WARNING: Keyword 'lookup_table' ignored in calculation 'job_115_2P4Y_01_ab', it belongs to other interface (lookup)
WARNING: Keyword 'lookup_table' ignored in calculation 'job_115_2P4Y_01_a', it belongs to other interface (lookup)
WARNING: Keyword 'lookup_table' ignored in calculation 'job_115_2P4Y_01_b', it belongs to other interface (lookup)
WARNING: Keyword 'lookup_table' ignored in calculation 'job_116_2P4Y_02_ab', it belongs to other interface (lookup)
WARNING: Keyword 'lookup_table' ignored in calculation 'job_116_2P4Y_02_a', it belongs to other interface (lookup)
WARNING: Keyword 'lookup_table' ignored in calculation 'job_116_2P4Y_02_b', it belongs to other interface (lookup)
WARNING: Keyword 'lookup_table' ignored in calculation 'job_117_2P4Y_03_ab', it belongs to other interface (lookup)
WARNING: Keyword 'lookup_table' ignored in calculation 'job_117_2P4Y_03_a', it belongs to other interface (lookup)
WARNING: Keyword 'lookup_table' ignored in calculation 'job_117_2P4Y_03_b', it belongs to other interface (lookup)
WARNING: Keyword 'lookup_table' ignored in calculation 'job_118_2P4Y_04_ab', it belongs to other interface (lookup)
WARNING: Keyword 'lookup_table' ignored in calculation 'job_118_2P4Y_04_a', it belongs to other interface (lookup)
WARNING: Keyword 'lookup_table' ignored in calculation 'job_118_2P4Y_04_b', it belongs to other interface (lookup)
WARNING: Keyword 'lookup_table' ignored in calculation 'job_119_2P4Y_05_ab', it belongs to other interface (lookup)
WARNING: Keyword 'lookup_table' ignored in calculation 'job_119_2P4Y_05_a', it belongs to other interface (lookup)
WARNING: Keyword 'lookup_table' ignored in calculation 'job_119_2P4Y_05_b', it belongs to other interface (lookup)
WARNING: Keyword 'lookup_table' ignored in calculation 'job_120_2P4Y_06_ab', it belongs to other interface (lookup)
WARNING: Keyword 'lookup_table' ignored in calculation 'job_120_2P4Y_06_a', it belongs to other interface (lookup)
WARNING: Keyword 'lookup_table' ignored in calculation 'job_120_2P4Y_06_b', it belongs to other interface (lookup)
WARNING: Keyword 'lookup_table' ignored in calculation 'job_121_2P4Y_07_ab', it belongs to other interface (lookup)
WARNING: Keyword 'lookup_table' ignored in calculation 'job_121_2P4Y_07_a', it belongs to other interface (lookup)
WARNING: Keyword 'lookup_table' ignored in calculation 'job_121_2P4Y_07_b', it belongs to other interface (lookup)
WARNING: Keyword 'lookup_table' ignored in calculation 'job_122_2P4Y_08_ab', it belongs to other interface (lookup)
WARNING: Keyword 'lookup_table' ignored in calculation 'job_122_2P4Y_08_a', it belongs to other interface (lookup)
WARNING: Keyword 'lookup_table' ignored in calculation 'job_122_2P4Y_08_b', it belongs to other interface (lookup)
WARNING: Keyword 'lookup_table' ignored in calculation 'job_123_2P4Y_09_ab', it belongs to other interface (lookup)
WARNING: Keyword 'lookup_table' ignored in calculation 'job_123_2P4Y_09_a', it belongs to other interface (lookup)
WARNING: Keyword 'lookup_table' ignored in calculation 'job_123_2P4Y_09_b', it belongs to other interface (lookup)
WARNING: Keyword 'lookup_table' ignored in calculation 'job_124_2P4Y_10_ab', it belongs to other interface (lookup)
WARNING: Keyword 'lookup_table' ignored in calculation 'job_124_2P4Y_10_a', it belongs to other interface (lookup)
WARNING: Keyword 'lookup_table' ignored in calculation 'job_124_2P4Y_10_b', it belongs to other interface (lookup)
WARNING: Keyword 'lookup_table' ignored in calculation 'job_125_2P4Y_11_ab', it belongs to other interface (lookup)
WARNING: Keyword 'lookup_table' ignored in calculation 'job_125_2P4Y_11_a', it belongs to other interface (lookup)
WARNING: Keyword 'lookup_table' ignored in calculation 'job_125_2P4Y_11_b', it belongs to other interface (lookup)
WARNING: Keyword 'lookup_table' ignored in calculation 'job_126_2P4Y_12_ab', it belongs to other interface (lookup)
WARNING: Keyword 'lookup_table' ignored in calculation 'job_126_2P4Y_12_a', it belongs to other interface (lookup)
WARNING: Keyword 'lookup_table' ignored in calculation 'job_126_2P4Y_12_b', it belongs to other interface (lookup)
WARNING: Keyword 'lookup_table' ignored in calculation 'job_127_2P4Y_13_ab', it belongs to other interface (lookup)
WARNING: Keyword 'lookup_table' ignored in calculation 'job_127_2P4Y_13_a', it belongs to other interface (lookup)
WARNING: Keyword 'lookup_table' ignored in calculation 'job_127_2P4Y_13_b', it belongs to other interface (lookup)
WARNING: Keyword 'lookup_table' ignored in calculation 'job_128_2P4Y_14_ab', it belongs to other interface (lookup)
WARNING: Keyword 'lookup_table' ignored in calculation 'job_128_2P4Y_14_a', it belongs to other interface (lookup)
WARNING: Keyword 'lookup_table' ignored in calculation 'job_128_2P4Y_14_b', it belongs to other interface (lookup)
WARNING: Keyword 'lookup_table' ignored in calculation 'job_129_2P4Y_15_ab', it belongs to other interface (lookup)
WARNING: Keyword 'lookup_table' ignored in calculation 'job_129_2P4Y_15_a', it belongs to other interface (lookup)
WARNING: Keyword 'lookup_table' ignored in calculation 'job_129_2P4Y_15_b', it belongs to other interface (lookup)
WARNING: Keyword 'lookup_table' ignored in calculation 'job_130_2P4Y_16_ab', it belongs to other interface (lookup)
WARNING: Keyword 'lookup_table' ignored in calculation 'job_130_2P4Y_16_a', it belongs to other interface (lookup)
WARNING: Keyword 'lookup_table' ignored in calculation 'job_130_2P4Y_16_b', it belongs to other interface (lookup)
WARNING: Keyword 'lookup_table' ignored in calculation 'job_131_2P4Y_17_ab', it belongs to other interface (lookup)
WARNING: Keyword 'lookup_table' ignored in calculation 'job_131_2P4Y_17_a', it belongs to other interface (lookup)
WARNING: Keyword 'lookup_table' ignored in calculation 'job_131_2P4Y_17_b', it belongs to other interface (lookup)
WARNING: Keyword 'lookup_table' ignored in calculation 'job_132_2P4Y_18_ab', it belongs to other interface (lookup)
WARNING: Keyword 'lookup_table' ignored in calculation 'job_132_2P4Y_18_a', it belongs to other interface (lookup)
WARNING: Keyword 'lookup_table' ignored in calculation 'job_132_2P4Y_18_b', it belongs to other interface (lookup)
WARNING: Keyword 'lookup_table' ignored in calculation 'job_133_2P4Y_19_ab', it belongs to other interface (lookup)
WARNING: Keyword 'lookup_table' ignored in calculation 'job_133_2P4Y_19_a', it belongs to other interface (lookup)
WARNING: Keyword 'lookup_table' ignored in calculation 'job_133_2P4Y_19_b', it belongs to other interface (lookup)
WARNING: Keyword 'lookup_table' ignored in calculation 'job_134_2P4Y_20_ab', it belongs to other interface (lookup)
WARNING: Keyword 'lookup_table' ignored in calculation 'job_134_2P4Y_20_a', it belongs to other interface (lookup)
WARNING: Keyword 'lookup_table' ignored in calculation 'job_134_2P4Y_20_b', it belongs to other interface (lookup)
WARNING: Keyword 'lookup_table' ignored in calculation 'job_135_2P4Y_21_ab', it belongs to other interface (lookup)
WARNING: Keyword 'lookup_table' ignored in calculation 'job_135_2P4Y_21_a', it belongs to other interface (lookup)
WARNING: Keyword 'lookup_table' ignored in calculation 'job_135_2P4Y_21_b', it belongs to other interface (lookup)
WARNING: Keyword 'lookup_table' ignored in calculation 'job_136_2P4Y_22_ab', it belongs to other interface (lookup)
WARNING: Keyword 'lookup_table' ignored in calculation 'job_136_2P4Y_22_a', it belongs to other interface (lookup)
WARNING: Keyword 'lookup_table' ignored in calculation 'job_136_2P4Y_22_b', it belongs to other interface (lookup)
WARNING: Keyword 'lookup_table' ignored in calculation 'job_137_2P4Y_23_ab', it belongs to other interface (lookup)
WARNING: Keyword 'lookup_table' ignored in calculation 'job_137_2P4Y_23_a', it belongs to other interface (lookup)
WARNING: Keyword 'lookup_table' ignored in calculation 'job_137_2P4Y_23_b', it belongs to other interface (lookup)
WARNING: Keyword 'lookup_table' ignored in calculation 'job_138_2P4Y_24_ab', it belongs to other interface (lookup)
WARNING: Keyword 'lookup_table' ignored in calculation 'job_138_2P4Y_24_a', it belongs to other interface (lookup)
WARNING: Keyword 'lookup_table' ignored in calculation 'job_138_2P4Y_24_b', it belongs to other interface (lookup)
WARNING: Keyword 'lookup_table' ignored in calculation 'job_139_2P4Y_25_ab', it belongs to other interface (lookup)
WARNING: Keyword 'lookup_table' ignored in calculation 'job_139_2P4Y_25_a', it belongs to other interface (lookup)
WARNING: Keyword 'lookup_table' ignored in calculation 'job_139_2P4Y_25_b', it belongs to other interface (lookup)
WARNING: Keyword 'lookup_table' ignored in calculation 'job_140_2P4Y_26_ab', it belongs to other interface (lookup)
WARNING: Keyword 'lookup_table' ignored in calculation 'job_140_2P4Y_26_a', it belongs to other interface (lookup)
WARNING: Keyword 'lookup_table' ignored in calculation 'job_140_2P4Y_26_b', it belongs to other interface (lookup)
WARNING: Keyword 'lookup_table' ignored in calculation 'job_141_2P4Y_27_ab', it belongs to other interface (lookup)
WARNING: Keyword 'lookup_table' ignored in calculation 'job_141_2P4Y_27_a', it belongs to other interface (lookup)
WARNING: Keyword 'lookup_table' ignored in calculation 'job_141_2P4Y_27_b', it belongs to other interface (lookup)
WARNING: Keyword 'lookup_table' ignored in calculation 'job_142_2P4Y_28_ab', it belongs to other interface (lookup)
WARNING: Keyword 'lookup_table' ignored in calculation 'job_142_2P4Y_28_a', it belongs to other interface (lookup)
WARNING: Keyword 'lookup_table' ignored in calculation 'job_142_2P4Y_28_b', it belongs to other interface (lookup)
WARNING: Keyword 'lookup_table' ignored in calculation 'job_143_2P4Y_29_ab', it belongs to other interface (lookup)
WARNING: Keyword 'lookup_table' ignored in calculation 'job_143_2P4Y_29_a', it belongs to other interface (lookup)
WARNING: Keyword 'lookup_table' ignored in calculation 'job_143_2P4Y_29_b', it belongs to other interface (lookup)
WARNING: Keyword 'lookup_table' ignored in calculation 'job_144_2P4Y_30_ab', it belongs to other interface (lookup)
WARNING: Keyword 'lookup_table' ignored in calculation 'job_144_2P4Y_30_a', it belongs to other interface (lookup)
WARNING: Keyword 'lookup_table' ignored in calculation 'job_144_2P4Y_30_b', it belongs to other interface (lookup)
WARNING: Keyword 'lookup_table' ignored in calculation 'job_145_2P4Y_31_ab', it belongs to other interface (lookup)
WARNING: Keyword 'lookup_table' ignored in calculation 'job_145_2P4Y_31_a', it belongs to other interface (lookup)
WARNING: Keyword 'lookup_table' ignored in calculation 'job_145_2P4Y_31_b', it belongs to other interface (lookup)
WARNING: Keyword 'lookup_table' ignored in calculation 'job_146_2P4Y_32_ab', it belongs to other interface (lookup)
WARNING: Keyword 'lookup_table' ignored in calculation 'job_146_2P4Y_32_a', it belongs to other interface (lookup)
WARNING: Keyword 'lookup_table' ignored in calculation 'job_146_2P4Y_32_b', it belongs to other interface (lookup)
WARNING: Keyword 'lookup_table' ignored in calculation 'job_147_2P4Y_33_ab', it belongs to other interface (lookup)
WARNING: Keyword 'lookup_table' ignored in calculation 'job_147_2P4Y_33_a', it belongs to other interface (lookup)
WARNING: Keyword 'lookup_table' ignored in calculation 'job_147_2P4Y_33_b', it belongs to other interface (lookup)
WARNING: Keyword 'lookup_table' ignored in calculation 'job_148_2P4Y_34_ab', it belongs to other interface (lookup)
WARNING: Keyword 'lookup_table' ignored in calculation 'job_148_2P4Y_34_a', it belongs to other interface (lookup)
WARNING: Keyword 'lookup_table' ignored in calculation 'job_148_2P4Y_34_b', it belongs to other interface (lookup)
WARNING: Keyword 'lookup_table' ignored in calculation 'job_149_2P4Y_35_ab', it belongs to other interface (lookup)
WARNING: Keyword 'lookup_table' ignored in calculation 'job_149_2P4Y_35_a', it belongs to other interface (lookup)
WARNING: Keyword 'lookup_table' ignored in calculation 'job_149_2P4Y_35_b', it belongs to other interface (lookup)
WARNING: Keyword 'lookup_table' ignored in calculation 'job_150_2P4Y_36_ab', it belongs to other interface (lookup)
WARNING: Keyword 'lookup_table' ignored in calculation 'job_150_2P4Y_36_a', it belongs to other interface (lookup)
WARNING: Keyword 'lookup_table' ignored in calculation 'job_150_2P4Y_36_b', it belongs to other interface (lookup)
WARNING: Keyword 'lookup_table' ignored in calculation 'job_151_2P4Y_37_ab', it belongs to other interface (lookup)
WARNING: Keyword 'lookup_table' ignored in calculation 'job_151_2P4Y_37_a', it belongs to other interface (lookup)
WARNING: Keyword 'lookup_table' ignored in calculation 'job_151_2P4Y_37_b', it belongs to other interface (lookup)
WARNING: Keyword 'lookup_table' ignored in calculation 'job_152_2P4Y_38_ab', it belongs to other interface (lookup)
WARNING: Keyword 'lookup_table' ignored in calculation 'job_152_2P4Y_38_a', it belongs to other interface (lookup)
WARNING: Keyword 'lookup_table' ignored in calculation 'job_152_2P4Y_38_b', it belongs to other interface (lookup)
WARNING: Keyword 'lookup_table' ignored in calculation 'job_153_2P4Y_39_ab', it belongs to other interface (lookup)
WARNING: Keyword 'lookup_table' ignored in calculation 'job_153_2P4Y_39_a', it belongs to other interface (lookup)
WARNING: Keyword 'lookup_table' ignored in calculation 'job_153_2P4Y_39_b', it belongs to other interface (lookup)
WARNING: Keyword 'lookup_table' ignored in calculation 'job_154_2VOT_01_ab', it belongs to other interface (lookup)
WARNING: Keyword 'lookup_table' ignored in calculation 'job_154_2VOT_01_a', it belongs to other interface (lookup)
WARNING: Keyword 'lookup_table' ignored in calculation 'job_154_2VOT_01_b', it belongs to other interface (lookup)
WARNING: Keyword 'lookup_table' ignored in calculation 'job_155_2VOT_02_ab', it belongs to other interface (lookup)
WARNING: Keyword 'lookup_table' ignored in calculation 'job_155_2VOT_02_a', it belongs to other interface (lookup)
WARNING: Keyword 'lookup_table' ignored in calculation 'job_155_2VOT_02_b', it belongs to other interface (lookup)
WARNING: Keyword 'lookup_table' ignored in calculation 'job_156_2VOT_03_ab', it belongs to other interface (lookup)
WARNING: Keyword 'lookup_table' ignored in calculation 'job_156_2VOT_03_a', it belongs to other interface (lookup)
WARNING: Keyword 'lookup_table' ignored in calculation 'job_156_2VOT_03_b', it belongs to other interface (lookup)
WARNING: Keyword 'lookup_table' ignored in calculation 'job_157_2VOT_04_ab', it belongs to other interface (lookup)
WARNING: Keyword 'lookup_table' ignored in calculation 'job_157_2VOT_04_a', it belongs to other interface (lookup)
WARNING: Keyword 'lookup_table' ignored in calculation 'job_157_2VOT_04_b', it belongs to other interface (lookup)
WARNING: Keyword 'lookup_table' ignored in calculation 'job_158_2VOT_05_ab', it belongs to other interface (lookup)
WARNING: Keyword 'lookup_table' ignored in calculation 'job_158_2VOT_05_a', it belongs to other interface (lookup)
WARNING: Keyword 'lookup_table' ignored in calculation 'job_158_2VOT_05_b', it belongs to other interface (lookup)
WARNING: Keyword 'lookup_table' ignored in calculation 'job_159_2VOT_06_ab', it belongs to other interface (lookup)
WARNING: Keyword 'lookup_table' ignored in calculation 'job_159_2VOT_06_a', it belongs to other interface (lookup)
WARNING: Keyword 'lookup_table' ignored in calculation 'job_159_2VOT_06_b', it belongs to other interface (lookup)
WARNING: Keyword 'lookup_table' ignored in calculation 'job_160_2VOT_07_ab', it belongs to other interface (lookup)
WARNING: Keyword 'lookup_table' ignored in calculation 'job_160_2VOT_07_a', it belongs to other interface (lookup)
WARNING: Keyword 'lookup_table' ignored in calculation 'job_160_2VOT_07_b', it belongs to other interface (lookup)
WARNING: Keyword 'lookup_table' ignored in calculation 'job_161_2VOT_08_ab', it belongs to other interface (lookup)
WARNING: Keyword 'lookup_table' ignored in calculation 'job_161_2VOT_08_a', it belongs to other interface (lookup)
WARNING: Keyword 'lookup_table' ignored in calculation 'job_161_2VOT_08_b', it belongs to other interface (lookup)
WARNING: Keyword 'lookup_table' ignored in calculation 'job_162_2VOT_09_ab', it belongs to other interface (lookup)
WARNING: Keyword 'lookup_table' ignored in calculation 'job_162_2VOT_09_a', it belongs to other interface (lookup)
WARNING: Keyword 'lookup_table' ignored in calculation 'job_162_2VOT_09_b', it belongs to other interface (lookup)
WARNING: Keyword 'lookup_table' ignored in calculation 'job_163_2VOT_10_ab', it belongs to other interface (lookup)
WARNING: Keyword 'lookup_table' ignored in calculation 'job_163_2VOT_10_a', it belongs to other interface (lookup)
WARNING: Keyword 'lookup_table' ignored in calculation 'job_163_2VOT_10_b', it belongs to other interface (lookup)
WARNING: Keyword 'lookup_table' ignored in calculation 'job_164_2VOT_11_ab', it belongs to other interface (lookup)
WARNING: Keyword 'lookup_table' ignored in calculation 'job_164_2VOT_11_a', it belongs to other interface (lookup)
WARNING: Keyword 'lookup_table' ignored in calculation 'job_164_2VOT_11_b', it belongs to other interface (lookup)
WARNING: Keyword 'lookup_table' ignored in calculation 'job_165_2VOT_12_ab', it belongs to other interface (lookup)
WARNING: Keyword 'lookup_table' ignored in calculation 'job_165_2VOT_12_a', it belongs to other interface (lookup)
WARNING: Keyword 'lookup_table' ignored in calculation 'job_165_2VOT_12_b', it belongs to other interface (lookup)
WARNING: Keyword 'lookup_table' ignored in calculation 'job_166_2VOT_13_ab', it belongs to other interface (lookup)
WARNING: Keyword 'lookup_table' ignored in calculation 'job_166_2VOT_13_a', it belongs to other interface (lookup)
WARNING: Keyword 'lookup_table' ignored in calculation 'job_166_2VOT_13_b', it belongs to other interface (lookup)
WARNING: Keyword 'lookup_table' ignored in calculation 'job_167_2VOT_14_ab', it belongs to other interface (lookup)
WARNING: Keyword 'lookup_table' ignored in calculation 'job_167_2VOT_14_a', it belongs to other interface (lookup)
WARNING: Keyword 'lookup_table' ignored in calculation 'job_167_2VOT_14_b', it belongs to other interface (lookup)
WARNING: Keyword 'lookup_table' ignored in calculation 'job_168_2VOT_15_ab', it belongs to other interface (lookup)
WARNING: Keyword 'lookup_table' ignored in calculation 'job_168_2VOT_15_a', it belongs to other interface (lookup)
WARNING: Keyword 'lookup_table' ignored in calculation 'job_168_2VOT_15_b', it belongs to other interface (lookup)
WARNING: Keyword 'lookup_table' ignored in calculation 'job_169_2VOT_16_ab', it belongs to other interface (lookup)
WARNING: Keyword 'lookup_table' ignored in calculation 'job_169_2VOT_16_a', it belongs to other interface (lookup)
WARNING: Keyword 'lookup_table' ignored in calculation 'job_169_2VOT_16_b', it belongs to other interface (lookup)
WARNING: Keyword 'lookup_table' ignored in calculation 'job_170_2VOT_17_ab', it belongs to other interface (lookup)
WARNING: Keyword 'lookup_table' ignored in calculation 'job_170_2VOT_17_a', it belongs to other interface (lookup)
WARNING: Keyword 'lookup_table' ignored in calculation 'job_170_2VOT_17_b', it belongs to other interface (lookup)
WARNING: Keyword 'lookup_table' ignored in calculation 'job_171_2VOT_18_ab', it belongs to other interface (lookup)
WARNING: Keyword 'lookup_table' ignored in calculation 'job_171_2VOT_18_a', it belongs to other interface (lookup)
WARNING: Keyword 'lookup_table' ignored in calculation 'job_171_2VOT_18_b', it belongs to other interface (lookup)
WARNING: Keyword 'lookup_table' ignored in calculation 'job_172_2VOT_19_ab', it belongs to other interface (lookup)
WARNING: Keyword 'lookup_table' ignored in calculation 'job_172_2VOT_19_a', it belongs to other interface (lookup)
WARNING: Keyword 'lookup_table' ignored in calculation 'job_172_2VOT_19_b', it belongs to other interface (lookup)
WARNING: Keyword 'lookup_table' ignored in calculation 'job_173_2VOT_20_ab', it belongs to other interface (lookup)
WARNING: Keyword 'lookup_table' ignored in calculation 'job_173_2VOT_20_a', it belongs to other interface (lookup)
WARNING: Keyword 'lookup_table' ignored in calculation 'job_173_2VOT_20_b', it belongs to other interface (lookup)
WARNING: Keyword 'lookup_table' ignored in calculation 'job_174_2VOT_21_ab', it belongs to other interface (lookup)
WARNING: Keyword 'lookup_table' ignored in calculation 'job_174_2VOT_21_a', it belongs to other interface (lookup)
WARNING: Keyword 'lookup_table' ignored in calculation 'job_174_2VOT_21_b', it belongs to other interface (lookup)
WARNING: Keyword 'lookup_table' ignored in calculation 'job_175_2VOT_22_ab', it belongs to other interface (lookup)
WARNING: Keyword 'lookup_table' ignored in calculation 'job_175_2VOT_22_a', it belongs to other interface (lookup)
WARNING: Keyword 'lookup_table' ignored in calculation 'job_175_2VOT_22_b', it belongs to other interface (lookup)
WARNING: Keyword 'lookup_table' ignored in calculation 'job_176_2VW5_01_ab', it belongs to other interface (lookup)
WARNING: Keyword 'lookup_table' ignored in calculation 'job_176_2VW5_01_a', it belongs to other interface (lookup)
WARNING: Keyword 'lookup_table' ignored in calculation 'job_176_2VW5_01_b', it belongs to other interface (lookup)
WARNING: Keyword 'lookup_table' ignored in calculation 'job_177_2VW5_02_ab', it belongs to other interface (lookup)
WARNING: Keyword 'lookup_table' ignored in calculation 'job_177_2VW5_02_a', it belongs to other interface (lookup)
WARNING: Keyword 'lookup_table' ignored in calculation 'job_177_2VW5_02_b', it belongs to other interface (lookup)
WARNING: Keyword 'lookup_table' ignored in calculation 'job_178_2VW5_03_ab', it belongs to other interface (lookup)
WARNING: Keyword 'lookup_table' ignored in calculation 'job_178_2VW5_03_a', it belongs to other interface (lookup)
WARNING: Keyword 'lookup_table' ignored in calculation 'job_178_2VW5_03_b', it belongs to other interface (lookup)
WARNING: Keyword 'lookup_table' ignored in calculation 'job_179_2VW5_04_ab', it belongs to other interface (lookup)
WARNING: Keyword 'lookup_table' ignored in calculation 'job_179_2VW5_04_a', it belongs to other interface (lookup)
WARNING: Keyword 'lookup_table' ignored in calculation 'job_179_2VW5_04_b', it belongs to other interface (lookup)
WARNING: Keyword 'lookup_table' ignored in calculation 'job_180_2VW5_05_ab', it belongs to other interface (lookup)
WARNING: Keyword 'lookup_table' ignored in calculation 'job_180_2VW5_05_a', it belongs to other interface (lookup)
WARNING: Keyword 'lookup_table' ignored in calculation 'job_180_2VW5_05_b', it belongs to other interface (lookup)
WARNING: Keyword 'lookup_table' ignored in calculation 'job_181_2VW5_06_ab', it belongs to other interface (lookup)
WARNING: Keyword 'lookup_table' ignored in calculation 'job_181_2VW5_06_a', it belongs to other interface (lookup)
WARNING: Keyword 'lookup_table' ignored in calculation 'job_181_2VW5_06_b', it belongs to other interface (lookup)
WARNING: Keyword 'lookup_table' ignored in calculation 'job_182_2VW5_07_ab', it belongs to other interface (lookup)
WARNING: Keyword 'lookup_table' ignored in calculation 'job_182_2VW5_07_a', it belongs to other interface (lookup)
WARNING: Keyword 'lookup_table' ignored in calculation 'job_182_2VW5_07_b', it belongs to other interface (lookup)
WARNING: Keyword 'lookup_table' ignored in calculation 'job_183_2VW5_08_ab', it belongs to other interface (lookup)
WARNING: Keyword 'lookup_table' ignored in calculation 'job_183_2VW5_08_a', it belongs to other interface (lookup)
WARNING: Keyword 'lookup_table' ignored in calculation 'job_183_2VW5_08_b', it belongs to other interface (lookup)
WARNING: Keyword 'lookup_table' ignored in calculation 'job_184_2VW5_09_ab', it belongs to other interface (lookup)
WARNING: Keyword 'lookup_table' ignored in calculation 'job_184_2VW5_09_a', it belongs to other interface (lookup)
WARNING: Keyword 'lookup_table' ignored in calculation 'job_184_2VW5_09_b', it belongs to other interface (lookup)
WARNING: Keyword 'lookup_table' ignored in calculation 'job_185_2VW5_10_ab', it belongs to other interface (lookup)
WARNING: Keyword 'lookup_table' ignored in calculation 'job_185_2VW5_10_a', it belongs to other interface (lookup)
WARNING: Keyword 'lookup_table' ignored in calculation 'job_185_2VW5_10_b', it belongs to other interface (lookup)
WARNING: Keyword 'lookup_table' ignored in calculation 'job_186_2VW5_11_ab', it belongs to other interface (lookup)
WARNING: Keyword 'lookup_table' ignored in calculation 'job_186_2VW5_11_a', it belongs to other interface (lookup)
WARNING: Keyword 'lookup_table' ignored in calculation 'job_186_2VW5_11_b', it belongs to other interface (lookup)
WARNING: Keyword 'lookup_table' ignored in calculation 'job_187_2VW5_12_ab', it belongs to other interface (lookup)
WARNING: Keyword 'lookup_table' ignored in calculation 'job_187_2VW5_12_a', it belongs to other interface (lookup)
WARNING: Keyword 'lookup_table' ignored in calculation 'job_187_2VW5_12_b', it belongs to other interface (lookup)
WARNING: Keyword 'lookup_table' ignored in calculation 'job_188_2VW5_13_ab', it belongs to other interface (lookup)
WARNING: Keyword 'lookup_table' ignored in calculation 'job_188_2VW5_13_a', it belongs to other interface (lookup)
WARNING: Keyword 'lookup_table' ignored in calculation 'job_188_2VW5_13_b', it belongs to other interface (lookup)
WARNING: Keyword 'lookup_table' ignored in calculation 'job_189_2VW5_14_ab', it belongs to other interface (lookup)
WARNING: Keyword 'lookup_table' ignored in calculation 'job_189_2VW5_14_a', it belongs to other interface (lookup)
WARNING: Keyword 'lookup_table' ignored in calculation 'job_189_2VW5_14_b', it belongs to other interface (lookup)
WARNING: Keyword 'lookup_table' ignored in calculation 'job_190_2VW5_15_ab', it belongs to other interface (lookup)
WARNING: Keyword 'lookup_table' ignored in calculation 'job_190_2VW5_15_a', it belongs to other interface (lookup)
WARNING: Keyword 'lookup_table' ignored in calculation 'job_190_2VW5_15_b', it belongs to other interface (lookup)
WARNING: Keyword 'lookup_table' ignored in calculation 'job_191_2VW5_16_ab', it belongs to other interface (lookup)
WARNING: Keyword 'lookup_table' ignored in calculation 'job_191_2VW5_16_a', it belongs to other interface (lookup)
WARNING: Keyword 'lookup_table' ignored in calculation 'job_191_2VW5_16_b', it belongs to other interface (lookup)
WARNING: Keyword 'lookup_table' ignored in calculation 'job_192_2VW5_17_ab', it belongs to other interface (lookup)
WARNING: Keyword 'lookup_table' ignored in calculation 'job_192_2VW5_17_a', it belongs to other interface (lookup)
WARNING: Keyword 'lookup_table' ignored in calculation 'job_192_2VW5_17_b', it belongs to other interface (lookup)
WARNING: Keyword 'lookup_table' ignored in calculation 'job_193_2VW5_18_ab', it belongs to other interface (lookup)
WARNING: Keyword 'lookup_table' ignored in calculation 'job_193_2VW5_18_a', it belongs to other interface (lookup)
WARNING: Keyword 'lookup_table' ignored in calculation 'job_193_2VW5_18_b', it belongs to other interface (lookup)
WARNING: Keyword 'lookup_table' ignored in calculation 'job_194_2VW5_19_ab', it belongs to other interface (lookup)
WARNING: Keyword 'lookup_table' ignored in calculation 'job_194_2VW5_19_a', it belongs to other interface (lookup)
WARNING: Keyword 'lookup_table' ignored in calculation 'job_194_2VW5_19_b', it belongs to other interface (lookup)
WARNING: Keyword 'lookup_table' ignored in calculation 'job_195_2VW5_20_ab', it belongs to other interface (lookup)
WARNING: Keyword 'lookup_table' ignored in calculation 'job_195_2VW5_20_a', it belongs to other interface (lookup)
WARNING: Keyword 'lookup_table' ignored in calculation 'job_195_2VW5_20_b', it belongs to other interface (lookup)
WARNING: Keyword 'lookup_table' ignored in calculation 'job_196_2VW5_21_ab', it belongs to other interface (lookup)
WARNING: Keyword 'lookup_table' ignored in calculation 'job_196_2VW5_21_a', it belongs to other interface (lookup)
WARNING: Keyword 'lookup_table' ignored in calculation 'job_196_2VW5_21_b', it belongs to other interface (lookup)
WARNING: Keyword 'lookup_table' ignored in calculation 'job_197_2VW5_22_ab', it belongs to other interface (lookup)
WARNING: Keyword 'lookup_table' ignored in calculation 'job_197_2VW5_22_a', it belongs to other interface (lookup)
WARNING: Keyword 'lookup_table' ignored in calculation 'job_197_2VW5_22_b', it belongs to other interface (lookup)
WARNING: Keyword 'lookup_table' ignored in calculation 'job_198_2VW5_23_ab', it belongs to other interface (lookup)
WARNING: Keyword 'lookup_table' ignored in calculation 'job_198_2VW5_23_a', it belongs to other interface (lookup)
WARNING: Keyword 'lookup_table' ignored in calculation 'job_198_2VW5_23_b', it belongs to other interface (lookup)
WARNING: Keyword 'lookup_table' ignored in calculation 'job_199_2VW5_24_ab', it belongs to other interface (lookup)
WARNING: Keyword 'lookup_table' ignored in calculation 'job_199_2VW5_24_a', it belongs to other interface (lookup)
WARNING: Keyword 'lookup_table' ignored in calculation 'job_199_2VW5_24_b', it belongs to other interface (lookup)
WARNING: Keyword 'lookup_table' ignored in calculation 'job_200_2VW5_25_ab', it belongs to other interface (lookup)
WARNING: Keyword 'lookup_table' ignored in calculation 'job_200_2VW5_25_a', it belongs to other interface (lookup)
WARNING: Keyword 'lookup_table' ignored in calculation 'job_200_2VW5_25_b', it belongs to other interface (lookup)
WARNING: Keyword 'lookup_table' ignored in calculation 'job_201_2VW5_26_ab', it belongs to other interface (lookup)
WARNING: Keyword 'lookup_table' ignored in calculation 'job_201_2VW5_26_a', it belongs to other interface (lookup)
WARNING: Keyword 'lookup_table' ignored in calculation 'job_201_2VW5_26_b', it belongs to other interface (lookup)
WARNING: Keyword 'lookup_table' ignored in calculation 'job_202_2VW5_28_ab', it belongs to other interface (lookup)
WARNING: Keyword 'lookup_table' ignored in calculation 'job_202_2VW5_28_a', it belongs to other interface (lookup)
WARNING: Keyword 'lookup_table' ignored in calculation 'job_202_2VW5_28_b', it belongs to other interface (lookup)
WARNING: Keyword 'lookup_table' ignored in calculation 'job_203_2VW5_29_ab', it belongs to other interface (lookup)
WARNING: Keyword 'lookup_table' ignored in calculation 'job_203_2VW5_29_a', it belongs to other interface (lookup)
WARNING: Keyword 'lookup_table' ignored in calculation 'job_203_2VW5_29_b', it belongs to other interface (lookup)
WARNING: Keyword 'lookup_table' ignored in calculation 'job_204_2VW5_30_ab', it belongs to other interface (lookup)
WARNING: Keyword 'lookup_table' ignored in calculation 'job_204_2VW5_30_a', it belongs to other interface (lookup)
WARNING: Keyword 'lookup_table' ignored in calculation 'job_204_2VW5_30_b', it belongs to other interface (lookup)
WARNING: Keyword 'lookup_table' ignored in calculation 'job_205_2VW5_31_ab', it belongs to other interface (lookup)
WARNING: Keyword 'lookup_table' ignored in calculation 'job_205_2VW5_31_a', it belongs to other interface (lookup)
WARNING: Keyword 'lookup_table' ignored in calculation 'job_205_2VW5_31_b', it belongs to other interface (lookup)
WARNING: Keyword 'lookup_table' ignored in calculation 'job_206_2VW5_32_ab', it belongs to other interface (lookup)
WARNING: Keyword 'lookup_table' ignored in calculation 'job_206_2VW5_32_a', it belongs to other interface (lookup)
WARNING: Keyword 'lookup_table' ignored in calculation 'job_206_2VW5_32_b', it belongs to other interface (lookup)
WARNING: Keyword 'lookup_table' ignored in calculation 'job_207_2VW5_33_ab', it belongs to other interface (lookup)
WARNING: Keyword 'lookup_table' ignored in calculation 'job_207_2VW5_33_a', it belongs to other interface (lookup)
WARNING: Keyword 'lookup_table' ignored in calculation 'job_207_2VW5_33_b', it belongs to other interface (lookup)
WARNING: Keyword 'lookup_table' ignored in calculation 'job_208_2XB8_01_ab', it belongs to other interface (lookup)
WARNING: Keyword 'lookup_table' ignored in calculation 'job_208_2XB8_01_a', it belongs to other interface (lookup)
WARNING: Keyword 'lookup_table' ignored in calculation 'job_208_2XB8_01_b', it belongs to other interface (lookup)
WARNING: Keyword 'lookup_table' ignored in calculation 'job_209_2XB8_02_ab', it belongs to other interface (lookup)
WARNING: Keyword 'lookup_table' ignored in calculation 'job_209_2XB8_02_a', it belongs to other interface (lookup)
WARNING: Keyword 'lookup_table' ignored in calculation 'job_209_2XB8_02_b', it belongs to other interface (lookup)
WARNING: Keyword 'lookup_table' ignored in calculation 'job_210_2XB8_03_ab', it belongs to other interface (lookup)
WARNING: Keyword 'lookup_table' ignored in calculation 'job_210_2XB8_03_a', it belongs to other interface (lookup)
WARNING: Keyword 'lookup_table' ignored in calculation 'job_210_2XB8_03_b', it belongs to other interface (lookup)
WARNING: Keyword 'lookup_table' ignored in calculation 'job_211_2XB8_04_ab', it belongs to other interface (lookup)
WARNING: Keyword 'lookup_table' ignored in calculation 'job_211_2XB8_04_a', it belongs to other interface (lookup)
WARNING: Keyword 'lookup_table' ignored in calculation 'job_211_2XB8_04_b', it belongs to other interface (lookup)
WARNING: Keyword 'lookup_table' ignored in calculation 'job_212_2XB8_05_ab', it belongs to other interface (lookup)
WARNING: Keyword 'lookup_table' ignored in calculation 'job_212_2XB8_05_a', it belongs to other interface (lookup)
WARNING: Keyword 'lookup_table' ignored in calculation 'job_212_2XB8_05_b', it belongs to other interface (lookup)
WARNING: Keyword 'lookup_table' ignored in calculation 'job_213_2XB8_06_ab', it belongs to other interface (lookup)
WARNING: Keyword 'lookup_table' ignored in calculation 'job_213_2XB8_06_a', it belongs to other interface (lookup)
WARNING: Keyword 'lookup_table' ignored in calculation 'job_213_2XB8_06_b', it belongs to other interface (lookup)
WARNING: Keyword 'lookup_table' ignored in calculation 'job_214_2XB8_07_ab', it belongs to other interface (lookup)
WARNING: Keyword 'lookup_table' ignored in calculation 'job_214_2XB8_07_a', it belongs to other interface (lookup)
WARNING: Keyword 'lookup_table' ignored in calculation 'job_214_2XB8_07_b', it belongs to other interface (lookup)
WARNING: Keyword 'lookup_table' ignored in calculation 'job_215_2XB8_08_ab', it belongs to other interface (lookup)
WARNING: Keyword 'lookup_table' ignored in calculation 'job_215_2XB8_08_a', it belongs to other interface (lookup)
WARNING: Keyword 'lookup_table' ignored in calculation 'job_215_2XB8_08_b', it belongs to other interface (lookup)
WARNING: Keyword 'lookup_table' ignored in calculation 'job_216_2XB8_09_ab', it belongs to other interface (lookup)
WARNING: Keyword 'lookup_table' ignored in calculation 'job_216_2XB8_09_a', it belongs to other interface (lookup)
WARNING: Keyword 'lookup_table' ignored in calculation 'job_216_2XB8_09_b', it belongs to other interface (lookup)
WARNING: Keyword 'lookup_table' ignored in calculation 'job_217_2XB8_10_ab', it belongs to other interface (lookup)
WARNING: Keyword 'lookup_table' ignored in calculation 'job_217_2XB8_10_a', it belongs to other interface (lookup)
WARNING: Keyword 'lookup_table' ignored in calculation 'job_217_2XB8_10_b', it belongs to other interface (lookup)
WARNING: Keyword 'lookup_table' ignored in calculation 'job_218_2XB8_11_ab', it belongs to other interface (lookup)
WARNING: Keyword 'lookup_table' ignored in calculation 'job_218_2XB8_11_a', it belongs to other interface (lookup)
WARNING: Keyword 'lookup_table' ignored in calculation 'job_218_2XB8_11_b', it belongs to other interface (lookup)
WARNING: Keyword 'lookup_table' ignored in calculation 'job_219_2XB8_12_ab', it belongs to other interface (lookup)
WARNING: Keyword 'lookup_table' ignored in calculation 'job_219_2XB8_12_a', it belongs to other interface (lookup)
WARNING: Keyword 'lookup_table' ignored in calculation 'job_219_2XB8_12_b', it belongs to other interface (lookup)
WARNING: Keyword 'lookup_table' ignored in calculation 'job_220_2XB8_13_ab', it belongs to other interface (lookup)
WARNING: Keyword 'lookup_table' ignored in calculation 'job_220_2XB8_13_a', it belongs to other interface (lookup)
WARNING: Keyword 'lookup_table' ignored in calculation 'job_220_2XB8_13_b', it belongs to other interface (lookup)
WARNING: Keyword 'lookup_table' ignored in calculation 'job_221_2XB8_14_ab', it belongs to other interface (lookup)
WARNING: Keyword 'lookup_table' ignored in calculation 'job_221_2XB8_14_a', it belongs to other interface (lookup)
WARNING: Keyword 'lookup_table' ignored in calculation 'job_221_2XB8_14_b', it belongs to other interface (lookup)
WARNING: Keyword 'lookup_table' ignored in calculation 'job_222_2XB8_15_ab', it belongs to other interface (lookup)
WARNING: Keyword 'lookup_table' ignored in calculation 'job_222_2XB8_15_a', it belongs to other interface (lookup)
WARNING: Keyword 'lookup_table' ignored in calculation 'job_222_2XB8_15_b', it belongs to other interface (lookup)
WARNING: Keyword 'lookup_table' ignored in calculation 'job_223_2XB8_16_ab', it belongs to other interface (lookup)
WARNING: Keyword 'lookup_table' ignored in calculation 'job_223_2XB8_16_a', it belongs to other interface (lookup)
WARNING: Keyword 'lookup_table' ignored in calculation 'job_223_2XB8_16_b', it belongs to other interface (lookup)
WARNING: Keyword 'lookup_table' ignored in calculation 'job_224_2XB8_17_ab', it belongs to other interface (lookup)
WARNING: Keyword 'lookup_table' ignored in calculation 'job_224_2XB8_17_a', it belongs to other interface (lookup)
WARNING: Keyword 'lookup_table' ignored in calculation 'job_224_2XB8_17_b', it belongs to other interface (lookup)
WARNING: Keyword 'lookup_table' ignored in calculation 'job_225_2XB8_18_ab', it belongs to other interface (lookup)
WARNING: Keyword 'lookup_table' ignored in calculation 'job_225_2XB8_18_a', it belongs to other interface (lookup)
WARNING: Keyword 'lookup_table' ignored in calculation 'job_225_2XB8_18_b', it belongs to other interface (lookup)
WARNING: Keyword 'lookup_table' ignored in calculation 'job_226_2XB8_19_ab', it belongs to other interface (lookup)
WARNING: Keyword 'lookup_table' ignored in calculation 'job_226_2XB8_19_a', it belongs to other interface (lookup)
WARNING: Keyword 'lookup_table' ignored in calculation 'job_226_2XB8_19_b', it belongs to other interface (lookup)
WARNING: Keyword 'lookup_table' ignored in calculation 'job_227_2XB8_20_ab', it belongs to other interface (lookup)
WARNING: Keyword 'lookup_table' ignored in calculation 'job_227_2XB8_20_a', it belongs to other interface (lookup)
WARNING: Keyword 'lookup_table' ignored in calculation 'job_227_2XB8_20_b', it belongs to other interface (lookup)
WARNING: Keyword 'lookup_table' ignored in calculation 'job_228_2XB8_21_ab', it belongs to other interface (lookup)
WARNING: Keyword 'lookup_table' ignored in calculation 'job_228_2XB8_21_a', it belongs to other interface (lookup)
WARNING: Keyword 'lookup_table' ignored in calculation 'job_228_2XB8_21_b', it belongs to other interface (lookup)
WARNING: Keyword 'lookup_table' ignored in calculation 'job_229_2XB8_22_ab', it belongs to other interface (lookup)
WARNING: Keyword 'lookup_table' ignored in calculation 'job_229_2XB8_22_a', it belongs to other interface (lookup)
WARNING: Keyword 'lookup_table' ignored in calculation 'job_229_2XB8_22_b', it belongs to other interface (lookup)
WARNING: Keyword 'lookup_table' ignored in calculation 'job_230_2XB8_23_ab', it belongs to other interface (lookup)
WARNING: Keyword 'lookup_table' ignored in calculation 'job_230_2XB8_23_a', it belongs to other interface (lookup)
WARNING: Keyword 'lookup_table' ignored in calculation 'job_230_2XB8_23_b', it belongs to other interface (lookup)
WARNING: Keyword 'lookup_table' ignored in calculation 'job_231_2XB8_24_ab', it belongs to other interface (lookup)
WARNING: Keyword 'lookup_table' ignored in calculation 'job_231_2XB8_24_a', it belongs to other interface (lookup)
WARNING: Keyword 'lookup_table' ignored in calculation 'job_231_2XB8_24_b', it belongs to other interface (lookup)
WARNING: Keyword 'lookup_table' ignored in calculation 'job_232_2XB8_25_ab', it belongs to other interface (lookup)
WARNING: Keyword 'lookup_table' ignored in calculation 'job_232_2XB8_25_a', it belongs to other interface (lookup)
WARNING: Keyword 'lookup_table' ignored in calculation 'job_232_2XB8_25_b', it belongs to other interface (lookup)
WARNING: Keyword 'lookup_table' ignored in calculation 'job_233_2XB8_26_ab', it belongs to other interface (lookup)
WARNING: Keyword 'lookup_table' ignored in calculation 'job_233_2XB8_26_a', it belongs to other interface (lookup)
WARNING: Keyword 'lookup_table' ignored in calculation 'job_233_2XB8_26_b', it belongs to other interface (lookup)
WARNING: Keyword 'lookup_table' ignored in calculation 'job_234_2XB8_27_ab', it belongs to other interface (lookup)
WARNING: Keyword 'lookup_table' ignored in calculation 'job_234_2XB8_27_a', it belongs to other interface (lookup)
WARNING: Keyword 'lookup_table' ignored in calculation 'job_234_2XB8_27_b', it belongs to other interface (lookup)
WARNING: Keyword 'lookup_table' ignored in calculation 'job_235_2XB8_28_ab', it belongs to other interface (lookup)
WARNING: Keyword 'lookup_table' ignored in calculation 'job_235_2XB8_28_a', it belongs to other interface (lookup)
WARNING: Keyword 'lookup_table' ignored in calculation 'job_235_2XB8_28_b', it belongs to other interface (lookup)
WARNING: Keyword 'lookup_table' ignored in calculation 'job_236_2XB8_29_ab', it belongs to other interface (lookup)
WARNING: Keyword 'lookup_table' ignored in calculation 'job_236_2XB8_29_a', it belongs to other interface (lookup)
WARNING: Keyword 'lookup_table' ignored in calculation 'job_236_2XB8_29_b', it belongs to other interface (lookup)
WARNING: Keyword 'lookup_table' ignored in calculation 'job_237_2XB8_30_ab', it belongs to other interface (lookup)
WARNING: Keyword 'lookup_table' ignored in calculation 'job_237_2XB8_30_a', it belongs to other interface (lookup)
WARNING: Keyword 'lookup_table' ignored in calculation 'job_237_2XB8_30_b', it belongs to other interface (lookup)
WARNING: Keyword 'lookup_table' ignored in calculation 'job_238_2XB8_31_ab', it belongs to other interface (lookup)
WARNING: Keyword 'lookup_table' ignored in calculation 'job_238_2XB8_31_a', it belongs to other interface (lookup)
WARNING: Keyword 'lookup_table' ignored in calculation 'job_238_2XB8_31_b', it belongs to other interface (lookup)
WARNING: Keyword 'lookup_table' ignored in calculation 'job_239_2XB8_32_ab', it belongs to other interface (lookup)
WARNING: Keyword 'lookup_table' ignored in calculation 'job_239_2XB8_32_a', it belongs to other interface (lookup)
WARNING: Keyword 'lookup_table' ignored in calculation 'job_239_2XB8_32_b', it belongs to other interface (lookup)
WARNING: Keyword 'lookup_table' ignored in calculation 'job_240_2XB8_33_ab', it belongs to other interface (lookup)
WARNING: Keyword 'lookup_table' ignored in calculation 'job_240_2XB8_33_a', it belongs to other interface (lookup)
WARNING: Keyword 'lookup_table' ignored in calculation 'job_240_2XB8_33_b', it belongs to other interface (lookup)
WARNING: Keyword 'lookup_table' ignored in calculation 'job_241_2YKI_01_ab', it belongs to other interface (lookup)
WARNING: Keyword 'lookup_table' ignored in calculation 'job_241_2YKI_01_a', it belongs to other interface (lookup)
WARNING: Keyword 'lookup_table' ignored in calculation 'job_241_2YKI_01_b', it belongs to other interface (lookup)
WARNING: Keyword 'lookup_table' ignored in calculation 'job_242_2YKI_02_ab', it belongs to other interface (lookup)
WARNING: Keyword 'lookup_table' ignored in calculation 'job_242_2YKI_02_a', it belongs to other interface (lookup)
WARNING: Keyword 'lookup_table' ignored in calculation 'job_242_2YKI_02_b', it belongs to other interface (lookup)
WARNING: Keyword 'lookup_table' ignored in calculation 'job_243_2YKI_03_ab', it belongs to other interface (lookup)
WARNING: Keyword 'lookup_table' ignored in calculation 'job_243_2YKI_03_a', it belongs to other interface (lookup)
WARNING: Keyword 'lookup_table' ignored in calculation 'job_243_2YKI_03_b', it belongs to other interface (lookup)
WARNING: Keyword 'lookup_table' ignored in calculation 'job_244_2YKI_04_ab', it belongs to other interface (lookup)
WARNING: Keyword 'lookup_table' ignored in calculation 'job_244_2YKI_04_a', it belongs to other interface (lookup)
WARNING: Keyword 'lookup_table' ignored in calculation 'job_244_2YKI_04_b', it belongs to other interface (lookup)
WARNING: Keyword 'lookup_table' ignored in calculation 'job_245_2YKI_05_ab', it belongs to other interface (lookup)
WARNING: Keyword 'lookup_table' ignored in calculation 'job_245_2YKI_05_a', it belongs to other interface (lookup)
WARNING: Keyword 'lookup_table' ignored in calculation 'job_245_2YKI_05_b', it belongs to other interface (lookup)
WARNING: Keyword 'lookup_table' ignored in calculation 'job_246_2YKI_06_ab', it belongs to other interface (lookup)
WARNING: Keyword 'lookup_table' ignored in calculation 'job_246_2YKI_06_a', it belongs to other interface (lookup)
WARNING: Keyword 'lookup_table' ignored in calculation 'job_246_2YKI_06_b', it belongs to other interface (lookup)
WARNING: Keyword 'lookup_table' ignored in calculation 'job_247_2YKI_07_ab', it belongs to other interface (lookup)
WARNING: Keyword 'lookup_table' ignored in calculation 'job_247_2YKI_07_a', it belongs to other interface (lookup)
WARNING: Keyword 'lookup_table' ignored in calculation 'job_247_2YKI_07_b', it belongs to other interface (lookup)
WARNING: Keyword 'lookup_table' ignored in calculation 'job_248_2YKI_08_ab', it belongs to other interface (lookup)
WARNING: Keyword 'lookup_table' ignored in calculation 'job_248_2YKI_08_a', it belongs to other interface (lookup)
WARNING: Keyword 'lookup_table' ignored in calculation 'job_248_2YKI_08_b', it belongs to other interface (lookup)
WARNING: Keyword 'lookup_table' ignored in calculation 'job_249_2YKI_09_ab', it belongs to other interface (lookup)
WARNING: Keyword 'lookup_table' ignored in calculation 'job_249_2YKI_09_a', it belongs to other interface (lookup)
WARNING: Keyword 'lookup_table' ignored in calculation 'job_249_2YKI_09_b', it belongs to other interface (lookup)
WARNING: Keyword 'lookup_table' ignored in calculation 'job_250_2YKI_10_ab', it belongs to other interface (lookup)
WARNING: Keyword 'lookup_table' ignored in calculation 'job_250_2YKI_10_a', it belongs to other interface (lookup)
WARNING: Keyword 'lookup_table' ignored in calculation 'job_250_2YKI_10_b', it belongs to other interface (lookup)
WARNING: Keyword 'lookup_table' ignored in calculation 'job_251_2YKI_11_ab', it belongs to other interface (lookup)
WARNING: Keyword 'lookup_table' ignored in calculation 'job_251_2YKI_11_a', it belongs to other interface (lookup)
WARNING: Keyword 'lookup_table' ignored in calculation 'job_251_2YKI_11_b', it belongs to other interface (lookup)
WARNING: Keyword 'lookup_table' ignored in calculation 'job_252_2YKI_12_ab', it belongs to other interface (lookup)
WARNING: Keyword 'lookup_table' ignored in calculation 'job_252_2YKI_12_a', it belongs to other interface (lookup)
WARNING: Keyword 'lookup_table' ignored in calculation 'job_252_2YKI_12_b', it belongs to other interface (lookup)
WARNING: Keyword 'lookup_table' ignored in calculation 'job_253_2YKI_13_ab', it belongs to other interface (lookup)
WARNING: Keyword 'lookup_table' ignored in calculation 'job_253_2YKI_13_a', it belongs to other interface (lookup)
WARNING: Keyword 'lookup_table' ignored in calculation 'job_253_2YKI_13_b', it belongs to other interface (lookup)
WARNING: Keyword 'lookup_table' ignored in calculation 'job_254_2YKI_14_ab', it belongs to other interface (lookup)
WARNING: Keyword 'lookup_table' ignored in calculation 'job_254_2YKI_14_a', it belongs to other interface (lookup)
WARNING: Keyword 'lookup_table' ignored in calculation 'job_254_2YKI_14_b', it belongs to other interface (lookup)
WARNING: Keyword 'lookup_table' ignored in calculation 'job_255_2YKI_15_ab', it belongs to other interface (lookup)
WARNING: Keyword 'lookup_table' ignored in calculation 'job_255_2YKI_15_a', it belongs to other interface (lookup)
WARNING: Keyword 'lookup_table' ignored in calculation 'job_255_2YKI_15_b', it belongs to other interface (lookup)
WARNING: Keyword 'lookup_table' ignored in calculation 'job_256_2YKI_16_ab', it belongs to other interface (lookup)
WARNING: Keyword 'lookup_table' ignored in calculation 'job_256_2YKI_16_a', it belongs to other interface (lookup)
WARNING: Keyword 'lookup_table' ignored in calculation 'job_256_2YKI_16_b', it belongs to other interface (lookup)
WARNING: Keyword 'lookup_table' ignored in calculation 'job_257_2YKI_17_ab', it belongs to other interface (lookup)
WARNING: Keyword 'lookup_table' ignored in calculation 'job_257_2YKI_17_a', it belongs to other interface (lookup)
WARNING: Keyword 'lookup_table' ignored in calculation 'job_257_2YKI_17_b', it belongs to other interface (lookup)
WARNING: Keyword 'lookup_table' ignored in calculation 'job_258_2YKI_18_ab', it belongs to other interface (lookup)
WARNING: Keyword 'lookup_table' ignored in calculation 'job_258_2YKI_18_a', it belongs to other interface (lookup)
WARNING: Keyword 'lookup_table' ignored in calculation 'job_258_2YKI_18_b', it belongs to other interface (lookup)
WARNING: Keyword 'lookup_table' ignored in calculation 'job_259_2YKI_19_ab', it belongs to other interface (lookup)
WARNING: Keyword 'lookup_table' ignored in calculation 'job_259_2YKI_19_a', it belongs to other interface (lookup)
WARNING: Keyword 'lookup_table' ignored in calculation 'job_259_2YKI_19_b', it belongs to other interface (lookup)
WARNING: Keyword 'lookup_table' ignored in calculation 'job_260_2YKI_20_ab', it belongs to other interface (lookup)
WARNING: Keyword 'lookup_table' ignored in calculation 'job_260_2YKI_20_a', it belongs to other interface (lookup)
WARNING: Keyword 'lookup_table' ignored in calculation 'job_260_2YKI_20_b', it belongs to other interface (lookup)
WARNING: Keyword 'lookup_table' ignored in calculation 'job_261_2YKI_21_ab', it belongs to other interface (lookup)
WARNING: Keyword 'lookup_table' ignored in calculation 'job_261_2YKI_21_a', it belongs to other interface (lookup)
WARNING: Keyword 'lookup_table' ignored in calculation 'job_261_2YKI_21_b', it belongs to other interface (lookup)
WARNING: Keyword 'lookup_table' ignored in calculation 'job_262_2YKI_22_ab', it belongs to other interface (lookup)
WARNING: Keyword 'lookup_table' ignored in calculation 'job_262_2YKI_22_a', it belongs to other interface (lookup)
WARNING: Keyword 'lookup_table' ignored in calculation 'job_262_2YKI_22_b', it belongs to other interface (lookup)
WARNING: Keyword 'lookup_table' ignored in calculation 'job_263_2YKI_23_ab', it belongs to other interface (lookup)
WARNING: Keyword 'lookup_table' ignored in calculation 'job_263_2YKI_23_a', it belongs to other interface (lookup)
WARNING: Keyword 'lookup_table' ignored in calculation 'job_263_2YKI_23_b', it belongs to other interface (lookup)
WARNING: Keyword 'lookup_table' ignored in calculation 'job_264_2YKI_24_ab', it belongs to other interface (lookup)
WARNING: Keyword 'lookup_table' ignored in calculation 'job_264_2YKI_24_a', it belongs to other interface (lookup)
WARNING: Keyword 'lookup_table' ignored in calculation 'job_264_2YKI_24_b', it belongs to other interface (lookup)
WARNING: Keyword 'lookup_table' ignored in calculation 'job_265_2YKI_25_ab', it belongs to other interface (lookup)
WARNING: Keyword 'lookup_table' ignored in calculation 'job_265_2YKI_25_a', it belongs to other interface (lookup)
WARNING: Keyword 'lookup_table' ignored in calculation 'job_265_2YKI_25_b', it belongs to other interface (lookup)
WARNING: Keyword 'lookup_table' ignored in calculation 'job_266_2YKI_26_ab', it belongs to other interface (lookup)
WARNING: Keyword 'lookup_table' ignored in calculation 'job_266_2YKI_26_a', it belongs to other interface (lookup)
WARNING: Keyword 'lookup_table' ignored in calculation 'job_266_2YKI_26_b', it belongs to other interface (lookup)
WARNING: Keyword 'lookup_table' ignored in calculation 'job_267_2YKI_27_ab', it belongs to other interface (lookup)
WARNING: Keyword 'lookup_table' ignored in calculation 'job_267_2YKI_27_a', it belongs to other interface (lookup)
WARNING: Keyword 'lookup_table' ignored in calculation 'job_267_2YKI_27_b', it belongs to other interface (lookup)
WARNING: Keyword 'lookup_table' ignored in calculation 'job_268_2YKI_28_ab', it belongs to other interface (lookup)
WARNING: Keyword 'lookup_table' ignored in calculation 'job_268_2YKI_28_a', it belongs to other interface (lookup)
WARNING: Keyword 'lookup_table' ignored in calculation 'job_268_2YKI_28_b', it belongs to other interface (lookup)
WARNING: Keyword 'lookup_table' ignored in calculation 'job_269_2YKI_29_ab', it belongs to other interface (lookup)
WARNING: Keyword 'lookup_table' ignored in calculation 'job_269_2YKI_29_a', it belongs to other interface (lookup)
WARNING: Keyword 'lookup_table' ignored in calculation 'job_269_2YKI_29_b', it belongs to other interface (lookup)
WARNING: Keyword 'lookup_table' ignored in calculation 'job_270_2YKI_30_ab', it belongs to other interface (lookup)
WARNING: Keyword 'lookup_table' ignored in calculation 'job_270_2YKI_30_a', it belongs to other interface (lookup)
WARNING: Keyword 'lookup_table' ignored in calculation 'job_270_2YKI_30_b', it belongs to other interface (lookup)
WARNING: Keyword 'lookup_table' ignored in calculation 'job_271_2YKI_31_ab', it belongs to other interface (lookup)
WARNING: Keyword 'lookup_table' ignored in calculation 'job_271_2YKI_31_a', it belongs to other interface (lookup)
WARNING: Keyword 'lookup_table' ignored in calculation 'job_271_2YKI_31_b', it belongs to other interface (lookup)
WARNING: Keyword 'lookup_table' ignored in calculation 'job_272_2YKI_32_ab', it belongs to other interface (lookup)
WARNING: Keyword 'lookup_table' ignored in calculation 'job_272_2YKI_32_a', it belongs to other interface (lookup)
WARNING: Keyword 'lookup_table' ignored in calculation 'job_272_2YKI_32_b', it belongs to other interface (lookup)
WARNING: Keyword 'lookup_table' ignored in calculation 'job_273_2YKI_33_ab', it belongs to other interface (lookup)
WARNING: Keyword 'lookup_table' ignored in calculation 'job_273_2YKI_33_a', it belongs to other interface (lookup)
WARNING: Keyword 'lookup_table' ignored in calculation 'job_273_2YKI_33_b', it belongs to other interface (lookup)
WARNING: Keyword 'lookup_table' ignored in calculation 'job_274_2YKI_34_ab', it belongs to other interface (lookup)
WARNING: Keyword 'lookup_table' ignored in calculation 'job_274_2YKI_34_a', it belongs to other interface (lookup)
WARNING: Keyword 'lookup_table' ignored in calculation 'job_274_2YKI_34_b', it belongs to other interface (lookup)
WARNING: Keyword 'lookup_table' ignored in calculation 'job_275_2YKI_35_ab', it belongs to other interface (lookup)
WARNING: Keyword 'lookup_table' ignored in calculation 'job_275_2YKI_35_a', it belongs to other interface (lookup)
WARNING: Keyword 'lookup_table' ignored in calculation 'job_275_2YKI_35_b', it belongs to other interface (lookup)
WARNING: Keyword 'lookup_table' ignored in calculation 'job_276_2YKI_36_ab', it belongs to other interface (lookup)
WARNING: Keyword 'lookup_table' ignored in calculation 'job_276_2YKI_36_a', it belongs to other interface (lookup)
WARNING: Keyword 'lookup_table' ignored in calculation 'job_276_2YKI_36_b', it belongs to other interface (lookup)
WARNING: Keyword 'lookup_table' ignored in calculation 'job_277_2YKI_37_ab', it belongs to other interface (lookup)
WARNING: Keyword 'lookup_table' ignored in calculation 'job_277_2YKI_37_a', it belongs to other interface (lookup)
WARNING: Keyword 'lookup_table' ignored in calculation 'job_277_2YKI_37_b', it belongs to other interface (lookup)
WARNING: Keyword 'lookup_table' ignored in calculation 'job_278_2YKI_38_ab', it belongs to other interface (lookup)
WARNING: Keyword 'lookup_table' ignored in calculation 'job_278_2YKI_38_a', it belongs to other interface (lookup)
WARNING: Keyword 'lookup_table' ignored in calculation 'job_278_2YKI_38_b', it belongs to other interface (lookup)
WARNING: Keyword 'lookup_table' ignored in calculation 'job_279_2YKI_40_ab', it belongs to other interface (lookup)
WARNING: Keyword 'lookup_table' ignored in calculation 'job_279_2YKI_40_a', it belongs to other interface (lookup)
WARNING: Keyword 'lookup_table' ignored in calculation 'job_279_2YKI_40_b', it belongs to other interface (lookup)
WARNING: Keyword 'lookup_table' ignored in calculation 'job_280_2YKI_41_ab', it belongs to other interface (lookup)
WARNING: Keyword 'lookup_table' ignored in calculation 'job_280_2YKI_41_a', it belongs to other interface (lookup)
WARNING: Keyword 'lookup_table' ignored in calculation 'job_280_2YKI_41_b', it belongs to other interface (lookup)
WARNING: Keyword 'lookup_table' ignored in calculation 'job_281_2YKI_42_ab', it belongs to other interface (lookup)
WARNING: Keyword 'lookup_table' ignored in calculation 'job_281_2YKI_42_a', it belongs to other interface (lookup)
WARNING: Keyword 'lookup_table' ignored in calculation 'job_281_2YKI_42_b', it belongs to other interface (lookup)
WARNING: Keyword 'lookup_table' ignored in calculation 'job_282_2YKI_43_ab', it belongs to other interface (lookup)
WARNING: Keyword 'lookup_table' ignored in calculation 'job_282_2YKI_43_a', it belongs to other interface (lookup)
WARNING: Keyword 'lookup_table' ignored in calculation 'job_282_2YKI_43_b', it belongs to other interface (lookup)
WARNING: Keyword 'lookup_table' ignored in calculation 'job_283_2YKI_44_ab', it belongs to other interface (lookup)
WARNING: Keyword 'lookup_table' ignored in calculation 'job_283_2YKI_44_a', it belongs to other interface (lookup)
WARNING: Keyword 'lookup_table' ignored in calculation 'job_283_2YKI_44_b', it belongs to other interface (lookup)
WARNING: Keyword 'lookup_table' ignored in calculation 'job_284_2ZX6_01_ab', it belongs to other interface (lookup)
WARNING: Keyword 'lookup_table' ignored in calculation 'job_284_2ZX6_01_a', it belongs to other interface (lookup)
WARNING: Keyword 'lookup_table' ignored in calculation 'job_284_2ZX6_01_b', it belongs to other interface (lookup)
WARNING: Keyword 'lookup_table' ignored in calculation 'job_285_2ZX6_02_ab', it belongs to other interface (lookup)
WARNING: Keyword 'lookup_table' ignored in calculation 'job_285_2ZX6_02_a', it belongs to other interface (lookup)
WARNING: Keyword 'lookup_table' ignored in calculation 'job_285_2ZX6_02_b', it belongs to other interface (lookup)
WARNING: Keyword 'lookup_table' ignored in calculation 'job_286_2ZX6_03_ab', it belongs to other interface (lookup)
WARNING: Keyword 'lookup_table' ignored in calculation 'job_286_2ZX6_03_a', it belongs to other interface (lookup)
WARNING: Keyword 'lookup_table' ignored in calculation 'job_286_2ZX6_03_b', it belongs to other interface (lookup)
WARNING: Keyword 'lookup_table' ignored in calculation 'job_287_2ZX6_04_ab', it belongs to other interface (lookup)
WARNING: Keyword 'lookup_table' ignored in calculation 'job_287_2ZX6_04_a', it belongs to other interface (lookup)
WARNING: Keyword 'lookup_table' ignored in calculation 'job_287_2ZX6_04_b', it belongs to other interface (lookup)
WARNING: Keyword 'lookup_table' ignored in calculation 'job_288_2ZX6_05_ab', it belongs to other interface (lookup)
WARNING: Keyword 'lookup_table' ignored in calculation 'job_288_2ZX6_05_a', it belongs to other interface (lookup)
WARNING: Keyword 'lookup_table' ignored in calculation 'job_288_2ZX6_05_b', it belongs to other interface (lookup)
WARNING: Keyword 'lookup_table' ignored in calculation 'job_289_2ZX6_06_ab', it belongs to other interface (lookup)
WARNING: Keyword 'lookup_table' ignored in calculation 'job_289_2ZX6_06_a', it belongs to other interface (lookup)
WARNING: Keyword 'lookup_table' ignored in calculation 'job_289_2ZX6_06_b', it belongs to other interface (lookup)
WARNING: Keyword 'lookup_table' ignored in calculation 'job_290_2ZX6_07_ab', it belongs to other interface (lookup)
WARNING: Keyword 'lookup_table' ignored in calculation 'job_290_2ZX6_07_a', it belongs to other interface (lookup)
WARNING: Keyword 'lookup_table' ignored in calculation 'job_290_2ZX6_07_b', it belongs to other interface (lookup)
WARNING: Keyword 'lookup_table' ignored in calculation 'job_291_2ZX6_08_ab', it belongs to other interface (lookup)
WARNING: Keyword 'lookup_table' ignored in calculation 'job_291_2ZX6_08_a', it belongs to other interface (lookup)
WARNING: Keyword 'lookup_table' ignored in calculation 'job_291_2ZX6_08_b', it belongs to other interface (lookup)
WARNING: Keyword 'lookup_table' ignored in calculation 'job_292_2ZX6_09_ab', it belongs to other interface (lookup)
WARNING: Keyword 'lookup_table' ignored in calculation 'job_292_2ZX6_09_a', it belongs to other interface (lookup)
WARNING: Keyword 'lookup_table' ignored in calculation 'job_292_2ZX6_09_b', it belongs to other interface (lookup)
WARNING: Keyword 'lookup_table' ignored in calculation 'job_293_2ZX6_10_ab', it belongs to other interface (lookup)
WARNING: Keyword 'lookup_table' ignored in calculation 'job_293_2ZX6_10_a', it belongs to other interface (lookup)
WARNING: Keyword 'lookup_table' ignored in calculation 'job_293_2ZX6_10_b', it belongs to other interface (lookup)
WARNING: Keyword 'lookup_table' ignored in calculation 'job_294_2ZX6_11_ab', it belongs to other interface (lookup)
WARNING: Keyword 'lookup_table' ignored in calculation 'job_294_2ZX6_11_a', it belongs to other interface (lookup)
WARNING: Keyword 'lookup_table' ignored in calculation 'job_294_2ZX6_11_b', it belongs to other interface (lookup)
WARNING: Keyword 'lookup_table' ignored in calculation 'job_295_2ZX6_12_ab', it belongs to other interface (lookup)
WARNING: Keyword 'lookup_table' ignored in calculation 'job_295_2ZX6_12_a', it belongs to other interface (lookup)
WARNING: Keyword 'lookup_table' ignored in calculation 'job_295_2ZX6_12_b', it belongs to other interface (lookup)
WARNING: Keyword 'lookup_table' ignored in calculation 'job_296_2ZX6_13_ab', it belongs to other interface (lookup)
WARNING: Keyword 'lookup_table' ignored in calculation 'job_296_2ZX6_13_a', it belongs to other interface (lookup)
WARNING: Keyword 'lookup_table' ignored in calculation 'job_296_2ZX6_13_b', it belongs to other interface (lookup)
WARNING: Keyword 'lookup_table' ignored in calculation 'job_297_2ZX6_14_ab', it belongs to other interface (lookup)
WARNING: Keyword 'lookup_table' ignored in calculation 'job_297_2ZX6_14_a', it belongs to other interface (lookup)
WARNING: Keyword 'lookup_table' ignored in calculation 'job_297_2ZX6_14_b', it belongs to other interface (lookup)
WARNING: Keyword 'lookup_table' ignored in calculation 'job_298_2ZX6_15_ab', it belongs to other interface (lookup)
WARNING: Keyword 'lookup_table' ignored in calculation 'job_298_2ZX6_15_a', it belongs to other interface (lookup)
WARNING: Keyword 'lookup_table' ignored in calculation 'job_298_2ZX6_15_b', it belongs to other interface (lookup)
WARNING: Keyword 'lookup_table' ignored in calculation 'job_299_2ZX6_16_ab', it belongs to other interface (lookup)
WARNING: Keyword 'lookup_table' ignored in calculation 'job_299_2ZX6_16_a', it belongs to other interface (lookup)
WARNING: Keyword 'lookup_table' ignored in calculation 'job_299_2ZX6_16_b', it belongs to other interface (lookup)
WARNING: Keyword 'lookup_table' ignored in calculation 'job_300_2ZX6_17_ab', it belongs to other interface (lookup)
WARNING: Keyword 'lookup_table' ignored in calculation 'job_300_2ZX6_17_a', it belongs to other interface (lookup)
WARNING: Keyword 'lookup_table' ignored in calculation 'job_300_2ZX6_17_b', it belongs to other interface (lookup)
WARNING: Keyword 'lookup_table' ignored in calculation 'job_301_2ZX6_18_ab', it belongs to other interface (lookup)
WARNING: Keyword 'lookup_table' ignored in calculation 'job_301_2ZX6_18_a', it belongs to other interface (lookup)
WARNING: Keyword 'lookup_table' ignored in calculation 'job_301_2ZX6_18_b', it belongs to other interface (lookup)
WARNING: Keyword 'lookup_table' ignored in calculation 'job_302_2ZX6_19_ab', it belongs to other interface (lookup)
WARNING: Keyword 'lookup_table' ignored in calculation 'job_302_2ZX6_19_a', it belongs to other interface (lookup)
WARNING: Keyword 'lookup_table' ignored in calculation 'job_302_2ZX6_19_b', it belongs to other interface (lookup)
WARNING: Keyword 'lookup_table' ignored in calculation 'job_303_2ZX6_20_ab', it belongs to other interface (lookup)
WARNING: Keyword 'lookup_table' ignored in calculation 'job_303_2ZX6_20_a', it belongs to other interface (lookup)
WARNING: Keyword 'lookup_table' ignored in calculation 'job_303_2ZX6_20_b', it belongs to other interface (lookup)
WARNING: Keyword 'lookup_table' ignored in calculation 'job_304_2ZX6_21_ab', it belongs to other interface (lookup)
WARNING: Keyword 'lookup_table' ignored in calculation 'job_304_2ZX6_21_a', it belongs to other interface (lookup)
WARNING: Keyword 'lookup_table' ignored in calculation 'job_304_2ZX6_21_b', it belongs to other interface (lookup)
WARNING: Keyword 'lookup_table' ignored in calculation 'job_305_2ZX6_22_ab', it belongs to other interface (lookup)
WARNING: Keyword 'lookup_table' ignored in calculation 'job_305_2ZX6_22_a', it belongs to other interface (lookup)
WARNING: Keyword 'lookup_table' ignored in calculation 'job_305_2ZX6_22_b', it belongs to other interface (lookup)
WARNING: Keyword 'lookup_table' ignored in calculation 'job_306_2ZX6_23_ab', it belongs to other interface (lookup)
WARNING: Keyword 'lookup_table' ignored in calculation 'job_306_2ZX6_23_a', it belongs to other interface (lookup)
WARNING: Keyword 'lookup_table' ignored in calculation 'job_306_2ZX6_23_b', it belongs to other interface (lookup)
WARNING: Keyword 'lookup_table' ignored in calculation 'job_307_3G0W_01_ab', it belongs to other interface (lookup)
WARNING: Keyword 'lookup_table' ignored in calculation 'job_307_3G0W_01_a', it belongs to other interface (lookup)
WARNING: Keyword 'lookup_table' ignored in calculation 'job_307_3G0W_01_b', it belongs to other interface (lookup)
WARNING: Keyword 'lookup_table' ignored in calculation 'job_308_3G0W_02_ab', it belongs to other interface (lookup)
WARNING: Keyword 'lookup_table' ignored in calculation 'job_308_3G0W_02_a', it belongs to other interface (lookup)
WARNING: Keyword 'lookup_table' ignored in calculation 'job_308_3G0W_02_b', it belongs to other interface (lookup)
WARNING: Keyword 'lookup_table' ignored in calculation 'job_309_3G0W_03_ab', it belongs to other interface (lookup)
WARNING: Keyword 'lookup_table' ignored in calculation 'job_309_3G0W_03_a', it belongs to other interface (lookup)
WARNING: Keyword 'lookup_table' ignored in calculation 'job_309_3G0W_03_b', it belongs to other interface (lookup)
WARNING: Keyword 'lookup_table' ignored in calculation 'job_310_3G0W_04_ab', it belongs to other interface (lookup)
WARNING: Keyword 'lookup_table' ignored in calculation 'job_310_3G0W_04_a', it belongs to other interface (lookup)
WARNING: Keyword 'lookup_table' ignored in calculation 'job_310_3G0W_04_b', it belongs to other interface (lookup)
WARNING: Keyword 'lookup_table' ignored in calculation 'job_311_3G0W_05_ab', it belongs to other interface (lookup)
WARNING: Keyword 'lookup_table' ignored in calculation 'job_311_3G0W_05_a', it belongs to other interface (lookup)
WARNING: Keyword 'lookup_table' ignored in calculation 'job_311_3G0W_05_b', it belongs to other interface (lookup)
WARNING: Keyword 'lookup_table' ignored in calculation 'job_312_3G0W_06_ab', it belongs to other interface (lookup)
WARNING: Keyword 'lookup_table' ignored in calculation 'job_312_3G0W_06_a', it belongs to other interface (lookup)
WARNING: Keyword 'lookup_table' ignored in calculation 'job_312_3G0W_06_b', it belongs to other interface (lookup)
WARNING: Keyword 'lookup_table' ignored in calculation 'job_313_3G0W_07_ab', it belongs to other interface (lookup)
WARNING: Keyword 'lookup_table' ignored in calculation 'job_313_3G0W_07_a', it belongs to other interface (lookup)
WARNING: Keyword 'lookup_table' ignored in calculation 'job_313_3G0W_07_b', it belongs to other interface (lookup)
WARNING: Keyword 'lookup_table' ignored in calculation 'job_314_3G0W_08_ab', it belongs to other interface (lookup)
WARNING: Keyword 'lookup_table' ignored in calculation 'job_314_3G0W_08_a', it belongs to other interface (lookup)
WARNING: Keyword 'lookup_table' ignored in calculation 'job_314_3G0W_08_b', it belongs to other interface (lookup)
WARNING: Keyword 'lookup_table' ignored in calculation 'job_315_3G0W_09_ab', it belongs to other interface (lookup)
WARNING: Keyword 'lookup_table' ignored in calculation 'job_315_3G0W_09_a', it belongs to other interface (lookup)
WARNING: Keyword 'lookup_table' ignored in calculation 'job_315_3G0W_09_b', it belongs to other interface (lookup)
WARNING: Keyword 'lookup_table' ignored in calculation 'job_316_3G0W_10_ab', it belongs to other interface (lookup)
WARNING: Keyword 'lookup_table' ignored in calculation 'job_316_3G0W_10_a', it belongs to other interface (lookup)
WARNING: Keyword 'lookup_table' ignored in calculation 'job_316_3G0W_10_b', it belongs to other interface (lookup)
WARNING: Keyword 'lookup_table' ignored in calculation 'job_317_3G0W_11_ab', it belongs to other interface (lookup)
WARNING: Keyword 'lookup_table' ignored in calculation 'job_317_3G0W_11_a', it belongs to other interface (lookup)
WARNING: Keyword 'lookup_table' ignored in calculation 'job_317_3G0W_11_b', it belongs to other interface (lookup)
WARNING: Keyword 'lookup_table' ignored in calculation 'job_318_3G0W_12_ab', it belongs to other interface (lookup)
WARNING: Keyword 'lookup_table' ignored in calculation 'job_318_3G0W_12_a', it belongs to other interface (lookup)
WARNING: Keyword 'lookup_table' ignored in calculation 'job_318_3G0W_12_b', it belongs to other interface (lookup)
WARNING: Keyword 'lookup_table' ignored in calculation 'job_319_3G0W_13_ab', it belongs to other interface (lookup)
WARNING: Keyword 'lookup_table' ignored in calculation 'job_319_3G0W_13_a', it belongs to other interface (lookup)
WARNING: Keyword 'lookup_table' ignored in calculation 'job_319_3G0W_13_b', it belongs to other interface (lookup)
WARNING: Keyword 'lookup_table' ignored in calculation 'job_320_3G0W_14_ab', it belongs to other interface (lookup)
WARNING: Keyword 'lookup_table' ignored in calculation 'job_320_3G0W_14_a', it belongs to other interface (lookup)
WARNING: Keyword 'lookup_table' ignored in calculation 'job_320_3G0W_14_b', it belongs to other interface (lookup)
WARNING: Keyword 'lookup_table' ignored in calculation 'job_321_3G0W_15_ab', it belongs to other interface (lookup)
WARNING: Keyword 'lookup_table' ignored in calculation 'job_321_3G0W_15_a', it belongs to other interface (lookup)
WARNING: Keyword 'lookup_table' ignored in calculation 'job_321_3G0W_15_b', it belongs to other interface (lookup)
WARNING: Keyword 'lookup_table' ignored in calculation 'job_322_3G0W_16_ab', it belongs to other interface (lookup)
WARNING: Keyword 'lookup_table' ignored in calculation 'job_322_3G0W_16_a', it belongs to other interface (lookup)
WARNING: Keyword 'lookup_table' ignored in calculation 'job_322_3G0W_16_b', it belongs to other interface (lookup)
WARNING: Keyword 'lookup_table' ignored in calculation 'job_323_3G0W_17_ab', it belongs to other interface (lookup)
WARNING: Keyword 'lookup_table' ignored in calculation 'job_323_3G0W_17_a', it belongs to other interface (lookup)
WARNING: Keyword 'lookup_table' ignored in calculation 'job_323_3G0W_17_b', it belongs to other interface (lookup)
WARNING: Keyword 'lookup_table' ignored in calculation 'job_324_3G0W_18_ab', it belongs to other interface (lookup)
WARNING: Keyword 'lookup_table' ignored in calculation 'job_324_3G0W_18_a', it belongs to other interface (lookup)
WARNING: Keyword 'lookup_table' ignored in calculation 'job_324_3G0W_18_b', it belongs to other interface (lookup)
WARNING: Keyword 'lookup_table' ignored in calculation 'job_325_3G0W_19_ab', it belongs to other interface (lookup)
WARNING: Keyword 'lookup_table' ignored in calculation 'job_325_3G0W_19_a', it belongs to other interface (lookup)
WARNING: Keyword 'lookup_table' ignored in calculation 'job_325_3G0W_19_b', it belongs to other interface (lookup)
WARNING: Keyword 'lookup_table' ignored in calculation 'job_326_3G0W_20_ab', it belongs to other interface (lookup)
WARNING: Keyword 'lookup_table' ignored in calculation 'job_326_3G0W_20_a', it belongs to other interface (lookup)
WARNING: Keyword 'lookup_table' ignored in calculation 'job_326_3G0W_20_b', it belongs to other interface (lookup)
WARNING: Keyword 'lookup_table' ignored in calculation 'job_327_3G0W_21_ab', it belongs to other interface (lookup)
WARNING: Keyword 'lookup_table' ignored in calculation 'job_327_3G0W_21_a', it belongs to other interface (lookup)
WARNING: Keyword 'lookup_table' ignored in calculation 'job_327_3G0W_21_b', it belongs to other interface (lookup)
WARNING: Keyword 'lookup_table' ignored in calculation 'job_328_3G0W_22_ab', it belongs to other interface (lookup)
WARNING: Keyword 'lookup_table' ignored in calculation 'job_328_3G0W_22_a', it belongs to other interface (lookup)
WARNING: Keyword 'lookup_table' ignored in calculation 'job_328_3G0W_22_b', it belongs to other interface (lookup)
WARNING: Keyword 'lookup_table' ignored in calculation 'job_329_3G0W_23_ab', it belongs to other interface (lookup)
WARNING: Keyword 'lookup_table' ignored in calculation 'job_329_3G0W_23_a', it belongs to other interface (lookup)
WARNING: Keyword 'lookup_table' ignored in calculation 'job_329_3G0W_23_b', it belongs to other interface (lookup)
WARNING: Keyword 'lookup_table' ignored in calculation 'job_330_3G0W_24_ab', it belongs to other interface (lookup)
WARNING: Keyword 'lookup_table' ignored in calculation 'job_330_3G0W_24_a', it belongs to other interface (lookup)
WARNING: Keyword 'lookup_table' ignored in calculation 'job_330_3G0W_24_b', it belongs to other interface (lookup)
WARNING: Keyword 'lookup_table' ignored in calculation 'job_331_3G0W_25_ab', it belongs to other interface (lookup)
WARNING: Keyword 'lookup_table' ignored in calculation 'job_331_3G0W_25_a', it belongs to other interface (lookup)
WARNING: Keyword 'lookup_table' ignored in calculation 'job_331_3G0W_25_b', it belongs to other interface (lookup)
WARNING: Keyword 'lookup_table' ignored in calculation 'job_332_3G0W_26_ab', it belongs to other interface (lookup)
WARNING: Keyword 'lookup_table' ignored in calculation 'job_332_3G0W_26_a', it belongs to other interface (lookup)
WARNING: Keyword 'lookup_table' ignored in calculation 'job_332_3G0W_26_b', it belongs to other interface (lookup)
WARNING: Keyword 'lookup_table' ignored in calculation 'job_333_3G0W_27_ab', it belongs to other interface (lookup)
WARNING: Keyword 'lookup_table' ignored in calculation 'job_333_3G0W_27_a', it belongs to other interface (lookup)
WARNING: Keyword 'lookup_table' ignored in calculation 'job_333_3G0W_27_b', it belongs to other interface (lookup)
WARNING: Keyword 'lookup_table' ignored in calculation 'job_334_3G0W_28_ab', it belongs to other interface (lookup)
WARNING: Keyword 'lookup_table' ignored in calculation 'job_334_3G0W_28_a', it belongs to other interface (lookup)
WARNING: Keyword 'lookup_table' ignored in calculation 'job_334_3G0W_28_b', it belongs to other interface (lookup)
WARNING: Keyword 'lookup_table' ignored in calculation 'job_335_3G0W_29_ab', it belongs to other interface (lookup)
WARNING: Keyword 'lookup_table' ignored in calculation 'job_335_3G0W_29_a', it belongs to other interface (lookup)
WARNING: Keyword 'lookup_table' ignored in calculation 'job_335_3G0W_29_b', it belongs to other interface (lookup)
WARNING: Keyword 'lookup_table' ignored in calculation 'job_336_3G0W_30_ab', it belongs to other interface (lookup)
WARNING: Keyword 'lookup_table' ignored in calculation 'job_336_3G0W_30_a', it belongs to other interface (lookup)
WARNING: Keyword 'lookup_table' ignored in calculation 'job_336_3G0W_30_b', it belongs to other interface (lookup)
WARNING: Keyword 'lookup_table' ignored in calculation 'job_337_3G0W_31_ab', it belongs to other interface (lookup)
WARNING: Keyword 'lookup_table' ignored in calculation 'job_337_3G0W_31_a', it belongs to other interface (lookup)
WARNING: Keyword 'lookup_table' ignored in calculation 'job_337_3G0W_31_b', it belongs to other interface (lookup)
WARNING: Keyword 'lookup_table' ignored in calculation 'job_338_3G0W_32_ab', it belongs to other interface (lookup)
WARNING: Keyword 'lookup_table' ignored in calculation 'job_338_3G0W_32_a', it belongs to other interface (lookup)
WARNING: Keyword 'lookup_table' ignored in calculation 'job_338_3G0W_32_b', it belongs to other interface (lookup)
WARNING: Keyword 'lookup_table' ignored in calculation 'job_339_3G0W_33_ab', it belongs to other interface (lookup)
WARNING: Keyword 'lookup_table' ignored in calculation 'job_339_3G0W_33_a', it belongs to other interface (lookup)
WARNING: Keyword 'lookup_table' ignored in calculation 'job_339_3G0W_33_b', it belongs to other interface (lookup)
WARNING: Keyword 'lookup_table' ignored in calculation 'job_340_3G0W_34_ab', it belongs to other interface (lookup)
WARNING: Keyword 'lookup_table' ignored in calculation 'job_340_3G0W_34_a', it belongs to other interface (lookup)
WARNING: Keyword 'lookup_table' ignored in calculation 'job_340_3G0W_34_b', it belongs to other interface (lookup)
WARNING: Keyword 'lookup_table' ignored in calculation 'job_341_3G0W_35_ab', it belongs to other interface (lookup)
WARNING: Keyword 'lookup_table' ignored in calculation 'job_341_3G0W_35_a', it belongs to other interface (lookup)
WARNING: Keyword 'lookup_table' ignored in calculation 'job_341_3G0W_35_b', it belongs to other interface (lookup)
WARNING: Keyword 'lookup_table' ignored in calculation 'job_342_3G0W_36_ab', it belongs to other interface (lookup)
WARNING: Keyword 'lookup_table' ignored in calculation 'job_342_3G0W_36_a', it belongs to other interface (lookup)
WARNING: Keyword 'lookup_table' ignored in calculation 'job_342_3G0W_36_b', it belongs to other interface (lookup)
WARNING: Keyword 'lookup_table' ignored in calculation 'job_343_3GCU_01_ab', it belongs to other interface (lookup)
WARNING: Keyword 'lookup_table' ignored in calculation 'job_343_3GCU_01_a', it belongs to other interface (lookup)
WARNING: Keyword 'lookup_table' ignored in calculation 'job_343_3GCU_01_b', it belongs to other interface (lookup)
WARNING: Keyword 'lookup_table' ignored in calculation 'job_344_3GCU_02_ab', it belongs to other interface (lookup)
WARNING: Keyword 'lookup_table' ignored in calculation 'job_344_3GCU_02_a', it belongs to other interface (lookup)
WARNING: Keyword 'lookup_table' ignored in calculation 'job_344_3GCU_02_b', it belongs to other interface (lookup)
WARNING: Keyword 'lookup_table' ignored in calculation 'job_345_3GCU_03_ab', it belongs to other interface (lookup)
WARNING: Keyword 'lookup_table' ignored in calculation 'job_345_3GCU_03_a', it belongs to other interface (lookup)
WARNING: Keyword 'lookup_table' ignored in calculation 'job_345_3GCU_03_b', it belongs to other interface (lookup)
WARNING: Keyword 'lookup_table' ignored in calculation 'job_346_3GCU_04_ab', it belongs to other interface (lookup)
WARNING: Keyword 'lookup_table' ignored in calculation 'job_346_3GCU_04_a', it belongs to other interface (lookup)
WARNING: Keyword 'lookup_table' ignored in calculation 'job_346_3GCU_04_b', it belongs to other interface (lookup)
WARNING: Keyword 'lookup_table' ignored in calculation 'job_347_3GCU_05_ab', it belongs to other interface (lookup)
WARNING: Keyword 'lookup_table' ignored in calculation 'job_347_3GCU_05_a', it belongs to other interface (lookup)
WARNING: Keyword 'lookup_table' ignored in calculation 'job_347_3GCU_05_b', it belongs to other interface (lookup)
WARNING: Keyword 'lookup_table' ignored in calculation 'job_348_3GCU_06_ab', it belongs to other interface (lookup)
WARNING: Keyword 'lookup_table' ignored in calculation 'job_348_3GCU_06_a', it belongs to other interface (lookup)
WARNING: Keyword 'lookup_table' ignored in calculation 'job_348_3GCU_06_b', it belongs to other interface (lookup)
WARNING: Keyword 'lookup_table' ignored in calculation 'job_349_3GCU_07_ab', it belongs to other interface (lookup)
WARNING: Keyword 'lookup_table' ignored in calculation 'job_349_3GCU_07_a', it belongs to other interface (lookup)
WARNING: Keyword 'lookup_table' ignored in calculation 'job_349_3GCU_07_b', it belongs to other interface (lookup)
WARNING: Keyword 'lookup_table' ignored in calculation 'job_350_3GCU_08_ab', it belongs to other interface (lookup)
WARNING: Keyword 'lookup_table' ignored in calculation 'job_350_3GCU_08_a', it belongs to other interface (lookup)
WARNING: Keyword 'lookup_table' ignored in calculation 'job_350_3GCU_08_b', it belongs to other interface (lookup)
WARNING: Keyword 'lookup_table' ignored in calculation 'job_351_3GCU_09_ab', it belongs to other interface (lookup)
WARNING: Keyword 'lookup_table' ignored in calculation 'job_351_3GCU_09_a', it belongs to other interface (lookup)
WARNING: Keyword 'lookup_table' ignored in calculation 'job_351_3GCU_09_b', it belongs to other interface (lookup)
WARNING: Keyword 'lookup_table' ignored in calculation 'job_352_3GCU_10_ab', it belongs to other interface (lookup)
WARNING: Keyword 'lookup_table' ignored in calculation 'job_352_3GCU_10_a', it belongs to other interface (lookup)
WARNING: Keyword 'lookup_table' ignored in calculation 'job_352_3GCU_10_b', it belongs to other interface (lookup)
WARNING: Keyword 'lookup_table' ignored in calculation 'job_353_3GCU_11_ab', it belongs to other interface (lookup)
WARNING: Keyword 'lookup_table' ignored in calculation 'job_353_3GCU_11_a', it belongs to other interface (lookup)
WARNING: Keyword 'lookup_table' ignored in calculation 'job_353_3GCU_11_b', it belongs to other interface (lookup)
WARNING: Keyword 'lookup_table' ignored in calculation 'job_354_3GCU_12_ab', it belongs to other interface (lookup)
WARNING: Keyword 'lookup_table' ignored in calculation 'job_354_3GCU_12_a', it belongs to other interface (lookup)
WARNING: Keyword 'lookup_table' ignored in calculation 'job_354_3GCU_12_b', it belongs to other interface (lookup)
WARNING: Keyword 'lookup_table' ignored in calculation 'job_355_3GCU_13_ab', it belongs to other interface (lookup)
WARNING: Keyword 'lookup_table' ignored in calculation 'job_355_3GCU_13_a', it belongs to other interface (lookup)
WARNING: Keyword 'lookup_table' ignored in calculation 'job_355_3GCU_13_b', it belongs to other interface (lookup)
WARNING: Keyword 'lookup_table' ignored in calculation 'job_356_3GCU_14_ab', it belongs to other interface (lookup)
WARNING: Keyword 'lookup_table' ignored in calculation 'job_356_3GCU_14_a', it belongs to other interface (lookup)
WARNING: Keyword 'lookup_table' ignored in calculation 'job_356_3GCU_14_b', it belongs to other interface (lookup)
WARNING: Keyword 'lookup_table' ignored in calculation 'job_357_3GCU_15_ab', it belongs to other interface (lookup)
WARNING: Keyword 'lookup_table' ignored in calculation 'job_357_3GCU_15_a', it belongs to other interface (lookup)
WARNING: Keyword 'lookup_table' ignored in calculation 'job_357_3GCU_15_b', it belongs to other interface (lookup)
WARNING: Keyword 'lookup_table' ignored in calculation 'job_358_3GCU_16_ab', it belongs to other interface (lookup)
WARNING: Keyword 'lookup_table' ignored in calculation 'job_358_3GCU_16_a', it belongs to other interface (lookup)
WARNING: Keyword 'lookup_table' ignored in calculation 'job_358_3GCU_16_b', it belongs to other interface (lookup)
WARNING: Keyword 'lookup_table' ignored in calculation 'job_359_3GCU_17_ab', it belongs to other interface (lookup)
WARNING: Keyword 'lookup_table' ignored in calculation 'job_359_3GCU_17_a', it belongs to other interface (lookup)
WARNING: Keyword 'lookup_table' ignored in calculation 'job_359_3GCU_17_b', it belongs to other interface (lookup)
WARNING: Keyword 'lookup_table' ignored in calculation 'job_360_3GCU_18_ab', it belongs to other interface (lookup)
WARNING: Keyword 'lookup_table' ignored in calculation 'job_360_3GCU_18_a', it belongs to other interface (lookup)
WARNING: Keyword 'lookup_table' ignored in calculation 'job_360_3GCU_18_b', it belongs to other interface (lookup)
WARNING: Keyword 'lookup_table' ignored in calculation 'job_361_3GCU_19_ab', it belongs to other interface (lookup)
WARNING: Keyword 'lookup_table' ignored in calculation 'job_361_3GCU_19_a', it belongs to other interface (lookup)
WARNING: Keyword 'lookup_table' ignored in calculation 'job_361_3GCU_19_b', it belongs to other interface (lookup)
WARNING: Keyword 'lookup_table' ignored in calculation 'job_362_3GCU_20_ab', it belongs to other interface (lookup)
WARNING: Keyword 'lookup_table' ignored in calculation 'job_362_3GCU_20_a', it belongs to other interface (lookup)
WARNING: Keyword 'lookup_table' ignored in calculation 'job_362_3GCU_20_b', it belongs to other interface (lookup)
WARNING: Keyword 'lookup_table' ignored in calculation 'job_363_3GCU_21_ab', it belongs to other interface (lookup)
WARNING: Keyword 'lookup_table' ignored in calculation 'job_363_3GCU_21_a', it belongs to other interface (lookup)
WARNING: Keyword 'lookup_table' ignored in calculation 'job_363_3GCU_21_b', it belongs to other interface (lookup)
WARNING: Keyword 'lookup_table' ignored in calculation 'job_364_3GCU_22_ab', it belongs to other interface (lookup)
WARNING: Keyword 'lookup_table' ignored in calculation 'job_364_3GCU_22_a', it belongs to other interface (lookup)
WARNING: Keyword 'lookup_table' ignored in calculation 'job_364_3GCU_22_b', it belongs to other interface (lookup)
WARNING: Keyword 'lookup_table' ignored in calculation 'job_365_3GCU_23_ab', it belongs to other interface (lookup)
WARNING: Keyword 'lookup_table' ignored in calculation 'job_365_3GCU_23_a', it belongs to other interface (lookup)
WARNING: Keyword 'lookup_table' ignored in calculation 'job_365_3GCU_23_b', it belongs to other interface (lookup)
WARNING: Keyword 'lookup_table' ignored in calculation 'job_366_3GCU_24_ab', it belongs to other interface (lookup)
WARNING: Keyword 'lookup_table' ignored in calculation 'job_366_3GCU_24_a', it belongs to other interface (lookup)
WARNING: Keyword 'lookup_table' ignored in calculation 'job_366_3GCU_24_b', it belongs to other interface (lookup)
WARNING: Keyword 'lookup_table' ignored in calculation 'job_367_3GCU_25_ab', it belongs to other interface (lookup)
WARNING: Keyword 'lookup_table' ignored in calculation 'job_367_3GCU_25_a', it belongs to other interface (lookup)
WARNING: Keyword 'lookup_table' ignored in calculation 'job_367_3GCU_25_b', it belongs to other interface (lookup)
WARNING: Keyword 'lookup_table' ignored in calculation 'job_368_3GCU_26_ab', it belongs to other interface (lookup)
WARNING: Keyword 'lookup_table' ignored in calculation 'job_368_3GCU_26_a', it belongs to other interface (lookup)
WARNING: Keyword 'lookup_table' ignored in calculation 'job_368_3GCU_26_b', it belongs to other interface (lookup)
WARNING: Keyword 'lookup_table' ignored in calculation 'job_369_3GCU_27_ab', it belongs to other interface (lookup)
WARNING: Keyword 'lookup_table' ignored in calculation 'job_369_3GCU_27_a', it belongs to other interface (lookup)
WARNING: Keyword 'lookup_table' ignored in calculation 'job_369_3GCU_27_b', it belongs to other interface (lookup)
WARNING: Keyword 'lookup_table' ignored in calculation 'job_370_3GCU_28_ab', it belongs to other interface (lookup)
WARNING: Keyword 'lookup_table' ignored in calculation 'job_370_3GCU_28_a', it belongs to other interface (lookup)
WARNING: Keyword 'lookup_table' ignored in calculation 'job_370_3GCU_28_b', it belongs to other interface (lookup)
WARNING: Keyword 'lookup_table' ignored in calculation 'job_371_3GCU_29_ab', it belongs to other interface (lookup)
WARNING: Keyword 'lookup_table' ignored in calculation 'job_371_3GCU_29_a', it belongs to other interface (lookup)
WARNING: Keyword 'lookup_table' ignored in calculation 'job_371_3GCU_29_b', it belongs to other interface (lookup)
WARNING: Keyword 'lookup_table' ignored in calculation 'job_372_3GCU_30_ab', it belongs to other interface (lookup)
WARNING: Keyword 'lookup_table' ignored in calculation 'job_372_3GCU_30_a', it belongs to other interface (lookup)
WARNING: Keyword 'lookup_table' ignored in calculation 'job_372_3GCU_30_b', it belongs to other interface (lookup)
WARNING: Keyword 'lookup_table' ignored in calculation 'job_373_3GCU_31_ab', it belongs to other interface (lookup)
WARNING: Keyword 'lookup_table' ignored in calculation 'job_373_3GCU_31_a', it belongs to other interface (lookup)
WARNING: Keyword 'lookup_table' ignored in calculation 'job_373_3GCU_31_b', it belongs to other interface (lookup)
WARNING: Keyword 'lookup_table' ignored in calculation 'job_374_3GCU_32_ab', it belongs to other interface (lookup)
WARNING: Keyword 'lookup_table' ignored in calculation 'job_374_3GCU_32_a', it belongs to other interface (lookup)
WARNING: Keyword 'lookup_table' ignored in calculation 'job_374_3GCU_32_b', it belongs to other interface (lookup)
WARNING: Keyword 'lookup_table' ignored in calculation 'job_375_3GCU_33_ab', it belongs to other interface (lookup)
WARNING: Keyword 'lookup_table' ignored in calculation 'job_375_3GCU_33_a', it belongs to other interface (lookup)
WARNING: Keyword 'lookup_table' ignored in calculation 'job_375_3GCU_33_b', it belongs to other interface (lookup)
WARNING: Keyword 'lookup_table' ignored in calculation 'job_376_3GCU_34_ab', it belongs to other interface (lookup)
WARNING: Keyword 'lookup_table' ignored in calculation 'job_376_3GCU_34_a', it belongs to other interface (lookup)
WARNING: Keyword 'lookup_table' ignored in calculation 'job_376_3GCU_34_b', it belongs to other interface (lookup)
WARNING: Keyword 'lookup_table' ignored in calculation 'job_377_3GCU_35_ab', it belongs to other interface (lookup)
WARNING: Keyword 'lookup_table' ignored in calculation 'job_377_3GCU_35_a', it belongs to other interface (lookup)
WARNING: Keyword 'lookup_table' ignored in calculation 'job_377_3GCU_35_b', it belongs to other interface (lookup)
WARNING: Keyword 'lookup_table' ignored in calculation 'job_378_3GCU_36_ab', it belongs to other interface (lookup)
WARNING: Keyword 'lookup_table' ignored in calculation 'job_378_3GCU_36_a', it belongs to other interface (lookup)
WARNING: Keyword 'lookup_table' ignored in calculation 'job_378_3GCU_36_b', it belongs to other interface (lookup)
WARNING: Keyword 'lookup_table' ignored in calculation 'job_379_3GCU_37_ab', it belongs to other interface (lookup)
WARNING: Keyword 'lookup_table' ignored in calculation 'job_379_3GCU_37_a', it belongs to other interface (lookup)
WARNING: Keyword 'lookup_table' ignored in calculation 'job_379_3GCU_37_b', it belongs to other interface (lookup)
WARNING: Keyword 'lookup_table' ignored in calculation 'job_380_3GCU_38_ab', it belongs to other interface (lookup)
WARNING: Keyword 'lookup_table' ignored in calculation 'job_380_3GCU_38_a', it belongs to other interface (lookup)
WARNING: Keyword 'lookup_table' ignored in calculation 'job_380_3GCU_38_b', it belongs to other interface (lookup)
WARNING: Keyword 'lookup_table' ignored in calculation 'job_381_3GCU_39_ab', it belongs to other interface (lookup)
WARNING: Keyword 'lookup_table' ignored in calculation 'job_381_3GCU_39_a', it belongs to other interface (lookup)
WARNING: Keyword 'lookup_table' ignored in calculation 'job_381_3GCU_39_b', it belongs to other interface (lookup)
WARNING: Keyword 'lookup_table' ignored in calculation 'job_382_3GCU_40_ab', it belongs to other interface (lookup)
WARNING: Keyword 'lookup_table' ignored in calculation 'job_382_3GCU_40_a', it belongs to other interface (lookup)
WARNING: Keyword 'lookup_table' ignored in calculation 'job_382_3GCU_40_b', it belongs to other interface (lookup)
WARNING: Keyword 'lookup_table' ignored in calculation 'job_383_3GCU_41_ab', it belongs to other interface (lookup)
WARNING: Keyword 'lookup_table' ignored in calculation 'job_383_3GCU_41_a', it belongs to other interface (lookup)
WARNING: Keyword 'lookup_table' ignored in calculation 'job_383_3GCU_41_b', it belongs to other interface (lookup)
WARNING: Keyword 'lookup_table' ignored in calculation 'job_384_3GCU_42_ab', it belongs to other interface (lookup)
WARNING: Keyword 'lookup_table' ignored in calculation 'job_384_3GCU_42_a', it belongs to other interface (lookup)
WARNING: Keyword 'lookup_table' ignored in calculation 'job_384_3GCU_42_b', it belongs to other interface (lookup)
WARNING: Keyword 'lookup_table' ignored in calculation 'job_385_3GCU_43_ab', it belongs to other interface (lookup)
WARNING: Keyword 'lookup_table' ignored in calculation 'job_385_3GCU_43_a', it belongs to other interface (lookup)
WARNING: Keyword 'lookup_table' ignored in calculation 'job_385_3GCU_43_b', it belongs to other interface (lookup)
WARNING: Keyword 'lookup_table' ignored in calculation 'job_386_3GCU_44_ab', it belongs to other interface (lookup)
WARNING: Keyword 'lookup_table' ignored in calculation 'job_386_3GCU_44_a', it belongs to other interface (lookup)
WARNING: Keyword 'lookup_table' ignored in calculation 'job_386_3GCU_44_b', it belongs to other interface (lookup)
WARNING: Keyword 'lookup_table' ignored in calculation 'job_387_3GCU_45_ab', it belongs to other interface (lookup)
WARNING: Keyword 'lookup_table' ignored in calculation 'job_387_3GCU_45_a', it belongs to other interface (lookup)
WARNING: Keyword 'lookup_table' ignored in calculation 'job_387_3GCU_45_b', it belongs to other interface (lookup)
WARNING: Keyword 'lookup_table' ignored in calculation 'job_388_3GCU_46_ab', it belongs to other interface (lookup)
WARNING: Keyword 'lookup_table' ignored in calculation 'job_388_3GCU_46_a', it belongs to other interface (lookup)
WARNING: Keyword 'lookup_table' ignored in calculation 'job_388_3GCU_46_b', it belongs to other interface (lookup)
WARNING: Keyword 'lookup_table' ignored in calculation 'job_389_3GCU_47_ab', it belongs to other interface (lookup)
WARNING: Keyword 'lookup_table' ignored in calculation 'job_389_3GCU_47_a', it belongs to other interface (lookup)
WARNING: Keyword 'lookup_table' ignored in calculation 'job_389_3GCU_47_b', it belongs to other interface (lookup)
WARNING: Keyword 'lookup_table' ignored in calculation 'job_390_3GCU_48_ab', it belongs to other interface (lookup)
WARNING: Keyword 'lookup_table' ignored in calculation 'job_390_3GCU_48_a', it belongs to other interface (lookup)
WARNING: Keyword 'lookup_table' ignored in calculation 'job_390_3GCU_48_b', it belongs to other interface (lookup)
WARNING: Keyword 'lookup_table' ignored in calculation 'job_391_3GNW_01_ab', it belongs to other interface (lookup)
WARNING: Keyword 'lookup_table' ignored in calculation 'job_391_3GNW_01_a', it belongs to other interface (lookup)
WARNING: Keyword 'lookup_table' ignored in calculation 'job_391_3GNW_01_b', it belongs to other interface (lookup)
WARNING: Keyword 'lookup_table' ignored in calculation 'job_392_3GNW_02_ab', it belongs to other interface (lookup)
WARNING: Keyword 'lookup_table' ignored in calculation 'job_392_3GNW_02_a', it belongs to other interface (lookup)
WARNING: Keyword 'lookup_table' ignored in calculation 'job_392_3GNW_02_b', it belongs to other interface (lookup)
WARNING: Keyword 'lookup_table' ignored in calculation 'job_393_3GNW_03_ab', it belongs to other interface (lookup)
WARNING: Keyword 'lookup_table' ignored in calculation 'job_393_3GNW_03_a', it belongs to other interface (lookup)
WARNING: Keyword 'lookup_table' ignored in calculation 'job_393_3GNW_03_b', it belongs to other interface (lookup)
WARNING: Keyword 'lookup_table' ignored in calculation 'job_394_3GNW_04_ab', it belongs to other interface (lookup)
WARNING: Keyword 'lookup_table' ignored in calculation 'job_394_3GNW_04_a', it belongs to other interface (lookup)
WARNING: Keyword 'lookup_table' ignored in calculation 'job_394_3GNW_04_b', it belongs to other interface (lookup)
WARNING: Keyword 'lookup_table' ignored in calculation 'job_395_3GNW_05_ab', it belongs to other interface (lookup)
WARNING: Keyword 'lookup_table' ignored in calculation 'job_395_3GNW_05_a', it belongs to other interface (lookup)
WARNING: Keyword 'lookup_table' ignored in calculation 'job_395_3GNW_05_b', it belongs to other interface (lookup)
WARNING: Keyword 'lookup_table' ignored in calculation 'job_396_3GNW_06_ab', it belongs to other interface (lookup)
WARNING: Keyword 'lookup_table' ignored in calculation 'job_396_3GNW_06_a', it belongs to other interface (lookup)
WARNING: Keyword 'lookup_table' ignored in calculation 'job_396_3GNW_06_b', it belongs to other interface (lookup)
WARNING: Keyword 'lookup_table' ignored in calculation 'job_397_3GNW_07_ab', it belongs to other interface (lookup)
WARNING: Keyword 'lookup_table' ignored in calculation 'job_397_3GNW_07_a', it belongs to other interface (lookup)
WARNING: Keyword 'lookup_table' ignored in calculation 'job_397_3GNW_07_b', it belongs to other interface (lookup)
WARNING: Keyword 'lookup_table' ignored in calculation 'job_398_3GNW_08_ab', it belongs to other interface (lookup)
WARNING: Keyword 'lookup_table' ignored in calculation 'job_398_3GNW_08_a', it belongs to other interface (lookup)
WARNING: Keyword 'lookup_table' ignored in calculation 'job_398_3GNW_08_b', it belongs to other interface (lookup)
WARNING: Keyword 'lookup_table' ignored in calculation 'job_399_3GNW_09_ab', it belongs to other interface (lookup)
WARNING: Keyword 'lookup_table' ignored in calculation 'job_399_3GNW_09_a', it belongs to other interface (lookup)
WARNING: Keyword 'lookup_table' ignored in calculation 'job_399_3GNW_09_b', it belongs to other interface (lookup)
WARNING: Keyword 'lookup_table' ignored in calculation 'job_400_3GNW_10_ab', it belongs to other interface (lookup)
WARNING: Keyword 'lookup_table' ignored in calculation 'job_400_3GNW_10_a', it belongs to other interface (lookup)
WARNING: Keyword 'lookup_table' ignored in calculation 'job_400_3GNW_10_b', it belongs to other interface (lookup)
WARNING: Keyword 'lookup_table' ignored in calculation 'job_401_3GNW_11_ab', it belongs to other interface (lookup)
WARNING: Keyword 'lookup_table' ignored in calculation 'job_401_3GNW_11_a', it belongs to other interface (lookup)
WARNING: Keyword 'lookup_table' ignored in calculation 'job_401_3GNW_11_b', it belongs to other interface (lookup)
WARNING: Keyword 'lookup_table' ignored in calculation 'job_402_3GNW_12_ab', it belongs to other interface (lookup)
WARNING: Keyword 'lookup_table' ignored in calculation 'job_402_3GNW_12_a', it belongs to other interface (lookup)
WARNING: Keyword 'lookup_table' ignored in calculation 'job_402_3GNW_12_b', it belongs to other interface (lookup)
WARNING: Keyword 'lookup_table' ignored in calculation 'job_403_3GNW_13_ab', it belongs to other interface (lookup)
WARNING: Keyword 'lookup_table' ignored in calculation 'job_403_3GNW_13_a', it belongs to other interface (lookup)
WARNING: Keyword 'lookup_table' ignored in calculation 'job_403_3GNW_13_b', it belongs to other interface (lookup)
WARNING: Keyword 'lookup_table' ignored in calculation 'job_404_3GNW_14_ab', it belongs to other interface (lookup)
WARNING: Keyword 'lookup_table' ignored in calculation 'job_404_3GNW_14_a', it belongs to other interface (lookup)
WARNING: Keyword 'lookup_table' ignored in calculation 'job_404_3GNW_14_b', it belongs to other interface (lookup)
WARNING: Keyword 'lookup_table' ignored in calculation 'job_405_3GNW_15_ab', it belongs to other interface (lookup)
WARNING: Keyword 'lookup_table' ignored in calculation 'job_405_3GNW_15_a', it belongs to other interface (lookup)
WARNING: Keyword 'lookup_table' ignored in calculation 'job_405_3GNW_15_b', it belongs to other interface (lookup)
WARNING: Keyword 'lookup_table' ignored in calculation 'job_406_3GNW_16_ab', it belongs to other interface (lookup)
WARNING: Keyword 'lookup_table' ignored in calculation 'job_406_3GNW_16_a', it belongs to other interface (lookup)
WARNING: Keyword 'lookup_table' ignored in calculation 'job_406_3GNW_16_b', it belongs to other interface (lookup)
WARNING: Keyword 'lookup_table' ignored in calculation 'job_407_3GNW_17_ab', it belongs to other interface (lookup)
WARNING: Keyword 'lookup_table' ignored in calculation 'job_407_3GNW_17_a', it belongs to other interface (lookup)
WARNING: Keyword 'lookup_table' ignored in calculation 'job_407_3GNW_17_b', it belongs to other interface (lookup)
WARNING: Keyword 'lookup_table' ignored in calculation 'job_408_3GNW_18_ab', it belongs to other interface (lookup)
WARNING: Keyword 'lookup_table' ignored in calculation 'job_408_3GNW_18_a', it belongs to other interface (lookup)
WARNING: Keyword 'lookup_table' ignored in calculation 'job_408_3GNW_18_b', it belongs to other interface (lookup)
WARNING: Keyword 'lookup_table' ignored in calculation 'job_409_3GNW_19_ab', it belongs to other interface (lookup)
WARNING: Keyword 'lookup_table' ignored in calculation 'job_409_3GNW_19_a', it belongs to other interface (lookup)
WARNING: Keyword 'lookup_table' ignored in calculation 'job_409_3GNW_19_b', it belongs to other interface (lookup)
WARNING: Keyword 'lookup_table' ignored in calculation 'job_410_3GNW_20_ab', it belongs to other interface (lookup)
WARNING: Keyword 'lookup_table' ignored in calculation 'job_410_3GNW_20_a', it belongs to other interface (lookup)
WARNING: Keyword 'lookup_table' ignored in calculation 'job_410_3GNW_20_b', it belongs to other interface (lookup)
WARNING: Keyword 'lookup_table' ignored in calculation 'job_411_3GNW_21_ab', it belongs to other interface (lookup)
WARNING: Keyword 'lookup_table' ignored in calculation 'job_411_3GNW_21_a', it belongs to other interface (lookup)
WARNING: Keyword 'lookup_table' ignored in calculation 'job_411_3GNW_21_b', it belongs to other interface (lookup)
WARNING: Keyword 'lookup_table' ignored in calculation 'job_412_3GNW_22_ab', it belongs to other interface (lookup)
WARNING: Keyword 'lookup_table' ignored in calculation 'job_412_3GNW_22_a', it belongs to other interface (lookup)
WARNING: Keyword 'lookup_table' ignored in calculation 'job_412_3GNW_22_b', it belongs to other interface (lookup)
WARNING: Keyword 'lookup_table' ignored in calculation 'job_413_3GNW_23_ab', it belongs to other interface (lookup)
WARNING: Keyword 'lookup_table' ignored in calculation 'job_413_3GNW_23_a', it belongs to other interface (lookup)
WARNING: Keyword 'lookup_table' ignored in calculation 'job_413_3GNW_23_b', it belongs to other interface (lookup)
WARNING: Keyword 'lookup_table' ignored in calculation 'job_414_3GNW_24_ab', it belongs to other interface (lookup)
WARNING: Keyword 'lookup_table' ignored in calculation 'job_414_3GNW_24_a', it belongs to other interface (lookup)
WARNING: Keyword 'lookup_table' ignored in calculation 'job_414_3GNW_24_b', it belongs to other interface (lookup)
WARNING: Keyword 'lookup_table' ignored in calculation 'job_415_3GNW_25_ab', it belongs to other interface (lookup)
WARNING: Keyword 'lookup_table' ignored in calculation 'job_415_3GNW_25_a', it belongs to other interface (lookup)
WARNING: Keyword 'lookup_table' ignored in calculation 'job_415_3GNW_25_b', it belongs to other interface (lookup)
WARNING: Keyword 'lookup_table' ignored in calculation 'job_416_3GNW_26_ab', it belongs to other interface (lookup)
WARNING: Keyword 'lookup_table' ignored in calculation 'job_416_3GNW_26_a', it belongs to other interface (lookup)
WARNING: Keyword 'lookup_table' ignored in calculation 'job_416_3GNW_26_b', it belongs to other interface (lookup)
WARNING: Keyword 'lookup_table' ignored in calculation 'job_417_3GNW_27_ab', it belongs to other interface (lookup)
WARNING: Keyword 'lookup_table' ignored in calculation 'job_417_3GNW_27_a', it belongs to other interface (lookup)
WARNING: Keyword 'lookup_table' ignored in calculation 'job_417_3GNW_27_b', it belongs to other interface (lookup)
WARNING: Keyword 'lookup_table' ignored in calculation 'job_418_3GNW_28_ab', it belongs to other interface (lookup)
WARNING: Keyword 'lookup_table' ignored in calculation 'job_418_3GNW_28_a', it belongs to other interface (lookup)
WARNING: Keyword 'lookup_table' ignored in calculation 'job_418_3GNW_28_b', it belongs to other interface (lookup)
WARNING: Keyword 'lookup_table' ignored in calculation 'job_419_3GNW_29_ab', it belongs to other interface (lookup)
WARNING: Keyword 'lookup_table' ignored in calculation 'job_419_3GNW_29_a', it belongs to other interface (lookup)
WARNING: Keyword 'lookup_table' ignored in calculation 'job_419_3GNW_29_b', it belongs to other interface (lookup)
WARNING: Keyword 'lookup_table' ignored in calculation 'job_420_3GNW_30_ab', it belongs to other interface (lookup)
WARNING: Keyword 'lookup_table' ignored in calculation 'job_420_3GNW_30_a', it belongs to other interface (lookup)
WARNING: Keyword 'lookup_table' ignored in calculation 'job_420_3GNW_30_b', it belongs to other interface (lookup)
WARNING: Keyword 'lookup_table' ignored in calculation 'job_421_3GNW_31_ab', it belongs to other interface (lookup)
WARNING: Keyword 'lookup_table' ignored in calculation 'job_421_3GNW_31_a', it belongs to other interface (lookup)
WARNING: Keyword 'lookup_table' ignored in calculation 'job_421_3GNW_31_b', it belongs to other interface (lookup)
WARNING: Keyword 'lookup_table' ignored in calculation 'job_422_3GNW_32_ab', it belongs to other interface (lookup)
WARNING: Keyword 'lookup_table' ignored in calculation 'job_422_3GNW_32_a', it belongs to other interface (lookup)
WARNING: Keyword 'lookup_table' ignored in calculation 'job_422_3GNW_32_b', it belongs to other interface (lookup)
WARNING: Keyword 'lookup_table' ignored in calculation 'job_423_3GNW_33_ab', it belongs to other interface (lookup)
WARNING: Keyword 'lookup_table' ignored in calculation 'job_423_3GNW_33_a', it belongs to other interface (lookup)
WARNING: Keyword 'lookup_table' ignored in calculation 'job_423_3GNW_33_b', it belongs to other interface (lookup)
WARNING: Keyword 'lookup_table' ignored in calculation 'job_424_3GNW_34_ab', it belongs to other interface (lookup)
WARNING: Keyword 'lookup_table' ignored in calculation 'job_424_3GNW_34_a', it belongs to other interface (lookup)
WARNING: Keyword 'lookup_table' ignored in calculation 'job_424_3GNW_34_b', it belongs to other interface (lookup)
WARNING: Keyword 'lookup_table' ignored in calculation 'job_425_3GNW_35_ab', it belongs to other interface (lookup)
WARNING: Keyword 'lookup_table' ignored in calculation 'job_425_3GNW_35_a', it belongs to other interface (lookup)
WARNING: Keyword 'lookup_table' ignored in calculation 'job_425_3GNW_35_b', it belongs to other interface (lookup)
WARNING: Keyword 'lookup_table' ignored in calculation 'job_426_3JVS_01_ab', it belongs to other interface (lookup)
WARNING: Keyword 'lookup_table' ignored in calculation 'job_426_3JVS_01_a', it belongs to other interface (lookup)
WARNING: Keyword 'lookup_table' ignored in calculation 'job_426_3JVS_01_b', it belongs to other interface (lookup)
WARNING: Keyword 'lookup_table' ignored in calculation 'job_427_3JVS_02_ab', it belongs to other interface (lookup)
WARNING: Keyword 'lookup_table' ignored in calculation 'job_427_3JVS_02_a', it belongs to other interface (lookup)
WARNING: Keyword 'lookup_table' ignored in calculation 'job_427_3JVS_02_b', it belongs to other interface (lookup)
WARNING: Keyword 'lookup_table' ignored in calculation 'job_428_3JVS_03_ab', it belongs to other interface (lookup)
WARNING: Keyword 'lookup_table' ignored in calculation 'job_428_3JVS_03_a', it belongs to other interface (lookup)
WARNING: Keyword 'lookup_table' ignored in calculation 'job_428_3JVS_03_b', it belongs to other interface (lookup)
WARNING: Keyword 'lookup_table' ignored in calculation 'job_429_3JVS_04_ab', it belongs to other interface (lookup)
WARNING: Keyword 'lookup_table' ignored in calculation 'job_429_3JVS_04_a', it belongs to other interface (lookup)
WARNING: Keyword 'lookup_table' ignored in calculation 'job_429_3JVS_04_b', it belongs to other interface (lookup)
WARNING: Keyword 'lookup_table' ignored in calculation 'job_430_3JVS_05_ab', it belongs to other interface (lookup)
WARNING: Keyword 'lookup_table' ignored in calculation 'job_430_3JVS_05_a', it belongs to other interface (lookup)
WARNING: Keyword 'lookup_table' ignored in calculation 'job_430_3JVS_05_b', it belongs to other interface (lookup)
WARNING: Keyword 'lookup_table' ignored in calculation 'job_431_3JVS_06_ab', it belongs to other interface (lookup)
WARNING: Keyword 'lookup_table' ignored in calculation 'job_431_3JVS_06_a', it belongs to other interface (lookup)
WARNING: Keyword 'lookup_table' ignored in calculation 'job_431_3JVS_06_b', it belongs to other interface (lookup)
WARNING: Keyword 'lookup_table' ignored in calculation 'job_432_3JVS_07_ab', it belongs to other interface (lookup)
WARNING: Keyword 'lookup_table' ignored in calculation 'job_432_3JVS_07_a', it belongs to other interface (lookup)
WARNING: Keyword 'lookup_table' ignored in calculation 'job_432_3JVS_07_b', it belongs to other interface (lookup)
WARNING: Keyword 'lookup_table' ignored in calculation 'job_433_3JVS_08_ab', it belongs to other interface (lookup)
WARNING: Keyword 'lookup_table' ignored in calculation 'job_433_3JVS_08_a', it belongs to other interface (lookup)
WARNING: Keyword 'lookup_table' ignored in calculation 'job_433_3JVS_08_b', it belongs to other interface (lookup)
WARNING: Keyword 'lookup_table' ignored in calculation 'job_434_3JVS_09_ab', it belongs to other interface (lookup)
WARNING: Keyword 'lookup_table' ignored in calculation 'job_434_3JVS_09_a', it belongs to other interface (lookup)
WARNING: Keyword 'lookup_table' ignored in calculation 'job_434_3JVS_09_b', it belongs to other interface (lookup)
WARNING: Keyword 'lookup_table' ignored in calculation 'job_435_3JVS_10_ab', it belongs to other interface (lookup)
WARNING: Keyword 'lookup_table' ignored in calculation 'job_435_3JVS_10_a', it belongs to other interface (lookup)
WARNING: Keyword 'lookup_table' ignored in calculation 'job_435_3JVS_10_b', it belongs to other interface (lookup)
WARNING: Keyword 'lookup_table' ignored in calculation 'job_436_3JVS_11_ab', it belongs to other interface (lookup)
WARNING: Keyword 'lookup_table' ignored in calculation 'job_436_3JVS_11_a', it belongs to other interface (lookup)
WARNING: Keyword 'lookup_table' ignored in calculation 'job_436_3JVS_11_b', it belongs to other interface (lookup)
WARNING: Keyword 'lookup_table' ignored in calculation 'job_437_3JVS_12_ab', it belongs to other interface (lookup)
WARNING: Keyword 'lookup_table' ignored in calculation 'job_437_3JVS_12_a', it belongs to other interface (lookup)
WARNING: Keyword 'lookup_table' ignored in calculation 'job_437_3JVS_12_b', it belongs to other interface (lookup)
WARNING: Keyword 'lookup_table' ignored in calculation 'job_438_3JVS_13_ab', it belongs to other interface (lookup)
WARNING: Keyword 'lookup_table' ignored in calculation 'job_438_3JVS_13_a', it belongs to other interface (lookup)
WARNING: Keyword 'lookup_table' ignored in calculation 'job_438_3JVS_13_b', it belongs to other interface (lookup)
WARNING: Keyword 'lookup_table' ignored in calculation 'job_439_3JVS_14_ab', it belongs to other interface (lookup)
WARNING: Keyword 'lookup_table' ignored in calculation 'job_439_3JVS_14_a', it belongs to other interface (lookup)
WARNING: Keyword 'lookup_table' ignored in calculation 'job_439_3JVS_14_b', it belongs to other interface (lookup)
WARNING: Keyword 'lookup_table' ignored in calculation 'job_440_3JVS_15_ab', it belongs to other interface (lookup)
WARNING: Keyword 'lookup_table' ignored in calculation 'job_440_3JVS_15_a', it belongs to other interface (lookup)
WARNING: Keyword 'lookup_table' ignored in calculation 'job_440_3JVS_15_b', it belongs to other interface (lookup)
WARNING: Keyword 'lookup_table' ignored in calculation 'job_441_3JVS_16_ab', it belongs to other interface (lookup)
WARNING: Keyword 'lookup_table' ignored in calculation 'job_441_3JVS_16_a', it belongs to other interface (lookup)
WARNING: Keyword 'lookup_table' ignored in calculation 'job_441_3JVS_16_b', it belongs to other interface (lookup)
WARNING: Keyword 'lookup_table' ignored in calculation 'job_442_3JVS_17_ab', it belongs to other interface (lookup)
WARNING: Keyword 'lookup_table' ignored in calculation 'job_442_3JVS_17_a', it belongs to other interface (lookup)
WARNING: Keyword 'lookup_table' ignored in calculation 'job_442_3JVS_17_b', it belongs to other interface (lookup)
WARNING: Keyword 'lookup_table' ignored in calculation 'job_443_3JVS_18_ab', it belongs to other interface (lookup)
WARNING: Keyword 'lookup_table' ignored in calculation 'job_443_3JVS_18_a', it belongs to other interface (lookup)
WARNING: Keyword 'lookup_table' ignored in calculation 'job_443_3JVS_18_b', it belongs to other interface (lookup)
WARNING: Keyword 'lookup_table' ignored in calculation 'job_444_3JVS_19_ab', it belongs to other interface (lookup)
WARNING: Keyword 'lookup_table' ignored in calculation 'job_444_3JVS_19_a', it belongs to other interface (lookup)
WARNING: Keyword 'lookup_table' ignored in calculation 'job_444_3JVS_19_b', it belongs to other interface (lookup)
WARNING: Keyword 'lookup_table' ignored in calculation 'job_445_3JVS_20_ab', it belongs to other interface (lookup)
WARNING: Keyword 'lookup_table' ignored in calculation 'job_445_3JVS_20_a', it belongs to other interface (lookup)
WARNING: Keyword 'lookup_table' ignored in calculation 'job_445_3JVS_20_b', it belongs to other interface (lookup)
WARNING: Keyword 'lookup_table' ignored in calculation 'job_446_3JVS_21_ab', it belongs to other interface (lookup)
WARNING: Keyword 'lookup_table' ignored in calculation 'job_446_3JVS_21_a', it belongs to other interface (lookup)
WARNING: Keyword 'lookup_table' ignored in calculation 'job_446_3JVS_21_b', it belongs to other interface (lookup)
WARNING: Keyword 'lookup_table' ignored in calculation 'job_447_3JVS_22_ab', it belongs to other interface (lookup)
WARNING: Keyword 'lookup_table' ignored in calculation 'job_447_3JVS_22_a', it belongs to other interface (lookup)
WARNING: Keyword 'lookup_table' ignored in calculation 'job_447_3JVS_22_b', it belongs to other interface (lookup)
WARNING: Keyword 'lookup_table' ignored in calculation 'job_448_3NOX_01_ab', it belongs to other interface (lookup)
WARNING: Keyword 'lookup_table' ignored in calculation 'job_448_3NOX_01_a', it belongs to other interface (lookup)
WARNING: Keyword 'lookup_table' ignored in calculation 'job_448_3NOX_01_b', it belongs to other interface (lookup)
WARNING: Keyword 'lookup_table' ignored in calculation 'job_449_3NOX_02_ab', it belongs to other interface (lookup)
WARNING: Keyword 'lookup_table' ignored in calculation 'job_449_3NOX_02_a', it belongs to other interface (lookup)
WARNING: Keyword 'lookup_table' ignored in calculation 'job_449_3NOX_02_b', it belongs to other interface (lookup)
WARNING: Keyword 'lookup_table' ignored in calculation 'job_450_3NOX_03_ab', it belongs to other interface (lookup)
WARNING: Keyword 'lookup_table' ignored in calculation 'job_450_3NOX_03_a', it belongs to other interface (lookup)
WARNING: Keyword 'lookup_table' ignored in calculation 'job_450_3NOX_03_b', it belongs to other interface (lookup)
WARNING: Keyword 'lookup_table' ignored in calculation 'job_451_3NOX_04_ab', it belongs to other interface (lookup)
WARNING: Keyword 'lookup_table' ignored in calculation 'job_451_3NOX_04_a', it belongs to other interface (lookup)
WARNING: Keyword 'lookup_table' ignored in calculation 'job_451_3NOX_04_b', it belongs to other interface (lookup)
WARNING: Keyword 'lookup_table' ignored in calculation 'job_452_3NOX_05_ab', it belongs to other interface (lookup)
WARNING: Keyword 'lookup_table' ignored in calculation 'job_452_3NOX_05_a', it belongs to other interface (lookup)
WARNING: Keyword 'lookup_table' ignored in calculation 'job_452_3NOX_05_b', it belongs to other interface (lookup)
WARNING: Keyword 'lookup_table' ignored in calculation 'job_453_3NOX_06_ab', it belongs to other interface (lookup)
WARNING: Keyword 'lookup_table' ignored in calculation 'job_453_3NOX_06_a', it belongs to other interface (lookup)
WARNING: Keyword 'lookup_table' ignored in calculation 'job_453_3NOX_06_b', it belongs to other interface (lookup)
WARNING: Keyword 'lookup_table' ignored in calculation 'job_454_3NOX_07_ab', it belongs to other interface (lookup)
WARNING: Keyword 'lookup_table' ignored in calculation 'job_454_3NOX_07_a', it belongs to other interface (lookup)
WARNING: Keyword 'lookup_table' ignored in calculation 'job_454_3NOX_07_b', it belongs to other interface (lookup)
WARNING: Keyword 'lookup_table' ignored in calculation 'job_455_3NOX_08_ab', it belongs to other interface (lookup)
WARNING: Keyword 'lookup_table' ignored in calculation 'job_455_3NOX_08_a', it belongs to other interface (lookup)
WARNING: Keyword 'lookup_table' ignored in calculation 'job_455_3NOX_08_b', it belongs to other interface (lookup)
WARNING: Keyword 'lookup_table' ignored in calculation 'job_456_3NOX_09_ab', it belongs to other interface (lookup)
WARNING: Keyword 'lookup_table' ignored in calculation 'job_456_3NOX_09_a', it belongs to other interface (lookup)
WARNING: Keyword 'lookup_table' ignored in calculation 'job_456_3NOX_09_b', it belongs to other interface (lookup)
WARNING: Keyword 'lookup_table' ignored in calculation 'job_457_3NOX_10_ab', it belongs to other interface (lookup)
WARNING: Keyword 'lookup_table' ignored in calculation 'job_457_3NOX_10_a', it belongs to other interface (lookup)
WARNING: Keyword 'lookup_table' ignored in calculation 'job_457_3NOX_10_b', it belongs to other interface (lookup)
WARNING: Keyword 'lookup_table' ignored in calculation 'job_458_3NOX_11_ab', it belongs to other interface (lookup)
WARNING: Keyword 'lookup_table' ignored in calculation 'job_458_3NOX_11_a', it belongs to other interface (lookup)
WARNING: Keyword 'lookup_table' ignored in calculation 'job_458_3NOX_11_b', it belongs to other interface (lookup)
WARNING: Keyword 'lookup_table' ignored in calculation 'job_459_3NOX_12_ab', it belongs to other interface (lookup)
WARNING: Keyword 'lookup_table' ignored in calculation 'job_459_3NOX_12_a', it belongs to other interface (lookup)
WARNING: Keyword 'lookup_table' ignored in calculation 'job_459_3NOX_12_b', it belongs to other interface (lookup)
WARNING: Keyword 'lookup_table' ignored in calculation 'job_460_3NOX_13_ab', it belongs to other interface (lookup)
WARNING: Keyword 'lookup_table' ignored in calculation 'job_460_3NOX_13_a', it belongs to other interface (lookup)
WARNING: Keyword 'lookup_table' ignored in calculation 'job_460_3NOX_13_b', it belongs to other interface (lookup)
WARNING: Keyword 'lookup_table' ignored in calculation 'job_461_3NOX_14_ab', it belongs to other interface (lookup)
WARNING: Keyword 'lookup_table' ignored in calculation 'job_461_3NOX_14_a', it belongs to other interface (lookup)
WARNING: Keyword 'lookup_table' ignored in calculation 'job_461_3NOX_14_b', it belongs to other interface (lookup)
WARNING: Keyword 'lookup_table' ignored in calculation 'job_462_3NOX_15_ab', it belongs to other interface (lookup)
WARNING: Keyword 'lookup_table' ignored in calculation 'job_462_3NOX_15_a', it belongs to other interface (lookup)
WARNING: Keyword 'lookup_table' ignored in calculation 'job_462_3NOX_15_b', it belongs to other interface (lookup)
WARNING: Keyword 'lookup_table' ignored in calculation 'job_463_3NOX_16_ab', it belongs to other interface (lookup)
WARNING: Keyword 'lookup_table' ignored in calculation 'job_463_3NOX_16_a', it belongs to other interface (lookup)
WARNING: Keyword 'lookup_table' ignored in calculation 'job_463_3NOX_16_b', it belongs to other interface (lookup)
WARNING: Keyword 'lookup_table' ignored in calculation 'job_464_3NOX_17_ab', it belongs to other interface (lookup)
WARNING: Keyword 'lookup_table' ignored in calculation 'job_464_3NOX_17_a', it belongs to other interface (lookup)
WARNING: Keyword 'lookup_table' ignored in calculation 'job_464_3NOX_17_b', it belongs to other interface (lookup)
WARNING: Keyword 'lookup_table' ignored in calculation 'job_465_3NOX_18_ab', it belongs to other interface (lookup)
WARNING: Keyword 'lookup_table' ignored in calculation 'job_465_3NOX_18_a', it belongs to other interface (lookup)
WARNING: Keyword 'lookup_table' ignored in calculation 'job_465_3NOX_18_b', it belongs to other interface (lookup)
WARNING: Keyword 'lookup_table' ignored in calculation 'job_466_3NOX_19_ab', it belongs to other interface (lookup)
WARNING: Keyword 'lookup_table' ignored in calculation 'job_466_3NOX_19_a', it belongs to other interface (lookup)
WARNING: Keyword 'lookup_table' ignored in calculation 'job_466_3NOX_19_b', it belongs to other interface (lookup)
WARNING: Keyword 'lookup_table' ignored in calculation 'job_467_3NOX_20_ab', it belongs to other interface (lookup)
WARNING: Keyword 'lookup_table' ignored in calculation 'job_467_3NOX_20_a', it belongs to other interface (lookup)
WARNING: Keyword 'lookup_table' ignored in calculation 'job_467_3NOX_20_b', it belongs to other interface (lookup)
WARNING: Keyword 'lookup_table' ignored in calculation 'job_468_3NOX_21_ab', it belongs to other interface (lookup)
WARNING: Keyword 'lookup_table' ignored in calculation 'job_468_3NOX_21_a', it belongs to other interface (lookup)
WARNING: Keyword 'lookup_table' ignored in calculation 'job_468_3NOX_21_b', it belongs to other interface (lookup)
WARNING: Keyword 'lookup_table' ignored in calculation 'job_469_3PE2_01_ab', it belongs to other interface (lookup)
WARNING: Keyword 'lookup_table' ignored in calculation 'job_469_3PE2_01_a', it belongs to other interface (lookup)
WARNING: Keyword 'lookup_table' ignored in calculation 'job_469_3PE2_01_b', it belongs to other interface (lookup)
WARNING: Keyword 'lookup_table' ignored in calculation 'job_470_3PE2_02_ab', it belongs to other interface (lookup)
WARNING: Keyword 'lookup_table' ignored in calculation 'job_470_3PE2_02_a', it belongs to other interface (lookup)
WARNING: Keyword 'lookup_table' ignored in calculation 'job_470_3PE2_02_b', it belongs to other interface (lookup)
WARNING: Keyword 'lookup_table' ignored in calculation 'job_471_3PE2_03_ab', it belongs to other interface (lookup)
WARNING: Keyword 'lookup_table' ignored in calculation 'job_471_3PE2_03_a', it belongs to other interface (lookup)
WARNING: Keyword 'lookup_table' ignored in calculation 'job_471_3PE2_03_b', it belongs to other interface (lookup)
WARNING: Keyword 'lookup_table' ignored in calculation 'job_472_3PE2_04_ab', it belongs to other interface (lookup)
WARNING: Keyword 'lookup_table' ignored in calculation 'job_472_3PE2_04_a', it belongs to other interface (lookup)
WARNING: Keyword 'lookup_table' ignored in calculation 'job_472_3PE2_04_b', it belongs to other interface (lookup)
WARNING: Keyword 'lookup_table' ignored in calculation 'job_473_3PE2_05_ab', it belongs to other interface (lookup)
WARNING: Keyword 'lookup_table' ignored in calculation 'job_473_3PE2_05_a', it belongs to other interface (lookup)
WARNING: Keyword 'lookup_table' ignored in calculation 'job_473_3PE2_05_b', it belongs to other interface (lookup)
WARNING: Keyword 'lookup_table' ignored in calculation 'job_474_3PE2_06_ab', it belongs to other interface (lookup)
WARNING: Keyword 'lookup_table' ignored in calculation 'job_474_3PE2_06_a', it belongs to other interface (lookup)
WARNING: Keyword 'lookup_table' ignored in calculation 'job_474_3PE2_06_b', it belongs to other interface (lookup)
WARNING: Keyword 'lookup_table' ignored in calculation 'job_475_3PE2_07_ab', it belongs to other interface (lookup)
WARNING: Keyword 'lookup_table' ignored in calculation 'job_475_3PE2_07_a', it belongs to other interface (lookup)
WARNING: Keyword 'lookup_table' ignored in calculation 'job_475_3PE2_07_b', it belongs to other interface (lookup)
WARNING: Keyword 'lookup_table' ignored in calculation 'job_476_3PE2_08_ab', it belongs to other interface (lookup)
WARNING: Keyword 'lookup_table' ignored in calculation 'job_476_3PE2_08_a', it belongs to other interface (lookup)
WARNING: Keyword 'lookup_table' ignored in calculation 'job_476_3PE2_08_b', it belongs to other interface (lookup)
WARNING: Keyword 'lookup_table' ignored in calculation 'job_477_3PE2_09_ab', it belongs to other interface (lookup)
WARNING: Keyword 'lookup_table' ignored in calculation 'job_477_3PE2_09_a', it belongs to other interface (lookup)
WARNING: Keyword 'lookup_table' ignored in calculation 'job_477_3PE2_09_b', it belongs to other interface (lookup)
WARNING: Keyword 'lookup_table' ignored in calculation 'job_478_3PE2_10_ab', it belongs to other interface (lookup)
WARNING: Keyword 'lookup_table' ignored in calculation 'job_478_3PE2_10_a', it belongs to other interface (lookup)
WARNING: Keyword 'lookup_table' ignored in calculation 'job_478_3PE2_10_b', it belongs to other interface (lookup)
WARNING: Keyword 'lookup_table' ignored in calculation 'job_479_3PE2_11_ab', it belongs to other interface (lookup)
WARNING: Keyword 'lookup_table' ignored in calculation 'job_479_3PE2_11_a', it belongs to other interface (lookup)
WARNING: Keyword 'lookup_table' ignored in calculation 'job_479_3PE2_11_b', it belongs to other interface (lookup)
WARNING: Keyword 'lookup_table' ignored in calculation 'job_480_3PE2_12_ab', it belongs to other interface (lookup)
WARNING: Keyword 'lookup_table' ignored in calculation 'job_480_3PE2_12_a', it belongs to other interface (lookup)
WARNING: Keyword 'lookup_table' ignored in calculation 'job_480_3PE2_12_b', it belongs to other interface (lookup)
WARNING: Keyword 'lookup_table' ignored in calculation 'job_481_3PE2_13_ab', it belongs to other interface (lookup)
WARNING: Keyword 'lookup_table' ignored in calculation 'job_481_3PE2_13_a', it belongs to other interface (lookup)
WARNING: Keyword 'lookup_table' ignored in calculation 'job_481_3PE2_13_b', it belongs to other interface (lookup)
WARNING: Keyword 'lookup_table' ignored in calculation 'job_482_3PE2_14_ab', it belongs to other interface (lookup)
WARNING: Keyword 'lookup_table' ignored in calculation 'job_482_3PE2_14_a', it belongs to other interface (lookup)
WARNING: Keyword 'lookup_table' ignored in calculation 'job_482_3PE2_14_b', it belongs to other interface (lookup)
WARNING: Keyword 'lookup_table' ignored in calculation 'job_483_3PE2_15_ab', it belongs to other interface (lookup)
WARNING: Keyword 'lookup_table' ignored in calculation 'job_483_3PE2_15_a', it belongs to other interface (lookup)
WARNING: Keyword 'lookup_table' ignored in calculation 'job_483_3PE2_15_b', it belongs to other interface (lookup)
WARNING: Keyword 'lookup_table' ignored in calculation 'job_484_3PE2_16_ab', it belongs to other interface (lookup)
WARNING: Keyword 'lookup_table' ignored in calculation 'job_484_3PE2_16_a', it belongs to other interface (lookup)
WARNING: Keyword 'lookup_table' ignored in calculation 'job_484_3PE2_16_b', it belongs to other interface (lookup)
WARNING: Keyword 'lookup_table' ignored in calculation 'job_485_3PE2_17_ab', it belongs to other interface (lookup)
WARNING: Keyword 'lookup_table' ignored in calculation 'job_485_3PE2_17_a', it belongs to other interface (lookup)
WARNING: Keyword 'lookup_table' ignored in calculation 'job_485_3PE2_17_b', it belongs to other interface (lookup)
WARNING: Keyword 'lookup_table' ignored in calculation 'job_486_3PE2_18_ab', it belongs to other interface (lookup)
WARNING: Keyword 'lookup_table' ignored in calculation 'job_486_3PE2_18_a', it belongs to other interface (lookup)
WARNING: Keyword 'lookup_table' ignored in calculation 'job_486_3PE2_18_b', it belongs to other interface (lookup)
WARNING: Keyword 'lookup_table' ignored in calculation 'job_487_3PE2_19_ab', it belongs to other interface (lookup)
WARNING: Keyword 'lookup_table' ignored in calculation 'job_487_3PE2_19_a', it belongs to other interface (lookup)
WARNING: Keyword 'lookup_table' ignored in calculation 'job_487_3PE2_19_b', it belongs to other interface (lookup)
WARNING: Keyword 'lookup_table' ignored in calculation 'job_488_3PE2_20_ab', it belongs to other interface (lookup)
WARNING: Keyword 'lookup_table' ignored in calculation 'job_488_3PE2_20_a', it belongs to other interface (lookup)
WARNING: Keyword 'lookup_table' ignored in calculation 'job_488_3PE2_20_b', it belongs to other interface (lookup)
WARNING: Keyword 'lookup_table' ignored in calculation 'job_489_3PE2_21_ab', it belongs to other interface (lookup)
WARNING: Keyword 'lookup_table' ignored in calculation 'job_489_3PE2_21_a', it belongs to other interface (lookup)
WARNING: Keyword 'lookup_table' ignored in calculation 'job_489_3PE2_21_b', it belongs to other interface (lookup)
WARNING: Keyword 'lookup_table' ignored in calculation 'job_490_3PE2_22_ab', it belongs to other interface (lookup)
WARNING: Keyword 'lookup_table' ignored in calculation 'job_490_3PE2_22_a', it belongs to other interface (lookup)
WARNING: Keyword 'lookup_table' ignored in calculation 'job_490_3PE2_22_b', it belongs to other interface (lookup)
WARNING: Keyword 'lookup_table' ignored in calculation 'job_491_3PE2_23_ab', it belongs to other interface (lookup)
WARNING: Keyword 'lookup_table' ignored in calculation 'job_491_3PE2_23_a', it belongs to other interface (lookup)
WARNING: Keyword 'lookup_table' ignored in calculation 'job_491_3PE2_23_b', it belongs to other interface (lookup)
WARNING: Keyword 'lookup_table' ignored in calculation 'job_492_3PE2_24_ab', it belongs to other interface (lookup)
WARNING: Keyword 'lookup_table' ignored in calculation 'job_492_3PE2_24_a', it belongs to other interface (lookup)
WARNING: Keyword 'lookup_table' ignored in calculation 'job_492_3PE2_24_b', it belongs to other interface (lookup)
WARNING: Keyword 'lookup_table' ignored in calculation 'job_493_3PE2_25_ab', it belongs to other interface (lookup)
WARNING: Keyword 'lookup_table' ignored in calculation 'job_493_3PE2_25_a', it belongs to other interface (lookup)
WARNING: Keyword 'lookup_table' ignored in calculation 'job_493_3PE2_25_b', it belongs to other interface (lookup)
WARNING: Keyword 'lookup_table' ignored in calculation 'job_494_3PE2_26_ab', it belongs to other interface (lookup)
WARNING: Keyword 'lookup_table' ignored in calculation 'job_494_3PE2_26_a', it belongs to other interface (lookup)
WARNING: Keyword 'lookup_table' ignored in calculation 'job_494_3PE2_26_b', it belongs to other interface (lookup)
WARNING: Keyword 'lookup_table' ignored in calculation 'job_495_3PE2_27_ab', it belongs to other interface (lookup)
WARNING: Keyword 'lookup_table' ignored in calculation 'job_495_3PE2_27_a', it belongs to other interface (lookup)
WARNING: Keyword 'lookup_table' ignored in calculation 'job_495_3PE2_27_b', it belongs to other interface (lookup)
WARNING: Keyword 'lookup_table' ignored in calculation 'job_496_3PE2_28_ab', it belongs to other interface (lookup)
WARNING: Keyword 'lookup_table' ignored in calculation 'job_496_3PE2_28_a', it belongs to other interface (lookup)
WARNING: Keyword 'lookup_table' ignored in calculation 'job_496_3PE2_28_b', it belongs to other interface (lookup)
WARNING: Keyword 'lookup_table' ignored in calculation 'job_497_4GID_01_ab', it belongs to other interface (lookup)
WARNING: Keyword 'lookup_table' ignored in calculation 'job_497_4GID_01_a', it belongs to other interface (lookup)
WARNING: Keyword 'lookup_table' ignored in calculation 'job_497_4GID_01_b', it belongs to other interface (lookup)
WARNING: Keyword 'lookup_table' ignored in calculation 'job_498_4GID_02_ab', it belongs to other interface (lookup)
WARNING: Keyword 'lookup_table' ignored in calculation 'job_498_4GID_02_a', it belongs to other interface (lookup)
WARNING: Keyword 'lookup_table' ignored in calculation 'job_498_4GID_02_b', it belongs to other interface (lookup)
WARNING: Keyword 'lookup_table' ignored in calculation 'job_499_4GID_03_ab', it belongs to other interface (lookup)
WARNING: Keyword 'lookup_table' ignored in calculation 'job_499_4GID_03_a', it belongs to other interface (lookup)
WARNING: Keyword 'lookup_table' ignored in calculation 'job_499_4GID_03_b', it belongs to other interface (lookup)
WARNING: Keyword 'lookup_table' ignored in calculation 'job_500_4GID_04_ab', it belongs to other interface (lookup)
WARNING: Keyword 'lookup_table' ignored in calculation 'job_500_4GID_04_a', it belongs to other interface (lookup)
WARNING: Keyword 'lookup_table' ignored in calculation 'job_500_4GID_04_b', it belongs to other interface (lookup)
WARNING: Keyword 'lookup_table' ignored in calculation 'job_501_4GID_05_ab', it belongs to other interface (lookup)
WARNING: Keyword 'lookup_table' ignored in calculation 'job_501_4GID_05_a', it belongs to other interface (lookup)
WARNING: Keyword 'lookup_table' ignored in calculation 'job_501_4GID_05_b', it belongs to other interface (lookup)
WARNING: Keyword 'lookup_table' ignored in calculation 'job_502_4GID_06_ab', it belongs to other interface (lookup)
WARNING: Keyword 'lookup_table' ignored in calculation 'job_502_4GID_06_a', it belongs to other interface (lookup)
WARNING: Keyword 'lookup_table' ignored in calculation 'job_502_4GID_06_b', it belongs to other interface (lookup)
WARNING: Keyword 'lookup_table' ignored in calculation 'job_503_4GID_07_ab', it belongs to other interface (lookup)
WARNING: Keyword 'lookup_table' ignored in calculation 'job_503_4GID_07_a', it belongs to other interface (lookup)
WARNING: Keyword 'lookup_table' ignored in calculation 'job_503_4GID_07_b', it belongs to other interface (lookup)
WARNING: Keyword 'lookup_table' ignored in calculation 'job_504_4GID_08_ab', it belongs to other interface (lookup)
WARNING: Keyword 'lookup_table' ignored in calculation 'job_504_4GID_08_a', it belongs to other interface (lookup)
WARNING: Keyword 'lookup_table' ignored in calculation 'job_504_4GID_08_b', it belongs to other interface (lookup)
WARNING: Keyword 'lookup_table' ignored in calculation 'job_505_4GID_09_ab', it belongs to other interface (lookup)
WARNING: Keyword 'lookup_table' ignored in calculation 'job_505_4GID_09_a', it belongs to other interface (lookup)
WARNING: Keyword 'lookup_table' ignored in calculation 'job_505_4GID_09_b', it belongs to other interface (lookup)
WARNING: Keyword 'lookup_table' ignored in calculation 'job_506_4GID_10_ab', it belongs to other interface (lookup)
WARNING: Keyword 'lookup_table' ignored in calculation 'job_506_4GID_10_a', it belongs to other interface (lookup)
WARNING: Keyword 'lookup_table' ignored in calculation 'job_506_4GID_10_b', it belongs to other interface (lookup)
WARNING: Keyword 'lookup_table' ignored in calculation 'job_507_4GID_11_ab', it belongs to other interface (lookup)
WARNING: Keyword 'lookup_table' ignored in calculation 'job_507_4GID_11_a', it belongs to other interface (lookup)
WARNING: Keyword 'lookup_table' ignored in calculation 'job_507_4GID_11_b', it belongs to other interface (lookup)
WARNING: Keyword 'lookup_table' ignored in calculation 'job_508_4GID_12_ab', it belongs to other interface (lookup)
WARNING: Keyword 'lookup_table' ignored in calculation 'job_508_4GID_12_a', it belongs to other interface (lookup)
WARNING: Keyword 'lookup_table' ignored in calculation 'job_508_4GID_12_b', it belongs to other interface (lookup)
WARNING: Keyword 'lookup_table' ignored in calculation 'job_509_4GID_13_ab', it belongs to other interface (lookup)
WARNING: Keyword 'lookup_table' ignored in calculation 'job_509_4GID_13_a', it belongs to other interface (lookup)
WARNING: Keyword 'lookup_table' ignored in calculation 'job_509_4GID_13_b', it belongs to other interface (lookup)
WARNING: Keyword 'lookup_table' ignored in calculation 'job_510_4GID_14_ab', it belongs to other interface (lookup)
WARNING: Keyword 'lookup_table' ignored in calculation 'job_510_4GID_14_a', it belongs to other interface (lookup)
WARNING: Keyword 'lookup_table' ignored in calculation 'job_510_4GID_14_b', it belongs to other interface (lookup)
WARNING: Keyword 'lookup_table' ignored in calculation 'job_511_4GID_15_ab', it belongs to other interface (lookup)
WARNING: Keyword 'lookup_table' ignored in calculation 'job_511_4GID_15_a', it belongs to other interface (lookup)
WARNING: Keyword 'lookup_table' ignored in calculation 'job_511_4GID_15_b', it belongs to other interface (lookup)
WARNING: Keyword 'lookup_table' ignored in calculation 'job_512_4GID_16_ab', it belongs to other interface (lookup)
WARNING: Keyword 'lookup_table' ignored in calculation 'job_512_4GID_16_a', it belongs to other interface (lookup)
WARNING: Keyword 'lookup_table' ignored in calculation 'job_512_4GID_16_b', it belongs to other interface (lookup)
WARNING: Keyword 'lookup_table' ignored in calculation 'job_513_4GID_17_ab', it belongs to other interface (lookup)
WARNING: Keyword 'lookup_table' ignored in calculation 'job_513_4GID_17_a', it belongs to other interface (lookup)
WARNING: Keyword 'lookup_table' ignored in calculation 'job_513_4GID_17_b', it belongs to other interface (lookup)
WARNING: Keyword 'lookup_table' ignored in calculation 'job_514_4GID_18_ab', it belongs to other interface (lookup)
WARNING: Keyword 'lookup_table' ignored in calculation 'job_514_4GID_18_a', it belongs to other interface (lookup)
WARNING: Keyword 'lookup_table' ignored in calculation 'job_514_4GID_18_b', it belongs to other interface (lookup)
WARNING: Keyword 'lookup_table' ignored in calculation 'job_515_4GID_19_ab', it belongs to other interface (lookup)
WARNING: Keyword 'lookup_table' ignored in calculation 'job_515_4GID_19_a', it belongs to other interface (lookup)
WARNING: Keyword 'lookup_table' ignored in calculation 'job_515_4GID_19_b', it belongs to other interface (lookup)
WARNING: Keyword 'lookup_table' ignored in calculation 'job_516_4GID_20_ab', it belongs to other interface (lookup)
WARNING: Keyword 'lookup_table' ignored in calculation 'job_516_4GID_20_a', it belongs to other interface (lookup)
WARNING: Keyword 'lookup_table' ignored in calculation 'job_516_4GID_20_b', it belongs to other interface (lookup)
WARNING: Keyword 'lookup_table' ignored in calculation 'job_517_4GID_21_ab', it belongs to other interface (lookup)
WARNING: Keyword 'lookup_table' ignored in calculation 'job_517_4GID_21_a', it belongs to other interface (lookup)
WARNING: Keyword 'lookup_table' ignored in calculation 'job_517_4GID_21_b', it belongs to other interface (lookup)
WARNING: Keyword 'lookup_table' ignored in calculation 'job_518_4GID_22_ab', it belongs to other interface (lookup)
WARNING: Keyword 'lookup_table' ignored in calculation 'job_518_4GID_22_a', it belongs to other interface (lookup)
WARNING: Keyword 'lookup_table' ignored in calculation 'job_518_4GID_22_b', it belongs to other interface (lookup)
WARNING: Keyword 'lookup_table' ignored in calculation 'job_519_4GID_23_ab', it belongs to other interface (lookup)
WARNING: Keyword 'lookup_table' ignored in calculation 'job_519_4GID_23_a', it belongs to other interface (lookup)
WARNING: Keyword 'lookup_table' ignored in calculation 'job_519_4GID_23_b', it belongs to other interface (lookup)
WARNING: Keyword 'lookup_table' ignored in calculation 'job_520_4GID_24_ab', it belongs to other interface (lookup)
WARNING: Keyword 'lookup_table' ignored in calculation 'job_520_4GID_24_a', it belongs to other interface (lookup)
WARNING: Keyword 'lookup_table' ignored in calculation 'job_520_4GID_24_b', it belongs to other interface (lookup)
WARNING: Keyword 'lookup_table' ignored in calculation 'job_521_4GID_25_ab', it belongs to other interface (lookup)
WARNING: Keyword 'lookup_table' ignored in calculation 'job_521_4GID_25_a', it belongs to other interface (lookup)
WARNING: Keyword 'lookup_table' ignored in calculation 'job_521_4GID_25_b', it belongs to other interface (lookup)
WARNING: Keyword 'lookup_table' ignored in calculation 'job_522_4GID_26_ab', it belongs to other interface (lookup)
WARNING: Keyword 'lookup_table' ignored in calculation 'job_522_4GID_26_a', it belongs to other interface (lookup)
WARNING: Keyword 'lookup_table' ignored in calculation 'job_522_4GID_26_b', it belongs to other interface (lookup)
WARNING: Keyword 'lookup_table' ignored in calculation 'job_523_4GID_27_ab', it belongs to other interface (lookup)
WARNING: Keyword 'lookup_table' ignored in calculation 'job_523_4GID_27_a', it belongs to other interface (lookup)
WARNING: Keyword 'lookup_table' ignored in calculation 'job_523_4GID_27_b', it belongs to other interface (lookup)
WARNING: Keyword 'lookup_table' ignored in calculation 'job_524_4GID_28_ab', it belongs to other interface (lookup)
WARNING: Keyword 'lookup_table' ignored in calculation 'job_524_4GID_28_a', it belongs to other interface (lookup)
WARNING: Keyword 'lookup_table' ignored in calculation 'job_524_4GID_28_b', it belongs to other interface (lookup)
WARNING: Keyword 'lookup_table' ignored in calculation 'job_525_4GID_29_ab', it belongs to other interface (lookup)
WARNING: Keyword 'lookup_table' ignored in calculation 'job_525_4GID_29_a', it belongs to other interface (lookup)
WARNING: Keyword 'lookup_table' ignored in calculation 'job_525_4GID_29_b', it belongs to other interface (lookup)
WARNING: Keyword 'lookup_table' ignored in calculation 'job_526_4GID_30_ab', it belongs to other interface (lookup)
WARNING: Keyword 'lookup_table' ignored in calculation 'job_526_4GID_30_a', it belongs to other interface (lookup)
WARNING: Keyword 'lookup_table' ignored in calculation 'job_526_4GID_30_b', it belongs to other interface (lookup)
WARNING: Keyword 'lookup_table' ignored in calculation 'job_527_4GID_31_ab', it belongs to other interface (lookup)
WARNING: Keyword 'lookup_table' ignored in calculation 'job_527_4GID_31_a', it belongs to other interface (lookup)
WARNING: Keyword 'lookup_table' ignored in calculation 'job_527_4GID_31_b', it belongs to other interface (lookup)
WARNING: Keyword 'lookup_table' ignored in calculation 'job_528_4GID_32_ab', it belongs to other interface (lookup)
WARNING: Keyword 'lookup_table' ignored in calculation 'job_528_4GID_32_a', it belongs to other interface (lookup)
WARNING: Keyword 'lookup_table' ignored in calculation 'job_528_4GID_32_b', it belongs to other interface (lookup)
WARNING: Keyword 'lookup_table' ignored in calculation 'job_529_4GID_33_ab', it belongs to other interface (lookup)
WARNING: Keyword 'lookup_table' ignored in calculation 'job_529_4GID_33_a', it belongs to other interface (lookup)
WARNING: Keyword 'lookup_table' ignored in calculation 'job_529_4GID_33_b', it belongs to other interface (lookup)
WARNING: Keyword 'lookup_table' ignored in calculation 'job_530_4GID_34_ab', it belongs to other interface (lookup)
WARNING: Keyword 'lookup_table' ignored in calculation 'job_530_4GID_34_a', it belongs to other interface (lookup)
WARNING: Keyword 'lookup_table' ignored in calculation 'job_530_4GID_34_b', it belongs to other interface (lookup)
WARNING: Keyword 'lookup_table' ignored in calculation 'job_531_4GID_35_ab', it belongs to other interface (lookup)
WARNING: Keyword 'lookup_table' ignored in calculation 'job_531_4GID_35_a', it belongs to other interface (lookup)
WARNING: Keyword 'lookup_table' ignored in calculation 'job_531_4GID_35_b', it belongs to other interface (lookup)
WARNING: Keyword 'lookup_table' ignored in calculation 'job_532_4GID_36_ab', it belongs to other interface (lookup)
WARNING: Keyword 'lookup_table' ignored in calculation 'job_532_4GID_36_a', it belongs to other interface (lookup)
WARNING: Keyword 'lookup_table' ignored in calculation 'job_532_4GID_36_b', it belongs to other interface (lookup)
WARNING: Keyword 'lookup_table' ignored in calculation 'job_533_4GID_37_ab', it belongs to other interface (lookup)
WARNING: Keyword 'lookup_table' ignored in calculation 'job_533_4GID_37_a', it belongs to other interface (lookup)
WARNING: Keyword 'lookup_table' ignored in calculation 'job_533_4GID_37_b', it belongs to other interface (lookup)
WARNING: Keyword 'lookup_table' ignored in calculation 'job_534_4GID_38_ab', it belongs to other interface (lookup)
WARNING: Keyword 'lookup_table' ignored in calculation 'job_534_4GID_38_a', it belongs to other interface (lookup)
WARNING: Keyword 'lookup_table' ignored in calculation 'job_534_4GID_38_b', it belongs to other interface (lookup)
WARNING: Keyword 'lookup_table' ignored in calculation 'job_535_4GID_39_ab', it belongs to other interface (lookup)
WARNING: Keyword 'lookup_table' ignored in calculation 'job_535_4GID_39_a', it belongs to other interface (lookup)
WARNING: Keyword 'lookup_table' ignored in calculation 'job_535_4GID_39_b', it belongs to other interface (lookup)
WARNING: Keyword 'lookup_table' ignored in calculation 'job_536_4GID_40_ab', it belongs to other interface (lookup)
WARNING: Keyword 'lookup_table' ignored in calculation 'job_536_4GID_40_a', it belongs to other interface (lookup)
WARNING: Keyword 'lookup_table' ignored in calculation 'job_536_4GID_40_b', it belongs to other interface (lookup)
WARNING: Keyword 'lookup_table' ignored in calculation 'job_537_4GID_41_ab', it belongs to other interface (lookup)
WARNING: Keyword 'lookup_table' ignored in calculation 'job_537_4GID_41_a', it belongs to other interface (lookup)
WARNING: Keyword 'lookup_table' ignored in calculation 'job_537_4GID_41_b', it belongs to other interface (lookup)
WARNING: Keyword 'lookup_table' ignored in calculation 'job_538_4GID_42_ab', it belongs to other interface (lookup)
WARNING: Keyword 'lookup_table' ignored in calculation 'job_538_4GID_42_a', it belongs to other interface (lookup)
WARNING: Keyword 'lookup_table' ignored in calculation 'job_538_4GID_42_b', it belongs to other interface (lookup)
WARNING: Keyword 'lookup_table' ignored in calculation 'job_539_4GID_43_ab', it belongs to other interface (lookup)
WARNING: Keyword 'lookup_table' ignored in calculation 'job_539_4GID_43_a', it belongs to other interface (lookup)
WARNING: Keyword 'lookup_table' ignored in calculation 'job_539_4GID_43_b', it belongs to other interface (lookup)
WARNING: Keyword 'lookup_table' ignored in calculation 'job_540_4GID_44_ab', it belongs to other interface (lookup)
WARNING: Keyword 'lookup_table' ignored in calculation 'job_540_4GID_44_a', it belongs to other interface (lookup)
WARNING: Keyword 'lookup_table' ignored in calculation 'job_540_4GID_44_b', it belongs to other interface (lookup)
WARNING: Keyword 'lookup_table' ignored in calculation 'job_541_4GID_45_ab', it belongs to other interface (lookup)
WARNING: Keyword 'lookup_table' ignored in calculation 'job_541_4GID_45_a', it belongs to other interface (lookup)
WARNING: Keyword 'lookup_table' ignored in calculation 'job_541_4GID_45_b', it belongs to other interface (lookup)
WARNING: Keyword 'lookup_table' ignored in calculation 'job_542_4GID_46_ab', it belongs to other interface (lookup)
WARNING: Keyword 'lookup_table' ignored in calculation 'job_542_4GID_46_a', it belongs to other interface (lookup)
WARNING: Keyword 'lookup_table' ignored in calculation 'job_542_4GID_46_b', it belongs to other interface (lookup)
WARNING: Keyword 'lookup_table' ignored in calculation 'job_543_4GID_47_ab', it belongs to other interface (lookup)
WARNING: Keyword 'lookup_table' ignored in calculation 'job_543_4GID_47_a', it belongs to other interface (lookup)
WARNING: Keyword 'lookup_table' ignored in calculation 'job_543_4GID_47_b', it belongs to other interface (lookup)
WARNING: Keyword 'lookup_table' ignored in calculation 'job_544_4GID_48_ab', it belongs to other interface (lookup)
WARNING: Keyword 'lookup_table' ignored in calculation 'job_544_4GID_48_a', it belongs to other interface (lookup)
WARNING: Keyword 'lookup_table' ignored in calculation 'job_544_4GID_48_b', it belongs to other interface (lookup)
WARNING: Keyword 'lookup_table' ignored in calculation 'job_545_4GID_49_ab', it belongs to other interface (lookup)
WARNING: Keyword 'lookup_table' ignored in calculation 'job_545_4GID_49_a', it belongs to other interface (lookup)
WARNING: Keyword 'lookup_table' ignored in calculation 'job_545_4GID_49_b', it belongs to other interface (lookup)
WARNING: Keyword 'lookup_table' ignored in calculation 'job_546_4GID_50_ab', it belongs to other interface (lookup)
WARNING: Keyword 'lookup_table' ignored in calculation 'job_546_4GID_50_a', it belongs to other interface (lookup)
WARNING: Keyword 'lookup_table' ignored in calculation 'job_546_4GID_50_b', it belongs to other interface (lookup)
WARNING: Keyword 'lookup_table' ignored in calculation 'job_547_4GID_51_ab', it belongs to other interface (lookup)
WARNING: Keyword 'lookup_table' ignored in calculation 'job_547_4GID_51_a', it belongs to other interface (lookup)
WARNING: Keyword 'lookup_table' ignored in calculation 'job_547_4GID_51_b', it belongs to other interface (lookup)
        _______  
       /\______\ 
      / /      / 
     / / Cuby /   Dataset calculation
     \/______/   
                 
==========================================================================================
name                                             E      Eref     error  error(%)
------------------------------------------------------------------------------------------
01 10GS_01_bbn                              -2.118    -2.184     0.066     3.020
02 10GS_02_bbn                               0.080    -0.132     0.212   160.561
03 10GS_03_bbn                               0.681     0.428     0.253    59.098
04 10GS_04_bbn                               6.085     4.504     1.581    35.094
05 10GS_05_bbn                             -13.419   -11.437    -1.982   -17.333
06 10GS_06_pro                              -7.529    -6.883    -0.646    -9.378
07 10GS_07_bbn                              -5.817    -6.112     0.295     4.830
08 10GS_08_bbn                             -14.803   -14.282    -0.521    -3.649
09 10GS_09_bbn                              -4.553    -4.063    -0.490   -12.071
10 10GS_10_bbn                              -3.707    -3.957     0.250     6.314
11 10GS_11_bbn                              -0.717    -0.762     0.045     5.869
12 10GS_12_tyr                              -4.915    -7.821     2.906    37.151
13 10GS_13_phe                              -5.842    -5.857     0.015     0.253
14 10GS_14_val                              -1.292    -1.308     0.016     1.195
15 10GS_15_arg                             -52.203   -53.819     1.616     3.002
16 10GS_16_val                              -0.594    -0.618     0.024     3.874
17 10GS_17_trp                             -17.617   -19.558     1.941     9.923
18 10GS_18_lys                             -86.290   -89.344     3.054     3.419
19 10GS_19_gln                             -33.633   -32.038    -1.595    -4.978
20 10GS_20_leu                              -0.681    -1.287     0.606    47.078
21 10GS_21_gln                             -14.745   -10.897    -3.848   -35.311
22 10GS_22_ser                             -13.299   -11.270    -2.029   -18.006
23 10GS_23_tyr                              -1.545    -1.617     0.072     4.451
24 10GS_24_asp                              19.583    19.608    -0.025    -0.128
25 10GS_25_asp                             -20.833   -14.741    -6.092   -41.328
26 2CET_01_bbn                               0.321     0.231     0.090    39.113
27 2CET_02_bbn                              -0.664    -0.814     0.150    18.431
28 2CET_03_ala                              -0.254    -0.260     0.006     2.162
29 2CET_04_gln                             -11.860    -9.867    -1.993   -20.203
30 2CET_05_arg                              35.040    34.922     0.118     0.337
31 2CET_06_hie                              -3.786    -1.059    -2.727  -257.505
32 2CET_07_trp                              -3.722    -5.045     1.323    26.220
33 2CET_08_asn                              -4.151    -2.421    -1.730   -71.461
34 2CET_09_glu                            -100.428  -103.150     2.722     2.639
35 2CET_10_val                              -2.171    -2.021    -0.150    -7.433
36 2CET_11_val                              -0.545    -0.645     0.100    15.482
37 2CET_12_hie                               1.042    -0.152     1.194   785.816
38 2CET_13_asn                               0.016    -0.471     0.487   103.380
39 2CET_14_asn                               3.897     3.300     0.597    18.076
40 2CET_15_tyr                              -7.189    -6.712    -0.477    -7.104
41 2CET_16_met                              -0.562    -0.626     0.064    10.155
42 2CET_17_trp                              -5.214    -4.775    -0.439    -9.195
43 2CET_18_glu                             -93.218   -92.916    -0.302    -0.325
44 2CET_19_trp                              -9.318    -9.608     0.290     3.022
45 2CET_20_asn                               0.182     0.300    -0.118   -39.233
46 2CET_21_glu                            -108.324  -110.346     2.022     1.833
47 2CET_22_trp                              -3.969    -2.321    -1.648   -71.008
48 2CET_23_phe                              -5.187    -5.529     0.342     6.192
49 2FVD_01_bbn                              -0.875    -1.071     0.196    18.302
50 2FVD_02_bbn                              -1.058    -0.993    -0.065    -6.533
51 2FVD_03_bbn                              -0.608    -0.802     0.194    24.133
52 2FVD_04_bbn                              -0.681    -0.422    -0.259   -61.363
53 2FVD_05_bbn                              -7.601    -5.863    -1.738   -29.635
54 2FVD_06_bbn                              -5.924    -3.338    -2.586   -77.459
55 2FVD_07_bbn                              -8.464    -8.131    -0.333    -4.095
56 2FVD_08_bbn                              -1.181    -2.300     1.119    48.671
57 2FVD_09_bbn                              -9.993    -7.877    -2.116   -26.868
58 2FVD_10_bbn                               2.457     1.604     0.853    53.192
59 2FVD_11_bbn                              -1.550    -1.444    -0.106    -7.333
60 2FVD_12_bbn                               0.576     0.235     0.341   144.983
61 2FVD_13_bbn                              -5.229    -3.477    -1.752   -50.390
62 2FVD_14_bbn                               0.571     0.073     0.498   681.644
63 2FVD_15_bbn                              -0.216    -0.301     0.085    28.156
64 2FVD_16_bbn                              -3.073    -3.018    -0.055    -1.808
65 2FVD_17_ile                              -3.645    -3.780     0.135     3.572
66 2FVD_18_val                              -2.352    -2.692     0.340    12.632
67 2FVD_19_ala                              -2.239    -1.773    -0.466   -26.265
68 2FVD_20_lys                              -1.540    -5.495     3.955    71.967
69 2FVD_21_val                              -0.944    -1.148     0.204    17.734
70 2FVD_22_phe                              -1.422    -2.355     0.933    39.633
71 2FVD_23_glu                              -0.575    -1.405     0.830    59.101
72 2FVD_24_phe                              -2.977    -3.086     0.109     3.539
73 2FVD_25_leu                              -0.872    -1.099     0.227    20.682
74 2FVD_26_hie                              -0.477    -0.527     0.050     9.524
75 2FVD_27_gln                              -4.117    -3.566    -0.551   -15.450
76 2FVD_28_asp                              -9.377    -9.816     0.439     4.475
77 2FVD_29_lys                             -21.728   -18.966    -2.762   -14.565
78 2FVD_30_asn                              -5.066    -4.527    -0.539   -11.904
79 2FVD_31_leu                              -4.721    -4.344    -0.377    -8.676
80 2FVD_32_ala                              -1.338    -1.161    -0.177   -15.226
81 2FVD_33_asp                              -8.179    -9.472     1.293    13.647
82 2OBF_01_bbn                               0.321    -0.518     0.839   161.946
83 2OBF_02_bbn                              -6.733    -7.805     1.072    13.738
84 2OBF_03_bbn                               1.025     0.825     0.200    24.202
85 2OBF_04_bbn                              -3.403    -3.767     0.364     9.674
86 2OBF_05_bbn                              -0.073    -0.402     0.329    81.736
87 2OBF_06_bbn                              -1.449    -0.817    -0.632   -77.322
88 2OBF_07_pro                              -0.840    -1.039     0.199    19.134
89 2OBF_08_bbn                               0.373     0.362     0.011     3.075
90 2OBF_09_bbn                              -0.001    -0.473     0.472    99.848
91 2OBF_10_bbn                              -5.239    -5.683     0.444     7.808
92 2OBF_11_bbn                               0.729     0.668     0.061     9.204
93 2OBF_12_bbn                               2.599     1.836     0.763    41.568
94 2OBF_13_bbn                              -2.747    -2.971     0.224     7.527
95 2OBF_14_tyr                              -7.965    -6.909    -1.056   -15.281
96 2OBF_15_asn                              -6.440    -7.005     0.565     8.069
97 2OBF_16_tyr                              -6.094    -5.912    -0.182    -3.082
98 2OBF_17_arg                              40.046    41.108    -1.062    -2.584
99 2OBF_18_leu                              -0.484    -0.537     0.053     9.804
100 2OBF_19_val                             -2.860    -2.422    -0.438   -18.067
101 2OBF_20_ala                             -1.166    -0.973    -0.193   -19.788
102 2OBF_21_leu                             -1.600    -1.240    -0.360   -28.999
103 2OBF_22_tyr                             -4.362    -3.891    -0.471   -12.096
104 2OBF_23_tyr                             -3.165    -2.925    -0.240    -8.199
105 2OBF_24_phe                             -8.764    -9.337     0.573     6.132
106 2OBF_25_ala                             -0.698    -0.605    -0.093   -15.307
107 2OBF_26_ala                             -1.297    -1.585     0.288    18.187
108 2OBF_27_glu                           -137.100  -135.109    -1.991    -1.474
109 2OBF_28_tyr                             -6.774    -8.661     1.887    21.784
110 2OBF_29_val                             -0.684    -0.943     0.259    27.513
111 2OBF_30_met                             -0.363    -0.341    -0.022    -6.592
112 2OBF_31_asp                            -79.079   -82.912     3.833     4.623
113 2OBF_32_val                             -2.377    -1.915    -0.462   -24.150
114 2OBF_33_val                             -1.177    -1.506     0.329    21.813
115 2P4Y_01_bbn                              0.796     0.633     0.163    25.731
116 2P4Y_02_bbn                             -3.112    -3.158     0.046     1.443
117 2P4Y_03_bbn                             -1.232    -1.621     0.389    23.982
118 2P4Y_04_bbn                             -0.099    -0.504     0.405    80.357
119 2P4Y_05_bbn                             -3.388    -3.285    -0.103    -3.147
120 2P4Y_06_bbn                             -1.481    -1.259    -0.222   -17.618
121 2P4Y_07_bbn                             -2.840    -1.965    -0.875   -44.547
122 2P4Y_08_bbn                             -2.266    -1.945    -0.321   -16.526
123 2P4Y_09_bbn                             -0.550    -0.814     0.264    32.413
124 2P4Y_10_bbn                             -0.797    -1.060     0.263    24.846
125 2P4Y_11_bbn                             -1.527    -1.549     0.022     1.404
126 2P4Y_12_bbn                             -1.415    -1.648     0.233    14.111
127 2P4Y_13_bbn                              0.600     0.388     0.212    54.675
128 2P4Y_14_bbn                             -8.420    -7.223    -1.197   -16.570
129 2P4Y_15_bbn                            -21.319   -22.002     0.683     3.106
130 2P4Y_16_bbn                             -7.037    -6.373    -0.664   -10.415
131 2P4Y_17_phe                             -0.833    -0.118    -0.715  -605.653
132 2P4Y_18_ile                             -0.954    -0.958     0.004     0.427
133 2P4Y_19_cys                             -5.585    -5.376    -0.209    -3.887
134 2P4Y_20_phe                             -1.198    -1.502     0.304    20.236
135 2P4Y_21_arg                            -69.313   -70.559     1.246     1.766
136 2P4Y_22_ser                             -3.017    -1.952    -1.065   -54.582
137 2P4Y_23_ala                             -2.156    -2.010    -0.146    -7.280
138 2P4Y_24_glu                             20.913    19.435     1.478     7.602
139 2P4Y_25_ile                             -1.088    -1.935     0.847    43.768
140 2P4Y_26_ile                             -2.719    -2.787     0.068     2.432
141 2P4Y_27_tyr                             -0.781    -1.841     1.060    57.557
142 2P4Y_28_met                             -2.878    -2.641    -0.237    -8.961
143 2P4Y_29_leu                             -4.423    -4.607     0.184     4.001
144 2P4Y_30_leu                             -2.460    -2.673     0.213     7.972
145 2P4Y_31_val                             -2.384    -1.593    -0.791   -49.657
146 2P4Y_32_ile                             -5.892    -7.524     1.632    21.687
147 2P4Y_33_ser                             -4.461    -3.787    -0.674   -17.809
148 2P4Y_34_met                             -1.822    -2.077     0.255    12.260
149 2P4Y_35_leu                             -1.502    -1.370    -0.132    -9.655
150 2P4Y_36_phe                             -1.177    -1.510     0.333    22.043
151 2P4Y_37_met                             -2.633    -3.066     0.433    14.118
152 2P4Y_38_lys                            -27.179   -28.948     1.769     6.110
153 2P4Y_39_hie                             -0.743    -1.154     0.411    35.606
154 2VOT_01_bbn                              2.615     2.471     0.144     5.811
155 2VOT_02_bbn                              1.099     0.834     0.265    31.803
156 2VOT_03_bbn                              2.166     1.814     0.352    19.412
157 2VOT_04_trp                             -4.277    -1.855    -2.422  -130.543
158 2VOT_05_asp                           -106.490  -108.715     2.225     2.047
159 2VOT_06_trp                             -2.288    -0.130    -2.158 -1659.800
160 2VOT_07_arg                             40.771    41.149    -0.378    -0.918
161 2VOT_08_trp                             -3.911    -1.687    -2.224  -131.858
162 2VOT_09_cys                             -1.655    -1.784     0.129     7.219
163 2VOT_10_asn                             -7.331    -3.554    -3.777  -106.283
164 2VOT_11_glu                           -108.083  -109.350     1.267     1.159
165 2VOT_12_glu                            -44.552   -45.354     0.802     1.768
166 2VOT_13_trp                             -1.051    -0.448    -0.603  -134.607
167 2VOT_14_trp                              0.263     0.355    -0.092   -25.775
168 2VOT_15_hip                             52.108    52.496    -0.388    -0.739
169 2VOT_16_trp                             -7.466    -7.689     0.223     2.903
170 2VOT_17_tyr                             -4.184    -4.084    -0.100    -2.458
171 2VOT_18_glu                           -108.469  -111.797     3.328     2.977
172 2VOT_19_ser                              0.630     0.657    -0.027    -4.062
173 2VOT_20_ser                             -1.326    -1.306    -0.020    -1.568
174 2VOT_21_trp                            -13.130   -14.338     1.208     8.426
175 2VOT_22_trp                             -6.414    -7.156     0.742    10.370
176 2VW5_01_bbn                             -1.456    -1.602     0.146     9.141
177 2VW5_02_bbn                             -2.667    -2.012    -0.655   -32.534
178 2VW5_03_bbn                             -0.114    -0.165     0.051    31.115
179 2VW5_04_bbn                             -0.169    -0.347     0.178    51.435
180 2VW5_05_bbn                             -1.154    -1.513     0.359    23.698
181 2VW5_06_bbn                              0.045     0.010     0.035   349.500
182 2VW5_07_bbn                              0.068    -0.062     0.130   210.371
183 2VW5_08_bbn                              0.009    -0.306     0.315   102.810
184 2VW5_09_bbn                             -2.212    -1.959    -0.253   -12.929
185 2VW5_10_bbn                             -0.751    -0.747    -0.004    -0.586
186 2VW5_11_bbn                             -4.884    -3.942    -0.942   -23.908
187 2VW5_12_bbn                             -1.399     0.092    -1.491 -1620.337
188 2VW5_13_bbn                             -7.952    -7.609    -0.343    -4.511
189 2VW5_14_bbn                             -2.877    -2.653    -0.224    -8.435
190 2VW5_15_bbn                              0.183     0.119     0.064    53.748
191 2VW5_16_asn                             -5.648    -6.153     0.505     8.209
192 2VW5_17_ala                             -0.384    -0.437     0.053    12.201
193 2VW5_18_asp                            -24.108   -27.702     3.594    12.974
194 2VW5_19_ala                             -1.958    -1.574    -0.384   -24.428
195 2VW5_20_lys                            -19.075   -16.841    -2.234   -13.265
196 2VW5_21_asp                            -19.911   -20.676     0.765     3.698
197 2VW5_22_ile                             -1.141    -0.966    -0.175   -18.086
198 2VW5_23_met                             -5.465    -5.847     0.382     6.536
199 2VW5_24_glu                             -6.581    -6.855     0.274     3.994
200 2VW5_25_asn                             -1.706    -1.838     0.132     7.170
201 2VW5_26_leu                             -1.631    -1.397    -0.234   -16.751
202 2VW5_28_val                             -0.644    -0.688     0.044     6.403
203 2VW5_29_phe                             -4.923    -3.685    -1.238   -33.609
204 2VW5_30_tyr                             -1.298    -1.319     0.021     1.608
205 2VW5_31_val                             -0.460    -0.469     0.009     1.945
206 2VW5_32_thr                             -5.468    -4.575    -0.893   -19.524
207 2VW5_33_leu                             -0.874    -0.905     0.031     3.418
208 2XB8_01_bbn                              3.626     2.947     0.679    23.052
209 2XB8_02_bbn                             -3.475    -3.648     0.173     4.753
210 2XB8_03_bbn                             -2.225    -2.281     0.056     2.434
211 2XB8_04_bbn                             -2.861    -3.228     0.367    11.366
212 2XB8_05_bbn                             -1.696    -1.707     0.011     0.622
213 2XB8_06_bbn                              2.482     1.795     0.687    38.265
214 2XB8_07_bbn                              1.040     0.743     0.297    40.012
215 2XB8_08_bbn                             -9.054    -8.427    -0.627    -7.446
216 2XB8_09_bbn                             -5.643    -4.519    -1.124   -24.880
217 2XB8_10_bbn                             -2.265    -1.881    -0.384   -20.419
218 2XB8_11_bbn                             -3.715    -3.191    -0.524   -16.409
219 2XB8_12_bbn                            -19.045   -18.509    -0.536    -2.898
220 2XB8_13_bbn                            -18.511   -18.726     0.215     1.148
221 2XB8_14_bbn                              3.025     3.105    -0.080    -2.575
222 2XB8_15_bbn                             -1.079    -1.108     0.029     2.626
223 2XB8_16_asn                              0.870     0.457     0.413    90.403
224 2XB8_17_leu                             -3.695    -4.157     0.462    11.104
225 2XB8_18_arg                            -22.868   -24.340     1.472     6.048
226 2XB8_19_leu                             -0.700    -0.451    -0.249   -55.257
227 2XB8_20_arg                            -19.142   -19.929     0.787     3.950
228 2XB8_21_tyr                             -7.888    -7.905     0.017     0.217
229 2XB8_22_asn                            -11.352    -9.067    -2.285   -25.200
230 2XB8_23_thr                             -0.717    -1.159     0.442    38.107
231 2XB8_24_hid                             -1.723    -4.787     3.064    64.005
232 2XB8_25_hie                              1.997     3.033    -1.036   -34.151
233 2XB8_26_ile                             -2.565    -3.670     1.105    30.097
234 2XB8_27_ser                            -11.609   -13.012     1.403    10.786
235 2XB8_28_val                             -1.725    -1.439    -0.286   -19.883
236 2XB8_29_arg                            -49.227   -51.470     2.243     4.359
237 2XB8_30_arg                            -54.442   -58.856     4.414     7.499
238 2XB8_31_val                             -0.689    -0.697     0.008     1.123
239 2XB8_32_asp                             27.313    28.727    -1.414    -4.923
240 2XB8_33_glu                             21.003    22.273    -1.270    -5.701
241 2YKI_01_bbn                              0.323     0.150     0.173   115.240
242 2YKI_02_bbn                             -0.246    -0.223    -0.023   -10.287
243 2YKI_03_bbn                             -0.891    -0.885    -0.006    -0.634
244 2YKI_04_bbn                             -0.402    -0.501     0.099    19.776
245 2YKI_05_bbn                             -1.010    -1.095     0.085     7.775
246 2YKI_06_bbn                             -0.732    -0.852     0.120    14.107
247 2YKI_07_bbn                             -0.781    -1.001     0.220    21.951
248 2YKI_08_bbn                            -10.243   -10.123    -0.120    -1.186
249 2YKI_09_bbn                              0.461    -0.006     0.467  7785.333
250 2YKI_10_bbn                             -0.700    -1.105     0.405    36.679
251 2YKI_11_bbn                             -4.226    -4.313     0.087     2.020
252 2YKI_12_bbn                             -0.898    -1.057     0.159    15.005
253 2YKI_13_bbn                             -0.219    -0.391     0.172    43.951
254 2YKI_14_bbn                             -1.655    -1.846     0.191    10.347
255 2YKI_15_bbn                             -0.190    -0.336     0.146    43.503
256 2YKI_16_bbn                             -0.231    -0.240     0.009     3.675
257 2YKI_17_bbn                             -3.200    -2.670    -0.530   -19.856
258 2YKI_18_bbn                             -1.673    -1.851     0.178     9.594
259 2YKI_19_bbn                              0.182     0.096     0.086    90.000
260 2YKI_20_bbn                              0.210     0.160     0.050    31.056
261 2YKI_21_bbn                              0.008    -0.036     0.044   121.389
262 2YKI_22_phe                             -2.067    -2.016    -0.051    -2.517
263 2YKI_23_gln                             -0.631    -0.677     0.046     6.848
264 2YKI_24_ile                             -1.085    -1.114     0.029     2.634
265 2YKI_25_leu                             -0.393    -0.415     0.022     5.306
266 2YKI_26_asn                             -9.150    -7.324    -1.826   -24.936
267 2YKI_27_ser                             -0.989     0.118    -1.107  -938.492
268 2YKI_28_ala                             -0.797    -0.284    -0.513  -180.690
269 2YKI_29_asp                            -24.210   -25.837     1.627     6.298
270 2YKI_30_ile                             -0.292    -0.373     0.081    21.694
271 2YKI_31_met                             -6.278    -7.012     0.734    10.461
272 2YKI_32_leu                             -1.717    -1.697    -0.020    -1.163
273 2YKI_33_ile                             -0.256    -0.356     0.100    28.028
274 2YKI_34_leu                             -6.547    -5.688    -0.859   -15.101
275 2YKI_35_ile                             -1.093    -1.195     0.102     8.567
276 2YKI_36_ala                             -1.634    -1.598    -0.036    -2.260
277 2YKI_37_val                             -0.658    -0.790     0.132    16.667
278 2YKI_38_phe                             -8.111    -8.399     0.288     3.435
279 2YKI_40_val                             -1.902    -1.733    -0.169    -9.775
280 2YKI_41_trp                             -4.758    -6.213     1.455    23.421
281 2YKI_42_phe                             -2.515    -2.736     0.221     8.065
282 2YKI_43_thr                             -5.740    -3.713    -2.027   -54.585
283 2YKI_44_val                             -1.103    -0.972    -0.131   -13.443
284 2ZX6_01_bbn                              3.535     2.718     0.817    30.074
285 2ZX6_02_bbn                              0.155    -0.331     0.486   146.773
286 2ZX6_03_bbn                             -0.056    -0.366     0.310    84.566
287 2ZX6_04_bbn                              1.819     1.694     0.125     7.369
288 2ZX6_05_phe                             -2.289    -2.454     0.165     6.741
289 2ZX6_06_hid                            -16.399   -21.607     5.208    24.104
290 2ZX6_07_leu                             -1.134    -1.413     0.279    19.750
291 2ZX6_08_tyr                             -2.513    -3.321     0.808    24.333
292 2ZX6_09_glu                            -75.801   -80.174     4.373     5.455
293 2ZX6_10_trp                             -3.643    -1.055    -2.588  -245.288
294 2ZX6_11_hie                             -4.370    -1.054    -3.316  -314.611
295 2ZX6_12_hid                            -14.503   -18.071     3.568    19.744
296 2ZX6_13_tyr                             -0.929    -0.065    -0.864 -1329.477
297 2ZX6_14_leu                             -0.241    -0.230    -0.011    -4.717
298 2ZX6_15_trp                             -3.284    -3.758     0.474    12.614
299 2ZX6_16_asp                           -111.282  -110.036    -1.246    -1.132
300 2ZX6_17_met                             -4.210    -4.204    -0.006    -0.139
301 2ZX6_18_arg                             53.587    55.564    -1.977    -3.558
302 2ZX6_19_glu                           -113.669  -111.740    -1.929    -1.726
303 2ZX6_20_val                             -1.209    -1.102    -0.107    -9.691
304 2ZX6_21_asn                             -6.269    -5.871    -0.398    -6.773
305 2ZX6_22_thr                             -2.539    -2.562     0.023     0.899
306 2ZX6_23_phe                             -7.557    -8.275     0.718     8.676
307 3G0W_01_bbn                              0.068    -0.280     0.348   124.307
308 3G0W_02_bbn                             -2.620    -3.220     0.600    18.635
309 3G0W_03_bbn                              0.340     0.001     0.339 33905.000
310 3G0W_04_bbn                              0.194    -0.022     0.216   982.864
311 3G0W_05_bbn                             -0.491    -0.757     0.266    35.148
312 3G0W_06_bbn                              0.406     0.348     0.058    16.652
313 3G0W_07_bbn                             -0.795    -0.797     0.002     0.213
314 3G0W_08_bbn                             -0.576    -0.335    -0.241   -72.054
315 3G0W_09_bbn                             -0.840    -1.026     0.186    18.170
316 3G0W_10_bbn                              0.060     1.077    -1.017   -94.384
317 3G0W_11_bbn                              2.261     2.491    -0.230    -9.219
318 3G0W_12_bbn                             -0.449    -0.473     0.024     5.008
319 3G0W_13_bbn                             -1.503    -1.851     0.348    18.821
320 3G0W_14_bbn                             -1.024    -0.879    -0.145   -16.542
321 3G0W_15_bbn                             -0.115    -0.077    -0.038   -49.636
322 3G0W_16_leu                             -1.585    -1.582    -0.003    -0.209
323 3G0W_17_leu                             -3.794    -4.177     0.383     9.175
324 3G0W_18_asn                            -16.280   -15.230    -1.050    -6.894
325 3G0W_19_leu                             -2.435    -2.527     0.092     3.642
326 3G0W_20_gln                              0.815     0.770     0.045     5.801
327 3G0W_21_trp                             -0.875    -1.224     0.349    28.473
328 3G0W_22_met                             -2.342    -2.943     0.601    20.405
329 3G0W_23_met                             -5.119    -6.038     0.919    15.218
330 3G0W_24_val                             -1.057    -2.021     0.964    47.701
331 3G0W_25_met                             -3.051    -2.591    -0.460   -17.746
332 3G0W_26_arg                            -15.955   -18.754     2.799    14.924
333 3G0W_27_phe                             -3.742    -3.633    -0.109    -3.007
334 3G0W_28_met                             -1.666    -2.138     0.472    22.090
335 3G0W_29_met                             -0.831    -0.973     0.142    14.636
336 3G0W_30_leu                             -1.955    -1.954    -0.001    -0.076
337 3G0W_31_phe                             -0.687    -0.746     0.059     7.945
338 3G0W_32_thr                             -4.361    -4.362     0.001     0.029
339 3G0W_33_leu                             -1.035    -0.959    -0.076    -7.885
340 3G0W_34_phe                             -1.926    -2.385     0.459    19.265
341 3G0W_35_met                             -0.412    -0.625     0.213    34.101
342 3G0W_36_ile                             -0.111    -0.474     0.363    76.534
343 3GCU_01_bbn                             -0.160    -0.282     0.122    43.128
344 3GCU_02_bbn                             -3.616    -3.124    -0.492   -15.737
345 3GCU_03_bbn                             -1.194    -1.441     0.247    17.169
346 3GCU_04_bbn                             -0.816    -1.028     0.212    20.668
347 3GCU_05_bbn                             -0.416    -0.689     0.273    39.567
348 3GCU_06_bbn                             -0.194    -0.328     0.134    40.826
349 3GCU_07_bbn                             -2.086    -1.867    -0.219   -11.712
350 3GCU_08_bbn                              0.143    -0.029     0.172   593.345
351 3GCU_09_bbn                             -1.245    -1.389     0.144    10.382
352 3GCU_10_bbn                             -0.179    -0.503     0.324    64.350
353 3GCU_11_bbn                             -1.289    -1.166    -0.123   -10.582
354 3GCU_12_bbn                             -0.032    -0.152     0.120    78.645
355 3GCU_13_bbn                             -1.138    -1.220     0.082     6.743
356 3GCU_14_bbn                             -1.164    -1.261     0.097     7.711
357 3GCU_15_bbn                             -0.706    -0.618    -0.088   -14.317
358 3GCU_16_bbn                             -3.315    -2.654    -0.661   -24.888
359 3GCU_17_bbn                             -7.393    -8.222     0.829    10.078
360 3GCU_18_bbn                             -1.892    -2.033     0.141     6.952
361 3GCU_19_bbn                             -0.320    -0.332     0.012     3.479
362 3GCU_20_bbn                             -0.214    -0.237     0.023     9.755
363 3GCU_21_bbn                             -1.865    -1.341    -0.524   -39.092
364 3GCU_22_bbn                             -9.665    -8.470    -1.195   -14.110
365 3GCU_23_bbn                             -3.109    -3.359     0.250     7.457
366 3GCU_24_val                             -1.758    -1.617    -0.141    -8.708
367 3GCU_25_tyr                             -0.185    -0.332     0.147    44.304
368 3GCU_26_val                             -2.939    -2.777    -0.162    -5.843
369 3GCU_27_ala                             -2.486    -1.853    -0.633   -34.140
370 3GCU_28_lys                             -1.183    -1.564     0.381    24.381
371 3GCU_29_arg                              2.295     1.022     1.273   124.520
372 3GCU_30_arg                              0.983    -0.302     1.285   425.570
373 3GCU_31_glu                            -38.412   -40.107     1.695     4.226
374 3GCU_32_leu                             -1.147    -1.619     0.472    29.140
375 3GCU_33_leu                             -3.912    -3.539    -0.373   -10.536
376 3GCU_34_met                             -1.203    -1.363     0.160    11.746
377 3GCU_35_val                             -0.926    -0.854    -0.072    -8.478
378 3GCU_36_ile                             -2.726    -3.419     0.693    20.260
379 3GCU_37_leu                             -1.607    -1.666     0.059     3.531
380 3GCU_38_thr                             -6.761    -6.012    -0.749   -12.452
381 3GCU_39_leu                             -1.516    -1.675     0.159     9.499
382 3GCU_40_met                             -1.302    -1.631     0.329    20.148
383 3GCU_41_ile                             -1.366    -1.316    -0.050    -3.812
384 3GCU_42_ile                             -0.569    -0.576     0.007     1.184
385 3GCU_43_hie                             -2.441    -2.070    -0.371   -17.905
386 3GCU_44_ile                             -0.566    -0.486    -0.080   -16.502
387 3GCU_45_leu                             -3.654    -3.753     0.099     2.645
388 3GCU_46_asp                             -2.009    -3.510     1.501    42.762
389 3GCU_47_phe                             -3.475    -3.750     0.275     7.338
390 3GCU_48_leu                             -0.595    -0.619     0.024     3.835
391 3GNW_01_pro                             -1.535    -1.763     0.228    12.957
392 3GNW_02_bbn                             -0.207    -1.277     1.070    83.821
393 3GNW_03_bbn                             -3.470    -3.254    -0.216    -6.649
394 3GNW_04_bbn                             -3.656    -2.857    -0.799   -27.954
395 3GNW_05_bbn                             -0.143    -0.513     0.370    72.115
396 3GNW_06_bbn                              0.013    -0.230     0.243   105.787
397 3GNW_07_bbn                             -1.772    -1.752    -0.020    -1.140
398 3GNW_08_bbn                             -0.148    -0.221     0.073    32.891
399 3GNW_09_bbn                             -0.611    -1.049     0.438    41.733
400 3GNW_10_bbn                             -0.734    -0.798     0.064     8.064
401 3GNW_11_bbn                             -2.167    -2.458     0.291    11.852
402 3GNW_12_bbn                             -0.888    -0.729    -0.159   -21.864
403 3GNW_13_bbn                             -8.810    -7.914    -0.896   -11.316
404 3GNW_14_bbn                            -10.821    -7.893    -2.928   -37.090
405 3GNW_15_bbn                            -11.847    -8.705    -3.142   -36.096
406 3GNW_16_bbn                             -2.692    -2.751     0.059     2.143
407 3GNW_17_arg                              0.490    -1.153     1.643   142.501
408 3GNW_18_phe                             -0.029    -1.633     1.604    98.208
409 3GNW_19_arg                             -8.079    -5.693    -2.386   -41.903
410 3GNW_20_asn                             -2.562    -1.994    -0.568   -28.492
411 3GNW_21_asp                             -4.500    -4.875     0.375     7.691
412 3GNW_22_cys                             -3.660    -4.152     0.492    11.846
413 3GNW_23_ser                             -8.483    -8.521     0.038     0.444
414 3GNW_24_ser                             -1.832    -1.549    -0.283   -18.240
415 3GNW_25_leu                             -2.619    -2.381    -0.238    -9.992
416 3GNW_26_arg                              5.819     3.776     2.043    54.111
417 3GNW_27_ser                             -0.438    -0.516     0.078    15.186
418 3GNW_28_asn                             -1.569    -1.264    -0.305   -24.166
419 3GNW_29_met                             -6.616    -6.025    -0.591    -9.816
420 3GNW_30_tyr                             -4.244    -4.562     0.318     6.976
421 3GNW_31_gln                              0.008    -0.305     0.313   102.643
422 3GNW_32_ile                             -0.586    -0.859     0.273    31.794
423 3GNW_33_tyr                             -6.512    -6.613     0.101     1.527
424 3GNW_34_hie                             -0.136    -0.146     0.010     6.973
425 3GNW_35_ser                             -6.078    -4.733    -1.345   -28.408
426 3JVS_01_bbn                             -2.351    -1.960    -0.391   -19.961
427 3JVS_02_bbn                            -14.662   -13.696    -0.966    -7.054
428 3JVS_03_bbn                             -1.403    -1.071    -0.332   -31.007
429 3JVS_04_bbn                             -1.495    -0.504    -0.991  -196.623
430 3JVS_05_bbn                            -14.304   -12.381    -1.923   -15.533
431 3JVS_06_pro                             -5.745    -4.961    -0.784   -15.797
432 3JVS_07_bbn                              0.992     0.651     0.341    52.355
433 3JVS_08_pro                             -2.641    -2.382    -0.259   -10.875
434 3JVS_09_bbn                             -0.589    -0.536    -0.053    -9.927
435 3JVS_10_bbn                             -1.423    -1.080    -0.343   -31.802
436 3JVS_11_bbn                             -0.326    -0.457     0.131    28.700
437 3JVS_12_bbn                             -2.980    -2.491    -0.489   -19.630
438 3JVS_13_bbn                             -1.002    -1.033     0.031     3.033
439 3JVS_14_phe                             -7.882    -7.727    -0.155    -2.012
440 3JVS_15_asp                             -5.613    -7.306     1.693    23.176
441 3JVS_16_arg                             -0.489    -0.422    -0.067   -15.879
442 3JVS_17_ile                             -3.745    -3.698    -0.047    -1.271
443 3JVS_18_glu                             -7.300    -8.054     0.754     9.361
444 3JVS_19_tyr                             -1.661    -1.071    -0.590   -55.124
445 3JVS_20_ala                             -0.852    -0.589    -0.263   -44.625
446 3JVS_21_glu                             -4.176    -3.715    -0.461   -12.403
447 3JVS_22_leu                             -1.781    -1.646    -0.135    -8.219
448 3NOX_01_bbn                              1.583     0.798     0.785    98.388
449 3NOX_02_bbn                             -5.780    -6.207     0.427     6.874
450 3NOX_03_bbn                              0.892     0.757     0.135    17.868
451 3NOX_04_bbn                             -1.749    -1.971     0.222    11.269
452 3NOX_05_bbn                              1.544     1.333     0.211    15.831
453 3NOX_06_bbn                             -1.189    -1.433     0.244    17.061
454 3NOX_07_arg                             45.184    45.802    -0.618    -1.350
455 3NOX_08_glu                           -108.235  -111.564     3.329     2.984
456 3NOX_09_glu                           -124.854  -122.376    -2.478    -2.025
457 3NOX_10_tyr                             -5.572    -4.538    -1.034   -22.788
458 3NOX_11_trp                             -0.556    -0.699     0.143    20.465
459 3NOX_12_ser                             -6.320    -6.327     0.007     0.110
460 3NOX_13_tyr                             -2.029    -2.286     0.257    11.239
461 3NOX_14_val                             -1.391    -0.341    -1.050  -307.792
462 3NOX_15_trp                             -1.946    -2.227     0.281    12.601
463 3NOX_16_tyr                            -18.538   -16.022    -2.516   -15.704
464 3NOX_17_asp                            -63.854   -62.357    -1.497    -2.401
465 3NOX_18_tyr                             -7.402    -8.583     1.181    13.762
466 3NOX_19_asn                             -6.088    -4.442    -1.646   -37.050
467 3NOX_20_val                             -1.078    -1.718     0.640    37.263
468 3NOX_21_hid                             -7.761    -8.313     0.552     6.638
469 3PE2_01_bbn                             -3.395    -3.063    -0.332   -10.840
470 3PE2_02_bbn                             -0.389    -0.120    -0.269  -224.108
471 3PE2_03_bbn                             -2.091    -1.582    -0.509   -32.164
472 3PE2_04_bbn                             -0.994    -1.140     0.146    12.828
473 3PE2_05_bbn                             -1.724    -2.152     0.428    19.893
474 3PE2_06_bbn                             -2.003    -2.152     0.149     6.903
475 3PE2_07_bbn                             -1.401    -1.632     0.231    14.125
476 3PE2_08_bbn                             -7.044    -8.648     1.604    18.549
477 3PE2_09_bbn                             -0.339     0.102    -0.441  -431.941
478 3PE2_10_bbn                             -1.716    -1.706    -0.010    -0.603
479 3PE2_11_bbn                             -3.475    -3.556     0.081     2.289
480 3PE2_12_bbn                            -17.652   -18.392     0.740     4.023
481 3PE2_13_bbn                             -7.001    -6.612    -0.389    -5.889
482 3PE2_14_leu                             -3.323    -3.361     0.038     1.123
483 3PE2_15_arg                            -22.214   -22.648     0.434     1.916
484 3PE2_16_val                             -4.105    -5.128     1.023    19.959
485 3PE2_17_val                             -3.697    -3.574    -0.123    -3.449
486 3PE2_18_lys                           -101.394  -101.837     0.443     0.435
487 3PE2_19_ile                             -2.468    -3.154     0.686    21.743
488 3PE2_20_phe                             -2.256    -2.992     0.736    24.594
489 3PE2_21_hid                             -1.527    -1.757     0.230    13.081
490 3PE2_22_val                             -1.028    -1.155     0.127    10.967
491 3PE2_23_asn                             -0.607    -0.799     0.192    24.076
492 3PE2_24_hid                             -2.316    -2.844     0.528    18.573
493 3PE2_25_met                             -3.602    -4.093     0.491    12.002
494 3PE2_26_ile                             -5.036    -5.304     0.268     5.057
495 3PE2_27_asp                             57.715    57.516     0.199     0.346
496 3PE2_28_trp                             -2.792    -4.656     1.864    40.031
497 4GID_01_bbn                             -2.222    -2.050    -0.172    -8.400
498 4GID_02_bbn                              2.049     1.595     0.454    28.486
499 4GID_03_bbn                             -2.119    -1.725    -0.394   -22.834
500 4GID_04_bbn                             -6.147    -5.236    -0.911   -17.395
501 4GID_05_bbn                              0.565     0.112     0.453   404.813
502 4GID_06_bbn                              3.598     2.493     1.105    44.337
503 4GID_07_bbn                            -16.118   -14.417    -1.701   -11.799
504 4GID_08_bbn                              0.336    -0.097     0.433   446.320
505 4GID_09_pro                             -1.004    -1.047     0.043     4.094
506 4GID_10_bbn                             -5.060    -4.144    -0.916   -22.104
507 4GID_11_bbn                             -3.093    -2.179    -0.914   -41.924
508 4GID_12_bbn                             -3.709    -2.931    -0.778   -26.554
509 4GID_13_bbn                             -6.488    -5.824    -0.664   -11.394
510 4GID_14_bbn                             -1.866    -2.012     0.146     7.277
511 4GID_15_bbn                             -1.846    -1.966     0.120     6.098
512 4GID_16_bbn                             -3.975    -4.380     0.405     9.242
513 4GID_17_bbn                              1.119     0.779     0.340    43.655
514 4GID_18_bbn                             -3.530    -3.432    -0.098    -2.847
515 4GID_19_bbn                             -1.210    -1.652     0.442    26.745
516 4GID_20_bbn                              0.638    -0.379     1.017   268.224
517 4GID_21_bbn                            -22.032   -18.166    -3.866   -21.281
518 4GID_22_bbn                             -6.570    -6.907     0.337     4.885
519 4GID_23_bbn                             -8.567    -5.857    -2.710   -46.275
520 4GID_24_bbn                              0.837     0.454     0.383    84.264
521 4GID_25_ser                              0.449     0.291     0.158    54.124
522 4GID_26_gln                             -1.464    -1.744     0.280    16.076
523 4GID_27_tyr                             -0.360    -0.498     0.138    27.677
524 4GID_28_leu                             -2.113    -2.591     0.478    18.430
525 4GID_29_asp                            -80.842   -79.976    -0.866    -1.083
526 4GID_30_ser                              1.640     0.726     0.914   125.888
527 4GID_31_val                             -0.732    -0.830     0.098    11.783
528 4GID_32_tyr                             -7.831    -8.307     0.476     5.730
529 4GID_33_thr                             -7.288    -1.485    -5.803  -390.762
530 4GID_34_gln                             -3.242    -2.954    -0.288    -9.740
531 4GID_35_phe                             -2.916    -2.732    -0.184    -6.741
532 4GID_36_ile                             -1.658    -1.625    -0.033    -2.039
533 4GID_37_trp                             -2.763    -3.718     0.955    25.680
534 4GID_38_ile                             -1.946    -1.892    -0.054    -2.835
535 4GID_39_ile                             -1.429    -1.303    -0.126    -9.695
536 4GID_40_arg                             28.947    28.317     0.630     2.224
537 4GID_41_tyr                             -4.324    -4.078    -0.246    -6.042
538 4GID_42_ile                             -0.986    -1.315     0.329    25.045
539 4GID_43_asp                           -116.596  -114.321    -2.275    -1.990
540 4GID_44_thr                            -10.985    -6.629    -4.356   -65.705
541 4GID_45_thr                             -6.127    -4.836    -1.291   -26.690
542 4GID_46_asn                             -4.812    -5.295     0.483     9.123
543 4GID_47_arg                             28.402    27.645     0.757     2.737
544 4GID_48_lys                             23.168    23.587    -0.419    -1.776
545 4GID_49_ser                              0.641     0.084     0.557   662.667
546 4GID_50_val                             -0.911    -1.455     0.544    37.416
547 4GID_51_ala                             -0.584    -0.385    -0.199   -51.694
==========================================================================================
RMSE                1.114   kcal/mol
MUE                 0.672   kcal/mol
------------------------------------------------------------------------------------------
MSE                 0.014   kcal/mol
min                -6.092   kcal/mol
max                 5.208   kcal/mol
range              11.300   kcal/mol
min abs             0.001   kcal/mol
max abs             6.092   kcal/mol
==========================================================================================
RMSE             1495.649   %
MUE               124.192   %
MSE                77.549   %
min             -1659.800   %
max             33905.000   %
range           35564.800   %
min abs             0.029   %
max abs         33905.000   %
------------------------------------------------------------------------------------------
RMSE/|avg|         13.760   %
MUE/|avg|           8.292   %
==========================================================================================
Statistics for groups:
neutral-neutral(225)RMSE      0.632   MSE      -0.092   kcal/mol
charged-neutral(280)RMSE      1.191   MSE       0.036   kcal/mol
charged-charged(42) RMSE      2.141   MSE       0.437   kcal/mol
--------------------------------------------------------------------------------
neutral-neutralRMSE/|avg|     27.97 %
charged-neutralRMSE/|avg|     27.91 %
charged-chargedRMSE/|avg|     3.30 %
==========================================================================================

