WARNING: Keyword 'lookup_table' ignored in calculation 'job_01_10GS_01_ab', it belongs to other interface (lookup)
WARNING: Keyword 'lookup_table' ignored in calculation 'job_01_10GS_01_a', it belongs to other interface (lookup)
WARNING: Keyword 'lookup_table' ignored in calculation 'job_01_10GS_01_b', it belongs to other interface (lookup)
WARNING: Keyword 'lookup_table' ignored in calculation 'job_02_10GS_02_ab', it belongs to other interface (lookup)
WARNING: Keyword 'lookup_table' ignored in calculation 'job_02_10GS_02_a', it belongs to other interface (lookup)
WARNING: Keyword 'lookup_table' ignored in calculation 'job_02_10GS_02_b', it belongs to other interface (lookup)
WARNING: Keyword 'lookup_table' ignored in calculation 'job_03_10GS_03_ab', it belongs to other interface (lookup)
WARNING: Keyword 'lookup_table' ignored in calculation 'job_03_10GS_03_a', it belongs to other interface (lookup)
WARNING: Keyword 'lookup_table' ignored in calculation 'job_03_10GS_03_b', it belongs to other interface (lookup)
WARNING: Keyword 'lookup_table' ignored in calculation 'job_04_10GS_04_ab', it belongs to other interface (lookup)
WARNING: Keyword 'lookup_table' ignored in calculation 'job_04_10GS_04_a', it belongs to other interface (lookup)
WARNING: Keyword 'lookup_table' ignored in calculation 'job_04_10GS_04_b', it belongs to other interface (lookup)
WARNING: Keyword 'lookup_table' ignored in calculation 'job_05_10GS_05_ab', it belongs to other interface (lookup)
WARNING: Keyword 'lookup_table' ignored in calculation 'job_05_10GS_05_a', it belongs to other interface (lookup)
WARNING: Keyword 'lookup_table' ignored in calculation 'job_05_10GS_05_b', it belongs to other interface (lookup)
WARNING: Keyword 'lookup_table' ignored in calculation 'job_06_10GS_06_ab', it belongs to other interface (lookup)
WARNING: Keyword 'lookup_table' ignored in calculation 'job_06_10GS_06_a', it belongs to other interface (lookup)
WARNING: Keyword 'lookup_table' ignored in calculation 'job_06_10GS_06_b', it belongs to other interface (lookup)
WARNING: Keyword 'lookup_table' ignored in calculation 'job_07_10GS_07_ab', it belongs to other interface (lookup)
WARNING: Keyword 'lookup_table' ignored in calculation 'job_07_10GS_07_a', it belongs to other interface (lookup)
WARNING: Keyword 'lookup_table' ignored in calculation 'job_07_10GS_07_b', it belongs to other interface (lookup)
WARNING: Keyword 'lookup_table' ignored in calculation 'job_08_10GS_08_ab', it belongs to other interface (lookup)
WARNING: Keyword 'lookup_table' ignored in calculation 'job_08_10GS_08_a', it belongs to other interface (lookup)
WARNING: Keyword 'lookup_table' ignored in calculation 'job_08_10GS_08_b', it belongs to other interface (lookup)
WARNING: Keyword 'lookup_table' ignored in calculation 'job_09_10GS_09_ab', it belongs to other interface (lookup)
WARNING: Keyword 'lookup_table' ignored in calculation 'job_09_10GS_09_a', it belongs to other interface (lookup)
WARNING: Keyword 'lookup_table' ignored in calculation 'job_09_10GS_09_b', it belongs to other interface (lookup)
WARNING: Keyword 'lookup_table' ignored in calculation 'job_10_10GS_10_ab', it belongs to other interface (lookup)
WARNING: Keyword 'lookup_table' ignored in calculation 'job_10_10GS_10_a', it belongs to other interface (lookup)
WARNING: Keyword 'lookup_table' ignored in calculation 'job_10_10GS_10_b', it belongs to other interface (lookup)
WARNING: Keyword 'lookup_table' ignored in calculation 'job_11_10GS_11_ab', it belongs to other interface (lookup)
WARNING: Keyword 'lookup_table' ignored in calculation 'job_11_10GS_11_a', it belongs to other interface (lookup)
WARNING: Keyword 'lookup_table' ignored in calculation 'job_11_10GS_11_b', it belongs to other interface (lookup)
WARNING: Keyword 'lookup_table' ignored in calculation 'job_12_10GS_12_ab', it belongs to other interface (lookup)
WARNING: Keyword 'lookup_table' ignored in calculation 'job_12_10GS_12_a', it belongs to other interface (lookup)
WARNING: Keyword 'lookup_table' ignored in calculation 'job_12_10GS_12_b', it belongs to other interface (lookup)
WARNING: Keyword 'lookup_table' ignored in calculation 'job_13_10GS_13_ab', it belongs to other interface (lookup)
WARNING: Keyword 'lookup_table' ignored in calculation 'job_13_10GS_13_a', it belongs to other interface (lookup)
WARNING: Keyword 'lookup_table' ignored in calculation 'job_13_10GS_13_b', it belongs to other interface (lookup)
WARNING: Keyword 'lookup_table' ignored in calculation 'job_14_10GS_14_ab', it belongs to other interface (lookup)
WARNING: Keyword 'lookup_table' ignored in calculation 'job_14_10GS_14_a', it belongs to other interface (lookup)
WARNING: Keyword 'lookup_table' ignored in calculation 'job_14_10GS_14_b', it belongs to other interface (lookup)
WARNING: Keyword 'lookup_table' ignored in calculation 'job_15_10GS_15_ab', it belongs to other interface (lookup)
WARNING: Keyword 'lookup_table' ignored in calculation 'job_15_10GS_15_a', it belongs to other interface (lookup)
WARNING: Keyword 'lookup_table' ignored in calculation 'job_15_10GS_15_b', it belongs to other interface (lookup)
WARNING: Keyword 'lookup_table' ignored in calculation 'job_16_10GS_16_ab', it belongs to other interface (lookup)
WARNING: Keyword 'lookup_table' ignored in calculation 'job_16_10GS_16_a', it belongs to other interface (lookup)
WARNING: Keyword 'lookup_table' ignored in calculation 'job_16_10GS_16_b', it belongs to other interface (lookup)
WARNING: Keyword 'lookup_table' ignored in calculation 'job_17_10GS_17_ab', it belongs to other interface (lookup)
WARNING: Keyword 'lookup_table' ignored in calculation 'job_17_10GS_17_a', it belongs to other interface (lookup)
WARNING: Keyword 'lookup_table' ignored in calculation 'job_17_10GS_17_b', it belongs to other interface (lookup)
WARNING: Keyword 'lookup_table' ignored in calculation 'job_18_10GS_18_ab', it belongs to other interface (lookup)
WARNING: Keyword 'lookup_table' ignored in calculation 'job_18_10GS_18_a', it belongs to other interface (lookup)
WARNING: Keyword 'lookup_table' ignored in calculation 'job_18_10GS_18_b', it belongs to other interface (lookup)
WARNING: Keyword 'lookup_table' ignored in calculation 'job_19_10GS_19_ab', it belongs to other interface (lookup)
WARNING: Keyword 'lookup_table' ignored in calculation 'job_19_10GS_19_a', it belongs to other interface (lookup)
WARNING: Keyword 'lookup_table' ignored in calculation 'job_19_10GS_19_b', it belongs to other interface (lookup)
WARNING: Keyword 'lookup_table' ignored in calculation 'job_20_10GS_20_ab', it belongs to other interface (lookup)
WARNING: Keyword 'lookup_table' ignored in calculation 'job_20_10GS_20_a', it belongs to other interface (lookup)
WARNING: Keyword 'lookup_table' ignored in calculation 'job_20_10GS_20_b', it belongs to other interface (lookup)
WARNING: Keyword 'lookup_table' ignored in calculation 'job_21_10GS_21_ab', it belongs to other interface (lookup)
WARNING: Keyword 'lookup_table' ignored in calculation 'job_21_10GS_21_a', it belongs to other interface (lookup)
WARNING: Keyword 'lookup_table' ignored in calculation 'job_21_10GS_21_b', it belongs to other interface (lookup)
WARNING: Keyword 'lookup_table' ignored in calculation 'job_22_10GS_22_ab', it belongs to other interface (lookup)
WARNING: Keyword 'lookup_table' ignored in calculation 'job_22_10GS_22_a', it belongs to other interface (lookup)
WARNING: Keyword 'lookup_table' ignored in calculation 'job_22_10GS_22_b', it belongs to other interface (lookup)
WARNING: Keyword 'lookup_table' ignored in calculation 'job_23_10GS_23_ab', it belongs to other interface (lookup)
WARNING: Keyword 'lookup_table' ignored in calculation 'job_23_10GS_23_a', it belongs to other interface (lookup)
WARNING: Keyword 'lookup_table' ignored in calculation 'job_23_10GS_23_b', it belongs to other interface (lookup)
WARNING: Keyword 'lookup_table' ignored in calculation 'job_24_10GS_24_ab', it belongs to other interface (lookup)
WARNING: Keyword 'lookup_table' ignored in calculation 'job_24_10GS_24_a', it belongs to other interface (lookup)
WARNING: Keyword 'lookup_table' ignored in calculation 'job_24_10GS_24_b', it belongs to other interface (lookup)
WARNING: Keyword 'lookup_table' ignored in calculation 'job_25_10GS_25_ab', it belongs to other interface (lookup)
WARNING: Keyword 'lookup_table' ignored in calculation 'job_25_10GS_25_a', it belongs to other interface (lookup)
WARNING: Keyword 'lookup_table' ignored in calculation 'job_25_10GS_25_b', it belongs to other interface (lookup)
WARNING: Keyword 'lookup_table' ignored in calculation 'job_26_2CET_01_ab', it belongs to other interface (lookup)
WARNING: Keyword 'lookup_table' ignored in calculation 'job_26_2CET_01_a', it belongs to other interface (lookup)
WARNING: Keyword 'lookup_table' ignored in calculation 'job_26_2CET_01_b', it belongs to other interface (lookup)
WARNING: Keyword 'lookup_table' ignored in calculation 'job_27_2CET_02_ab', it belongs to other interface (lookup)
WARNING: Keyword 'lookup_table' ignored in calculation 'job_27_2CET_02_a', it belongs to other interface (lookup)
WARNING: Keyword 'lookup_table' ignored in calculation 'job_27_2CET_02_b', it belongs to other interface (lookup)
WARNING: Keyword 'lookup_table' ignored in calculation 'job_28_2CET_03_ab', it belongs to other interface (lookup)
WARNING: Keyword 'lookup_table' ignored in calculation 'job_28_2CET_03_a', it belongs to other interface (lookup)
WARNING: Keyword 'lookup_table' ignored in calculation 'job_28_2CET_03_b', it belongs to other interface (lookup)
WARNING: Keyword 'lookup_table' ignored in calculation 'job_29_2CET_04_ab', it belongs to other interface (lookup)
WARNING: Keyword 'lookup_table' ignored in calculation 'job_29_2CET_04_a', it belongs to other interface (lookup)
WARNING: Keyword 'lookup_table' ignored in calculation 'job_29_2CET_04_b', it belongs to other interface (lookup)
WARNING: Keyword 'lookup_table' ignored in calculation 'job_30_2CET_05_ab', it belongs to other interface (lookup)
WARNING: Keyword 'lookup_table' ignored in calculation 'job_30_2CET_05_a', it belongs to other interface (lookup)
WARNING: Keyword 'lookup_table' ignored in calculation 'job_30_2CET_05_b', it belongs to other interface (lookup)
WARNING: Keyword 'lookup_table' ignored in calculation 'job_31_2CET_06_ab', it belongs to other interface (lookup)
WARNING: Keyword 'lookup_table' ignored in calculation 'job_31_2CET_06_a', it belongs to other interface (lookup)
WARNING: Keyword 'lookup_table' ignored in calculation 'job_31_2CET_06_b', it belongs to other interface (lookup)
WARNING: Keyword 'lookup_table' ignored in calculation 'job_32_2CET_07_ab', it belongs to other interface (lookup)
WARNING: Keyword 'lookup_table' ignored in calculation 'job_32_2CET_07_a', it belongs to other interface (lookup)
WARNING: Keyword 'lookup_table' ignored in calculation 'job_32_2CET_07_b', it belongs to other interface (lookup)
WARNING: Keyword 'lookup_table' ignored in calculation 'job_33_2CET_08_ab', it belongs to other interface (lookup)
WARNING: Keyword 'lookup_table' ignored in calculation 'job_33_2CET_08_a', it belongs to other interface (lookup)
WARNING: Keyword 'lookup_table' ignored in calculation 'job_33_2CET_08_b', it belongs to other interface (lookup)
WARNING: Keyword 'lookup_table' ignored in calculation 'job_34_2CET_09_ab', it belongs to other interface (lookup)
WARNING: Keyword 'lookup_table' ignored in calculation 'job_34_2CET_09_a', it belongs to other interface (lookup)
WARNING: Keyword 'lookup_table' ignored in calculation 'job_34_2CET_09_b', it belongs to other interface (lookup)
WARNING: Keyword 'lookup_table' ignored in calculation 'job_35_2CET_10_ab', it belongs to other interface (lookup)
WARNING: Keyword 'lookup_table' ignored in calculation 'job_35_2CET_10_a', it belongs to other interface (lookup)
WARNING: Keyword 'lookup_table' ignored in calculation 'job_35_2CET_10_b', it belongs to other interface (lookup)
WARNING: Keyword 'lookup_table' ignored in calculation 'job_36_2CET_11_ab', it belongs to other interface (lookup)
WARNING: Keyword 'lookup_table' ignored in calculation 'job_36_2CET_11_a', it belongs to other interface (lookup)
WARNING: Keyword 'lookup_table' ignored in calculation 'job_36_2CET_11_b', it belongs to other interface (lookup)
WARNING: Keyword 'lookup_table' ignored in calculation 'job_37_2CET_12_ab', it belongs to other interface (lookup)
WARNING: Keyword 'lookup_table' ignored in calculation 'job_37_2CET_12_a', it belongs to other interface (lookup)
WARNING: Keyword 'lookup_table' ignored in calculation 'job_37_2CET_12_b', it belongs to other interface (lookup)
WARNING: Keyword 'lookup_table' ignored in calculation 'job_38_2CET_13_ab', it belongs to other interface (lookup)
WARNING: Keyword 'lookup_table' ignored in calculation 'job_38_2CET_13_a', it belongs to other interface (lookup)
WARNING: Keyword 'lookup_table' ignored in calculation 'job_38_2CET_13_b', it belongs to other interface (lookup)
WARNING: Keyword 'lookup_table' ignored in calculation 'job_39_2CET_14_ab', it belongs to other interface (lookup)
WARNING: Keyword 'lookup_table' ignored in calculation 'job_39_2CET_14_a', it belongs to other interface (lookup)
WARNING: Keyword 'lookup_table' ignored in calculation 'job_39_2CET_14_b', it belongs to other interface (lookup)
WARNING: Keyword 'lookup_table' ignored in calculation 'job_40_2CET_15_ab', it belongs to other interface (lookup)
WARNING: Keyword 'lookup_table' ignored in calculation 'job_40_2CET_15_a', it belongs to other interface (lookup)
WARNING: Keyword 'lookup_table' ignored in calculation 'job_40_2CET_15_b', it belongs to other interface (lookup)
WARNING: Keyword 'lookup_table' ignored in calculation 'job_41_2CET_16_ab', it belongs to other interface (lookup)
WARNING: Keyword 'lookup_table' ignored in calculation 'job_41_2CET_16_a', it belongs to other interface (lookup)
WARNING: Keyword 'lookup_table' ignored in calculation 'job_41_2CET_16_b', it belongs to other interface (lookup)
WARNING: Keyword 'lookup_table' ignored in calculation 'job_42_2CET_17_ab', it belongs to other interface (lookup)
WARNING: Keyword 'lookup_table' ignored in calculation 'job_42_2CET_17_a', it belongs to other interface (lookup)
WARNING: Keyword 'lookup_table' ignored in calculation 'job_42_2CET_17_b', it belongs to other interface (lookup)
WARNING: Keyword 'lookup_table' ignored in calculation 'job_43_2CET_18_ab', it belongs to other interface (lookup)
WARNING: Keyword 'lookup_table' ignored in calculation 'job_43_2CET_18_a', it belongs to other interface (lookup)
WARNING: Keyword 'lookup_table' ignored in calculation 'job_43_2CET_18_b', it belongs to other interface (lookup)
WARNING: Keyword 'lookup_table' ignored in calculation 'job_44_2CET_19_ab', it belongs to other interface (lookup)
WARNING: Keyword 'lookup_table' ignored in calculation 'job_44_2CET_19_a', it belongs to other interface (lookup)
WARNING: Keyword 'lookup_table' ignored in calculation 'job_44_2CET_19_b', it belongs to other interface (lookup)
WARNING: Keyword 'lookup_table' ignored in calculation 'job_45_2CET_20_ab', it belongs to other interface (lookup)
WARNING: Keyword 'lookup_table' ignored in calculation 'job_45_2CET_20_a', it belongs to other interface (lookup)
WARNING: Keyword 'lookup_table' ignored in calculation 'job_45_2CET_20_b', it belongs to other interface (lookup)
WARNING: Keyword 'lookup_table' ignored in calculation 'job_46_2CET_21_ab', it belongs to other interface (lookup)
WARNING: Keyword 'lookup_table' ignored in calculation 'job_46_2CET_21_a', it belongs to other interface (lookup)
WARNING: Keyword 'lookup_table' ignored in calculation 'job_46_2CET_21_b', it belongs to other interface (lookup)
WARNING: Keyword 'lookup_table' ignored in calculation 'job_47_2CET_22_ab', it belongs to other interface (lookup)
WARNING: Keyword 'lookup_table' ignored in calculation 'job_47_2CET_22_a', it belongs to other interface (lookup)
WARNING: Keyword 'lookup_table' ignored in calculation 'job_47_2CET_22_b', it belongs to other interface (lookup)
WARNING: Keyword 'lookup_table' ignored in calculation 'job_48_2CET_23_ab', it belongs to other interface (lookup)
WARNING: Keyword 'lookup_table' ignored in calculation 'job_48_2CET_23_a', it belongs to other interface (lookup)
WARNING: Keyword 'lookup_table' ignored in calculation 'job_48_2CET_23_b', it belongs to other interface (lookup)
WARNING: Keyword 'lookup_table' ignored in calculation 'job_49_2FVD_01_ab', it belongs to other interface (lookup)
WARNING: Keyword 'lookup_table' ignored in calculation 'job_49_2FVD_01_a', it belongs to other interface (lookup)
WARNING: Keyword 'lookup_table' ignored in calculation 'job_49_2FVD_01_b', it belongs to other interface (lookup)
WARNING: Keyword 'lookup_table' ignored in calculation 'job_50_2FVD_02_ab', it belongs to other interface (lookup)
WARNING: Keyword 'lookup_table' ignored in calculation 'job_50_2FVD_02_a', it belongs to other interface (lookup)
WARNING: Keyword 'lookup_table' ignored in calculation 'job_50_2FVD_02_b', it belongs to other interface (lookup)
WARNING: Keyword 'lookup_table' ignored in calculation 'job_51_2FVD_03_ab', it belongs to other interface (lookup)
WARNING: Keyword 'lookup_table' ignored in calculation 'job_51_2FVD_03_a', it belongs to other interface (lookup)
WARNING: Keyword 'lookup_table' ignored in calculation 'job_51_2FVD_03_b', it belongs to other interface (lookup)
WARNING: Keyword 'lookup_table' ignored in calculation 'job_52_2FVD_04_ab', it belongs to other interface (lookup)
WARNING: Keyword 'lookup_table' ignored in calculation 'job_52_2FVD_04_a', it belongs to other interface (lookup)
WARNING: Keyword 'lookup_table' ignored in calculation 'job_52_2FVD_04_b', it belongs to other interface (lookup)
WARNING: Keyword 'lookup_table' ignored in calculation 'job_53_2FVD_05_ab', it belongs to other interface (lookup)
WARNING: Keyword 'lookup_table' ignored in calculation 'job_53_2FVD_05_a', it belongs to other interface (lookup)
WARNING: Keyword 'lookup_table' ignored in calculation 'job_53_2FVD_05_b', it belongs to other interface (lookup)
WARNING: Keyword 'lookup_table' ignored in calculation 'job_54_2FVD_06_ab', it belongs to other interface (lookup)
WARNING: Keyword 'lookup_table' ignored in calculation 'job_54_2FVD_06_a', it belongs to other interface (lookup)
WARNING: Keyword 'lookup_table' ignored in calculation 'job_54_2FVD_06_b', it belongs to other interface (lookup)
WARNING: Keyword 'lookup_table' ignored in calculation 'job_55_2FVD_07_ab', it belongs to other interface (lookup)
WARNING: Keyword 'lookup_table' ignored in calculation 'job_55_2FVD_07_a', it belongs to other interface (lookup)
WARNING: Keyword 'lookup_table' ignored in calculation 'job_55_2FVD_07_b', it belongs to other interface (lookup)
WARNING: Keyword 'lookup_table' ignored in calculation 'job_56_2FVD_08_ab', it belongs to other interface (lookup)
WARNING: Keyword 'lookup_table' ignored in calculation 'job_56_2FVD_08_a', it belongs to other interface (lookup)
WARNING: Keyword 'lookup_table' ignored in calculation 'job_56_2FVD_08_b', it belongs to other interface (lookup)
WARNING: Keyword 'lookup_table' ignored in calculation 'job_57_2FVD_09_ab', it belongs to other interface (lookup)
WARNING: Keyword 'lookup_table' ignored in calculation 'job_57_2FVD_09_a', it belongs to other interface (lookup)
WARNING: Keyword 'lookup_table' ignored in calculation 'job_57_2FVD_09_b', it belongs to other interface (lookup)
WARNING: Keyword 'lookup_table' ignored in calculation 'job_58_2FVD_10_ab', it belongs to other interface (lookup)
WARNING: Keyword 'lookup_table' ignored in calculation 'job_58_2FVD_10_a', it belongs to other interface (lookup)
WARNING: Keyword 'lookup_table' ignored in calculation 'job_58_2FVD_10_b', it belongs to other interface (lookup)
WARNING: Keyword 'lookup_table' ignored in calculation 'job_59_2FVD_11_ab', it belongs to other interface (lookup)
WARNING: Keyword 'lookup_table' ignored in calculation 'job_59_2FVD_11_a', it belongs to other interface (lookup)
WARNING: Keyword 'lookup_table' ignored in calculation 'job_59_2FVD_11_b', it belongs to other interface (lookup)
WARNING: Keyword 'lookup_table' ignored in calculation 'job_60_2FVD_12_ab', it belongs to other interface (lookup)
WARNING: Keyword 'lookup_table' ignored in calculation 'job_60_2FVD_12_a', it belongs to other interface (lookup)
WARNING: Keyword 'lookup_table' ignored in calculation 'job_60_2FVD_12_b', it belongs to other interface (lookup)
WARNING: Keyword 'lookup_table' ignored in calculation 'job_61_2FVD_13_ab', it belongs to other interface (lookup)
WARNING: Keyword 'lookup_table' ignored in calculation 'job_61_2FVD_13_a', it belongs to other interface (lookup)
WARNING: Keyword 'lookup_table' ignored in calculation 'job_61_2FVD_13_b', it belongs to other interface (lookup)
WARNING: Keyword 'lookup_table' ignored in calculation 'job_62_2FVD_14_ab', it belongs to other interface (lookup)
WARNING: Keyword 'lookup_table' ignored in calculation 'job_62_2FVD_14_a', it belongs to other interface (lookup)
WARNING: Keyword 'lookup_table' ignored in calculation 'job_62_2FVD_14_b', it belongs to other interface (lookup)
WARNING: Keyword 'lookup_table' ignored in calculation 'job_63_2FVD_15_ab', it belongs to other interface (lookup)
WARNING: Keyword 'lookup_table' ignored in calculation 'job_63_2FVD_15_a', it belongs to other interface (lookup)
WARNING: Keyword 'lookup_table' ignored in calculation 'job_63_2FVD_15_b', it belongs to other interface (lookup)
WARNING: Keyword 'lookup_table' ignored in calculation 'job_64_2FVD_16_ab', it belongs to other interface (lookup)
WARNING: Keyword 'lookup_table' ignored in calculation 'job_64_2FVD_16_a', it belongs to other interface (lookup)
WARNING: Keyword 'lookup_table' ignored in calculation 'job_64_2FVD_16_b', it belongs to other interface (lookup)
WARNING: Keyword 'lookup_table' ignored in calculation 'job_65_2FVD_17_ab', it belongs to other interface (lookup)
WARNING: Keyword 'lookup_table' ignored in calculation 'job_65_2FVD_17_a', it belongs to other interface (lookup)
WARNING: Keyword 'lookup_table' ignored in calculation 'job_65_2FVD_17_b', it belongs to other interface (lookup)
WARNING: Keyword 'lookup_table' ignored in calculation 'job_66_2FVD_18_ab', it belongs to other interface (lookup)
WARNING: Keyword 'lookup_table' ignored in calculation 'job_66_2FVD_18_a', it belongs to other interface (lookup)
WARNING: Keyword 'lookup_table' ignored in calculation 'job_66_2FVD_18_b', it belongs to other interface (lookup)
WARNING: Keyword 'lookup_table' ignored in calculation 'job_67_2FVD_19_ab', it belongs to other interface (lookup)
WARNING: Keyword 'lookup_table' ignored in calculation 'job_67_2FVD_19_a', it belongs to other interface (lookup)
WARNING: Keyword 'lookup_table' ignored in calculation 'job_67_2FVD_19_b', it belongs to other interface (lookup)
WARNING: Keyword 'lookup_table' ignored in calculation 'job_68_2FVD_20_ab', it belongs to other interface (lookup)
WARNING: Keyword 'lookup_table' ignored in calculation 'job_68_2FVD_20_a', it belongs to other interface (lookup)
WARNING: Keyword 'lookup_table' ignored in calculation 'job_68_2FVD_20_b', it belongs to other interface (lookup)
WARNING: Keyword 'lookup_table' ignored in calculation 'job_69_2FVD_21_ab', it belongs to other interface (lookup)
WARNING: Keyword 'lookup_table' ignored in calculation 'job_69_2FVD_21_a', it belongs to other interface (lookup)
WARNING: Keyword 'lookup_table' ignored in calculation 'job_69_2FVD_21_b', it belongs to other interface (lookup)
WARNING: Keyword 'lookup_table' ignored in calculation 'job_70_2FVD_22_ab', it belongs to other interface (lookup)
WARNING: Keyword 'lookup_table' ignored in calculation 'job_70_2FVD_22_a', it belongs to other interface (lookup)
WARNING: Keyword 'lookup_table' ignored in calculation 'job_70_2FVD_22_b', it belongs to other interface (lookup)
WARNING: Keyword 'lookup_table' ignored in calculation 'job_71_2FVD_23_ab', it belongs to other interface (lookup)
WARNING: Keyword 'lookup_table' ignored in calculation 'job_71_2FVD_23_a', it belongs to other interface (lookup)
WARNING: Keyword 'lookup_table' ignored in calculation 'job_71_2FVD_23_b', it belongs to other interface (lookup)
WARNING: Keyword 'lookup_table' ignored in calculation 'job_72_2FVD_24_ab', it belongs to other interface (lookup)
WARNING: Keyword 'lookup_table' ignored in calculation 'job_72_2FVD_24_a', it belongs to other interface (lookup)
WARNING: Keyword 'lookup_table' ignored in calculation 'job_72_2FVD_24_b', it belongs to other interface (lookup)
WARNING: Keyword 'lookup_table' ignored in calculation 'job_73_2FVD_25_ab', it belongs to other interface (lookup)
WARNING: Keyword 'lookup_table' ignored in calculation 'job_73_2FVD_25_a', it belongs to other interface (lookup)
WARNING: Keyword 'lookup_table' ignored in calculation 'job_73_2FVD_25_b', it belongs to other interface (lookup)
WARNING: Keyword 'lookup_table' ignored in calculation 'job_74_2FVD_26_ab', it belongs to other interface (lookup)
WARNING: Keyword 'lookup_table' ignored in calculation 'job_74_2FVD_26_a', it belongs to other interface (lookup)
WARNING: Keyword 'lookup_table' ignored in calculation 'job_74_2FVD_26_b', it belongs to other interface (lookup)
WARNING: Keyword 'lookup_table' ignored in calculation 'job_75_2FVD_27_ab', it belongs to other interface (lookup)
WARNING: Keyword 'lookup_table' ignored in calculation 'job_75_2FVD_27_a', it belongs to other interface (lookup)
WARNING: Keyword 'lookup_table' ignored in calculation 'job_75_2FVD_27_b', it belongs to other interface (lookup)
WARNING: Keyword 'lookup_table' ignored in calculation 'job_76_2FVD_28_ab', it belongs to other interface (lookup)
WARNING: Keyword 'lookup_table' ignored in calculation 'job_76_2FVD_28_a', it belongs to other interface (lookup)
WARNING: Keyword 'lookup_table' ignored in calculation 'job_76_2FVD_28_b', it belongs to other interface (lookup)
WARNING: Keyword 'lookup_table' ignored in calculation 'job_77_2FVD_29_ab', it belongs to other interface (lookup)
WARNING: Keyword 'lookup_table' ignored in calculation 'job_77_2FVD_29_a', it belongs to other interface (lookup)
WARNING: Keyword 'lookup_table' ignored in calculation 'job_77_2FVD_29_b', it belongs to other interface (lookup)
WARNING: Keyword 'lookup_table' ignored in calculation 'job_78_2FVD_30_ab', it belongs to other interface (lookup)
WARNING: Keyword 'lookup_table' ignored in calculation 'job_78_2FVD_30_a', it belongs to other interface (lookup)
WARNING: Keyword 'lookup_table' ignored in calculation 'job_78_2FVD_30_b', it belongs to other interface (lookup)
WARNING: Keyword 'lookup_table' ignored in calculation 'job_79_2FVD_31_ab', it belongs to other interface (lookup)
WARNING: Keyword 'lookup_table' ignored in calculation 'job_79_2FVD_31_a', it belongs to other interface (lookup)
WARNING: Keyword 'lookup_table' ignored in calculation 'job_79_2FVD_31_b', it belongs to other interface (lookup)
WARNING: Keyword 'lookup_table' ignored in calculation 'job_80_2FVD_32_ab', it belongs to other interface (lookup)
WARNING: Keyword 'lookup_table' ignored in calculation 'job_80_2FVD_32_a', it belongs to other interface (lookup)
WARNING: Keyword 'lookup_table' ignored in calculation 'job_80_2FVD_32_b', it belongs to other interface (lookup)
WARNING: Keyword 'lookup_table' ignored in calculation 'job_81_2FVD_33_ab', it belongs to other interface (lookup)
WARNING: Keyword 'lookup_table' ignored in calculation 'job_81_2FVD_33_a', it belongs to other interface (lookup)
WARNING: Keyword 'lookup_table' ignored in calculation 'job_81_2FVD_33_b', it belongs to other interface (lookup)
WARNING: Keyword 'lookup_table' ignored in calculation 'job_82_2OBF_01_ab', it belongs to other interface (lookup)
WARNING: Keyword 'lookup_table' ignored in calculation 'job_82_2OBF_01_a', it belongs to other interface (lookup)
WARNING: Keyword 'lookup_table' ignored in calculation 'job_82_2OBF_01_b', it belongs to other interface (lookup)
WARNING: Keyword 'lookup_table' ignored in calculation 'job_83_2OBF_02_ab', it belongs to other interface (lookup)
WARNING: Keyword 'lookup_table' ignored in calculation 'job_83_2OBF_02_a', it belongs to other interface (lookup)
WARNING: Keyword 'lookup_table' ignored in calculation 'job_83_2OBF_02_b', it belongs to other interface (lookup)
WARNING: Keyword 'lookup_table' ignored in calculation 'job_84_2OBF_03_ab', it belongs to other interface (lookup)
WARNING: Keyword 'lookup_table' ignored in calculation 'job_84_2OBF_03_a', it belongs to other interface (lookup)
WARNING: Keyword 'lookup_table' ignored in calculation 'job_84_2OBF_03_b', it belongs to other interface (lookup)
WARNING: Keyword 'lookup_table' ignored in calculation 'job_85_2OBF_04_ab', it belongs to other interface (lookup)
WARNING: Keyword 'lookup_table' ignored in calculation 'job_85_2OBF_04_a', it belongs to other interface (lookup)
WARNING: Keyword 'lookup_table' ignored in calculation 'job_85_2OBF_04_b', it belongs to other interface (lookup)
WARNING: Keyword 'lookup_table' ignored in calculation 'job_86_2OBF_05_ab', it belongs to other interface (lookup)
WARNING: Keyword 'lookup_table' ignored in calculation 'job_86_2OBF_05_a', it belongs to other interface (lookup)
WARNING: Keyword 'lookup_table' ignored in calculation 'job_86_2OBF_05_b', it belongs to other interface (lookup)
WARNING: Keyword 'lookup_table' ignored in calculation 'job_87_2OBF_06_ab', it belongs to other interface (lookup)
WARNING: Keyword 'lookup_table' ignored in calculation 'job_87_2OBF_06_a', it belongs to other interface (lookup)
WARNING: Keyword 'lookup_table' ignored in calculation 'job_87_2OBF_06_b', it belongs to other interface (lookup)
WARNING: Keyword 'lookup_table' ignored in calculation 'job_88_2OBF_07_ab', it belongs to other interface (lookup)
WARNING: Keyword 'lookup_table' ignored in calculation 'job_88_2OBF_07_a', it belongs to other interface (lookup)
WARNING: Keyword 'lookup_table' ignored in calculation 'job_88_2OBF_07_b', it belongs to other interface (lookup)
WARNING: Keyword 'lookup_table' ignored in calculation 'job_89_2OBF_08_ab', it belongs to other interface (lookup)
WARNING: Keyword 'lookup_table' ignored in calculation 'job_89_2OBF_08_a', it belongs to other interface (lookup)
WARNING: Keyword 'lookup_table' ignored in calculation 'job_89_2OBF_08_b', it belongs to other interface (lookup)
WARNING: Keyword 'lookup_table' ignored in calculation 'job_90_2OBF_09_ab', it belongs to other interface (lookup)
WARNING: Keyword 'lookup_table' ignored in calculation 'job_90_2OBF_09_a', it belongs to other interface (lookup)
WARNING: Keyword 'lookup_table' ignored in calculation 'job_90_2OBF_09_b', it belongs to other interface (lookup)
WARNING: Keyword 'lookup_table' ignored in calculation 'job_91_2OBF_10_ab', it belongs to other interface (lookup)
WARNING: Keyword 'lookup_table' ignored in calculation 'job_91_2OBF_10_a', it belongs to other interface (lookup)
WARNING: Keyword 'lookup_table' ignored in calculation 'job_91_2OBF_10_b', it belongs to other interface (lookup)
WARNING: Keyword 'lookup_table' ignored in calculation 'job_92_2OBF_11_ab', it belongs to other interface (lookup)
WARNING: Keyword 'lookup_table' ignored in calculation 'job_92_2OBF_11_a', it belongs to other interface (lookup)
WARNING: Keyword 'lookup_table' ignored in calculation 'job_92_2OBF_11_b', it belongs to other interface (lookup)
WARNING: Keyword 'lookup_table' ignored in calculation 'job_93_2OBF_12_ab', it belongs to other interface (lookup)
WARNING: Keyword 'lookup_table' ignored in calculation 'job_93_2OBF_12_a', it belongs to other interface (lookup)
WARNING: Keyword 'lookup_table' ignored in calculation 'job_93_2OBF_12_b', it belongs to other interface (lookup)
WARNING: Keyword 'lookup_table' ignored in calculation 'job_94_2OBF_13_ab', it belongs to other interface (lookup)
WARNING: Keyword 'lookup_table' ignored in calculation 'job_94_2OBF_13_a', it belongs to other interface (lookup)
WARNING: Keyword 'lookup_table' ignored in calculation 'job_94_2OBF_13_b', it belongs to other interface (lookup)
WARNING: Keyword 'lookup_table' ignored in calculation 'job_95_2OBF_14_ab', it belongs to other interface (lookup)
WARNING: Keyword 'lookup_table' ignored in calculation 'job_95_2OBF_14_a', it belongs to other interface (lookup)
WARNING: Keyword 'lookup_table' ignored in calculation 'job_95_2OBF_14_b', it belongs to other interface (lookup)
WARNING: Keyword 'lookup_table' ignored in calculation 'job_96_2OBF_15_ab', it belongs to other interface (lookup)
WARNING: Keyword 'lookup_table' ignored in calculation 'job_96_2OBF_15_a', it belongs to other interface (lookup)
WARNING: Keyword 'lookup_table' ignored in calculation 'job_96_2OBF_15_b', it belongs to other interface (lookup)
WARNING: Keyword 'lookup_table' ignored in calculation 'job_97_2OBF_16_ab', it belongs to other interface (lookup)
WARNING: Keyword 'lookup_table' ignored in calculation 'job_97_2OBF_16_a', it belongs to other interface (lookup)
WARNING: Keyword 'lookup_table' ignored in calculation 'job_97_2OBF_16_b', it belongs to other interface (lookup)
WARNING: Keyword 'lookup_table' ignored in calculation 'job_98_2OBF_17_ab', it belongs to other interface (lookup)
WARNING: Keyword 'lookup_table' ignored in calculation 'job_98_2OBF_17_a', it belongs to other interface (lookup)
WARNING: Keyword 'lookup_table' ignored in calculation 'job_98_2OBF_17_b', it belongs to other interface (lookup)
WARNING: Keyword 'lookup_table' ignored in calculation 'job_99_2OBF_18_ab', it belongs to other interface (lookup)
WARNING: Keyword 'lookup_table' ignored in calculation 'job_99_2OBF_18_a', it belongs to other interface (lookup)
WARNING: Keyword 'lookup_table' ignored in calculation 'job_99_2OBF_18_b', it belongs to other interface (lookup)
WARNING: Keyword 'lookup_table' ignored in calculation 'job_100_2OBF_19_ab', it belongs to other interface (lookup)
WARNING: Keyword 'lookup_table' ignored in calculation 'job_100_2OBF_19_a', it belongs to other interface (lookup)
WARNING: Keyword 'lookup_table' ignored in calculation 'job_100_2OBF_19_b', it belongs to other interface (lookup)
WARNING: Keyword 'lookup_table' ignored in calculation 'job_101_2OBF_20_ab', it belongs to other interface (lookup)
WARNING: Keyword 'lookup_table' ignored in calculation 'job_101_2OBF_20_a', it belongs to other interface (lookup)
WARNING: Keyword 'lookup_table' ignored in calculation 'job_101_2OBF_20_b', it belongs to other interface (lookup)
WARNING: Keyword 'lookup_table' ignored in calculation 'job_102_2OBF_21_ab', it belongs to other interface (lookup)
WARNING: Keyword 'lookup_table' ignored in calculation 'job_102_2OBF_21_a', it belongs to other interface (lookup)
WARNING: Keyword 'lookup_table' ignored in calculation 'job_102_2OBF_21_b', it belongs to other interface (lookup)
WARNING: Keyword 'lookup_table' ignored in calculation 'job_103_2OBF_22_ab', it belongs to other interface (lookup)
WARNING: Keyword 'lookup_table' ignored in calculation 'job_103_2OBF_22_a', it belongs to other interface (lookup)
WARNING: Keyword 'lookup_table' ignored in calculation 'job_103_2OBF_22_b', it belongs to other interface (lookup)
WARNING: Keyword 'lookup_table' ignored in calculation 'job_104_2OBF_23_ab', it belongs to other interface (lookup)
WARNING: Keyword 'lookup_table' ignored in calculation 'job_104_2OBF_23_a', it belongs to other interface (lookup)
WARNING: Keyword 'lookup_table' ignored in calculation 'job_104_2OBF_23_b', it belongs to other interface (lookup)
WARNING: Keyword 'lookup_table' ignored in calculation 'job_105_2OBF_24_ab', it belongs to other interface (lookup)
WARNING: Keyword 'lookup_table' ignored in calculation 'job_105_2OBF_24_a', it belongs to other interface (lookup)
WARNING: Keyword 'lookup_table' ignored in calculation 'job_105_2OBF_24_b', it belongs to other interface (lookup)
WARNING: Keyword 'lookup_table' ignored in calculation 'job_106_2OBF_25_ab', it belongs to other interface (lookup)
WARNING: Keyword 'lookup_table' ignored in calculation 'job_106_2OBF_25_a', it belongs to other interface (lookup)
WARNING: Keyword 'lookup_table' ignored in calculation 'job_106_2OBF_25_b', it belongs to other interface (lookup)
WARNING: Keyword 'lookup_table' ignored in calculation 'job_107_2OBF_26_ab', it belongs to other interface (lookup)
WARNING: Keyword 'lookup_table' ignored in calculation 'job_107_2OBF_26_a', it belongs to other interface (lookup)
WARNING: Keyword 'lookup_table' ignored in calculation 'job_107_2OBF_26_b', it belongs to other interface (lookup)
WARNING: Keyword 'lookup_table' ignored in calculation 'job_108_2OBF_27_ab', it belongs to other interface (lookup)
WARNING: Keyword 'lookup_table' ignored in calculation 'job_108_2OBF_27_a', it belongs to other interface (lookup)
WARNING: Keyword 'lookup_table' ignored in calculation 'job_108_2OBF_27_b', it belongs to other interface (lookup)
WARNING: Keyword 'lookup_table' ignored in calculation 'job_109_2OBF_28_ab', it belongs to other interface (lookup)
WARNING: Keyword 'lookup_table' ignored in calculation 'job_109_2OBF_28_a', it belongs to other interface (lookup)
WARNING: Keyword 'lookup_table' ignored in calculation 'job_109_2OBF_28_b', it belongs to other interface (lookup)
WARNING: Keyword 'lookup_table' ignored in calculation 'job_110_2OBF_29_ab', it belongs to other interface (lookup)
WARNING: Keyword 'lookup_table' ignored in calculation 'job_110_2OBF_29_a', it belongs to other interface (lookup)
WARNING: Keyword 'lookup_table' ignored in calculation 'job_110_2OBF_29_b', it belongs to other interface (lookup)
WARNING: Keyword 'lookup_table' ignored in calculation 'job_111_2OBF_30_ab', it belongs to other interface (lookup)
WARNING: Keyword 'lookup_table' ignored in calculation 'job_111_2OBF_30_a', it belongs to other interface (lookup)
WARNING: Keyword 'lookup_table' ignored in calculation 'job_111_2OBF_30_b', it belongs to other interface (lookup)
WARNING: Keyword 'lookup_table' ignored in calculation 'job_112_2OBF_31_ab', it belongs to other interface (lookup)
WARNING: Keyword 'lookup_table' ignored in calculation 'job_112_2OBF_31_a', it belongs to other interface (lookup)
WARNING: Keyword 'lookup_table' ignored in calculation 'job_112_2OBF_31_b', it belongs to other interface (lookup)
WARNING: Keyword 'lookup_table' ignored in calculation 'job_113_2OBF_32_ab', it belongs to other interface (lookup)
WARNING: Keyword 'lookup_table' ignored in calculation 'job_113_2OBF_32_a', it belongs to other interface (lookup)
WARNING: Keyword 'lookup_table' ignored in calculation 'job_113_2OBF_32_b', it belongs to other interface (lookup)
WARNING: Keyword 'lookup_table' ignored in calculation 'job_114_2OBF_33_ab', it belongs to other interface (lookup)
WARNING: Keyword 'lookup_table' ignored in calculation 'job_114_2OBF_33_a', it belongs to other interface (lookup)
WARNING: Keyword 'lookup_table' ignored in calculation 'job_114_2OBF_33_b', it belongs to other interface (lookup)
WARNING: Keyword 'lookup_table' ignored in calculation 'job_115_2P4Y_01_ab', it belongs to other interface (lookup)
WARNING: Keyword 'lookup_table' ignored in calculation 'job_115_2P4Y_01_a', it belongs to other interface (lookup)
WARNING: Keyword 'lookup_table' ignored in calculation 'job_115_2P4Y_01_b', it belongs to other interface (lookup)
WARNING: Keyword 'lookup_table' ignored in calculation 'job_116_2P4Y_02_ab', it belongs to other interface (lookup)
WARNING: Keyword 'lookup_table' ignored in calculation 'job_116_2P4Y_02_a', it belongs to other interface (lookup)
WARNING: Keyword 'lookup_table' ignored in calculation 'job_116_2P4Y_02_b', it belongs to other interface (lookup)
WARNING: Keyword 'lookup_table' ignored in calculation 'job_117_2P4Y_03_ab', it belongs to other interface (lookup)
WARNING: Keyword 'lookup_table' ignored in calculation 'job_117_2P4Y_03_a', it belongs to other interface (lookup)
WARNING: Keyword 'lookup_table' ignored in calculation 'job_117_2P4Y_03_b', it belongs to other interface (lookup)
WARNING: Keyword 'lookup_table' ignored in calculation 'job_118_2P4Y_04_ab', it belongs to other interface (lookup)
WARNING: Keyword 'lookup_table' ignored in calculation 'job_118_2P4Y_04_a', it belongs to other interface (lookup)
WARNING: Keyword 'lookup_table' ignored in calculation 'job_118_2P4Y_04_b', it belongs to other interface (lookup)
WARNING: Keyword 'lookup_table' ignored in calculation 'job_119_2P4Y_05_ab', it belongs to other interface (lookup)
WARNING: Keyword 'lookup_table' ignored in calculation 'job_119_2P4Y_05_a', it belongs to other interface (lookup)
WARNING: Keyword 'lookup_table' ignored in calculation 'job_119_2P4Y_05_b', it belongs to other interface (lookup)
WARNING: Keyword 'lookup_table' ignored in calculation 'job_120_2P4Y_06_ab', it belongs to other interface (lookup)
WARNING: Keyword 'lookup_table' ignored in calculation 'job_120_2P4Y_06_a', it belongs to other interface (lookup)
WARNING: Keyword 'lookup_table' ignored in calculation 'job_120_2P4Y_06_b', it belongs to other interface (lookup)
WARNING: Keyword 'lookup_table' ignored in calculation 'job_121_2P4Y_07_ab', it belongs to other interface (lookup)
WARNING: Keyword 'lookup_table' ignored in calculation 'job_121_2P4Y_07_a', it belongs to other interface (lookup)
WARNING: Keyword 'lookup_table' ignored in calculation 'job_121_2P4Y_07_b', it belongs to other interface (lookup)
WARNING: Keyword 'lookup_table' ignored in calculation 'job_122_2P4Y_08_ab', it belongs to other interface (lookup)
WARNING: Keyword 'lookup_table' ignored in calculation 'job_122_2P4Y_08_a', it belongs to other interface (lookup)
WARNING: Keyword 'lookup_table' ignored in calculation 'job_122_2P4Y_08_b', it belongs to other interface (lookup)
WARNING: Keyword 'lookup_table' ignored in calculation 'job_123_2P4Y_09_ab', it belongs to other interface (lookup)
WARNING: Keyword 'lookup_table' ignored in calculation 'job_123_2P4Y_09_a', it belongs to other interface (lookup)
WARNING: Keyword 'lookup_table' ignored in calculation 'job_123_2P4Y_09_b', it belongs to other interface (lookup)
WARNING: Keyword 'lookup_table' ignored in calculation 'job_124_2P4Y_10_ab', it belongs to other interface (lookup)
WARNING: Keyword 'lookup_table' ignored in calculation 'job_124_2P4Y_10_a', it belongs to other interface (lookup)
WARNING: Keyword 'lookup_table' ignored in calculation 'job_124_2P4Y_10_b', it belongs to other interface (lookup)
WARNING: Keyword 'lookup_table' ignored in calculation 'job_125_2P4Y_11_ab', it belongs to other interface (lookup)
WARNING: Keyword 'lookup_table' ignored in calculation 'job_125_2P4Y_11_a', it belongs to other interface (lookup)
WARNING: Keyword 'lookup_table' ignored in calculation 'job_125_2P4Y_11_b', it belongs to other interface (lookup)
WARNING: Keyword 'lookup_table' ignored in calculation 'job_126_2P4Y_12_ab', it belongs to other interface (lookup)
WARNING: Keyword 'lookup_table' ignored in calculation 'job_126_2P4Y_12_a', it belongs to other interface (lookup)
WARNING: Keyword 'lookup_table' ignored in calculation 'job_126_2P4Y_12_b', it belongs to other interface (lookup)
WARNING: Keyword 'lookup_table' ignored in calculation 'job_127_2P4Y_13_ab', it belongs to other interface (lookup)
WARNING: Keyword 'lookup_table' ignored in calculation 'job_127_2P4Y_13_a', it belongs to other interface (lookup)
WARNING: Keyword 'lookup_table' ignored in calculation 'job_127_2P4Y_13_b', it belongs to other interface (lookup)
WARNING: Keyword 'lookup_table' ignored in calculation 'job_128_2P4Y_14_ab', it belongs to other interface (lookup)
WARNING: Keyword 'lookup_table' ignored in calculation 'job_128_2P4Y_14_a', it belongs to other interface (lookup)
WARNING: Keyword 'lookup_table' ignored in calculation 'job_128_2P4Y_14_b', it belongs to other interface (lookup)
WARNING: Keyword 'lookup_table' ignored in calculation 'job_129_2P4Y_15_ab', it belongs to other interface (lookup)
WARNING: Keyword 'lookup_table' ignored in calculation 'job_129_2P4Y_15_a', it belongs to other interface (lookup)
WARNING: Keyword 'lookup_table' ignored in calculation 'job_129_2P4Y_15_b', it belongs to other interface (lookup)
WARNING: Keyword 'lookup_table' ignored in calculation 'job_130_2P4Y_16_ab', it belongs to other interface (lookup)
WARNING: Keyword 'lookup_table' ignored in calculation 'job_130_2P4Y_16_a', it belongs to other interface (lookup)
WARNING: Keyword 'lookup_table' ignored in calculation 'job_130_2P4Y_16_b', it belongs to other interface (lookup)
WARNING: Keyword 'lookup_table' ignored in calculation 'job_131_2P4Y_17_ab', it belongs to other interface (lookup)
WARNING: Keyword 'lookup_table' ignored in calculation 'job_131_2P4Y_17_a', it belongs to other interface (lookup)
WARNING: Keyword 'lookup_table' ignored in calculation 'job_131_2P4Y_17_b', it belongs to other interface (lookup)
WARNING: Keyword 'lookup_table' ignored in calculation 'job_132_2P4Y_18_ab', it belongs to other interface (lookup)
WARNING: Keyword 'lookup_table' ignored in calculation 'job_132_2P4Y_18_a', it belongs to other interface (lookup)
WARNING: Keyword 'lookup_table' ignored in calculation 'job_132_2P4Y_18_b', it belongs to other interface (lookup)
WARNING: Keyword 'lookup_table' ignored in calculation 'job_133_2P4Y_19_ab', it belongs to other interface (lookup)
WARNING: Keyword 'lookup_table' ignored in calculation 'job_133_2P4Y_19_a', it belongs to other interface (lookup)
WARNING: Keyword 'lookup_table' ignored in calculation 'job_133_2P4Y_19_b', it belongs to other interface (lookup)
WARNING: Keyword 'lookup_table' ignored in calculation 'job_134_2P4Y_20_ab', it belongs to other interface (lookup)
WARNING: Keyword 'lookup_table' ignored in calculation 'job_134_2P4Y_20_a', it belongs to other interface (lookup)
WARNING: Keyword 'lookup_table' ignored in calculation 'job_134_2P4Y_20_b', it belongs to other interface (lookup)
WARNING: Keyword 'lookup_table' ignored in calculation 'job_135_2P4Y_21_ab', it belongs to other interface (lookup)
WARNING: Keyword 'lookup_table' ignored in calculation 'job_135_2P4Y_21_a', it belongs to other interface (lookup)
WARNING: Keyword 'lookup_table' ignored in calculation 'job_135_2P4Y_21_b', it belongs to other interface (lookup)
WARNING: Keyword 'lookup_table' ignored in calculation 'job_136_2P4Y_22_ab', it belongs to other interface (lookup)
WARNING: Keyword 'lookup_table' ignored in calculation 'job_136_2P4Y_22_a', it belongs to other interface (lookup)
WARNING: Keyword 'lookup_table' ignored in calculation 'job_136_2P4Y_22_b', it belongs to other interface (lookup)
WARNING: Keyword 'lookup_table' ignored in calculation 'job_137_2P4Y_23_ab', it belongs to other interface (lookup)
WARNING: Keyword 'lookup_table' ignored in calculation 'job_137_2P4Y_23_a', it belongs to other interface (lookup)
WARNING: Keyword 'lookup_table' ignored in calculation 'job_137_2P4Y_23_b', it belongs to other interface (lookup)
WARNING: Keyword 'lookup_table' ignored in calculation 'job_138_2P4Y_24_ab', it belongs to other interface (lookup)
WARNING: Keyword 'lookup_table' ignored in calculation 'job_138_2P4Y_24_a', it belongs to other interface (lookup)
WARNING: Keyword 'lookup_table' ignored in calculation 'job_138_2P4Y_24_b', it belongs to other interface (lookup)
WARNING: Keyword 'lookup_table' ignored in calculation 'job_139_2P4Y_25_ab', it belongs to other interface (lookup)
WARNING: Keyword 'lookup_table' ignored in calculation 'job_139_2P4Y_25_a', it belongs to other interface (lookup)
WARNING: Keyword 'lookup_table' ignored in calculation 'job_139_2P4Y_25_b', it belongs to other interface (lookup)
WARNING: Keyword 'lookup_table' ignored in calculation 'job_140_2P4Y_26_ab', it belongs to other interface (lookup)
WARNING: Keyword 'lookup_table' ignored in calculation 'job_140_2P4Y_26_a', it belongs to other interface (lookup)
WARNING: Keyword 'lookup_table' ignored in calculation 'job_140_2P4Y_26_b', it belongs to other interface (lookup)
WARNING: Keyword 'lookup_table' ignored in calculation 'job_141_2P4Y_27_ab', it belongs to other interface (lookup)
WARNING: Keyword 'lookup_table' ignored in calculation 'job_141_2P4Y_27_a', it belongs to other interface (lookup)
WARNING: Keyword 'lookup_table' ignored in calculation 'job_141_2P4Y_27_b', it belongs to other interface (lookup)
WARNING: Keyword 'lookup_table' ignored in calculation 'job_142_2P4Y_28_ab', it belongs to other interface (lookup)
WARNING: Keyword 'lookup_table' ignored in calculation 'job_142_2P4Y_28_a', it belongs to other interface (lookup)
WARNING: Keyword 'lookup_table' ignored in calculation 'job_142_2P4Y_28_b', it belongs to other interface (lookup)
WARNING: Keyword 'lookup_table' ignored in calculation 'job_143_2P4Y_29_ab', it belongs to other interface (lookup)
WARNING: Keyword 'lookup_table' ignored in calculation 'job_143_2P4Y_29_a', it belongs to other interface (lookup)
WARNING: Keyword 'lookup_table' ignored in calculation 'job_143_2P4Y_29_b', it belongs to other interface (lookup)
WARNING: Keyword 'lookup_table' ignored in calculation 'job_144_2P4Y_30_ab', it belongs to other interface (lookup)
WARNING: Keyword 'lookup_table' ignored in calculation 'job_144_2P4Y_30_a', it belongs to other interface (lookup)
WARNING: Keyword 'lookup_table' ignored in calculation 'job_144_2P4Y_30_b', it belongs to other interface (lookup)
WARNING: Keyword 'lookup_table' ignored in calculation 'job_145_2P4Y_31_ab', it belongs to other interface (lookup)
WARNING: Keyword 'lookup_table' ignored in calculation 'job_145_2P4Y_31_a', it belongs to other interface (lookup)
WARNING: Keyword 'lookup_table' ignored in calculation 'job_145_2P4Y_31_b', it belongs to other interface (lookup)
WARNING: Keyword 'lookup_table' ignored in calculation 'job_146_2P4Y_32_ab', it belongs to other interface (lookup)
WARNING: Keyword 'lookup_table' ignored in calculation 'job_146_2P4Y_32_a', it belongs to other interface (lookup)
WARNING: Keyword 'lookup_table' ignored in calculation 'job_146_2P4Y_32_b', it belongs to other interface (lookup)
WARNING: Keyword 'lookup_table' ignored in calculation 'job_147_2P4Y_33_ab', it belongs to other interface (lookup)
WARNING: Keyword 'lookup_table' ignored in calculation 'job_147_2P4Y_33_a', it belongs to other interface (lookup)
WARNING: Keyword 'lookup_table' ignored in calculation 'job_147_2P4Y_33_b', it belongs to other interface (lookup)
WARNING: Keyword 'lookup_table' ignored in calculation 'job_148_2P4Y_34_ab', it belongs to other interface (lookup)
WARNING: Keyword 'lookup_table' ignored in calculation 'job_148_2P4Y_34_a', it belongs to other interface (lookup)
WARNING: Keyword 'lookup_table' ignored in calculation 'job_148_2P4Y_34_b', it belongs to other interface (lookup)
WARNING: Keyword 'lookup_table' ignored in calculation 'job_149_2P4Y_35_ab', it belongs to other interface (lookup)
WARNING: Keyword 'lookup_table' ignored in calculation 'job_149_2P4Y_35_a', it belongs to other interface (lookup)
WARNING: Keyword 'lookup_table' ignored in calculation 'job_149_2P4Y_35_b', it belongs to other interface (lookup)
WARNING: Keyword 'lookup_table' ignored in calculation 'job_150_2P4Y_36_ab', it belongs to other interface (lookup)
WARNING: Keyword 'lookup_table' ignored in calculation 'job_150_2P4Y_36_a', it belongs to other interface (lookup)
WARNING: Keyword 'lookup_table' ignored in calculation 'job_150_2P4Y_36_b', it belongs to other interface (lookup)
WARNING: Keyword 'lookup_table' ignored in calculation 'job_151_2P4Y_37_ab', it belongs to other interface (lookup)
WARNING: Keyword 'lookup_table' ignored in calculation 'job_151_2P4Y_37_a', it belongs to other interface (lookup)
WARNING: Keyword 'lookup_table' ignored in calculation 'job_151_2P4Y_37_b', it belongs to other interface (lookup)
WARNING: Keyword 'lookup_table' ignored in calculation 'job_152_2P4Y_38_ab', it belongs to other interface (lookup)
WARNING: Keyword 'lookup_table' ignored in calculation 'job_152_2P4Y_38_a', it belongs to other interface (lookup)
WARNING: Keyword 'lookup_table' ignored in calculation 'job_152_2P4Y_38_b', it belongs to other interface (lookup)
WARNING: Keyword 'lookup_table' ignored in calculation 'job_153_2P4Y_39_ab', it belongs to other interface (lookup)
WARNING: Keyword 'lookup_table' ignored in calculation 'job_153_2P4Y_39_a', it belongs to other interface (lookup)
WARNING: Keyword 'lookup_table' ignored in calculation 'job_153_2P4Y_39_b', it belongs to other interface (lookup)
WARNING: Keyword 'lookup_table' ignored in calculation 'job_154_2VOT_01_ab', it belongs to other interface (lookup)
WARNING: Keyword 'lookup_table' ignored in calculation 'job_154_2VOT_01_a', it belongs to other interface (lookup)
WARNING: Keyword 'lookup_table' ignored in calculation 'job_154_2VOT_01_b', it belongs to other interface (lookup)
WARNING: Keyword 'lookup_table' ignored in calculation 'job_155_2VOT_02_ab', it belongs to other interface (lookup)
WARNING: Keyword 'lookup_table' ignored in calculation 'job_155_2VOT_02_a', it belongs to other interface (lookup)
WARNING: Keyword 'lookup_table' ignored in calculation 'job_155_2VOT_02_b', it belongs to other interface (lookup)
WARNING: Keyword 'lookup_table' ignored in calculation 'job_156_2VOT_03_ab', it belongs to other interface (lookup)
WARNING: Keyword 'lookup_table' ignored in calculation 'job_156_2VOT_03_a', it belongs to other interface (lookup)
WARNING: Keyword 'lookup_table' ignored in calculation 'job_156_2VOT_03_b', it belongs to other interface (lookup)
WARNING: Keyword 'lookup_table' ignored in calculation 'job_157_2VOT_04_ab', it belongs to other interface (lookup)
WARNING: Keyword 'lookup_table' ignored in calculation 'job_157_2VOT_04_a', it belongs to other interface (lookup)
WARNING: Keyword 'lookup_table' ignored in calculation 'job_157_2VOT_04_b', it belongs to other interface (lookup)
WARNING: Keyword 'lookup_table' ignored in calculation 'job_158_2VOT_05_ab', it belongs to other interface (lookup)
WARNING: Keyword 'lookup_table' ignored in calculation 'job_158_2VOT_05_a', it belongs to other interface (lookup)
WARNING: Keyword 'lookup_table' ignored in calculation 'job_158_2VOT_05_b', it belongs to other interface (lookup)
WARNING: Keyword 'lookup_table' ignored in calculation 'job_159_2VOT_06_ab', it belongs to other interface (lookup)
WARNING: Keyword 'lookup_table' ignored in calculation 'job_159_2VOT_06_a', it belongs to other interface (lookup)
WARNING: Keyword 'lookup_table' ignored in calculation 'job_159_2VOT_06_b', it belongs to other interface (lookup)
WARNING: Keyword 'lookup_table' ignored in calculation 'job_160_2VOT_07_ab', it belongs to other interface (lookup)
WARNING: Keyword 'lookup_table' ignored in calculation 'job_160_2VOT_07_a', it belongs to other interface (lookup)
WARNING: Keyword 'lookup_table' ignored in calculation 'job_160_2VOT_07_b', it belongs to other interface (lookup)
WARNING: Keyword 'lookup_table' ignored in calculation 'job_161_2VOT_08_ab', it belongs to other interface (lookup)
WARNING: Keyword 'lookup_table' ignored in calculation 'job_161_2VOT_08_a', it belongs to other interface (lookup)
WARNING: Keyword 'lookup_table' ignored in calculation 'job_161_2VOT_08_b', it belongs to other interface (lookup)
WARNING: Keyword 'lookup_table' ignored in calculation 'job_162_2VOT_09_ab', it belongs to other interface (lookup)
WARNING: Keyword 'lookup_table' ignored in calculation 'job_162_2VOT_09_a', it belongs to other interface (lookup)
WARNING: Keyword 'lookup_table' ignored in calculation 'job_162_2VOT_09_b', it belongs to other interface (lookup)
WARNING: Keyword 'lookup_table' ignored in calculation 'job_163_2VOT_10_ab', it belongs to other interface (lookup)
WARNING: Keyword 'lookup_table' ignored in calculation 'job_163_2VOT_10_a', it belongs to other interface (lookup)
WARNING: Keyword 'lookup_table' ignored in calculation 'job_163_2VOT_10_b', it belongs to other interface (lookup)
WARNING: Keyword 'lookup_table' ignored in calculation 'job_164_2VOT_11_ab', it belongs to other interface (lookup)
WARNING: Keyword 'lookup_table' ignored in calculation 'job_164_2VOT_11_a', it belongs to other interface (lookup)
WARNING: Keyword 'lookup_table' ignored in calculation 'job_164_2VOT_11_b', it belongs to other interface (lookup)
WARNING: Keyword 'lookup_table' ignored in calculation 'job_165_2VOT_12_ab', it belongs to other interface (lookup)
WARNING: Keyword 'lookup_table' ignored in calculation 'job_165_2VOT_12_a', it belongs to other interface (lookup)
WARNING: Keyword 'lookup_table' ignored in calculation 'job_165_2VOT_12_b', it belongs to other interface (lookup)
WARNING: Keyword 'lookup_table' ignored in calculation 'job_166_2VOT_13_ab', it belongs to other interface (lookup)
WARNING: Keyword 'lookup_table' ignored in calculation 'job_166_2VOT_13_a', it belongs to other interface (lookup)
WARNING: Keyword 'lookup_table' ignored in calculation 'job_166_2VOT_13_b', it belongs to other interface (lookup)
WARNING: Keyword 'lookup_table' ignored in calculation 'job_167_2VOT_14_ab', it belongs to other interface (lookup)
WARNING: Keyword 'lookup_table' ignored in calculation 'job_167_2VOT_14_a', it belongs to other interface (lookup)
WARNING: Keyword 'lookup_table' ignored in calculation 'job_167_2VOT_14_b', it belongs to other interface (lookup)
WARNING: Keyword 'lookup_table' ignored in calculation 'job_168_2VOT_15_ab', it belongs to other interface (lookup)
WARNING: Keyword 'lookup_table' ignored in calculation 'job_168_2VOT_15_a', it belongs to other interface (lookup)
WARNING: Keyword 'lookup_table' ignored in calculation 'job_168_2VOT_15_b', it belongs to other interface (lookup)
WARNING: Keyword 'lookup_table' ignored in calculation 'job_169_2VOT_16_ab', it belongs to other interface (lookup)
WARNING: Keyword 'lookup_table' ignored in calculation 'job_169_2VOT_16_a', it belongs to other interface (lookup)
WARNING: Keyword 'lookup_table' ignored in calculation 'job_169_2VOT_16_b', it belongs to other interface (lookup)
WARNING: Keyword 'lookup_table' ignored in calculation 'job_170_2VOT_17_ab', it belongs to other interface (lookup)
WARNING: Keyword 'lookup_table' ignored in calculation 'job_170_2VOT_17_a', it belongs to other interface (lookup)
WARNING: Keyword 'lookup_table' ignored in calculation 'job_170_2VOT_17_b', it belongs to other interface (lookup)
WARNING: Keyword 'lookup_table' ignored in calculation 'job_171_2VOT_18_ab', it belongs to other interface (lookup)
WARNING: Keyword 'lookup_table' ignored in calculation 'job_171_2VOT_18_a', it belongs to other interface (lookup)
WARNING: Keyword 'lookup_table' ignored in calculation 'job_171_2VOT_18_b', it belongs to other interface (lookup)
WARNING: Keyword 'lookup_table' ignored in calculation 'job_172_2VOT_19_ab', it belongs to other interface (lookup)
WARNING: Keyword 'lookup_table' ignored in calculation 'job_172_2VOT_19_a', it belongs to other interface (lookup)
WARNING: Keyword 'lookup_table' ignored in calculation 'job_172_2VOT_19_b', it belongs to other interface (lookup)
WARNING: Keyword 'lookup_table' ignored in calculation 'job_173_2VOT_20_ab', it belongs to other interface (lookup)
WARNING: Keyword 'lookup_table' ignored in calculation 'job_173_2VOT_20_a', it belongs to other interface (lookup)
WARNING: Keyword 'lookup_table' ignored in calculation 'job_173_2VOT_20_b', it belongs to other interface (lookup)
WARNING: Keyword 'lookup_table' ignored in calculation 'job_174_2VOT_21_ab', it belongs to other interface (lookup)
WARNING: Keyword 'lookup_table' ignored in calculation 'job_174_2VOT_21_a', it belongs to other interface (lookup)
WARNING: Keyword 'lookup_table' ignored in calculation 'job_174_2VOT_21_b', it belongs to other interface (lookup)
WARNING: Keyword 'lookup_table' ignored in calculation 'job_175_2VOT_22_ab', it belongs to other interface (lookup)
WARNING: Keyword 'lookup_table' ignored in calculation 'job_175_2VOT_22_a', it belongs to other interface (lookup)
WARNING: Keyword 'lookup_table' ignored in calculation 'job_175_2VOT_22_b', it belongs to other interface (lookup)
WARNING: Keyword 'lookup_table' ignored in calculation 'job_176_2VW5_01_ab', it belongs to other interface (lookup)
WARNING: Keyword 'lookup_table' ignored in calculation 'job_176_2VW5_01_a', it belongs to other interface (lookup)
WARNING: Keyword 'lookup_table' ignored in calculation 'job_176_2VW5_01_b', it belongs to other interface (lookup)
WARNING: Keyword 'lookup_table' ignored in calculation 'job_177_2VW5_02_ab', it belongs to other interface (lookup)
WARNING: Keyword 'lookup_table' ignored in calculation 'job_177_2VW5_02_a', it belongs to other interface (lookup)
WARNING: Keyword 'lookup_table' ignored in calculation 'job_177_2VW5_02_b', it belongs to other interface (lookup)
WARNING: Keyword 'lookup_table' ignored in calculation 'job_178_2VW5_03_ab', it belongs to other interface (lookup)
WARNING: Keyword 'lookup_table' ignored in calculation 'job_178_2VW5_03_a', it belongs to other interface (lookup)
WARNING: Keyword 'lookup_table' ignored in calculation 'job_178_2VW5_03_b', it belongs to other interface (lookup)
WARNING: Keyword 'lookup_table' ignored in calculation 'job_179_2VW5_04_ab', it belongs to other interface (lookup)
WARNING: Keyword 'lookup_table' ignored in calculation 'job_179_2VW5_04_a', it belongs to other interface (lookup)
WARNING: Keyword 'lookup_table' ignored in calculation 'job_179_2VW5_04_b', it belongs to other interface (lookup)
WARNING: Keyword 'lookup_table' ignored in calculation 'job_180_2VW5_05_ab', it belongs to other interface (lookup)
WARNING: Keyword 'lookup_table' ignored in calculation 'job_180_2VW5_05_a', it belongs to other interface (lookup)
WARNING: Keyword 'lookup_table' ignored in calculation 'job_180_2VW5_05_b', it belongs to other interface (lookup)
WARNING: Keyword 'lookup_table' ignored in calculation 'job_181_2VW5_06_ab', it belongs to other interface (lookup)
WARNING: Keyword 'lookup_table' ignored in calculation 'job_181_2VW5_06_a', it belongs to other interface (lookup)
WARNING: Keyword 'lookup_table' ignored in calculation 'job_181_2VW5_06_b', it belongs to other interface (lookup)
WARNING: Keyword 'lookup_table' ignored in calculation 'job_182_2VW5_07_ab', it belongs to other interface (lookup)
WARNING: Keyword 'lookup_table' ignored in calculation 'job_182_2VW5_07_a', it belongs to other interface (lookup)
WARNING: Keyword 'lookup_table' ignored in calculation 'job_182_2VW5_07_b', it belongs to other interface (lookup)
WARNING: Keyword 'lookup_table' ignored in calculation 'job_183_2VW5_08_ab', it belongs to other interface (lookup)
WARNING: Keyword 'lookup_table' ignored in calculation 'job_183_2VW5_08_a', it belongs to other interface (lookup)
WARNING: Keyword 'lookup_table' ignored in calculation 'job_183_2VW5_08_b', it belongs to other interface (lookup)
WARNING: Keyword 'lookup_table' ignored in calculation 'job_184_2VW5_09_ab', it belongs to other interface (lookup)
WARNING: Keyword 'lookup_table' ignored in calculation 'job_184_2VW5_09_a', it belongs to other interface (lookup)
WARNING: Keyword 'lookup_table' ignored in calculation 'job_184_2VW5_09_b', it belongs to other interface (lookup)
WARNING: Keyword 'lookup_table' ignored in calculation 'job_185_2VW5_10_ab', it belongs to other interface (lookup)
WARNING: Keyword 'lookup_table' ignored in calculation 'job_185_2VW5_10_a', it belongs to other interface (lookup)
WARNING: Keyword 'lookup_table' ignored in calculation 'job_185_2VW5_10_b', it belongs to other interface (lookup)
WARNING: Keyword 'lookup_table' ignored in calculation 'job_186_2VW5_11_ab', it belongs to other interface (lookup)
WARNING: Keyword 'lookup_table' ignored in calculation 'job_186_2VW5_11_a', it belongs to other interface (lookup)
WARNING: Keyword 'lookup_table' ignored in calculation 'job_186_2VW5_11_b', it belongs to other interface (lookup)
WARNING: Keyword 'lookup_table' ignored in calculation 'job_187_2VW5_12_ab', it belongs to other interface (lookup)
WARNING: Keyword 'lookup_table' ignored in calculation 'job_187_2VW5_12_a', it belongs to other interface (lookup)
WARNING: Keyword 'lookup_table' ignored in calculation 'job_187_2VW5_12_b', it belongs to other interface (lookup)
WARNING: Keyword 'lookup_table' ignored in calculation 'job_188_2VW5_13_ab', it belongs to other interface (lookup)
WARNING: Keyword 'lookup_table' ignored in calculation 'job_188_2VW5_13_a', it belongs to other interface (lookup)
WARNING: Keyword 'lookup_table' ignored in calculation 'job_188_2VW5_13_b', it belongs to other interface (lookup)
WARNING: Keyword 'lookup_table' ignored in calculation 'job_189_2VW5_14_ab', it belongs to other interface (lookup)
WARNING: Keyword 'lookup_table' ignored in calculation 'job_189_2VW5_14_a', it belongs to other interface (lookup)
WARNING: Keyword 'lookup_table' ignored in calculation 'job_189_2VW5_14_b', it belongs to other interface (lookup)
WARNING: Keyword 'lookup_table' ignored in calculation 'job_190_2VW5_15_ab', it belongs to other interface (lookup)
WARNING: Keyword 'lookup_table' ignored in calculation 'job_190_2VW5_15_a', it belongs to other interface (lookup)
WARNING: Keyword 'lookup_table' ignored in calculation 'job_190_2VW5_15_b', it belongs to other interface (lookup)
WARNING: Keyword 'lookup_table' ignored in calculation 'job_191_2VW5_16_ab', it belongs to other interface (lookup)
WARNING: Keyword 'lookup_table' ignored in calculation 'job_191_2VW5_16_a', it belongs to other interface (lookup)
WARNING: Keyword 'lookup_table' ignored in calculation 'job_191_2VW5_16_b', it belongs to other interface (lookup)
WARNING: Keyword 'lookup_table' ignored in calculation 'job_192_2VW5_17_ab', it belongs to other interface (lookup)
WARNING: Keyword 'lookup_table' ignored in calculation 'job_192_2VW5_17_a', it belongs to other interface (lookup)
WARNING: Keyword 'lookup_table' ignored in calculation 'job_192_2VW5_17_b', it belongs to other interface (lookup)
WARNING: Keyword 'lookup_table' ignored in calculation 'job_193_2VW5_18_ab', it belongs to other interface (lookup)
WARNING: Keyword 'lookup_table' ignored in calculation 'job_193_2VW5_18_a', it belongs to other interface (lookup)
WARNING: Keyword 'lookup_table' ignored in calculation 'job_193_2VW5_18_b', it belongs to other interface (lookup)
WARNING: Keyword 'lookup_table' ignored in calculation 'job_194_2VW5_19_ab', it belongs to other interface (lookup)
WARNING: Keyword 'lookup_table' ignored in calculation 'job_194_2VW5_19_a', it belongs to other interface (lookup)
WARNING: Keyword 'lookup_table' ignored in calculation 'job_194_2VW5_19_b', it belongs to other interface (lookup)
WARNING: Keyword 'lookup_table' ignored in calculation 'job_195_2VW5_20_ab', it belongs to other interface (lookup)
WARNING: Keyword 'lookup_table' ignored in calculation 'job_195_2VW5_20_a', it belongs to other interface (lookup)
WARNING: Keyword 'lookup_table' ignored in calculation 'job_195_2VW5_20_b', it belongs to other interface (lookup)
WARNING: Keyword 'lookup_table' ignored in calculation 'job_196_2VW5_21_ab', it belongs to other interface (lookup)
WARNING: Keyword 'lookup_table' ignored in calculation 'job_196_2VW5_21_a', it belongs to other interface (lookup)
WARNING: Keyword 'lookup_table' ignored in calculation 'job_196_2VW5_21_b', it belongs to other interface (lookup)
WARNING: Keyword 'lookup_table' ignored in calculation 'job_197_2VW5_22_ab', it belongs to other interface (lookup)
WARNING: Keyword 'lookup_table' ignored in calculation 'job_197_2VW5_22_a', it belongs to other interface (lookup)
WARNING: Keyword 'lookup_table' ignored in calculation 'job_197_2VW5_22_b', it belongs to other interface (lookup)
WARNING: Keyword 'lookup_table' ignored in calculation 'job_198_2VW5_23_ab', it belongs to other interface (lookup)
WARNING: Keyword 'lookup_table' ignored in calculation 'job_198_2VW5_23_a', it belongs to other interface (lookup)
WARNING: Keyword 'lookup_table' ignored in calculation 'job_198_2VW5_23_b', it belongs to other interface (lookup)
WARNING: Keyword 'lookup_table' ignored in calculation 'job_199_2VW5_24_ab', it belongs to other interface (lookup)
WARNING: Keyword 'lookup_table' ignored in calculation 'job_199_2VW5_24_a', it belongs to other interface (lookup)
WARNING: Keyword 'lookup_table' ignored in calculation 'job_199_2VW5_24_b', it belongs to other interface (lookup)
WARNING: Keyword 'lookup_table' ignored in calculation 'job_200_2VW5_25_ab', it belongs to other interface (lookup)
WARNING: Keyword 'lookup_table' ignored in calculation 'job_200_2VW5_25_a', it belongs to other interface (lookup)
WARNING: Keyword 'lookup_table' ignored in calculation 'job_200_2VW5_25_b', it belongs to other interface (lookup)
WARNING: Keyword 'lookup_table' ignored in calculation 'job_201_2VW5_26_ab', it belongs to other interface (lookup)
WARNING: Keyword 'lookup_table' ignored in calculation 'job_201_2VW5_26_a', it belongs to other interface (lookup)
WARNING: Keyword 'lookup_table' ignored in calculation 'job_201_2VW5_26_b', it belongs to other interface (lookup)
WARNING: Keyword 'lookup_table' ignored in calculation 'job_202_2VW5_28_ab', it belongs to other interface (lookup)
WARNING: Keyword 'lookup_table' ignored in calculation 'job_202_2VW5_28_a', it belongs to other interface (lookup)
WARNING: Keyword 'lookup_table' ignored in calculation 'job_202_2VW5_28_b', it belongs to other interface (lookup)
WARNING: Keyword 'lookup_table' ignored in calculation 'job_203_2VW5_29_ab', it belongs to other interface (lookup)
WARNING: Keyword 'lookup_table' ignored in calculation 'job_203_2VW5_29_a', it belongs to other interface (lookup)
WARNING: Keyword 'lookup_table' ignored in calculation 'job_203_2VW5_29_b', it belongs to other interface (lookup)
WARNING: Keyword 'lookup_table' ignored in calculation 'job_204_2VW5_30_ab', it belongs to other interface (lookup)
WARNING: Keyword 'lookup_table' ignored in calculation 'job_204_2VW5_30_a', it belongs to other interface (lookup)
WARNING: Keyword 'lookup_table' ignored in calculation 'job_204_2VW5_30_b', it belongs to other interface (lookup)
WARNING: Keyword 'lookup_table' ignored in calculation 'job_205_2VW5_31_ab', it belongs to other interface (lookup)
WARNING: Keyword 'lookup_table' ignored in calculation 'job_205_2VW5_31_a', it belongs to other interface (lookup)
WARNING: Keyword 'lookup_table' ignored in calculation 'job_205_2VW5_31_b', it belongs to other interface (lookup)
WARNING: Keyword 'lookup_table' ignored in calculation 'job_206_2VW5_32_ab', it belongs to other interface (lookup)
WARNING: Keyword 'lookup_table' ignored in calculation 'job_206_2VW5_32_a', it belongs to other interface (lookup)
WARNING: Keyword 'lookup_table' ignored in calculation 'job_206_2VW5_32_b', it belongs to other interface (lookup)
WARNING: Keyword 'lookup_table' ignored in calculation 'job_207_2VW5_33_ab', it belongs to other interface (lookup)
WARNING: Keyword 'lookup_table' ignored in calculation 'job_207_2VW5_33_a', it belongs to other interface (lookup)
WARNING: Keyword 'lookup_table' ignored in calculation 'job_207_2VW5_33_b', it belongs to other interface (lookup)
WARNING: Keyword 'lookup_table' ignored in calculation 'job_208_2XB8_01_ab', it belongs to other interface (lookup)
WARNING: Keyword 'lookup_table' ignored in calculation 'job_208_2XB8_01_a', it belongs to other interface (lookup)
WARNING: Keyword 'lookup_table' ignored in calculation 'job_208_2XB8_01_b', it belongs to other interface (lookup)
WARNING: Keyword 'lookup_table' ignored in calculation 'job_209_2XB8_02_ab', it belongs to other interface (lookup)
WARNING: Keyword 'lookup_table' ignored in calculation 'job_209_2XB8_02_a', it belongs to other interface (lookup)
WARNING: Keyword 'lookup_table' ignored in calculation 'job_209_2XB8_02_b', it belongs to other interface (lookup)
WARNING: Keyword 'lookup_table' ignored in calculation 'job_210_2XB8_03_ab', it belongs to other interface (lookup)
WARNING: Keyword 'lookup_table' ignored in calculation 'job_210_2XB8_03_a', it belongs to other interface (lookup)
WARNING: Keyword 'lookup_table' ignored in calculation 'job_210_2XB8_03_b', it belongs to other interface (lookup)
WARNING: Keyword 'lookup_table' ignored in calculation 'job_211_2XB8_04_ab', it belongs to other interface (lookup)
WARNING: Keyword 'lookup_table' ignored in calculation 'job_211_2XB8_04_a', it belongs to other interface (lookup)
WARNING: Keyword 'lookup_table' ignored in calculation 'job_211_2XB8_04_b', it belongs to other interface (lookup)
WARNING: Keyword 'lookup_table' ignored in calculation 'job_212_2XB8_05_ab', it belongs to other interface (lookup)
WARNING: Keyword 'lookup_table' ignored in calculation 'job_212_2XB8_05_a', it belongs to other interface (lookup)
WARNING: Keyword 'lookup_table' ignored in calculation 'job_212_2XB8_05_b', it belongs to other interface (lookup)
WARNING: Keyword 'lookup_table' ignored in calculation 'job_213_2XB8_06_ab', it belongs to other interface (lookup)
WARNING: Keyword 'lookup_table' ignored in calculation 'job_213_2XB8_06_a', it belongs to other interface (lookup)
WARNING: Keyword 'lookup_table' ignored in calculation 'job_213_2XB8_06_b', it belongs to other interface (lookup)
WARNING: Keyword 'lookup_table' ignored in calculation 'job_214_2XB8_07_ab', it belongs to other interface (lookup)
WARNING: Keyword 'lookup_table' ignored in calculation 'job_214_2XB8_07_a', it belongs to other interface (lookup)
WARNING: Keyword 'lookup_table' ignored in calculation 'job_214_2XB8_07_b', it belongs to other interface (lookup)
WARNING: Keyword 'lookup_table' ignored in calculation 'job_215_2XB8_08_ab', it belongs to other interface (lookup)
WARNING: Keyword 'lookup_table' ignored in calculation 'job_215_2XB8_08_a', it belongs to other interface (lookup)
WARNING: Keyword 'lookup_table' ignored in calculation 'job_215_2XB8_08_b', it belongs to other interface (lookup)
WARNING: Keyword 'lookup_table' ignored in calculation 'job_216_2XB8_09_ab', it belongs to other interface (lookup)
WARNING: Keyword 'lookup_table' ignored in calculation 'job_216_2XB8_09_a', it belongs to other interface (lookup)
WARNING: Keyword 'lookup_table' ignored in calculation 'job_216_2XB8_09_b', it belongs to other interface (lookup)
WARNING: Keyword 'lookup_table' ignored in calculation 'job_217_2XB8_10_ab', it belongs to other interface (lookup)
WARNING: Keyword 'lookup_table' ignored in calculation 'job_217_2XB8_10_a', it belongs to other interface (lookup)
WARNING: Keyword 'lookup_table' ignored in calculation 'job_217_2XB8_10_b', it belongs to other interface (lookup)
WARNING: Keyword 'lookup_table' ignored in calculation 'job_218_2XB8_11_ab', it belongs to other interface (lookup)
WARNING: Keyword 'lookup_table' ignored in calculation 'job_218_2XB8_11_a', it belongs to other interface (lookup)
WARNING: Keyword 'lookup_table' ignored in calculation 'job_218_2XB8_11_b', it belongs to other interface (lookup)
WARNING: Keyword 'lookup_table' ignored in calculation 'job_219_2XB8_12_ab', it belongs to other interface (lookup)
WARNING: Keyword 'lookup_table' ignored in calculation 'job_219_2XB8_12_a', it belongs to other interface (lookup)
WARNING: Keyword 'lookup_table' ignored in calculation 'job_219_2XB8_12_b', it belongs to other interface (lookup)
WARNING: Keyword 'lookup_table' ignored in calculation 'job_220_2XB8_13_ab', it belongs to other interface (lookup)
WARNING: Keyword 'lookup_table' ignored in calculation 'job_220_2XB8_13_a', it belongs to other interface (lookup)
WARNING: Keyword 'lookup_table' ignored in calculation 'job_220_2XB8_13_b', it belongs to other interface (lookup)
WARNING: Keyword 'lookup_table' ignored in calculation 'job_221_2XB8_14_ab', it belongs to other interface (lookup)
WARNING: Keyword 'lookup_table' ignored in calculation 'job_221_2XB8_14_a', it belongs to other interface (lookup)
WARNING: Keyword 'lookup_table' ignored in calculation 'job_221_2XB8_14_b', it belongs to other interface (lookup)
WARNING: Keyword 'lookup_table' ignored in calculation 'job_222_2XB8_15_ab', it belongs to other interface (lookup)
WARNING: Keyword 'lookup_table' ignored in calculation 'job_222_2XB8_15_a', it belongs to other interface (lookup)
WARNING: Keyword 'lookup_table' ignored in calculation 'job_222_2XB8_15_b', it belongs to other interface (lookup)
WARNING: Keyword 'lookup_table' ignored in calculation 'job_223_2XB8_16_ab', it belongs to other interface (lookup)
WARNING: Keyword 'lookup_table' ignored in calculation 'job_223_2XB8_16_a', it belongs to other interface (lookup)
WARNING: Keyword 'lookup_table' ignored in calculation 'job_223_2XB8_16_b', it belongs to other interface (lookup)
WARNING: Keyword 'lookup_table' ignored in calculation 'job_224_2XB8_17_ab', it belongs to other interface (lookup)
WARNING: Keyword 'lookup_table' ignored in calculation 'job_224_2XB8_17_a', it belongs to other interface (lookup)
WARNING: Keyword 'lookup_table' ignored in calculation 'job_224_2XB8_17_b', it belongs to other interface (lookup)
WARNING: Keyword 'lookup_table' ignored in calculation 'job_225_2XB8_18_ab', it belongs to other interface (lookup)
WARNING: Keyword 'lookup_table' ignored in calculation 'job_225_2XB8_18_a', it belongs to other interface (lookup)
WARNING: Keyword 'lookup_table' ignored in calculation 'job_225_2XB8_18_b', it belongs to other interface (lookup)
WARNING: Keyword 'lookup_table' ignored in calculation 'job_226_2XB8_19_ab', it belongs to other interface (lookup)
WARNING: Keyword 'lookup_table' ignored in calculation 'job_226_2XB8_19_a', it belongs to other interface (lookup)
WARNING: Keyword 'lookup_table' ignored in calculation 'job_226_2XB8_19_b', it belongs to other interface (lookup)
WARNING: Keyword 'lookup_table' ignored in calculation 'job_227_2XB8_20_ab', it belongs to other interface (lookup)
WARNING: Keyword 'lookup_table' ignored in calculation 'job_227_2XB8_20_a', it belongs to other interface (lookup)
WARNING: Keyword 'lookup_table' ignored in calculation 'job_227_2XB8_20_b', it belongs to other interface (lookup)
WARNING: Keyword 'lookup_table' ignored in calculation 'job_228_2XB8_21_ab', it belongs to other interface (lookup)
WARNING: Keyword 'lookup_table' ignored in calculation 'job_228_2XB8_21_a', it belongs to other interface (lookup)
WARNING: Keyword 'lookup_table' ignored in calculation 'job_228_2XB8_21_b', it belongs to other interface (lookup)
WARNING: Keyword 'lookup_table' ignored in calculation 'job_229_2XB8_22_ab', it belongs to other interface (lookup)
WARNING: Keyword 'lookup_table' ignored in calculation 'job_229_2XB8_22_a', it belongs to other interface (lookup)
WARNING: Keyword 'lookup_table' ignored in calculation 'job_229_2XB8_22_b', it belongs to other interface (lookup)
WARNING: Keyword 'lookup_table' ignored in calculation 'job_230_2XB8_23_ab', it belongs to other interface (lookup)
WARNING: Keyword 'lookup_table' ignored in calculation 'job_230_2XB8_23_a', it belongs to other interface (lookup)
WARNING: Keyword 'lookup_table' ignored in calculation 'job_230_2XB8_23_b', it belongs to other interface (lookup)
WARNING: Keyword 'lookup_table' ignored in calculation 'job_231_2XB8_24_ab', it belongs to other interface (lookup)
WARNING: Keyword 'lookup_table' ignored in calculation 'job_231_2XB8_24_a', it belongs to other interface (lookup)
WARNING: Keyword 'lookup_table' ignored in calculation 'job_231_2XB8_24_b', it belongs to other interface (lookup)
WARNING: Keyword 'lookup_table' ignored in calculation 'job_232_2XB8_25_ab', it belongs to other interface (lookup)
WARNING: Keyword 'lookup_table' ignored in calculation 'job_232_2XB8_25_a', it belongs to other interface (lookup)
WARNING: Keyword 'lookup_table' ignored in calculation 'job_232_2XB8_25_b', it belongs to other interface (lookup)
WARNING: Keyword 'lookup_table' ignored in calculation 'job_233_2XB8_26_ab', it belongs to other interface (lookup)
WARNING: Keyword 'lookup_table' ignored in calculation 'job_233_2XB8_26_a', it belongs to other interface (lookup)
WARNING: Keyword 'lookup_table' ignored in calculation 'job_233_2XB8_26_b', it belongs to other interface (lookup)
WARNING: Keyword 'lookup_table' ignored in calculation 'job_234_2XB8_27_ab', it belongs to other interface (lookup)
WARNING: Keyword 'lookup_table' ignored in calculation 'job_234_2XB8_27_a', it belongs to other interface (lookup)
WARNING: Keyword 'lookup_table' ignored in calculation 'job_234_2XB8_27_b', it belongs to other interface (lookup)
WARNING: Keyword 'lookup_table' ignored in calculation 'job_235_2XB8_28_ab', it belongs to other interface (lookup)
WARNING: Keyword 'lookup_table' ignored in calculation 'job_235_2XB8_28_a', it belongs to other interface (lookup)
WARNING: Keyword 'lookup_table' ignored in calculation 'job_235_2XB8_28_b', it belongs to other interface (lookup)
WARNING: Keyword 'lookup_table' ignored in calculation 'job_236_2XB8_29_ab', it belongs to other interface (lookup)
WARNING: Keyword 'lookup_table' ignored in calculation 'job_236_2XB8_29_a', it belongs to other interface (lookup)
WARNING: Keyword 'lookup_table' ignored in calculation 'job_236_2XB8_29_b', it belongs to other interface (lookup)
WARNING: Keyword 'lookup_table' ignored in calculation 'job_237_2XB8_30_ab', it belongs to other interface (lookup)
WARNING: Keyword 'lookup_table' ignored in calculation 'job_237_2XB8_30_a', it belongs to other interface (lookup)
WARNING: Keyword 'lookup_table' ignored in calculation 'job_237_2XB8_30_b', it belongs to other interface (lookup)
WARNING: Keyword 'lookup_table' ignored in calculation 'job_238_2XB8_31_ab', it belongs to other interface (lookup)
WARNING: Keyword 'lookup_table' ignored in calculation 'job_238_2XB8_31_a', it belongs to other interface (lookup)
WARNING: Keyword 'lookup_table' ignored in calculation 'job_238_2XB8_31_b', it belongs to other interface (lookup)
WARNING: Keyword 'lookup_table' ignored in calculation 'job_239_2XB8_32_ab', it belongs to other interface (lookup)
WARNING: Keyword 'lookup_table' ignored in calculation 'job_239_2XB8_32_a', it belongs to other interface (lookup)
WARNING: Keyword 'lookup_table' ignored in calculation 'job_239_2XB8_32_b', it belongs to other interface (lookup)
WARNING: Keyword 'lookup_table' ignored in calculation 'job_240_2XB8_33_ab', it belongs to other interface (lookup)
WARNING: Keyword 'lookup_table' ignored in calculation 'job_240_2XB8_33_a', it belongs to other interface (lookup)
WARNING: Keyword 'lookup_table' ignored in calculation 'job_240_2XB8_33_b', it belongs to other interface (lookup)
WARNING: Keyword 'lookup_table' ignored in calculation 'job_241_2YKI_01_ab', it belongs to other interface (lookup)
WARNING: Keyword 'lookup_table' ignored in calculation 'job_241_2YKI_01_a', it belongs to other interface (lookup)
WARNING: Keyword 'lookup_table' ignored in calculation 'job_241_2YKI_01_b', it belongs to other interface (lookup)
WARNING: Keyword 'lookup_table' ignored in calculation 'job_242_2YKI_02_ab', it belongs to other interface (lookup)
WARNING: Keyword 'lookup_table' ignored in calculation 'job_242_2YKI_02_a', it belongs to other interface (lookup)
WARNING: Keyword 'lookup_table' ignored in calculation 'job_242_2YKI_02_b', it belongs to other interface (lookup)
WARNING: Keyword 'lookup_table' ignored in calculation 'job_243_2YKI_03_ab', it belongs to other interface (lookup)
WARNING: Keyword 'lookup_table' ignored in calculation 'job_243_2YKI_03_a', it belongs to other interface (lookup)
WARNING: Keyword 'lookup_table' ignored in calculation 'job_243_2YKI_03_b', it belongs to other interface (lookup)
WARNING: Keyword 'lookup_table' ignored in calculation 'job_244_2YKI_04_ab', it belongs to other interface (lookup)
WARNING: Keyword 'lookup_table' ignored in calculation 'job_244_2YKI_04_a', it belongs to other interface (lookup)
WARNING: Keyword 'lookup_table' ignored in calculation 'job_244_2YKI_04_b', it belongs to other interface (lookup)
WARNING: Keyword 'lookup_table' ignored in calculation 'job_245_2YKI_05_ab', it belongs to other interface (lookup)
WARNING: Keyword 'lookup_table' ignored in calculation 'job_245_2YKI_05_a', it belongs to other interface (lookup)
WARNING: Keyword 'lookup_table' ignored in calculation 'job_245_2YKI_05_b', it belongs to other interface (lookup)
WARNING: Keyword 'lookup_table' ignored in calculation 'job_246_2YKI_06_ab', it belongs to other interface (lookup)
WARNING: Keyword 'lookup_table' ignored in calculation 'job_246_2YKI_06_a', it belongs to other interface (lookup)
WARNING: Keyword 'lookup_table' ignored in calculation 'job_246_2YKI_06_b', it belongs to other interface (lookup)
WARNING: Keyword 'lookup_table' ignored in calculation 'job_247_2YKI_07_ab', it belongs to other interface (lookup)
WARNING: Keyword 'lookup_table' ignored in calculation 'job_247_2YKI_07_a', it belongs to other interface (lookup)
WARNING: Keyword 'lookup_table' ignored in calculation 'job_247_2YKI_07_b', it belongs to other interface (lookup)
WARNING: Keyword 'lookup_table' ignored in calculation 'job_248_2YKI_08_ab', it belongs to other interface (lookup)
WARNING: Keyword 'lookup_table' ignored in calculation 'job_248_2YKI_08_a', it belongs to other interface (lookup)
WARNING: Keyword 'lookup_table' ignored in calculation 'job_248_2YKI_08_b', it belongs to other interface (lookup)
WARNING: Keyword 'lookup_table' ignored in calculation 'job_249_2YKI_09_ab', it belongs to other interface (lookup)
WARNING: Keyword 'lookup_table' ignored in calculation 'job_249_2YKI_09_a', it belongs to other interface (lookup)
WARNING: Keyword 'lookup_table' ignored in calculation 'job_249_2YKI_09_b', it belongs to other interface (lookup)
WARNING: Keyword 'lookup_table' ignored in calculation 'job_250_2YKI_10_ab', it belongs to other interface (lookup)
WARNING: Keyword 'lookup_table' ignored in calculation 'job_250_2YKI_10_a', it belongs to other interface (lookup)
WARNING: Keyword 'lookup_table' ignored in calculation 'job_250_2YKI_10_b', it belongs to other interface (lookup)
WARNING: Keyword 'lookup_table' ignored in calculation 'job_251_2YKI_11_ab', it belongs to other interface (lookup)
WARNING: Keyword 'lookup_table' ignored in calculation 'job_251_2YKI_11_a', it belongs to other interface (lookup)
WARNING: Keyword 'lookup_table' ignored in calculation 'job_251_2YKI_11_b', it belongs to other interface (lookup)
WARNING: Keyword 'lookup_table' ignored in calculation 'job_252_2YKI_12_ab', it belongs to other interface (lookup)
WARNING: Keyword 'lookup_table' ignored in calculation 'job_252_2YKI_12_a', it belongs to other interface (lookup)
WARNING: Keyword 'lookup_table' ignored in calculation 'job_252_2YKI_12_b', it belongs to other interface (lookup)
WARNING: Keyword 'lookup_table' ignored in calculation 'job_253_2YKI_13_ab', it belongs to other interface (lookup)
WARNING: Keyword 'lookup_table' ignored in calculation 'job_253_2YKI_13_a', it belongs to other interface (lookup)
WARNING: Keyword 'lookup_table' ignored in calculation 'job_253_2YKI_13_b', it belongs to other interface (lookup)
WARNING: Keyword 'lookup_table' ignored in calculation 'job_254_2YKI_14_ab', it belongs to other interface (lookup)
WARNING: Keyword 'lookup_table' ignored in calculation 'job_254_2YKI_14_a', it belongs to other interface (lookup)
WARNING: Keyword 'lookup_table' ignored in calculation 'job_254_2YKI_14_b', it belongs to other interface (lookup)
WARNING: Keyword 'lookup_table' ignored in calculation 'job_255_2YKI_15_ab', it belongs to other interface (lookup)
WARNING: Keyword 'lookup_table' ignored in calculation 'job_255_2YKI_15_a', it belongs to other interface (lookup)
WARNING: Keyword 'lookup_table' ignored in calculation 'job_255_2YKI_15_b', it belongs to other interface (lookup)
WARNING: Keyword 'lookup_table' ignored in calculation 'job_256_2YKI_16_ab', it belongs to other interface (lookup)
WARNING: Keyword 'lookup_table' ignored in calculation 'job_256_2YKI_16_a', it belongs to other interface (lookup)
WARNING: Keyword 'lookup_table' ignored in calculation 'job_256_2YKI_16_b', it belongs to other interface (lookup)
WARNING: Keyword 'lookup_table' ignored in calculation 'job_257_2YKI_17_ab', it belongs to other interface (lookup)
WARNING: Keyword 'lookup_table' ignored in calculation 'job_257_2YKI_17_a', it belongs to other interface (lookup)
WARNING: Keyword 'lookup_table' ignored in calculation 'job_257_2YKI_17_b', it belongs to other interface (lookup)
WARNING: Keyword 'lookup_table' ignored in calculation 'job_258_2YKI_18_ab', it belongs to other interface (lookup)
WARNING: Keyword 'lookup_table' ignored in calculation 'job_258_2YKI_18_a', it belongs to other interface (lookup)
WARNING: Keyword 'lookup_table' ignored in calculation 'job_258_2YKI_18_b', it belongs to other interface (lookup)
WARNING: Keyword 'lookup_table' ignored in calculation 'job_259_2YKI_19_ab', it belongs to other interface (lookup)
WARNING: Keyword 'lookup_table' ignored in calculation 'job_259_2YKI_19_a', it belongs to other interface (lookup)
WARNING: Keyword 'lookup_table' ignored in calculation 'job_259_2YKI_19_b', it belongs to other interface (lookup)
WARNING: Keyword 'lookup_table' ignored in calculation 'job_260_2YKI_20_ab', it belongs to other interface (lookup)
WARNING: Keyword 'lookup_table' ignored in calculation 'job_260_2YKI_20_a', it belongs to other interface (lookup)
WARNING: Keyword 'lookup_table' ignored in calculation 'job_260_2YKI_20_b', it belongs to other interface (lookup)
WARNING: Keyword 'lookup_table' ignored in calculation 'job_261_2YKI_21_ab', it belongs to other interface (lookup)
WARNING: Keyword 'lookup_table' ignored in calculation 'job_261_2YKI_21_a', it belongs to other interface (lookup)
WARNING: Keyword 'lookup_table' ignored in calculation 'job_261_2YKI_21_b', it belongs to other interface (lookup)
WARNING: Keyword 'lookup_table' ignored in calculation 'job_262_2YKI_22_ab', it belongs to other interface (lookup)
WARNING: Keyword 'lookup_table' ignored in calculation 'job_262_2YKI_22_a', it belongs to other interface (lookup)
WARNING: Keyword 'lookup_table' ignored in calculation 'job_262_2YKI_22_b', it belongs to other interface (lookup)
WARNING: Keyword 'lookup_table' ignored in calculation 'job_263_2YKI_23_ab', it belongs to other interface (lookup)
WARNING: Keyword 'lookup_table' ignored in calculation 'job_263_2YKI_23_a', it belongs to other interface (lookup)
WARNING: Keyword 'lookup_table' ignored in calculation 'job_263_2YKI_23_b', it belongs to other interface (lookup)
WARNING: Keyword 'lookup_table' ignored in calculation 'job_264_2YKI_24_ab', it belongs to other interface (lookup)
WARNING: Keyword 'lookup_table' ignored in calculation 'job_264_2YKI_24_a', it belongs to other interface (lookup)
WARNING: Keyword 'lookup_table' ignored in calculation 'job_264_2YKI_24_b', it belongs to other interface (lookup)
WARNING: Keyword 'lookup_table' ignored in calculation 'job_265_2YKI_25_ab', it belongs to other interface (lookup)
WARNING: Keyword 'lookup_table' ignored in calculation 'job_265_2YKI_25_a', it belongs to other interface (lookup)
WARNING: Keyword 'lookup_table' ignored in calculation 'job_265_2YKI_25_b', it belongs to other interface (lookup)
WARNING: Keyword 'lookup_table' ignored in calculation 'job_266_2YKI_26_ab', it belongs to other interface (lookup)
WARNING: Keyword 'lookup_table' ignored in calculation 'job_266_2YKI_26_a', it belongs to other interface (lookup)
WARNING: Keyword 'lookup_table' ignored in calculation 'job_266_2YKI_26_b', it belongs to other interface (lookup)
WARNING: Keyword 'lookup_table' ignored in calculation 'job_267_2YKI_27_ab', it belongs to other interface (lookup)
WARNING: Keyword 'lookup_table' ignored in calculation 'job_267_2YKI_27_a', it belongs to other interface (lookup)
WARNING: Keyword 'lookup_table' ignored in calculation 'job_267_2YKI_27_b', it belongs to other interface (lookup)
WARNING: Keyword 'lookup_table' ignored in calculation 'job_268_2YKI_28_ab', it belongs to other interface (lookup)
WARNING: Keyword 'lookup_table' ignored in calculation 'job_268_2YKI_28_a', it belongs to other interface (lookup)
WARNING: Keyword 'lookup_table' ignored in calculation 'job_268_2YKI_28_b', it belongs to other interface (lookup)
WARNING: Keyword 'lookup_table' ignored in calculation 'job_269_2YKI_29_ab', it belongs to other interface (lookup)
WARNING: Keyword 'lookup_table' ignored in calculation 'job_269_2YKI_29_a', it belongs to other interface (lookup)
WARNING: Keyword 'lookup_table' ignored in calculation 'job_269_2YKI_29_b', it belongs to other interface (lookup)
WARNING: Keyword 'lookup_table' ignored in calculation 'job_270_2YKI_30_ab', it belongs to other interface (lookup)
WARNING: Keyword 'lookup_table' ignored in calculation 'job_270_2YKI_30_a', it belongs to other interface (lookup)
WARNING: Keyword 'lookup_table' ignored in calculation 'job_270_2YKI_30_b', it belongs to other interface (lookup)
WARNING: Keyword 'lookup_table' ignored in calculation 'job_271_2YKI_31_ab', it belongs to other interface (lookup)
WARNING: Keyword 'lookup_table' ignored in calculation 'job_271_2YKI_31_a', it belongs to other interface (lookup)
WARNING: Keyword 'lookup_table' ignored in calculation 'job_271_2YKI_31_b', it belongs to other interface (lookup)
WARNING: Keyword 'lookup_table' ignored in calculation 'job_272_2YKI_32_ab', it belongs to other interface (lookup)
WARNING: Keyword 'lookup_table' ignored in calculation 'job_272_2YKI_32_a', it belongs to other interface (lookup)
WARNING: Keyword 'lookup_table' ignored in calculation 'job_272_2YKI_32_b', it belongs to other interface (lookup)
WARNING: Keyword 'lookup_table' ignored in calculation 'job_273_2YKI_33_ab', it belongs to other interface (lookup)
WARNING: Keyword 'lookup_table' ignored in calculation 'job_273_2YKI_33_a', it belongs to other interface (lookup)
WARNING: Keyword 'lookup_table' ignored in calculation 'job_273_2YKI_33_b', it belongs to other interface (lookup)
WARNING: Keyword 'lookup_table' ignored in calculation 'job_274_2YKI_34_ab', it belongs to other interface (lookup)
WARNING: Keyword 'lookup_table' ignored in calculation 'job_274_2YKI_34_a', it belongs to other interface (lookup)
WARNING: Keyword 'lookup_table' ignored in calculation 'job_274_2YKI_34_b', it belongs to other interface (lookup)
WARNING: Keyword 'lookup_table' ignored in calculation 'job_275_2YKI_35_ab', it belongs to other interface (lookup)
WARNING: Keyword 'lookup_table' ignored in calculation 'job_275_2YKI_35_a', it belongs to other interface (lookup)
WARNING: Keyword 'lookup_table' ignored in calculation 'job_275_2YKI_35_b', it belongs to other interface (lookup)
WARNING: Keyword 'lookup_table' ignored in calculation 'job_276_2YKI_36_ab', it belongs to other interface (lookup)
WARNING: Keyword 'lookup_table' ignored in calculation 'job_276_2YKI_36_a', it belongs to other interface (lookup)
WARNING: Keyword 'lookup_table' ignored in calculation 'job_276_2YKI_36_b', it belongs to other interface (lookup)
WARNING: Keyword 'lookup_table' ignored in calculation 'job_277_2YKI_37_ab', it belongs to other interface (lookup)
WARNING: Keyword 'lookup_table' ignored in calculation 'job_277_2YKI_37_a', it belongs to other interface (lookup)
WARNING: Keyword 'lookup_table' ignored in calculation 'job_277_2YKI_37_b', it belongs to other interface (lookup)
WARNING: Keyword 'lookup_table' ignored in calculation 'job_278_2YKI_38_ab', it belongs to other interface (lookup)
WARNING: Keyword 'lookup_table' ignored in calculation 'job_278_2YKI_38_a', it belongs to other interface (lookup)
WARNING: Keyword 'lookup_table' ignored in calculation 'job_278_2YKI_38_b', it belongs to other interface (lookup)
WARNING: Keyword 'lookup_table' ignored in calculation 'job_279_2YKI_40_ab', it belongs to other interface (lookup)
WARNING: Keyword 'lookup_table' ignored in calculation 'job_279_2YKI_40_a', it belongs to other interface (lookup)
WARNING: Keyword 'lookup_table' ignored in calculation 'job_279_2YKI_40_b', it belongs to other interface (lookup)
WARNING: Keyword 'lookup_table' ignored in calculation 'job_280_2YKI_41_ab', it belongs to other interface (lookup)
WARNING: Keyword 'lookup_table' ignored in calculation 'job_280_2YKI_41_a', it belongs to other interface (lookup)
WARNING: Keyword 'lookup_table' ignored in calculation 'job_280_2YKI_41_b', it belongs to other interface (lookup)
WARNING: Keyword 'lookup_table' ignored in calculation 'job_281_2YKI_42_ab', it belongs to other interface (lookup)
WARNING: Keyword 'lookup_table' ignored in calculation 'job_281_2YKI_42_a', it belongs to other interface (lookup)
WARNING: Keyword 'lookup_table' ignored in calculation 'job_281_2YKI_42_b', it belongs to other interface (lookup)
WARNING: Keyword 'lookup_table' ignored in calculation 'job_282_2YKI_43_ab', it belongs to other interface (lookup)
WARNING: Keyword 'lookup_table' ignored in calculation 'job_282_2YKI_43_a', it belongs to other interface (lookup)
WARNING: Keyword 'lookup_table' ignored in calculation 'job_282_2YKI_43_b', it belongs to other interface (lookup)
WARNING: Keyword 'lookup_table' ignored in calculation 'job_283_2YKI_44_ab', it belongs to other interface (lookup)
WARNING: Keyword 'lookup_table' ignored in calculation 'job_283_2YKI_44_a', it belongs to other interface (lookup)
WARNING: Keyword 'lookup_table' ignored in calculation 'job_283_2YKI_44_b', it belongs to other interface (lookup)
WARNING: Keyword 'lookup_table' ignored in calculation 'job_284_2ZX6_01_ab', it belongs to other interface (lookup)
WARNING: Keyword 'lookup_table' ignored in calculation 'job_284_2ZX6_01_a', it belongs to other interface (lookup)
WARNING: Keyword 'lookup_table' ignored in calculation 'job_284_2ZX6_01_b', it belongs to other interface (lookup)
WARNING: Keyword 'lookup_table' ignored in calculation 'job_285_2ZX6_02_ab', it belongs to other interface (lookup)
WARNING: Keyword 'lookup_table' ignored in calculation 'job_285_2ZX6_02_a', it belongs to other interface (lookup)
WARNING: Keyword 'lookup_table' ignored in calculation 'job_285_2ZX6_02_b', it belongs to other interface (lookup)
WARNING: Keyword 'lookup_table' ignored in calculation 'job_286_2ZX6_03_ab', it belongs to other interface (lookup)
WARNING: Keyword 'lookup_table' ignored in calculation 'job_286_2ZX6_03_a', it belongs to other interface (lookup)
WARNING: Keyword 'lookup_table' ignored in calculation 'job_286_2ZX6_03_b', it belongs to other interface (lookup)
WARNING: Keyword 'lookup_table' ignored in calculation 'job_287_2ZX6_04_ab', it belongs to other interface (lookup)
WARNING: Keyword 'lookup_table' ignored in calculation 'job_287_2ZX6_04_a', it belongs to other interface (lookup)
WARNING: Keyword 'lookup_table' ignored in calculation 'job_287_2ZX6_04_b', it belongs to other interface (lookup)
WARNING: Keyword 'lookup_table' ignored in calculation 'job_288_2ZX6_05_ab', it belongs to other interface (lookup)
WARNING: Keyword 'lookup_table' ignored in calculation 'job_288_2ZX6_05_a', it belongs to other interface (lookup)
WARNING: Keyword 'lookup_table' ignored in calculation 'job_288_2ZX6_05_b', it belongs to other interface (lookup)
WARNING: Keyword 'lookup_table' ignored in calculation 'job_289_2ZX6_06_ab', it belongs to other interface (lookup)
WARNING: Keyword 'lookup_table' ignored in calculation 'job_289_2ZX6_06_a', it belongs to other interface (lookup)
WARNING: Keyword 'lookup_table' ignored in calculation 'job_289_2ZX6_06_b', it belongs to other interface (lookup)
WARNING: Keyword 'lookup_table' ignored in calculation 'job_290_2ZX6_07_ab', it belongs to other interface (lookup)
WARNING: Keyword 'lookup_table' ignored in calculation 'job_290_2ZX6_07_a', it belongs to other interface (lookup)
WARNING: Keyword 'lookup_table' ignored in calculation 'job_290_2ZX6_07_b', it belongs to other interface (lookup)
WARNING: Keyword 'lookup_table' ignored in calculation 'job_291_2ZX6_08_ab', it belongs to other interface (lookup)
WARNING: Keyword 'lookup_table' ignored in calculation 'job_291_2ZX6_08_a', it belongs to other interface (lookup)
WARNING: Keyword 'lookup_table' ignored in calculation 'job_291_2ZX6_08_b', it belongs to other interface (lookup)
WARNING: Keyword 'lookup_table' ignored in calculation 'job_292_2ZX6_09_ab', it belongs to other interface (lookup)
WARNING: Keyword 'lookup_table' ignored in calculation 'job_292_2ZX6_09_a', it belongs to other interface (lookup)
WARNING: Keyword 'lookup_table' ignored in calculation 'job_292_2ZX6_09_b', it belongs to other interface (lookup)
WARNING: Keyword 'lookup_table' ignored in calculation 'job_293_2ZX6_10_ab', it belongs to other interface (lookup)
WARNING: Keyword 'lookup_table' ignored in calculation 'job_293_2ZX6_10_a', it belongs to other interface (lookup)
WARNING: Keyword 'lookup_table' ignored in calculation 'job_293_2ZX6_10_b', it belongs to other interface (lookup)
WARNING: Keyword 'lookup_table' ignored in calculation 'job_294_2ZX6_11_ab', it belongs to other interface (lookup)
WARNING: Keyword 'lookup_table' ignored in calculation 'job_294_2ZX6_11_a', it belongs to other interface (lookup)
WARNING: Keyword 'lookup_table' ignored in calculation 'job_294_2ZX6_11_b', it belongs to other interface (lookup)
WARNING: Keyword 'lookup_table' ignored in calculation 'job_295_2ZX6_12_ab', it belongs to other interface (lookup)
WARNING: Keyword 'lookup_table' ignored in calculation 'job_295_2ZX6_12_a', it belongs to other interface (lookup)
WARNING: Keyword 'lookup_table' ignored in calculation 'job_295_2ZX6_12_b', it belongs to other interface (lookup)
WARNING: Keyword 'lookup_table' ignored in calculation 'job_296_2ZX6_13_ab', it belongs to other interface (lookup)
WARNING: Keyword 'lookup_table' ignored in calculation 'job_296_2ZX6_13_a', it belongs to other interface (lookup)
WARNING: Keyword 'lookup_table' ignored in calculation 'job_296_2ZX6_13_b', it belongs to other interface (lookup)
WARNING: Keyword 'lookup_table' ignored in calculation 'job_297_2ZX6_14_ab', it belongs to other interface (lookup)
WARNING: Keyword 'lookup_table' ignored in calculation 'job_297_2ZX6_14_a', it belongs to other interface (lookup)
WARNING: Keyword 'lookup_table' ignored in calculation 'job_297_2ZX6_14_b', it belongs to other interface (lookup)
WARNING: Keyword 'lookup_table' ignored in calculation 'job_298_2ZX6_15_ab', it belongs to other interface (lookup)
WARNING: Keyword 'lookup_table' ignored in calculation 'job_298_2ZX6_15_a', it belongs to other interface (lookup)
WARNING: Keyword 'lookup_table' ignored in calculation 'job_298_2ZX6_15_b', it belongs to other interface (lookup)
WARNING: Keyword 'lookup_table' ignored in calculation 'job_299_2ZX6_16_ab', it belongs to other interface (lookup)
WARNING: Keyword 'lookup_table' ignored in calculation 'job_299_2ZX6_16_a', it belongs to other interface (lookup)
WARNING: Keyword 'lookup_table' ignored in calculation 'job_299_2ZX6_16_b', it belongs to other interface (lookup)
WARNING: Keyword 'lookup_table' ignored in calculation 'job_300_2ZX6_17_ab', it belongs to other interface (lookup)
WARNING: Keyword 'lookup_table' ignored in calculation 'job_300_2ZX6_17_a', it belongs to other interface (lookup)
WARNING: Keyword 'lookup_table' ignored in calculation 'job_300_2ZX6_17_b', it belongs to other interface (lookup)
WARNING: Keyword 'lookup_table' ignored in calculation 'job_301_2ZX6_18_ab', it belongs to other interface (lookup)
WARNING: Keyword 'lookup_table' ignored in calculation 'job_301_2ZX6_18_a', it belongs to other interface (lookup)
WARNING: Keyword 'lookup_table' ignored in calculation 'job_301_2ZX6_18_b', it belongs to other interface (lookup)
WARNING: Keyword 'lookup_table' ignored in calculation 'job_302_2ZX6_19_ab', it belongs to other interface (lookup)
WARNING: Keyword 'lookup_table' ignored in calculation 'job_302_2ZX6_19_a', it belongs to other interface (lookup)
WARNING: Keyword 'lookup_table' ignored in calculation 'job_302_2ZX6_19_b', it belongs to other interface (lookup)
WARNING: Keyword 'lookup_table' ignored in calculation 'job_303_2ZX6_20_ab', it belongs to other interface (lookup)
WARNING: Keyword 'lookup_table' ignored in calculation 'job_303_2ZX6_20_a', it belongs to other interface (lookup)
WARNING: Keyword 'lookup_table' ignored in calculation 'job_303_2ZX6_20_b', it belongs to other interface (lookup)
WARNING: Keyword 'lookup_table' ignored in calculation 'job_304_2ZX6_21_ab', it belongs to other interface (lookup)
WARNING: Keyword 'lookup_table' ignored in calculation 'job_304_2ZX6_21_a', it belongs to other interface (lookup)
WARNING: Keyword 'lookup_table' ignored in calculation 'job_304_2ZX6_21_b', it belongs to other interface (lookup)
WARNING: Keyword 'lookup_table' ignored in calculation 'job_305_2ZX6_22_ab', it belongs to other interface (lookup)
WARNING: Keyword 'lookup_table' ignored in calculation 'job_305_2ZX6_22_a', it belongs to other interface (lookup)
WARNING: Keyword 'lookup_table' ignored in calculation 'job_305_2ZX6_22_b', it belongs to other interface (lookup)
WARNING: Keyword 'lookup_table' ignored in calculation 'job_306_2ZX6_23_ab', it belongs to other interface (lookup)
WARNING: Keyword 'lookup_table' ignored in calculation 'job_306_2ZX6_23_a', it belongs to other interface (lookup)
WARNING: Keyword 'lookup_table' ignored in calculation 'job_306_2ZX6_23_b', it belongs to other interface (lookup)
WARNING: Keyword 'lookup_table' ignored in calculation 'job_307_3G0W_01_ab', it belongs to other interface (lookup)
WARNING: Keyword 'lookup_table' ignored in calculation 'job_307_3G0W_01_a', it belongs to other interface (lookup)
WARNING: Keyword 'lookup_table' ignored in calculation 'job_307_3G0W_01_b', it belongs to other interface (lookup)
WARNING: Keyword 'lookup_table' ignored in calculation 'job_308_3G0W_02_ab', it belongs to other interface (lookup)
WARNING: Keyword 'lookup_table' ignored in calculation 'job_308_3G0W_02_a', it belongs to other interface (lookup)
WARNING: Keyword 'lookup_table' ignored in calculation 'job_308_3G0W_02_b', it belongs to other interface (lookup)
WARNING: Keyword 'lookup_table' ignored in calculation 'job_309_3G0W_03_ab', it belongs to other interface (lookup)
WARNING: Keyword 'lookup_table' ignored in calculation 'job_309_3G0W_03_a', it belongs to other interface (lookup)
WARNING: Keyword 'lookup_table' ignored in calculation 'job_309_3G0W_03_b', it belongs to other interface (lookup)
WARNING: Keyword 'lookup_table' ignored in calculation 'job_310_3G0W_04_ab', it belongs to other interface (lookup)
WARNING: Keyword 'lookup_table' ignored in calculation 'job_310_3G0W_04_a', it belongs to other interface (lookup)
WARNING: Keyword 'lookup_table' ignored in calculation 'job_310_3G0W_04_b', it belongs to other interface (lookup)
WARNING: Keyword 'lookup_table' ignored in calculation 'job_311_3G0W_05_ab', it belongs to other interface (lookup)
WARNING: Keyword 'lookup_table' ignored in calculation 'job_311_3G0W_05_a', it belongs to other interface (lookup)
WARNING: Keyword 'lookup_table' ignored in calculation 'job_311_3G0W_05_b', it belongs to other interface (lookup)
WARNING: Keyword 'lookup_table' ignored in calculation 'job_312_3G0W_06_ab', it belongs to other interface (lookup)
WARNING: Keyword 'lookup_table' ignored in calculation 'job_312_3G0W_06_a', it belongs to other interface (lookup)
WARNING: Keyword 'lookup_table' ignored in calculation 'job_312_3G0W_06_b', it belongs to other interface (lookup)
WARNING: Keyword 'lookup_table' ignored in calculation 'job_313_3G0W_07_ab', it belongs to other interface (lookup)
WARNING: Keyword 'lookup_table' ignored in calculation 'job_313_3G0W_07_a', it belongs to other interface (lookup)
WARNING: Keyword 'lookup_table' ignored in calculation 'job_313_3G0W_07_b', it belongs to other interface (lookup)
WARNING: Keyword 'lookup_table' ignored in calculation 'job_314_3G0W_08_ab', it belongs to other interface (lookup)
WARNING: Keyword 'lookup_table' ignored in calculation 'job_314_3G0W_08_a', it belongs to other interface (lookup)
WARNING: Keyword 'lookup_table' ignored in calculation 'job_314_3G0W_08_b', it belongs to other interface (lookup)
WARNING: Keyword 'lookup_table' ignored in calculation 'job_315_3G0W_09_ab', it belongs to other interface (lookup)
WARNING: Keyword 'lookup_table' ignored in calculation 'job_315_3G0W_09_a', it belongs to other interface (lookup)
WARNING: Keyword 'lookup_table' ignored in calculation 'job_315_3G0W_09_b', it belongs to other interface (lookup)
WARNING: Keyword 'lookup_table' ignored in calculation 'job_316_3G0W_10_ab', it belongs to other interface (lookup)
WARNING: Keyword 'lookup_table' ignored in calculation 'job_316_3G0W_10_a', it belongs to other interface (lookup)
WARNING: Keyword 'lookup_table' ignored in calculation 'job_316_3G0W_10_b', it belongs to other interface (lookup)
WARNING: Keyword 'lookup_table' ignored in calculation 'job_317_3G0W_11_ab', it belongs to other interface (lookup)
WARNING: Keyword 'lookup_table' ignored in calculation 'job_317_3G0W_11_a', it belongs to other interface (lookup)
WARNING: Keyword 'lookup_table' ignored in calculation 'job_317_3G0W_11_b', it belongs to other interface (lookup)
WARNING: Keyword 'lookup_table' ignored in calculation 'job_318_3G0W_12_ab', it belongs to other interface (lookup)
WARNING: Keyword 'lookup_table' ignored in calculation 'job_318_3G0W_12_a', it belongs to other interface (lookup)
WARNING: Keyword 'lookup_table' ignored in calculation 'job_318_3G0W_12_b', it belongs to other interface (lookup)
WARNING: Keyword 'lookup_table' ignored in calculation 'job_319_3G0W_13_ab', it belongs to other interface (lookup)
WARNING: Keyword 'lookup_table' ignored in calculation 'job_319_3G0W_13_a', it belongs to other interface (lookup)
WARNING: Keyword 'lookup_table' ignored in calculation 'job_319_3G0W_13_b', it belongs to other interface (lookup)
WARNING: Keyword 'lookup_table' ignored in calculation 'job_320_3G0W_14_ab', it belongs to other interface (lookup)
WARNING: Keyword 'lookup_table' ignored in calculation 'job_320_3G0W_14_a', it belongs to other interface (lookup)
WARNING: Keyword 'lookup_table' ignored in calculation 'job_320_3G0W_14_b', it belongs to other interface (lookup)
WARNING: Keyword 'lookup_table' ignored in calculation 'job_321_3G0W_15_ab', it belongs to other interface (lookup)
WARNING: Keyword 'lookup_table' ignored in calculation 'job_321_3G0W_15_a', it belongs to other interface (lookup)
WARNING: Keyword 'lookup_table' ignored in calculation 'job_321_3G0W_15_b', it belongs to other interface (lookup)
WARNING: Keyword 'lookup_table' ignored in calculation 'job_322_3G0W_16_ab', it belongs to other interface (lookup)
WARNING: Keyword 'lookup_table' ignored in calculation 'job_322_3G0W_16_a', it belongs to other interface (lookup)
WARNING: Keyword 'lookup_table' ignored in calculation 'job_322_3G0W_16_b', it belongs to other interface (lookup)
WARNING: Keyword 'lookup_table' ignored in calculation 'job_323_3G0W_17_ab', it belongs to other interface (lookup)
WARNING: Keyword 'lookup_table' ignored in calculation 'job_323_3G0W_17_a', it belongs to other interface (lookup)
WARNING: Keyword 'lookup_table' ignored in calculation 'job_323_3G0W_17_b', it belongs to other interface (lookup)
WARNING: Keyword 'lookup_table' ignored in calculation 'job_324_3G0W_18_ab', it belongs to other interface (lookup)
WARNING: Keyword 'lookup_table' ignored in calculation 'job_324_3G0W_18_a', it belongs to other interface (lookup)
WARNING: Keyword 'lookup_table' ignored in calculation 'job_324_3G0W_18_b', it belongs to other interface (lookup)
WARNING: Keyword 'lookup_table' ignored in calculation 'job_325_3G0W_19_ab', it belongs to other interface (lookup)
WARNING: Keyword 'lookup_table' ignored in calculation 'job_325_3G0W_19_a', it belongs to other interface (lookup)
WARNING: Keyword 'lookup_table' ignored in calculation 'job_325_3G0W_19_b', it belongs to other interface (lookup)
WARNING: Keyword 'lookup_table' ignored in calculation 'job_326_3G0W_20_ab', it belongs to other interface (lookup)
WARNING: Keyword 'lookup_table' ignored in calculation 'job_326_3G0W_20_a', it belongs to other interface (lookup)
WARNING: Keyword 'lookup_table' ignored in calculation 'job_326_3G0W_20_b', it belongs to other interface (lookup)
WARNING: Keyword 'lookup_table' ignored in calculation 'job_327_3G0W_21_ab', it belongs to other interface (lookup)
WARNING: Keyword 'lookup_table' ignored in calculation 'job_327_3G0W_21_a', it belongs to other interface (lookup)
WARNING: Keyword 'lookup_table' ignored in calculation 'job_327_3G0W_21_b', it belongs to other interface (lookup)
WARNING: Keyword 'lookup_table' ignored in calculation 'job_328_3G0W_22_ab', it belongs to other interface (lookup)
WARNING: Keyword 'lookup_table' ignored in calculation 'job_328_3G0W_22_a', it belongs to other interface (lookup)
WARNING: Keyword 'lookup_table' ignored in calculation 'job_328_3G0W_22_b', it belongs to other interface (lookup)
WARNING: Keyword 'lookup_table' ignored in calculation 'job_329_3G0W_23_ab', it belongs to other interface (lookup)
WARNING: Keyword 'lookup_table' ignored in calculation 'job_329_3G0W_23_a', it belongs to other interface (lookup)
WARNING: Keyword 'lookup_table' ignored in calculation 'job_329_3G0W_23_b', it belongs to other interface (lookup)
WARNING: Keyword 'lookup_table' ignored in calculation 'job_330_3G0W_24_ab', it belongs to other interface (lookup)
WARNING: Keyword 'lookup_table' ignored in calculation 'job_330_3G0W_24_a', it belongs to other interface (lookup)
WARNING: Keyword 'lookup_table' ignored in calculation 'job_330_3G0W_24_b', it belongs to other interface (lookup)
WARNING: Keyword 'lookup_table' ignored in calculation 'job_331_3G0W_25_ab', it belongs to other interface (lookup)
WARNING: Keyword 'lookup_table' ignored in calculation 'job_331_3G0W_25_a', it belongs to other interface (lookup)
WARNING: Keyword 'lookup_table' ignored in calculation 'job_331_3G0W_25_b', it belongs to other interface (lookup)
WARNING: Keyword 'lookup_table' ignored in calculation 'job_332_3G0W_26_ab', it belongs to other interface (lookup)
WARNING: Keyword 'lookup_table' ignored in calculation 'job_332_3G0W_26_a', it belongs to other interface (lookup)
WARNING: Keyword 'lookup_table' ignored in calculation 'job_332_3G0W_26_b', it belongs to other interface (lookup)
WARNING: Keyword 'lookup_table' ignored in calculation 'job_333_3G0W_27_ab', it belongs to other interface (lookup)
WARNING: Keyword 'lookup_table' ignored in calculation 'job_333_3G0W_27_a', it belongs to other interface (lookup)
WARNING: Keyword 'lookup_table' ignored in calculation 'job_333_3G0W_27_b', it belongs to other interface (lookup)
WARNING: Keyword 'lookup_table' ignored in calculation 'job_334_3G0W_28_ab', it belongs to other interface (lookup)
WARNING: Keyword 'lookup_table' ignored in calculation 'job_334_3G0W_28_a', it belongs to other interface (lookup)
WARNING: Keyword 'lookup_table' ignored in calculation 'job_334_3G0W_28_b', it belongs to other interface (lookup)
WARNING: Keyword 'lookup_table' ignored in calculation 'job_335_3G0W_29_ab', it belongs to other interface (lookup)
WARNING: Keyword 'lookup_table' ignored in calculation 'job_335_3G0W_29_a', it belongs to other interface (lookup)
WARNING: Keyword 'lookup_table' ignored in calculation 'job_335_3G0W_29_b', it belongs to other interface (lookup)
WARNING: Keyword 'lookup_table' ignored in calculation 'job_336_3G0W_30_ab', it belongs to other interface (lookup)
WARNING: Keyword 'lookup_table' ignored in calculation 'job_336_3G0W_30_a', it belongs to other interface (lookup)
WARNING: Keyword 'lookup_table' ignored in calculation 'job_336_3G0W_30_b', it belongs to other interface (lookup)
WARNING: Keyword 'lookup_table' ignored in calculation 'job_337_3G0W_31_ab', it belongs to other interface (lookup)
WARNING: Keyword 'lookup_table' ignored in calculation 'job_337_3G0W_31_a', it belongs to other interface (lookup)
WARNING: Keyword 'lookup_table' ignored in calculation 'job_337_3G0W_31_b', it belongs to other interface (lookup)
WARNING: Keyword 'lookup_table' ignored in calculation 'job_338_3G0W_32_ab', it belongs to other interface (lookup)
WARNING: Keyword 'lookup_table' ignored in calculation 'job_338_3G0W_32_a', it belongs to other interface (lookup)
WARNING: Keyword 'lookup_table' ignored in calculation 'job_338_3G0W_32_b', it belongs to other interface (lookup)
WARNING: Keyword 'lookup_table' ignored in calculation 'job_339_3G0W_33_ab', it belongs to other interface (lookup)
WARNING: Keyword 'lookup_table' ignored in calculation 'job_339_3G0W_33_a', it belongs to other interface (lookup)
WARNING: Keyword 'lookup_table' ignored in calculation 'job_339_3G0W_33_b', it belongs to other interface (lookup)
WARNING: Keyword 'lookup_table' ignored in calculation 'job_340_3G0W_34_ab', it belongs to other interface (lookup)
WARNING: Keyword 'lookup_table' ignored in calculation 'job_340_3G0W_34_a', it belongs to other interface (lookup)
WARNING: Keyword 'lookup_table' ignored in calculation 'job_340_3G0W_34_b', it belongs to other interface (lookup)
WARNING: Keyword 'lookup_table' ignored in calculation 'job_341_3G0W_35_ab', it belongs to other interface (lookup)
WARNING: Keyword 'lookup_table' ignored in calculation 'job_341_3G0W_35_a', it belongs to other interface (lookup)
WARNING: Keyword 'lookup_table' ignored in calculation 'job_341_3G0W_35_b', it belongs to other interface (lookup)
WARNING: Keyword 'lookup_table' ignored in calculation 'job_342_3G0W_36_ab', it belongs to other interface (lookup)
WARNING: Keyword 'lookup_table' ignored in calculation 'job_342_3G0W_36_a', it belongs to other interface (lookup)
WARNING: Keyword 'lookup_table' ignored in calculation 'job_342_3G0W_36_b', it belongs to other interface (lookup)
WARNING: Keyword 'lookup_table' ignored in calculation 'job_343_3GCU_01_ab', it belongs to other interface (lookup)
WARNING: Keyword 'lookup_table' ignored in calculation 'job_343_3GCU_01_a', it belongs to other interface (lookup)
WARNING: Keyword 'lookup_table' ignored in calculation 'job_343_3GCU_01_b', it belongs to other interface (lookup)
WARNING: Keyword 'lookup_table' ignored in calculation 'job_344_3GCU_02_ab', it belongs to other interface (lookup)
WARNING: Keyword 'lookup_table' ignored in calculation 'job_344_3GCU_02_a', it belongs to other interface (lookup)
WARNING: Keyword 'lookup_table' ignored in calculation 'job_344_3GCU_02_b', it belongs to other interface (lookup)
WARNING: Keyword 'lookup_table' ignored in calculation 'job_345_3GCU_03_ab', it belongs to other interface (lookup)
WARNING: Keyword 'lookup_table' ignored in calculation 'job_345_3GCU_03_a', it belongs to other interface (lookup)
WARNING: Keyword 'lookup_table' ignored in calculation 'job_345_3GCU_03_b', it belongs to other interface (lookup)
WARNING: Keyword 'lookup_table' ignored in calculation 'job_346_3GCU_04_ab', it belongs to other interface (lookup)
WARNING: Keyword 'lookup_table' ignored in calculation 'job_346_3GCU_04_a', it belongs to other interface (lookup)
WARNING: Keyword 'lookup_table' ignored in calculation 'job_346_3GCU_04_b', it belongs to other interface (lookup)
WARNING: Keyword 'lookup_table' ignored in calculation 'job_347_3GCU_05_ab', it belongs to other interface (lookup)
WARNING: Keyword 'lookup_table' ignored in calculation 'job_347_3GCU_05_a', it belongs to other interface (lookup)
WARNING: Keyword 'lookup_table' ignored in calculation 'job_347_3GCU_05_b', it belongs to other interface (lookup)
WARNING: Keyword 'lookup_table' ignored in calculation 'job_348_3GCU_06_ab', it belongs to other interface (lookup)
WARNING: Keyword 'lookup_table' ignored in calculation 'job_348_3GCU_06_a', it belongs to other interface (lookup)
WARNING: Keyword 'lookup_table' ignored in calculation 'job_348_3GCU_06_b', it belongs to other interface (lookup)
WARNING: Keyword 'lookup_table' ignored in calculation 'job_349_3GCU_07_ab', it belongs to other interface (lookup)
WARNING: Keyword 'lookup_table' ignored in calculation 'job_349_3GCU_07_a', it belongs to other interface (lookup)
WARNING: Keyword 'lookup_table' ignored in calculation 'job_349_3GCU_07_b', it belongs to other interface (lookup)
WARNING: Keyword 'lookup_table' ignored in calculation 'job_350_3GCU_08_ab', it belongs to other interface (lookup)
WARNING: Keyword 'lookup_table' ignored in calculation 'job_350_3GCU_08_a', it belongs to other interface (lookup)
WARNING: Keyword 'lookup_table' ignored in calculation 'job_350_3GCU_08_b', it belongs to other interface (lookup)
WARNING: Keyword 'lookup_table' ignored in calculation 'job_351_3GCU_09_ab', it belongs to other interface (lookup)
WARNING: Keyword 'lookup_table' ignored in calculation 'job_351_3GCU_09_a', it belongs to other interface (lookup)
WARNING: Keyword 'lookup_table' ignored in calculation 'job_351_3GCU_09_b', it belongs to other interface (lookup)
WARNING: Keyword 'lookup_table' ignored in calculation 'job_352_3GCU_10_ab', it belongs to other interface (lookup)
WARNING: Keyword 'lookup_table' ignored in calculation 'job_352_3GCU_10_a', it belongs to other interface (lookup)
WARNING: Keyword 'lookup_table' ignored in calculation 'job_352_3GCU_10_b', it belongs to other interface (lookup)
WARNING: Keyword 'lookup_table' ignored in calculation 'job_353_3GCU_11_ab', it belongs to other interface (lookup)
WARNING: Keyword 'lookup_table' ignored in calculation 'job_353_3GCU_11_a', it belongs to other interface (lookup)
WARNING: Keyword 'lookup_table' ignored in calculation 'job_353_3GCU_11_b', it belongs to other interface (lookup)
WARNING: Keyword 'lookup_table' ignored in calculation 'job_354_3GCU_12_ab', it belongs to other interface (lookup)
WARNING: Keyword 'lookup_table' ignored in calculation 'job_354_3GCU_12_a', it belongs to other interface (lookup)
WARNING: Keyword 'lookup_table' ignored in calculation 'job_354_3GCU_12_b', it belongs to other interface (lookup)
WARNING: Keyword 'lookup_table' ignored in calculation 'job_355_3GCU_13_ab', it belongs to other interface (lookup)
WARNING: Keyword 'lookup_table' ignored in calculation 'job_355_3GCU_13_a', it belongs to other interface (lookup)
WARNING: Keyword 'lookup_table' ignored in calculation 'job_355_3GCU_13_b', it belongs to other interface (lookup)
WARNING: Keyword 'lookup_table' ignored in calculation 'job_356_3GCU_14_ab', it belongs to other interface (lookup)
WARNING: Keyword 'lookup_table' ignored in calculation 'job_356_3GCU_14_a', it belongs to other interface (lookup)
WARNING: Keyword 'lookup_table' ignored in calculation 'job_356_3GCU_14_b', it belongs to other interface (lookup)
WARNING: Keyword 'lookup_table' ignored in calculation 'job_357_3GCU_15_ab', it belongs to other interface (lookup)
WARNING: Keyword 'lookup_table' ignored in calculation 'job_357_3GCU_15_a', it belongs to other interface (lookup)
WARNING: Keyword 'lookup_table' ignored in calculation 'job_357_3GCU_15_b', it belongs to other interface (lookup)
WARNING: Keyword 'lookup_table' ignored in calculation 'job_358_3GCU_16_ab', it belongs to other interface (lookup)
WARNING: Keyword 'lookup_table' ignored in calculation 'job_358_3GCU_16_a', it belongs to other interface (lookup)
WARNING: Keyword 'lookup_table' ignored in calculation 'job_358_3GCU_16_b', it belongs to other interface (lookup)
WARNING: Keyword 'lookup_table' ignored in calculation 'job_359_3GCU_17_ab', it belongs to other interface (lookup)
WARNING: Keyword 'lookup_table' ignored in calculation 'job_359_3GCU_17_a', it belongs to other interface (lookup)
WARNING: Keyword 'lookup_table' ignored in calculation 'job_359_3GCU_17_b', it belongs to other interface (lookup)
WARNING: Keyword 'lookup_table' ignored in calculation 'job_360_3GCU_18_ab', it belongs to other interface (lookup)
WARNING: Keyword 'lookup_table' ignored in calculation 'job_360_3GCU_18_a', it belongs to other interface (lookup)
WARNING: Keyword 'lookup_table' ignored in calculation 'job_360_3GCU_18_b', it belongs to other interface (lookup)
WARNING: Keyword 'lookup_table' ignored in calculation 'job_361_3GCU_19_ab', it belongs to other interface (lookup)
WARNING: Keyword 'lookup_table' ignored in calculation 'job_361_3GCU_19_a', it belongs to other interface (lookup)
WARNING: Keyword 'lookup_table' ignored in calculation 'job_361_3GCU_19_b', it belongs to other interface (lookup)
WARNING: Keyword 'lookup_table' ignored in calculation 'job_362_3GCU_20_ab', it belongs to other interface (lookup)
WARNING: Keyword 'lookup_table' ignored in calculation 'job_362_3GCU_20_a', it belongs to other interface (lookup)
WARNING: Keyword 'lookup_table' ignored in calculation 'job_362_3GCU_20_b', it belongs to other interface (lookup)
WARNING: Keyword 'lookup_table' ignored in calculation 'job_363_3GCU_21_ab', it belongs to other interface (lookup)
WARNING: Keyword 'lookup_table' ignored in calculation 'job_363_3GCU_21_a', it belongs to other interface (lookup)
WARNING: Keyword 'lookup_table' ignored in calculation 'job_363_3GCU_21_b', it belongs to other interface (lookup)
WARNING: Keyword 'lookup_table' ignored in calculation 'job_364_3GCU_22_ab', it belongs to other interface (lookup)
WARNING: Keyword 'lookup_table' ignored in calculation 'job_364_3GCU_22_a', it belongs to other interface (lookup)
WARNING: Keyword 'lookup_table' ignored in calculation 'job_364_3GCU_22_b', it belongs to other interface (lookup)
WARNING: Keyword 'lookup_table' ignored in calculation 'job_365_3GCU_23_ab', it belongs to other interface (lookup)
WARNING: Keyword 'lookup_table' ignored in calculation 'job_365_3GCU_23_a', it belongs to other interface (lookup)
WARNING: Keyword 'lookup_table' ignored in calculation 'job_365_3GCU_23_b', it belongs to other interface (lookup)
WARNING: Keyword 'lookup_table' ignored in calculation 'job_366_3GCU_24_ab', it belongs to other interface (lookup)
WARNING: Keyword 'lookup_table' ignored in calculation 'job_366_3GCU_24_a', it belongs to other interface (lookup)
WARNING: Keyword 'lookup_table' ignored in calculation 'job_366_3GCU_24_b', it belongs to other interface (lookup)
WARNING: Keyword 'lookup_table' ignored in calculation 'job_367_3GCU_25_ab', it belongs to other interface (lookup)
WARNING: Keyword 'lookup_table' ignored in calculation 'job_367_3GCU_25_a', it belongs to other interface (lookup)
WARNING: Keyword 'lookup_table' ignored in calculation 'job_367_3GCU_25_b', it belongs to other interface (lookup)
WARNING: Keyword 'lookup_table' ignored in calculation 'job_368_3GCU_26_ab', it belongs to other interface (lookup)
WARNING: Keyword 'lookup_table' ignored in calculation 'job_368_3GCU_26_a', it belongs to other interface (lookup)
WARNING: Keyword 'lookup_table' ignored in calculation 'job_368_3GCU_26_b', it belongs to other interface (lookup)
WARNING: Keyword 'lookup_table' ignored in calculation 'job_369_3GCU_27_ab', it belongs to other interface (lookup)
WARNING: Keyword 'lookup_table' ignored in calculation 'job_369_3GCU_27_a', it belongs to other interface (lookup)
WARNING: Keyword 'lookup_table' ignored in calculation 'job_369_3GCU_27_b', it belongs to other interface (lookup)
WARNING: Keyword 'lookup_table' ignored in calculation 'job_370_3GCU_28_ab', it belongs to other interface (lookup)
WARNING: Keyword 'lookup_table' ignored in calculation 'job_370_3GCU_28_a', it belongs to other interface (lookup)
WARNING: Keyword 'lookup_table' ignored in calculation 'job_370_3GCU_28_b', it belongs to other interface (lookup)
WARNING: Keyword 'lookup_table' ignored in calculation 'job_371_3GCU_29_ab', it belongs to other interface (lookup)
WARNING: Keyword 'lookup_table' ignored in calculation 'job_371_3GCU_29_a', it belongs to other interface (lookup)
WARNING: Keyword 'lookup_table' ignored in calculation 'job_371_3GCU_29_b', it belongs to other interface (lookup)
WARNING: Keyword 'lookup_table' ignored in calculation 'job_372_3GCU_30_ab', it belongs to other interface (lookup)
WARNING: Keyword 'lookup_table' ignored in calculation 'job_372_3GCU_30_a', it belongs to other interface (lookup)
WARNING: Keyword 'lookup_table' ignored in calculation 'job_372_3GCU_30_b', it belongs to other interface (lookup)
WARNING: Keyword 'lookup_table' ignored in calculation 'job_373_3GCU_31_ab', it belongs to other interface (lookup)
WARNING: Keyword 'lookup_table' ignored in calculation 'job_373_3GCU_31_a', it belongs to other interface (lookup)
WARNING: Keyword 'lookup_table' ignored in calculation 'job_373_3GCU_31_b', it belongs to other interface (lookup)
WARNING: Keyword 'lookup_table' ignored in calculation 'job_374_3GCU_32_ab', it belongs to other interface (lookup)
WARNING: Keyword 'lookup_table' ignored in calculation 'job_374_3GCU_32_a', it belongs to other interface (lookup)
WARNING: Keyword 'lookup_table' ignored in calculation 'job_374_3GCU_32_b', it belongs to other interface (lookup)
WARNING: Keyword 'lookup_table' ignored in calculation 'job_375_3GCU_33_ab', it belongs to other interface (lookup)
WARNING: Keyword 'lookup_table' ignored in calculation 'job_375_3GCU_33_a', it belongs to other interface (lookup)
WARNING: Keyword 'lookup_table' ignored in calculation 'job_375_3GCU_33_b', it belongs to other interface (lookup)
WARNING: Keyword 'lookup_table' ignored in calculation 'job_376_3GCU_34_ab', it belongs to other interface (lookup)
WARNING: Keyword 'lookup_table' ignored in calculation 'job_376_3GCU_34_a', it belongs to other interface (lookup)
WARNING: Keyword 'lookup_table' ignored in calculation 'job_376_3GCU_34_b', it belongs to other interface (lookup)
WARNING: Keyword 'lookup_table' ignored in calculation 'job_377_3GCU_35_ab', it belongs to other interface (lookup)
WARNING: Keyword 'lookup_table' ignored in calculation 'job_377_3GCU_35_a', it belongs to other interface (lookup)
WARNING: Keyword 'lookup_table' ignored in calculation 'job_377_3GCU_35_b', it belongs to other interface (lookup)
WARNING: Keyword 'lookup_table' ignored in calculation 'job_378_3GCU_36_ab', it belongs to other interface (lookup)
WARNING: Keyword 'lookup_table' ignored in calculation 'job_378_3GCU_36_a', it belongs to other interface (lookup)
WARNING: Keyword 'lookup_table' ignored in calculation 'job_378_3GCU_36_b', it belongs to other interface (lookup)
WARNING: Keyword 'lookup_table' ignored in calculation 'job_379_3GCU_37_ab', it belongs to other interface (lookup)
WARNING: Keyword 'lookup_table' ignored in calculation 'job_379_3GCU_37_a', it belongs to other interface (lookup)
WARNING: Keyword 'lookup_table' ignored in calculation 'job_379_3GCU_37_b', it belongs to other interface (lookup)
WARNING: Keyword 'lookup_table' ignored in calculation 'job_380_3GCU_38_ab', it belongs to other interface (lookup)
WARNING: Keyword 'lookup_table' ignored in calculation 'job_380_3GCU_38_a', it belongs to other interface (lookup)
WARNING: Keyword 'lookup_table' ignored in calculation 'job_380_3GCU_38_b', it belongs to other interface (lookup)
WARNING: Keyword 'lookup_table' ignored in calculation 'job_381_3GCU_39_ab', it belongs to other interface (lookup)
WARNING: Keyword 'lookup_table' ignored in calculation 'job_381_3GCU_39_a', it belongs to other interface (lookup)
WARNING: Keyword 'lookup_table' ignored in calculation 'job_381_3GCU_39_b', it belongs to other interface (lookup)
WARNING: Keyword 'lookup_table' ignored in calculation 'job_382_3GCU_40_ab', it belongs to other interface (lookup)
WARNING: Keyword 'lookup_table' ignored in calculation 'job_382_3GCU_40_a', it belongs to other interface (lookup)
WARNING: Keyword 'lookup_table' ignored in calculation 'job_382_3GCU_40_b', it belongs to other interface (lookup)
WARNING: Keyword 'lookup_table' ignored in calculation 'job_383_3GCU_41_ab', it belongs to other interface (lookup)
WARNING: Keyword 'lookup_table' ignored in calculation 'job_383_3GCU_41_a', it belongs to other interface (lookup)
WARNING: Keyword 'lookup_table' ignored in calculation 'job_383_3GCU_41_b', it belongs to other interface (lookup)
WARNING: Keyword 'lookup_table' ignored in calculation 'job_384_3GCU_42_ab', it belongs to other interface (lookup)
WARNING: Keyword 'lookup_table' ignored in calculation 'job_384_3GCU_42_a', it belongs to other interface (lookup)
WARNING: Keyword 'lookup_table' ignored in calculation 'job_384_3GCU_42_b', it belongs to other interface (lookup)
WARNING: Keyword 'lookup_table' ignored in calculation 'job_385_3GCU_43_ab', it belongs to other interface (lookup)
WARNING: Keyword 'lookup_table' ignored in calculation 'job_385_3GCU_43_a', it belongs to other interface (lookup)
WARNING: Keyword 'lookup_table' ignored in calculation 'job_385_3GCU_43_b', it belongs to other interface (lookup)
WARNING: Keyword 'lookup_table' ignored in calculation 'job_386_3GCU_44_ab', it belongs to other interface (lookup)
WARNING: Keyword 'lookup_table' ignored in calculation 'job_386_3GCU_44_a', it belongs to other interface (lookup)
WARNING: Keyword 'lookup_table' ignored in calculation 'job_386_3GCU_44_b', it belongs to other interface (lookup)
WARNING: Keyword 'lookup_table' ignored in calculation 'job_387_3GCU_45_ab', it belongs to other interface (lookup)
WARNING: Keyword 'lookup_table' ignored in calculation 'job_387_3GCU_45_a', it belongs to other interface (lookup)
WARNING: Keyword 'lookup_table' ignored in calculation 'job_387_3GCU_45_b', it belongs to other interface (lookup)
WARNING: Keyword 'lookup_table' ignored in calculation 'job_388_3GCU_46_ab', it belongs to other interface (lookup)
WARNING: Keyword 'lookup_table' ignored in calculation 'job_388_3GCU_46_a', it belongs to other interface (lookup)
WARNING: Keyword 'lookup_table' ignored in calculation 'job_388_3GCU_46_b', it belongs to other interface (lookup)
WARNING: Keyword 'lookup_table' ignored in calculation 'job_389_3GCU_47_ab', it belongs to other interface (lookup)
WARNING: Keyword 'lookup_table' ignored in calculation 'job_389_3GCU_47_a', it belongs to other interface (lookup)
WARNING: Keyword 'lookup_table' ignored in calculation 'job_389_3GCU_47_b', it belongs to other interface (lookup)
WARNING: Keyword 'lookup_table' ignored in calculation 'job_390_3GCU_48_ab', it belongs to other interface (lookup)
WARNING: Keyword 'lookup_table' ignored in calculation 'job_390_3GCU_48_a', it belongs to other interface (lookup)
WARNING: Keyword 'lookup_table' ignored in calculation 'job_390_3GCU_48_b', it belongs to other interface (lookup)
WARNING: Keyword 'lookup_table' ignored in calculation 'job_391_3GNW_01_ab', it belongs to other interface (lookup)
WARNING: Keyword 'lookup_table' ignored in calculation 'job_391_3GNW_01_a', it belongs to other interface (lookup)
WARNING: Keyword 'lookup_table' ignored in calculation 'job_391_3GNW_01_b', it belongs to other interface (lookup)
WARNING: Keyword 'lookup_table' ignored in calculation 'job_392_3GNW_02_ab', it belongs to other interface (lookup)
WARNING: Keyword 'lookup_table' ignored in calculation 'job_392_3GNW_02_a', it belongs to other interface (lookup)
WARNING: Keyword 'lookup_table' ignored in calculation 'job_392_3GNW_02_b', it belongs to other interface (lookup)
WARNING: Keyword 'lookup_table' ignored in calculation 'job_393_3GNW_03_ab', it belongs to other interface (lookup)
WARNING: Keyword 'lookup_table' ignored in calculation 'job_393_3GNW_03_a', it belongs to other interface (lookup)
WARNING: Keyword 'lookup_table' ignored in calculation 'job_393_3GNW_03_b', it belongs to other interface (lookup)
WARNING: Keyword 'lookup_table' ignored in calculation 'job_394_3GNW_04_ab', it belongs to other interface (lookup)
WARNING: Keyword 'lookup_table' ignored in calculation 'job_394_3GNW_04_a', it belongs to other interface (lookup)
WARNING: Keyword 'lookup_table' ignored in calculation 'job_394_3GNW_04_b', it belongs to other interface (lookup)
WARNING: Keyword 'lookup_table' ignored in calculation 'job_395_3GNW_05_ab', it belongs to other interface (lookup)
WARNING: Keyword 'lookup_table' ignored in calculation 'job_395_3GNW_05_a', it belongs to other interface (lookup)
WARNING: Keyword 'lookup_table' ignored in calculation 'job_395_3GNW_05_b', it belongs to other interface (lookup)
WARNING: Keyword 'lookup_table' ignored in calculation 'job_396_3GNW_06_ab', it belongs to other interface (lookup)
WARNING: Keyword 'lookup_table' ignored in calculation 'job_396_3GNW_06_a', it belongs to other interface (lookup)
WARNING: Keyword 'lookup_table' ignored in calculation 'job_396_3GNW_06_b', it belongs to other interface (lookup)
WARNING: Keyword 'lookup_table' ignored in calculation 'job_397_3GNW_07_ab', it belongs to other interface (lookup)
WARNING: Keyword 'lookup_table' ignored in calculation 'job_397_3GNW_07_a', it belongs to other interface (lookup)
WARNING: Keyword 'lookup_table' ignored in calculation 'job_397_3GNW_07_b', it belongs to other interface (lookup)
WARNING: Keyword 'lookup_table' ignored in calculation 'job_398_3GNW_08_ab', it belongs to other interface (lookup)
WARNING: Keyword 'lookup_table' ignored in calculation 'job_398_3GNW_08_a', it belongs to other interface (lookup)
WARNING: Keyword 'lookup_table' ignored in calculation 'job_398_3GNW_08_b', it belongs to other interface (lookup)
WARNING: Keyword 'lookup_table' ignored in calculation 'job_399_3GNW_09_ab', it belongs to other interface (lookup)
WARNING: Keyword 'lookup_table' ignored in calculation 'job_399_3GNW_09_a', it belongs to other interface (lookup)
WARNING: Keyword 'lookup_table' ignored in calculation 'job_399_3GNW_09_b', it belongs to other interface (lookup)
WARNING: Keyword 'lookup_table' ignored in calculation 'job_400_3GNW_10_ab', it belongs to other interface (lookup)
WARNING: Keyword 'lookup_table' ignored in calculation 'job_400_3GNW_10_a', it belongs to other interface (lookup)
WARNING: Keyword 'lookup_table' ignored in calculation 'job_400_3GNW_10_b', it belongs to other interface (lookup)
WARNING: Keyword 'lookup_table' ignored in calculation 'job_401_3GNW_11_ab', it belongs to other interface (lookup)
WARNING: Keyword 'lookup_table' ignored in calculation 'job_401_3GNW_11_a', it belongs to other interface (lookup)
WARNING: Keyword 'lookup_table' ignored in calculation 'job_401_3GNW_11_b', it belongs to other interface (lookup)
WARNING: Keyword 'lookup_table' ignored in calculation 'job_402_3GNW_12_ab', it belongs to other interface (lookup)
WARNING: Keyword 'lookup_table' ignored in calculation 'job_402_3GNW_12_a', it belongs to other interface (lookup)
WARNING: Keyword 'lookup_table' ignored in calculation 'job_402_3GNW_12_b', it belongs to other interface (lookup)
WARNING: Keyword 'lookup_table' ignored in calculation 'job_403_3GNW_13_ab', it belongs to other interface (lookup)
WARNING: Keyword 'lookup_table' ignored in calculation 'job_403_3GNW_13_a', it belongs to other interface (lookup)
WARNING: Keyword 'lookup_table' ignored in calculation 'job_403_3GNW_13_b', it belongs to other interface (lookup)
WARNING: Keyword 'lookup_table' ignored in calculation 'job_404_3GNW_14_ab', it belongs to other interface (lookup)
WARNING: Keyword 'lookup_table' ignored in calculation 'job_404_3GNW_14_a', it belongs to other interface (lookup)
WARNING: Keyword 'lookup_table' ignored in calculation 'job_404_3GNW_14_b', it belongs to other interface (lookup)
WARNING: Keyword 'lookup_table' ignored in calculation 'job_405_3GNW_15_ab', it belongs to other interface (lookup)
WARNING: Keyword 'lookup_table' ignored in calculation 'job_405_3GNW_15_a', it belongs to other interface (lookup)
WARNING: Keyword 'lookup_table' ignored in calculation 'job_405_3GNW_15_b', it belongs to other interface (lookup)
WARNING: Keyword 'lookup_table' ignored in calculation 'job_406_3GNW_16_ab', it belongs to other interface (lookup)
WARNING: Keyword 'lookup_table' ignored in calculation 'job_406_3GNW_16_a', it belongs to other interface (lookup)
WARNING: Keyword 'lookup_table' ignored in calculation 'job_406_3GNW_16_b', it belongs to other interface (lookup)
WARNING: Keyword 'lookup_table' ignored in calculation 'job_407_3GNW_17_ab', it belongs to other interface (lookup)
WARNING: Keyword 'lookup_table' ignored in calculation 'job_407_3GNW_17_a', it belongs to other interface (lookup)
WARNING: Keyword 'lookup_table' ignored in calculation 'job_407_3GNW_17_b', it belongs to other interface (lookup)
WARNING: Keyword 'lookup_table' ignored in calculation 'job_408_3GNW_18_ab', it belongs to other interface (lookup)
WARNING: Keyword 'lookup_table' ignored in calculation 'job_408_3GNW_18_a', it belongs to other interface (lookup)
WARNING: Keyword 'lookup_table' ignored in calculation 'job_408_3GNW_18_b', it belongs to other interface (lookup)
WARNING: Keyword 'lookup_table' ignored in calculation 'job_409_3GNW_19_ab', it belongs to other interface (lookup)
WARNING: Keyword 'lookup_table' ignored in calculation 'job_409_3GNW_19_a', it belongs to other interface (lookup)
WARNING: Keyword 'lookup_table' ignored in calculation 'job_409_3GNW_19_b', it belongs to other interface (lookup)
WARNING: Keyword 'lookup_table' ignored in calculation 'job_410_3GNW_20_ab', it belongs to other interface (lookup)
WARNING: Keyword 'lookup_table' ignored in calculation 'job_410_3GNW_20_a', it belongs to other interface (lookup)
WARNING: Keyword 'lookup_table' ignored in calculation 'job_410_3GNW_20_b', it belongs to other interface (lookup)
WARNING: Keyword 'lookup_table' ignored in calculation 'job_411_3GNW_21_ab', it belongs to other interface (lookup)
WARNING: Keyword 'lookup_table' ignored in calculation 'job_411_3GNW_21_a', it belongs to other interface (lookup)
WARNING: Keyword 'lookup_table' ignored in calculation 'job_411_3GNW_21_b', it belongs to other interface (lookup)
WARNING: Keyword 'lookup_table' ignored in calculation 'job_412_3GNW_22_ab', it belongs to other interface (lookup)
WARNING: Keyword 'lookup_table' ignored in calculation 'job_412_3GNW_22_a', it belongs to other interface (lookup)
WARNING: Keyword 'lookup_table' ignored in calculation 'job_412_3GNW_22_b', it belongs to other interface (lookup)
WARNING: Keyword 'lookup_table' ignored in calculation 'job_413_3GNW_23_ab', it belongs to other interface (lookup)
WARNING: Keyword 'lookup_table' ignored in calculation 'job_413_3GNW_23_a', it belongs to other interface (lookup)
WARNING: Keyword 'lookup_table' ignored in calculation 'job_413_3GNW_23_b', it belongs to other interface (lookup)
WARNING: Keyword 'lookup_table' ignored in calculation 'job_414_3GNW_24_ab', it belongs to other interface (lookup)
WARNING: Keyword 'lookup_table' ignored in calculation 'job_414_3GNW_24_a', it belongs to other interface (lookup)
WARNING: Keyword 'lookup_table' ignored in calculation 'job_414_3GNW_24_b', it belongs to other interface (lookup)
WARNING: Keyword 'lookup_table' ignored in calculation 'job_415_3GNW_25_ab', it belongs to other interface (lookup)
WARNING: Keyword 'lookup_table' ignored in calculation 'job_415_3GNW_25_a', it belongs to other interface (lookup)
WARNING: Keyword 'lookup_table' ignored in calculation 'job_415_3GNW_25_b', it belongs to other interface (lookup)
WARNING: Keyword 'lookup_table' ignored in calculation 'job_416_3GNW_26_ab', it belongs to other interface (lookup)
WARNING: Keyword 'lookup_table' ignored in calculation 'job_416_3GNW_26_a', it belongs to other interface (lookup)
WARNING: Keyword 'lookup_table' ignored in calculation 'job_416_3GNW_26_b', it belongs to other interface (lookup)
WARNING: Keyword 'lookup_table' ignored in calculation 'job_417_3GNW_27_ab', it belongs to other interface (lookup)
WARNING: Keyword 'lookup_table' ignored in calculation 'job_417_3GNW_27_a', it belongs to other interface (lookup)
WARNING: Keyword 'lookup_table' ignored in calculation 'job_417_3GNW_27_b', it belongs to other interface (lookup)
WARNING: Keyword 'lookup_table' ignored in calculation 'job_418_3GNW_28_ab', it belongs to other interface (lookup)
WARNING: Keyword 'lookup_table' ignored in calculation 'job_418_3GNW_28_a', it belongs to other interface (lookup)
WARNING: Keyword 'lookup_table' ignored in calculation 'job_418_3GNW_28_b', it belongs to other interface (lookup)
WARNING: Keyword 'lookup_table' ignored in calculation 'job_419_3GNW_29_ab', it belongs to other interface (lookup)
WARNING: Keyword 'lookup_table' ignored in calculation 'job_419_3GNW_29_a', it belongs to other interface (lookup)
WARNING: Keyword 'lookup_table' ignored in calculation 'job_419_3GNW_29_b', it belongs to other interface (lookup)
WARNING: Keyword 'lookup_table' ignored in calculation 'job_420_3GNW_30_ab', it belongs to other interface (lookup)
WARNING: Keyword 'lookup_table' ignored in calculation 'job_420_3GNW_30_a', it belongs to other interface (lookup)
WARNING: Keyword 'lookup_table' ignored in calculation 'job_420_3GNW_30_b', it belongs to other interface (lookup)
WARNING: Keyword 'lookup_table' ignored in calculation 'job_421_3GNW_31_ab', it belongs to other interface (lookup)
WARNING: Keyword 'lookup_table' ignored in calculation 'job_421_3GNW_31_a', it belongs to other interface (lookup)
WARNING: Keyword 'lookup_table' ignored in calculation 'job_421_3GNW_31_b', it belongs to other interface (lookup)
WARNING: Keyword 'lookup_table' ignored in calculation 'job_422_3GNW_32_ab', it belongs to other interface (lookup)
WARNING: Keyword 'lookup_table' ignored in calculation 'job_422_3GNW_32_a', it belongs to other interface (lookup)
WARNING: Keyword 'lookup_table' ignored in calculation 'job_422_3GNW_32_b', it belongs to other interface (lookup)
WARNING: Keyword 'lookup_table' ignored in calculation 'job_423_3GNW_33_ab', it belongs to other interface (lookup)
WARNING: Keyword 'lookup_table' ignored in calculation 'job_423_3GNW_33_a', it belongs to other interface (lookup)
WARNING: Keyword 'lookup_table' ignored in calculation 'job_423_3GNW_33_b', it belongs to other interface (lookup)
WARNING: Keyword 'lookup_table' ignored in calculation 'job_424_3GNW_34_ab', it belongs to other interface (lookup)
WARNING: Keyword 'lookup_table' ignored in calculation 'job_424_3GNW_34_a', it belongs to other interface (lookup)
WARNING: Keyword 'lookup_table' ignored in calculation 'job_424_3GNW_34_b', it belongs to other interface (lookup)
WARNING: Keyword 'lookup_table' ignored in calculation 'job_425_3GNW_35_ab', it belongs to other interface (lookup)
WARNING: Keyword 'lookup_table' ignored in calculation 'job_425_3GNW_35_a', it belongs to other interface (lookup)
WARNING: Keyword 'lookup_table' ignored in calculation 'job_425_3GNW_35_b', it belongs to other interface (lookup)
WARNING: Keyword 'lookup_table' ignored in calculation 'job_426_3JVS_01_ab', it belongs to other interface (lookup)
WARNING: Keyword 'lookup_table' ignored in calculation 'job_426_3JVS_01_a', it belongs to other interface (lookup)
WARNING: Keyword 'lookup_table' ignored in calculation 'job_426_3JVS_01_b', it belongs to other interface (lookup)
WARNING: Keyword 'lookup_table' ignored in calculation 'job_427_3JVS_02_ab', it belongs to other interface (lookup)
WARNING: Keyword 'lookup_table' ignored in calculation 'job_427_3JVS_02_a', it belongs to other interface (lookup)
WARNING: Keyword 'lookup_table' ignored in calculation 'job_427_3JVS_02_b', it belongs to other interface (lookup)
WARNING: Keyword 'lookup_table' ignored in calculation 'job_428_3JVS_03_ab', it belongs to other interface (lookup)
WARNING: Keyword 'lookup_table' ignored in calculation 'job_428_3JVS_03_a', it belongs to other interface (lookup)
WARNING: Keyword 'lookup_table' ignored in calculation 'job_428_3JVS_03_b', it belongs to other interface (lookup)
WARNING: Keyword 'lookup_table' ignored in calculation 'job_429_3JVS_04_ab', it belongs to other interface (lookup)
WARNING: Keyword 'lookup_table' ignored in calculation 'job_429_3JVS_04_a', it belongs to other interface (lookup)
WARNING: Keyword 'lookup_table' ignored in calculation 'job_429_3JVS_04_b', it belongs to other interface (lookup)
WARNING: Keyword 'lookup_table' ignored in calculation 'job_430_3JVS_05_ab', it belongs to other interface (lookup)
WARNING: Keyword 'lookup_table' ignored in calculation 'job_430_3JVS_05_a', it belongs to other interface (lookup)
WARNING: Keyword 'lookup_table' ignored in calculation 'job_430_3JVS_05_b', it belongs to other interface (lookup)
WARNING: Keyword 'lookup_table' ignored in calculation 'job_431_3JVS_06_ab', it belongs to other interface (lookup)
WARNING: Keyword 'lookup_table' ignored in calculation 'job_431_3JVS_06_a', it belongs to other interface (lookup)
WARNING: Keyword 'lookup_table' ignored in calculation 'job_431_3JVS_06_b', it belongs to other interface (lookup)
WARNING: Keyword 'lookup_table' ignored in calculation 'job_432_3JVS_07_ab', it belongs to other interface (lookup)
WARNING: Keyword 'lookup_table' ignored in calculation 'job_432_3JVS_07_a', it belongs to other interface (lookup)
WARNING: Keyword 'lookup_table' ignored in calculation 'job_432_3JVS_07_b', it belongs to other interface (lookup)
WARNING: Keyword 'lookup_table' ignored in calculation 'job_433_3JVS_08_ab', it belongs to other interface (lookup)
WARNING: Keyword 'lookup_table' ignored in calculation 'job_433_3JVS_08_a', it belongs to other interface (lookup)
WARNING: Keyword 'lookup_table' ignored in calculation 'job_433_3JVS_08_b', it belongs to other interface (lookup)
WARNING: Keyword 'lookup_table' ignored in calculation 'job_434_3JVS_09_ab', it belongs to other interface (lookup)
WARNING: Keyword 'lookup_table' ignored in calculation 'job_434_3JVS_09_a', it belongs to other interface (lookup)
WARNING: Keyword 'lookup_table' ignored in calculation 'job_434_3JVS_09_b', it belongs to other interface (lookup)
WARNING: Keyword 'lookup_table' ignored in calculation 'job_435_3JVS_10_ab', it belongs to other interface (lookup)
WARNING: Keyword 'lookup_table' ignored in calculation 'job_435_3JVS_10_a', it belongs to other interface (lookup)
WARNING: Keyword 'lookup_table' ignored in calculation 'job_435_3JVS_10_b', it belongs to other interface (lookup)
WARNING: Keyword 'lookup_table' ignored in calculation 'job_436_3JVS_11_ab', it belongs to other interface (lookup)
WARNING: Keyword 'lookup_table' ignored in calculation 'job_436_3JVS_11_a', it belongs to other interface (lookup)
WARNING: Keyword 'lookup_table' ignored in calculation 'job_436_3JVS_11_b', it belongs to other interface (lookup)
WARNING: Keyword 'lookup_table' ignored in calculation 'job_437_3JVS_12_ab', it belongs to other interface (lookup)
WARNING: Keyword 'lookup_table' ignored in calculation 'job_437_3JVS_12_a', it belongs to other interface (lookup)
WARNING: Keyword 'lookup_table' ignored in calculation 'job_437_3JVS_12_b', it belongs to other interface (lookup)
WARNING: Keyword 'lookup_table' ignored in calculation 'job_438_3JVS_13_ab', it belongs to other interface (lookup)
WARNING: Keyword 'lookup_table' ignored in calculation 'job_438_3JVS_13_a', it belongs to other interface (lookup)
WARNING: Keyword 'lookup_table' ignored in calculation 'job_438_3JVS_13_b', it belongs to other interface (lookup)
WARNING: Keyword 'lookup_table' ignored in calculation 'job_439_3JVS_14_ab', it belongs to other interface (lookup)
WARNING: Keyword 'lookup_table' ignored in calculation 'job_439_3JVS_14_a', it belongs to other interface (lookup)
WARNING: Keyword 'lookup_table' ignored in calculation 'job_439_3JVS_14_b', it belongs to other interface (lookup)
WARNING: Keyword 'lookup_table' ignored in calculation 'job_440_3JVS_15_ab', it belongs to other interface (lookup)
WARNING: Keyword 'lookup_table' ignored in calculation 'job_440_3JVS_15_a', it belongs to other interface (lookup)
WARNING: Keyword 'lookup_table' ignored in calculation 'job_440_3JVS_15_b', it belongs to other interface (lookup)
WARNING: Keyword 'lookup_table' ignored in calculation 'job_441_3JVS_16_ab', it belongs to other interface (lookup)
WARNING: Keyword 'lookup_table' ignored in calculation 'job_441_3JVS_16_a', it belongs to other interface (lookup)
WARNING: Keyword 'lookup_table' ignored in calculation 'job_441_3JVS_16_b', it belongs to other interface (lookup)
WARNING: Keyword 'lookup_table' ignored in calculation 'job_442_3JVS_17_ab', it belongs to other interface (lookup)
WARNING: Keyword 'lookup_table' ignored in calculation 'job_442_3JVS_17_a', it belongs to other interface (lookup)
WARNING: Keyword 'lookup_table' ignored in calculation 'job_442_3JVS_17_b', it belongs to other interface (lookup)
WARNING: Keyword 'lookup_table' ignored in calculation 'job_443_3JVS_18_ab', it belongs to other interface (lookup)
WARNING: Keyword 'lookup_table' ignored in calculation 'job_443_3JVS_18_a', it belongs to other interface (lookup)
WARNING: Keyword 'lookup_table' ignored in calculation 'job_443_3JVS_18_b', it belongs to other interface (lookup)
WARNING: Keyword 'lookup_table' ignored in calculation 'job_444_3JVS_19_ab', it belongs to other interface (lookup)
WARNING: Keyword 'lookup_table' ignored in calculation 'job_444_3JVS_19_a', it belongs to other interface (lookup)
WARNING: Keyword 'lookup_table' ignored in calculation 'job_444_3JVS_19_b', it belongs to other interface (lookup)
WARNING: Keyword 'lookup_table' ignored in calculation 'job_445_3JVS_20_ab', it belongs to other interface (lookup)
WARNING: Keyword 'lookup_table' ignored in calculation 'job_445_3JVS_20_a', it belongs to other interface (lookup)
WARNING: Keyword 'lookup_table' ignored in calculation 'job_445_3JVS_20_b', it belongs to other interface (lookup)
WARNING: Keyword 'lookup_table' ignored in calculation 'job_446_3JVS_21_ab', it belongs to other interface (lookup)
WARNING: Keyword 'lookup_table' ignored in calculation 'job_446_3JVS_21_a', it belongs to other interface (lookup)
WARNING: Keyword 'lookup_table' ignored in calculation 'job_446_3JVS_21_b', it belongs to other interface (lookup)
WARNING: Keyword 'lookup_table' ignored in calculation 'job_447_3JVS_22_ab', it belongs to other interface (lookup)
WARNING: Keyword 'lookup_table' ignored in calculation 'job_447_3JVS_22_a', it belongs to other interface (lookup)
WARNING: Keyword 'lookup_table' ignored in calculation 'job_447_3JVS_22_b', it belongs to other interface (lookup)
WARNING: Keyword 'lookup_table' ignored in calculation 'job_448_3NOX_01_ab', it belongs to other interface (lookup)
WARNING: Keyword 'lookup_table' ignored in calculation 'job_448_3NOX_01_a', it belongs to other interface (lookup)
WARNING: Keyword 'lookup_table' ignored in calculation 'job_448_3NOX_01_b', it belongs to other interface (lookup)
WARNING: Keyword 'lookup_table' ignored in calculation 'job_449_3NOX_02_ab', it belongs to other interface (lookup)
WARNING: Keyword 'lookup_table' ignored in calculation 'job_449_3NOX_02_a', it belongs to other interface (lookup)
WARNING: Keyword 'lookup_table' ignored in calculation 'job_449_3NOX_02_b', it belongs to other interface (lookup)
WARNING: Keyword 'lookup_table' ignored in calculation 'job_450_3NOX_03_ab', it belongs to other interface (lookup)
WARNING: Keyword 'lookup_table' ignored in calculation 'job_450_3NOX_03_a', it belongs to other interface (lookup)
WARNING: Keyword 'lookup_table' ignored in calculation 'job_450_3NOX_03_b', it belongs to other interface (lookup)
WARNING: Keyword 'lookup_table' ignored in calculation 'job_451_3NOX_04_ab', it belongs to other interface (lookup)
WARNING: Keyword 'lookup_table' ignored in calculation 'job_451_3NOX_04_a', it belongs to other interface (lookup)
WARNING: Keyword 'lookup_table' ignored in calculation 'job_451_3NOX_04_b', it belongs to other interface (lookup)
WARNING: Keyword 'lookup_table' ignored in calculation 'job_452_3NOX_05_ab', it belongs to other interface (lookup)
WARNING: Keyword 'lookup_table' ignored in calculation 'job_452_3NOX_05_a', it belongs to other interface (lookup)
WARNING: Keyword 'lookup_table' ignored in calculation 'job_452_3NOX_05_b', it belongs to other interface (lookup)
WARNING: Keyword 'lookup_table' ignored in calculation 'job_453_3NOX_06_ab', it belongs to other interface (lookup)
WARNING: Keyword 'lookup_table' ignored in calculation 'job_453_3NOX_06_a', it belongs to other interface (lookup)
WARNING: Keyword 'lookup_table' ignored in calculation 'job_453_3NOX_06_b', it belongs to other interface (lookup)
WARNING: Keyword 'lookup_table' ignored in calculation 'job_454_3NOX_07_ab', it belongs to other interface (lookup)
WARNING: Keyword 'lookup_table' ignored in calculation 'job_454_3NOX_07_a', it belongs to other interface (lookup)
WARNING: Keyword 'lookup_table' ignored in calculation 'job_454_3NOX_07_b', it belongs to other interface (lookup)
WARNING: Keyword 'lookup_table' ignored in calculation 'job_455_3NOX_08_ab', it belongs to other interface (lookup)
WARNING: Keyword 'lookup_table' ignored in calculation 'job_455_3NOX_08_a', it belongs to other interface (lookup)
WARNING: Keyword 'lookup_table' ignored in calculation 'job_455_3NOX_08_b', it belongs to other interface (lookup)
WARNING: Keyword 'lookup_table' ignored in calculation 'job_456_3NOX_09_ab', it belongs to other interface (lookup)
WARNING: Keyword 'lookup_table' ignored in calculation 'job_456_3NOX_09_a', it belongs to other interface (lookup)
WARNING: Keyword 'lookup_table' ignored in calculation 'job_456_3NOX_09_b', it belongs to other interface (lookup)
WARNING: Keyword 'lookup_table' ignored in calculation 'job_457_3NOX_10_ab', it belongs to other interface (lookup)
WARNING: Keyword 'lookup_table' ignored in calculation 'job_457_3NOX_10_a', it belongs to other interface (lookup)
WARNING: Keyword 'lookup_table' ignored in calculation 'job_457_3NOX_10_b', it belongs to other interface (lookup)
WARNING: Keyword 'lookup_table' ignored in calculation 'job_458_3NOX_11_ab', it belongs to other interface (lookup)
WARNING: Keyword 'lookup_table' ignored in calculation 'job_458_3NOX_11_a', it belongs to other interface (lookup)
WARNING: Keyword 'lookup_table' ignored in calculation 'job_458_3NOX_11_b', it belongs to other interface (lookup)
WARNING: Keyword 'lookup_table' ignored in calculation 'job_459_3NOX_12_ab', it belongs to other interface (lookup)
WARNING: Keyword 'lookup_table' ignored in calculation 'job_459_3NOX_12_a', it belongs to other interface (lookup)
WARNING: Keyword 'lookup_table' ignored in calculation 'job_459_3NOX_12_b', it belongs to other interface (lookup)
WARNING: Keyword 'lookup_table' ignored in calculation 'job_460_3NOX_13_ab', it belongs to other interface (lookup)
WARNING: Keyword 'lookup_table' ignored in calculation 'job_460_3NOX_13_a', it belongs to other interface (lookup)
WARNING: Keyword 'lookup_table' ignored in calculation 'job_460_3NOX_13_b', it belongs to other interface (lookup)
WARNING: Keyword 'lookup_table' ignored in calculation 'job_461_3NOX_14_ab', it belongs to other interface (lookup)
WARNING: Keyword 'lookup_table' ignored in calculation 'job_461_3NOX_14_a', it belongs to other interface (lookup)
WARNING: Keyword 'lookup_table' ignored in calculation 'job_461_3NOX_14_b', it belongs to other interface (lookup)
WARNING: Keyword 'lookup_table' ignored in calculation 'job_462_3NOX_15_ab', it belongs to other interface (lookup)
WARNING: Keyword 'lookup_table' ignored in calculation 'job_462_3NOX_15_a', it belongs to other interface (lookup)
WARNING: Keyword 'lookup_table' ignored in calculation 'job_462_3NOX_15_b', it belongs to other interface (lookup)
WARNING: Keyword 'lookup_table' ignored in calculation 'job_463_3NOX_16_ab', it belongs to other interface (lookup)
WARNING: Keyword 'lookup_table' ignored in calculation 'job_463_3NOX_16_a', it belongs to other interface (lookup)
WARNING: Keyword 'lookup_table' ignored in calculation 'job_463_3NOX_16_b', it belongs to other interface (lookup)
WARNING: Keyword 'lookup_table' ignored in calculation 'job_464_3NOX_17_ab', it belongs to other interface (lookup)
WARNING: Keyword 'lookup_table' ignored in calculation 'job_464_3NOX_17_a', it belongs to other interface (lookup)
WARNING: Keyword 'lookup_table' ignored in calculation 'job_464_3NOX_17_b', it belongs to other interface (lookup)
WARNING: Keyword 'lookup_table' ignored in calculation 'job_465_3NOX_18_ab', it belongs to other interface (lookup)
WARNING: Keyword 'lookup_table' ignored in calculation 'job_465_3NOX_18_a', it belongs to other interface (lookup)
WARNING: Keyword 'lookup_table' ignored in calculation 'job_465_3NOX_18_b', it belongs to other interface (lookup)
WARNING: Keyword 'lookup_table' ignored in calculation 'job_466_3NOX_19_ab', it belongs to other interface (lookup)
WARNING: Keyword 'lookup_table' ignored in calculation 'job_466_3NOX_19_a', it belongs to other interface (lookup)
WARNING: Keyword 'lookup_table' ignored in calculation 'job_466_3NOX_19_b', it belongs to other interface (lookup)
WARNING: Keyword 'lookup_table' ignored in calculation 'job_467_3NOX_20_ab', it belongs to other interface (lookup)
WARNING: Keyword 'lookup_table' ignored in calculation 'job_467_3NOX_20_a', it belongs to other interface (lookup)
WARNING: Keyword 'lookup_table' ignored in calculation 'job_467_3NOX_20_b', it belongs to other interface (lookup)
WARNING: Keyword 'lookup_table' ignored in calculation 'job_468_3NOX_21_ab', it belongs to other interface (lookup)
WARNING: Keyword 'lookup_table' ignored in calculation 'job_468_3NOX_21_a', it belongs to other interface (lookup)
WARNING: Keyword 'lookup_table' ignored in calculation 'job_468_3NOX_21_b', it belongs to other interface (lookup)
WARNING: Keyword 'lookup_table' ignored in calculation 'job_469_3PE2_01_ab', it belongs to other interface (lookup)
WARNING: Keyword 'lookup_table' ignored in calculation 'job_469_3PE2_01_a', it belongs to other interface (lookup)
WARNING: Keyword 'lookup_table' ignored in calculation 'job_469_3PE2_01_b', it belongs to other interface (lookup)
WARNING: Keyword 'lookup_table' ignored in calculation 'job_470_3PE2_02_ab', it belongs to other interface (lookup)
WARNING: Keyword 'lookup_table' ignored in calculation 'job_470_3PE2_02_a', it belongs to other interface (lookup)
WARNING: Keyword 'lookup_table' ignored in calculation 'job_470_3PE2_02_b', it belongs to other interface (lookup)
WARNING: Keyword 'lookup_table' ignored in calculation 'job_471_3PE2_03_ab', it belongs to other interface (lookup)
WARNING: Keyword 'lookup_table' ignored in calculation 'job_471_3PE2_03_a', it belongs to other interface (lookup)
WARNING: Keyword 'lookup_table' ignored in calculation 'job_471_3PE2_03_b', it belongs to other interface (lookup)
WARNING: Keyword 'lookup_table' ignored in calculation 'job_472_3PE2_04_ab', it belongs to other interface (lookup)
WARNING: Keyword 'lookup_table' ignored in calculation 'job_472_3PE2_04_a', it belongs to other interface (lookup)
WARNING: Keyword 'lookup_table' ignored in calculation 'job_472_3PE2_04_b', it belongs to other interface (lookup)
WARNING: Keyword 'lookup_table' ignored in calculation 'job_473_3PE2_05_ab', it belongs to other interface (lookup)
WARNING: Keyword 'lookup_table' ignored in calculation 'job_473_3PE2_05_a', it belongs to other interface (lookup)
WARNING: Keyword 'lookup_table' ignored in calculation 'job_473_3PE2_05_b', it belongs to other interface (lookup)
WARNING: Keyword 'lookup_table' ignored in calculation 'job_474_3PE2_06_ab', it belongs to other interface (lookup)
WARNING: Keyword 'lookup_table' ignored in calculation 'job_474_3PE2_06_a', it belongs to other interface (lookup)
WARNING: Keyword 'lookup_table' ignored in calculation 'job_474_3PE2_06_b', it belongs to other interface (lookup)
WARNING: Keyword 'lookup_table' ignored in calculation 'job_475_3PE2_07_ab', it belongs to other interface (lookup)
WARNING: Keyword 'lookup_table' ignored in calculation 'job_475_3PE2_07_a', it belongs to other interface (lookup)
WARNING: Keyword 'lookup_table' ignored in calculation 'job_475_3PE2_07_b', it belongs to other interface (lookup)
WARNING: Keyword 'lookup_table' ignored in calculation 'job_476_3PE2_08_ab', it belongs to other interface (lookup)
WARNING: Keyword 'lookup_table' ignored in calculation 'job_476_3PE2_08_a', it belongs to other interface (lookup)
WARNING: Keyword 'lookup_table' ignored in calculation 'job_476_3PE2_08_b', it belongs to other interface (lookup)
WARNING: Keyword 'lookup_table' ignored in calculation 'job_477_3PE2_09_ab', it belongs to other interface (lookup)
WARNING: Keyword 'lookup_table' ignored in calculation 'job_477_3PE2_09_a', it belongs to other interface (lookup)
WARNING: Keyword 'lookup_table' ignored in calculation 'job_477_3PE2_09_b', it belongs to other interface (lookup)
WARNING: Keyword 'lookup_table' ignored in calculation 'job_478_3PE2_10_ab', it belongs to other interface (lookup)
WARNING: Keyword 'lookup_table' ignored in calculation 'job_478_3PE2_10_a', it belongs to other interface (lookup)
WARNING: Keyword 'lookup_table' ignored in calculation 'job_478_3PE2_10_b', it belongs to other interface (lookup)
WARNING: Keyword 'lookup_table' ignored in calculation 'job_479_3PE2_11_ab', it belongs to other interface (lookup)
WARNING: Keyword 'lookup_table' ignored in calculation 'job_479_3PE2_11_a', it belongs to other interface (lookup)
WARNING: Keyword 'lookup_table' ignored in calculation 'job_479_3PE2_11_b', it belongs to other interface (lookup)
WARNING: Keyword 'lookup_table' ignored in calculation 'job_480_3PE2_12_ab', it belongs to other interface (lookup)
WARNING: Keyword 'lookup_table' ignored in calculation 'job_480_3PE2_12_a', it belongs to other interface (lookup)
WARNING: Keyword 'lookup_table' ignored in calculation 'job_480_3PE2_12_b', it belongs to other interface (lookup)
WARNING: Keyword 'lookup_table' ignored in calculation 'job_481_3PE2_13_ab', it belongs to other interface (lookup)
WARNING: Keyword 'lookup_table' ignored in calculation 'job_481_3PE2_13_a', it belongs to other interface (lookup)
WARNING: Keyword 'lookup_table' ignored in calculation 'job_481_3PE2_13_b', it belongs to other interface (lookup)
WARNING: Keyword 'lookup_table' ignored in calculation 'job_482_3PE2_14_ab', it belongs to other interface (lookup)
WARNING: Keyword 'lookup_table' ignored in calculation 'job_482_3PE2_14_a', it belongs to other interface (lookup)
WARNING: Keyword 'lookup_table' ignored in calculation 'job_482_3PE2_14_b', it belongs to other interface (lookup)
WARNING: Keyword 'lookup_table' ignored in calculation 'job_483_3PE2_15_ab', it belongs to other interface (lookup)
WARNING: Keyword 'lookup_table' ignored in calculation 'job_483_3PE2_15_a', it belongs to other interface (lookup)
WARNING: Keyword 'lookup_table' ignored in calculation 'job_483_3PE2_15_b', it belongs to other interface (lookup)
WARNING: Keyword 'lookup_table' ignored in calculation 'job_484_3PE2_16_ab', it belongs to other interface (lookup)
WARNING: Keyword 'lookup_table' ignored in calculation 'job_484_3PE2_16_a', it belongs to other interface (lookup)
WARNING: Keyword 'lookup_table' ignored in calculation 'job_484_3PE2_16_b', it belongs to other interface (lookup)
WARNING: Keyword 'lookup_table' ignored in calculation 'job_485_3PE2_17_ab', it belongs to other interface (lookup)
WARNING: Keyword 'lookup_table' ignored in calculation 'job_485_3PE2_17_a', it belongs to other interface (lookup)
WARNING: Keyword 'lookup_table' ignored in calculation 'job_485_3PE2_17_b', it belongs to other interface (lookup)
WARNING: Keyword 'lookup_table' ignored in calculation 'job_486_3PE2_18_ab', it belongs to other interface (lookup)
WARNING: Keyword 'lookup_table' ignored in calculation 'job_486_3PE2_18_a', it belongs to other interface (lookup)
WARNING: Keyword 'lookup_table' ignored in calculation 'job_486_3PE2_18_b', it belongs to other interface (lookup)
WARNING: Keyword 'lookup_table' ignored in calculation 'job_487_3PE2_19_ab', it belongs to other interface (lookup)
WARNING: Keyword 'lookup_table' ignored in calculation 'job_487_3PE2_19_a', it belongs to other interface (lookup)
WARNING: Keyword 'lookup_table' ignored in calculation 'job_487_3PE2_19_b', it belongs to other interface (lookup)
WARNING: Keyword 'lookup_table' ignored in calculation 'job_488_3PE2_20_ab', it belongs to other interface (lookup)
WARNING: Keyword 'lookup_table' ignored in calculation 'job_488_3PE2_20_a', it belongs to other interface (lookup)
WARNING: Keyword 'lookup_table' ignored in calculation 'job_488_3PE2_20_b', it belongs to other interface (lookup)
WARNING: Keyword 'lookup_table' ignored in calculation 'job_489_3PE2_21_ab', it belongs to other interface (lookup)
WARNING: Keyword 'lookup_table' ignored in calculation 'job_489_3PE2_21_a', it belongs to other interface (lookup)
WARNING: Keyword 'lookup_table' ignored in calculation 'job_489_3PE2_21_b', it belongs to other interface (lookup)
WARNING: Keyword 'lookup_table' ignored in calculation 'job_490_3PE2_22_ab', it belongs to other interface (lookup)
WARNING: Keyword 'lookup_table' ignored in calculation 'job_490_3PE2_22_a', it belongs to other interface (lookup)
WARNING: Keyword 'lookup_table' ignored in calculation 'job_490_3PE2_22_b', it belongs to other interface (lookup)
WARNING: Keyword 'lookup_table' ignored in calculation 'job_491_3PE2_23_ab', it belongs to other interface (lookup)
WARNING: Keyword 'lookup_table' ignored in calculation 'job_491_3PE2_23_a', it belongs to other interface (lookup)
WARNING: Keyword 'lookup_table' ignored in calculation 'job_491_3PE2_23_b', it belongs to other interface (lookup)
WARNING: Keyword 'lookup_table' ignored in calculation 'job_492_3PE2_24_ab', it belongs to other interface (lookup)
WARNING: Keyword 'lookup_table' ignored in calculation 'job_492_3PE2_24_a', it belongs to other interface (lookup)
WARNING: Keyword 'lookup_table' ignored in calculation 'job_492_3PE2_24_b', it belongs to other interface (lookup)
WARNING: Keyword 'lookup_table' ignored in calculation 'job_493_3PE2_25_ab', it belongs to other interface (lookup)
WARNING: Keyword 'lookup_table' ignored in calculation 'job_493_3PE2_25_a', it belongs to other interface (lookup)
WARNING: Keyword 'lookup_table' ignored in calculation 'job_493_3PE2_25_b', it belongs to other interface (lookup)
WARNING: Keyword 'lookup_table' ignored in calculation 'job_494_3PE2_26_ab', it belongs to other interface (lookup)
WARNING: Keyword 'lookup_table' ignored in calculation 'job_494_3PE2_26_a', it belongs to other interface (lookup)
WARNING: Keyword 'lookup_table' ignored in calculation 'job_494_3PE2_26_b', it belongs to other interface (lookup)
WARNING: Keyword 'lookup_table' ignored in calculation 'job_495_3PE2_27_ab', it belongs to other interface (lookup)
WARNING: Keyword 'lookup_table' ignored in calculation 'job_495_3PE2_27_a', it belongs to other interface (lookup)
WARNING: Keyword 'lookup_table' ignored in calculation 'job_495_3PE2_27_b', it belongs to other interface (lookup)
WARNING: Keyword 'lookup_table' ignored in calculation 'job_496_3PE2_28_ab', it belongs to other interface (lookup)
WARNING: Keyword 'lookup_table' ignored in calculation 'job_496_3PE2_28_a', it belongs to other interface (lookup)
WARNING: Keyword 'lookup_table' ignored in calculation 'job_496_3PE2_28_b', it belongs to other interface (lookup)
WARNING: Keyword 'lookup_table' ignored in calculation 'job_497_4GID_01_ab', it belongs to other interface (lookup)
WARNING: Keyword 'lookup_table' ignored in calculation 'job_497_4GID_01_a', it belongs to other interface (lookup)
WARNING: Keyword 'lookup_table' ignored in calculation 'job_497_4GID_01_b', it belongs to other interface (lookup)
WARNING: Keyword 'lookup_table' ignored in calculation 'job_498_4GID_02_ab', it belongs to other interface (lookup)
WARNING: Keyword 'lookup_table' ignored in calculation 'job_498_4GID_02_a', it belongs to other interface (lookup)
WARNING: Keyword 'lookup_table' ignored in calculation 'job_498_4GID_02_b', it belongs to other interface (lookup)
WARNING: Keyword 'lookup_table' ignored in calculation 'job_499_4GID_03_ab', it belongs to other interface (lookup)
WARNING: Keyword 'lookup_table' ignored in calculation 'job_499_4GID_03_a', it belongs to other interface (lookup)
WARNING: Keyword 'lookup_table' ignored in calculation 'job_499_4GID_03_b', it belongs to other interface (lookup)
WARNING: Keyword 'lookup_table' ignored in calculation 'job_500_4GID_04_ab', it belongs to other interface (lookup)
WARNING: Keyword 'lookup_table' ignored in calculation 'job_500_4GID_04_a', it belongs to other interface (lookup)
WARNING: Keyword 'lookup_table' ignored in calculation 'job_500_4GID_04_b', it belongs to other interface (lookup)
WARNING: Keyword 'lookup_table' ignored in calculation 'job_501_4GID_05_ab', it belongs to other interface (lookup)
WARNING: Keyword 'lookup_table' ignored in calculation 'job_501_4GID_05_a', it belongs to other interface (lookup)
WARNING: Keyword 'lookup_table' ignored in calculation 'job_501_4GID_05_b', it belongs to other interface (lookup)
WARNING: Keyword 'lookup_table' ignored in calculation 'job_502_4GID_06_ab', it belongs to other interface (lookup)
WARNING: Keyword 'lookup_table' ignored in calculation 'job_502_4GID_06_a', it belongs to other interface (lookup)
WARNING: Keyword 'lookup_table' ignored in calculation 'job_502_4GID_06_b', it belongs to other interface (lookup)
WARNING: Keyword 'lookup_table' ignored in calculation 'job_503_4GID_07_ab', it belongs to other interface (lookup)
WARNING: Keyword 'lookup_table' ignored in calculation 'job_503_4GID_07_a', it belongs to other interface (lookup)
WARNING: Keyword 'lookup_table' ignored in calculation 'job_503_4GID_07_b', it belongs to other interface (lookup)
WARNING: Keyword 'lookup_table' ignored in calculation 'job_504_4GID_08_ab', it belongs to other interface (lookup)
WARNING: Keyword 'lookup_table' ignored in calculation 'job_504_4GID_08_a', it belongs to other interface (lookup)
WARNING: Keyword 'lookup_table' ignored in calculation 'job_504_4GID_08_b', it belongs to other interface (lookup)
WARNING: Keyword 'lookup_table' ignored in calculation 'job_505_4GID_09_ab', it belongs to other interface (lookup)
WARNING: Keyword 'lookup_table' ignored in calculation 'job_505_4GID_09_a', it belongs to other interface (lookup)
WARNING: Keyword 'lookup_table' ignored in calculation 'job_505_4GID_09_b', it belongs to other interface (lookup)
WARNING: Keyword 'lookup_table' ignored in calculation 'job_506_4GID_10_ab', it belongs to other interface (lookup)
WARNING: Keyword 'lookup_table' ignored in calculation 'job_506_4GID_10_a', it belongs to other interface (lookup)
WARNING: Keyword 'lookup_table' ignored in calculation 'job_506_4GID_10_b', it belongs to other interface (lookup)
WARNING: Keyword 'lookup_table' ignored in calculation 'job_507_4GID_11_ab', it belongs to other interface (lookup)
WARNING: Keyword 'lookup_table' ignored in calculation 'job_507_4GID_11_a', it belongs to other interface (lookup)
WARNING: Keyword 'lookup_table' ignored in calculation 'job_507_4GID_11_b', it belongs to other interface (lookup)
WARNING: Keyword 'lookup_table' ignored in calculation 'job_508_4GID_12_ab', it belongs to other interface (lookup)
WARNING: Keyword 'lookup_table' ignored in calculation 'job_508_4GID_12_a', it belongs to other interface (lookup)
WARNING: Keyword 'lookup_table' ignored in calculation 'job_508_4GID_12_b', it belongs to other interface (lookup)
WARNING: Keyword 'lookup_table' ignored in calculation 'job_509_4GID_13_ab', it belongs to other interface (lookup)
WARNING: Keyword 'lookup_table' ignored in calculation 'job_509_4GID_13_a', it belongs to other interface (lookup)
WARNING: Keyword 'lookup_table' ignored in calculation 'job_509_4GID_13_b', it belongs to other interface (lookup)
WARNING: Keyword 'lookup_table' ignored in calculation 'job_510_4GID_14_ab', it belongs to other interface (lookup)
WARNING: Keyword 'lookup_table' ignored in calculation 'job_510_4GID_14_a', it belongs to other interface (lookup)
WARNING: Keyword 'lookup_table' ignored in calculation 'job_510_4GID_14_b', it belongs to other interface (lookup)
WARNING: Keyword 'lookup_table' ignored in calculation 'job_511_4GID_15_ab', it belongs to other interface (lookup)
WARNING: Keyword 'lookup_table' ignored in calculation 'job_511_4GID_15_a', it belongs to other interface (lookup)
WARNING: Keyword 'lookup_table' ignored in calculation 'job_511_4GID_15_b', it belongs to other interface (lookup)
WARNING: Keyword 'lookup_table' ignored in calculation 'job_512_4GID_16_ab', it belongs to other interface (lookup)
WARNING: Keyword 'lookup_table' ignored in calculation 'job_512_4GID_16_a', it belongs to other interface (lookup)
WARNING: Keyword 'lookup_table' ignored in calculation 'job_512_4GID_16_b', it belongs to other interface (lookup)
WARNING: Keyword 'lookup_table' ignored in calculation 'job_513_4GID_17_ab', it belongs to other interface (lookup)
WARNING: Keyword 'lookup_table' ignored in calculation 'job_513_4GID_17_a', it belongs to other interface (lookup)
WARNING: Keyword 'lookup_table' ignored in calculation 'job_513_4GID_17_b', it belongs to other interface (lookup)
WARNING: Keyword 'lookup_table' ignored in calculation 'job_514_4GID_18_ab', it belongs to other interface (lookup)
WARNING: Keyword 'lookup_table' ignored in calculation 'job_514_4GID_18_a', it belongs to other interface (lookup)
WARNING: Keyword 'lookup_table' ignored in calculation 'job_514_4GID_18_b', it belongs to other interface (lookup)
WARNING: Keyword 'lookup_table' ignored in calculation 'job_515_4GID_19_ab', it belongs to other interface (lookup)
WARNING: Keyword 'lookup_table' ignored in calculation 'job_515_4GID_19_a', it belongs to other interface (lookup)
WARNING: Keyword 'lookup_table' ignored in calculation 'job_515_4GID_19_b', it belongs to other interface (lookup)
WARNING: Keyword 'lookup_table' ignored in calculation 'job_516_4GID_20_ab', it belongs to other interface (lookup)
WARNING: Keyword 'lookup_table' ignored in calculation 'job_516_4GID_20_a', it belongs to other interface (lookup)
WARNING: Keyword 'lookup_table' ignored in calculation 'job_516_4GID_20_b', it belongs to other interface (lookup)
WARNING: Keyword 'lookup_table' ignored in calculation 'job_517_4GID_21_ab', it belongs to other interface (lookup)
WARNING: Keyword 'lookup_table' ignored in calculation 'job_517_4GID_21_a', it belongs to other interface (lookup)
WARNING: Keyword 'lookup_table' ignored in calculation 'job_517_4GID_21_b', it belongs to other interface (lookup)
WARNING: Keyword 'lookup_table' ignored in calculation 'job_518_4GID_22_ab', it belongs to other interface (lookup)
WARNING: Keyword 'lookup_table' ignored in calculation 'job_518_4GID_22_a', it belongs to other interface (lookup)
WARNING: Keyword 'lookup_table' ignored in calculation 'job_518_4GID_22_b', it belongs to other interface (lookup)
WARNING: Keyword 'lookup_table' ignored in calculation 'job_519_4GID_23_ab', it belongs to other interface (lookup)
WARNING: Keyword 'lookup_table' ignored in calculation 'job_519_4GID_23_a', it belongs to other interface (lookup)
WARNING: Keyword 'lookup_table' ignored in calculation 'job_519_4GID_23_b', it belongs to other interface (lookup)
WARNING: Keyword 'lookup_table' ignored in calculation 'job_520_4GID_24_ab', it belongs to other interface (lookup)
WARNING: Keyword 'lookup_table' ignored in calculation 'job_520_4GID_24_a', it belongs to other interface (lookup)
WARNING: Keyword 'lookup_table' ignored in calculation 'job_520_4GID_24_b', it belongs to other interface (lookup)
WARNING: Keyword 'lookup_table' ignored in calculation 'job_521_4GID_25_ab', it belongs to other interface (lookup)
WARNING: Keyword 'lookup_table' ignored in calculation 'job_521_4GID_25_a', it belongs to other interface (lookup)
WARNING: Keyword 'lookup_table' ignored in calculation 'job_521_4GID_25_b', it belongs to other interface (lookup)
WARNING: Keyword 'lookup_table' ignored in calculation 'job_522_4GID_26_ab', it belongs to other interface (lookup)
WARNING: Keyword 'lookup_table' ignored in calculation 'job_522_4GID_26_a', it belongs to other interface (lookup)
WARNING: Keyword 'lookup_table' ignored in calculation 'job_522_4GID_26_b', it belongs to other interface (lookup)
WARNING: Keyword 'lookup_table' ignored in calculation 'job_523_4GID_27_ab', it belongs to other interface (lookup)
WARNING: Keyword 'lookup_table' ignored in calculation 'job_523_4GID_27_a', it belongs to other interface (lookup)
WARNING: Keyword 'lookup_table' ignored in calculation 'job_523_4GID_27_b', it belongs to other interface (lookup)
WARNING: Keyword 'lookup_table' ignored in calculation 'job_524_4GID_28_ab', it belongs to other interface (lookup)
WARNING: Keyword 'lookup_table' ignored in calculation 'job_524_4GID_28_a', it belongs to other interface (lookup)
WARNING: Keyword 'lookup_table' ignored in calculation 'job_524_4GID_28_b', it belongs to other interface (lookup)
WARNING: Keyword 'lookup_table' ignored in calculation 'job_525_4GID_29_ab', it belongs to other interface (lookup)
WARNING: Keyword 'lookup_table' ignored in calculation 'job_525_4GID_29_a', it belongs to other interface (lookup)
WARNING: Keyword 'lookup_table' ignored in calculation 'job_525_4GID_29_b', it belongs to other interface (lookup)
WARNING: Keyword 'lookup_table' ignored in calculation 'job_526_4GID_30_ab', it belongs to other interface (lookup)
WARNING: Keyword 'lookup_table' ignored in calculation 'job_526_4GID_30_a', it belongs to other interface (lookup)
WARNING: Keyword 'lookup_table' ignored in calculation 'job_526_4GID_30_b', it belongs to other interface (lookup)
WARNING: Keyword 'lookup_table' ignored in calculation 'job_527_4GID_31_ab', it belongs to other interface (lookup)
WARNING: Keyword 'lookup_table' ignored in calculation 'job_527_4GID_31_a', it belongs to other interface (lookup)
WARNING: Keyword 'lookup_table' ignored in calculation 'job_527_4GID_31_b', it belongs to other interface (lookup)
WARNING: Keyword 'lookup_table' ignored in calculation 'job_528_4GID_32_ab', it belongs to other interface (lookup)
WARNING: Keyword 'lookup_table' ignored in calculation 'job_528_4GID_32_a', it belongs to other interface (lookup)
WARNING: Keyword 'lookup_table' ignored in calculation 'job_528_4GID_32_b', it belongs to other interface (lookup)
WARNING: Keyword 'lookup_table' ignored in calculation 'job_529_4GID_33_ab', it belongs to other interface (lookup)
WARNING: Keyword 'lookup_table' ignored in calculation 'job_529_4GID_33_a', it belongs to other interface (lookup)
WARNING: Keyword 'lookup_table' ignored in calculation 'job_529_4GID_33_b', it belongs to other interface (lookup)
WARNING: Keyword 'lookup_table' ignored in calculation 'job_530_4GID_34_ab', it belongs to other interface (lookup)
WARNING: Keyword 'lookup_table' ignored in calculation 'job_530_4GID_34_a', it belongs to other interface (lookup)
WARNING: Keyword 'lookup_table' ignored in calculation 'job_530_4GID_34_b', it belongs to other interface (lookup)
WARNING: Keyword 'lookup_table' ignored in calculation 'job_531_4GID_35_ab', it belongs to other interface (lookup)
WARNING: Keyword 'lookup_table' ignored in calculation 'job_531_4GID_35_a', it belongs to other interface (lookup)
WARNING: Keyword 'lookup_table' ignored in calculation 'job_531_4GID_35_b', it belongs to other interface (lookup)
WARNING: Keyword 'lookup_table' ignored in calculation 'job_532_4GID_36_ab', it belongs to other interface (lookup)
WARNING: Keyword 'lookup_table' ignored in calculation 'job_532_4GID_36_a', it belongs to other interface (lookup)
WARNING: Keyword 'lookup_table' ignored in calculation 'job_532_4GID_36_b', it belongs to other interface (lookup)
WARNING: Keyword 'lookup_table' ignored in calculation 'job_533_4GID_37_ab', it belongs to other interface (lookup)
WARNING: Keyword 'lookup_table' ignored in calculation 'job_533_4GID_37_a', it belongs to other interface (lookup)
WARNING: Keyword 'lookup_table' ignored in calculation 'job_533_4GID_37_b', it belongs to other interface (lookup)
WARNING: Keyword 'lookup_table' ignored in calculation 'job_534_4GID_38_ab', it belongs to other interface (lookup)
WARNING: Keyword 'lookup_table' ignored in calculation 'job_534_4GID_38_a', it belongs to other interface (lookup)
WARNING: Keyword 'lookup_table' ignored in calculation 'job_534_4GID_38_b', it belongs to other interface (lookup)
WARNING: Keyword 'lookup_table' ignored in calculation 'job_535_4GID_39_ab', it belongs to other interface (lookup)
WARNING: Keyword 'lookup_table' ignored in calculation 'job_535_4GID_39_a', it belongs to other interface (lookup)
WARNING: Keyword 'lookup_table' ignored in calculation 'job_535_4GID_39_b', it belongs to other interface (lookup)
WARNING: Keyword 'lookup_table' ignored in calculation 'job_536_4GID_40_ab', it belongs to other interface (lookup)
WARNING: Keyword 'lookup_table' ignored in calculation 'job_536_4GID_40_a', it belongs to other interface (lookup)
WARNING: Keyword 'lookup_table' ignored in calculation 'job_536_4GID_40_b', it belongs to other interface (lookup)
WARNING: Keyword 'lookup_table' ignored in calculation 'job_537_4GID_41_ab', it belongs to other interface (lookup)
WARNING: Keyword 'lookup_table' ignored in calculation 'job_537_4GID_41_a', it belongs to other interface (lookup)
WARNING: Keyword 'lookup_table' ignored in calculation 'job_537_4GID_41_b', it belongs to other interface (lookup)
WARNING: Keyword 'lookup_table' ignored in calculation 'job_538_4GID_42_ab', it belongs to other interface (lookup)
WARNING: Keyword 'lookup_table' ignored in calculation 'job_538_4GID_42_a', it belongs to other interface (lookup)
WARNING: Keyword 'lookup_table' ignored in calculation 'job_538_4GID_42_b', it belongs to other interface (lookup)
WARNING: Keyword 'lookup_table' ignored in calculation 'job_539_4GID_43_ab', it belongs to other interface (lookup)
WARNING: Keyword 'lookup_table' ignored in calculation 'job_539_4GID_43_a', it belongs to other interface (lookup)
WARNING: Keyword 'lookup_table' ignored in calculation 'job_539_4GID_43_b', it belongs to other interface (lookup)
WARNING: Keyword 'lookup_table' ignored in calculation 'job_540_4GID_44_ab', it belongs to other interface (lookup)
WARNING: Keyword 'lookup_table' ignored in calculation 'job_540_4GID_44_a', it belongs to other interface (lookup)
WARNING: Keyword 'lookup_table' ignored in calculation 'job_540_4GID_44_b', it belongs to other interface (lookup)
WARNING: Keyword 'lookup_table' ignored in calculation 'job_541_4GID_45_ab', it belongs to other interface (lookup)
WARNING: Keyword 'lookup_table' ignored in calculation 'job_541_4GID_45_a', it belongs to other interface (lookup)
WARNING: Keyword 'lookup_table' ignored in calculation 'job_541_4GID_45_b', it belongs to other interface (lookup)
WARNING: Keyword 'lookup_table' ignored in calculation 'job_542_4GID_46_ab', it belongs to other interface (lookup)
WARNING: Keyword 'lookup_table' ignored in calculation 'job_542_4GID_46_a', it belongs to other interface (lookup)
WARNING: Keyword 'lookup_table' ignored in calculation 'job_542_4GID_46_b', it belongs to other interface (lookup)
WARNING: Keyword 'lookup_table' ignored in calculation 'job_543_4GID_47_ab', it belongs to other interface (lookup)
WARNING: Keyword 'lookup_table' ignored in calculation 'job_543_4GID_47_a', it belongs to other interface (lookup)
WARNING: Keyword 'lookup_table' ignored in calculation 'job_543_4GID_47_b', it belongs to other interface (lookup)
WARNING: Keyword 'lookup_table' ignored in calculation 'job_544_4GID_48_ab', it belongs to other interface (lookup)
WARNING: Keyword 'lookup_table' ignored in calculation 'job_544_4GID_48_a', it belongs to other interface (lookup)
WARNING: Keyword 'lookup_table' ignored in calculation 'job_544_4GID_48_b', it belongs to other interface (lookup)
WARNING: Keyword 'lookup_table' ignored in calculation 'job_545_4GID_49_ab', it belongs to other interface (lookup)
WARNING: Keyword 'lookup_table' ignored in calculation 'job_545_4GID_49_a', it belongs to other interface (lookup)
WARNING: Keyword 'lookup_table' ignored in calculation 'job_545_4GID_49_b', it belongs to other interface (lookup)
WARNING: Keyword 'lookup_table' ignored in calculation 'job_546_4GID_50_ab', it belongs to other interface (lookup)
WARNING: Keyword 'lookup_table' ignored in calculation 'job_546_4GID_50_a', it belongs to other interface (lookup)
WARNING: Keyword 'lookup_table' ignored in calculation 'job_546_4GID_50_b', it belongs to other interface (lookup)
WARNING: Keyword 'lookup_table' ignored in calculation 'job_547_4GID_51_ab', it belongs to other interface (lookup)
WARNING: Keyword 'lookup_table' ignored in calculation 'job_547_4GID_51_a', it belongs to other interface (lookup)
WARNING: Keyword 'lookup_table' ignored in calculation 'job_547_4GID_51_b', it belongs to other interface (lookup)
        _______  
       /\______\ 
      / /      / 
     / / Cuby /   Dataset calculation
     \/______/   
                 
==========================================================================================
name                                             E      Eref     error  error(%)
------------------------------------------------------------------------------------------
01 10GS_01_bbn                              -2.225    -2.184    -0.041    -1.862
02 10GS_02_bbn                               0.024    -0.132     0.156   117.894
03 10GS_03_bbn                               0.530     0.428     0.102    23.852
04 10GS_04_bbn                               6.611     4.504     2.107    46.785
05 10GS_05_bbn                             -10.709   -11.437     0.728     6.366
06 10GS_06_pro                              -5.849    -6.883     1.034    15.020
07 10GS_07_bbn                              -6.077    -6.112     0.035     0.579
08 10GS_08_bbn                             -14.512   -14.282    -0.230    -1.611
09 10GS_09_bbn                              -3.704    -4.063     0.359     8.838
10 10GS_10_bbn                              -3.600    -3.957     0.357     9.012
11 10GS_11_bbn                              -0.426    -0.762     0.336    44.116
12 10GS_12_tyr                              -6.257    -7.821     1.564    20.003
13 10GS_13_phe                              -5.074    -5.857     0.783    13.372
14 10GS_14_val                              -1.146    -1.308     0.162    12.411
15 10GS_15_arg                             -55.635   -53.819    -1.816    -3.375
16 10GS_16_val                              -0.636    -0.618    -0.018    -2.863
17 10GS_17_trp                             -14.834   -19.558     4.724    24.153
18 10GS_18_lys                             -83.474   -89.344     5.870     6.570
19 10GS_19_gln                             -28.415   -32.038     3.623    11.309
20 10GS_20_leu                              -0.596    -1.287     0.691    53.691
21 10GS_21_gln                             -11.653   -10.897    -0.756    -6.940
22 10GS_22_ser                              -9.891   -11.270     1.379    12.235
23 10GS_23_tyr                              -2.139    -1.617    -0.522   -32.268
24 10GS_24_asp                              19.386    19.608    -0.222    -1.134
25 10GS_25_asp                             -13.518   -14.741     1.223     8.293
26 2CET_01_bbn                               0.345     0.231     0.114    49.258
27 2CET_02_bbn                              -0.698    -0.814     0.116    14.211
28 2CET_03_ala                              -0.294    -0.260    -0.034   -12.937
29 2CET_04_gln                              -8.300    -9.867     1.567    15.879
30 2CET_05_arg                              34.492    34.922    -0.430    -1.231
31 2CET_06_hie                              -2.072    -1.059    -1.013   -95.647
32 2CET_07_trp                              -4.678    -5.045     0.367     7.284
33 2CET_08_asn                              -3.367    -2.421    -0.946   -39.083
34 2CET_09_glu                             -99.871  -103.150     3.279     3.179
35 2CET_10_val                              -1.441    -2.021     0.580    28.713
36 2CET_11_val                              -0.558    -0.645     0.087    13.457
37 2CET_12_hie                               0.686    -0.152     0.838   551.047
38 2CET_13_asn                              -0.280    -0.471     0.191    40.538
39 2CET_14_asn                               4.048     3.300     0.748    22.657
40 2CET_15_tyr                              -5.721    -6.712     0.991    14.769
41 2CET_16_met                              -0.317    -0.626     0.309    49.305
42 2CET_17_trp                              -4.948    -4.775    -0.173    -3.630
43 2CET_18_glu                             -89.364   -92.916     3.552     3.822
44 2CET_19_trp                              -7.061    -9.608     2.547    26.505
45 2CET_20_asn                               0.027     0.300    -0.273   -90.905
46 2CET_21_glu                            -103.024  -110.346     7.322     6.636
47 2CET_22_trp                              -2.396    -2.321    -0.075    -3.241
48 2CET_23_phe                              -3.763    -5.529     1.766    31.946
49 2FVD_01_bbn                              -1.084    -1.071    -0.013    -1.214
50 2FVD_02_bbn                              -1.489    -0.993    -0.496   -49.926
51 2FVD_03_bbn                              -1.102    -0.802    -0.300   -37.415
52 2FVD_04_bbn                              -0.487    -0.422    -0.065   -15.454
53 2FVD_05_bbn                              -5.157    -5.863     0.706    12.034
54 2FVD_06_bbn                              -2.863    -3.338     0.475    14.243
55 2FVD_07_bbn                              -7.987    -8.131     0.144     1.772
56 2FVD_08_bbn                              -2.342    -2.300    -0.042    -1.812
57 2FVD_09_bbn                              -8.683    -7.877    -0.806   -10.227
58 2FVD_10_bbn                               2.141     1.604     0.537    33.497
59 2FVD_11_bbn                              -1.974    -1.444    -0.530   -36.738
60 2FVD_12_bbn                               0.269     0.235     0.034    14.295
61 2FVD_13_bbn                              -3.375    -3.477     0.102     2.940
62 2FVD_14_bbn                               0.113     0.073     0.040    55.253
63 2FVD_15_bbn                              -0.228    -0.301     0.073    24.242
64 2FVD_16_bbn                              -2.916    -3.018     0.102     3.390
65 2FVD_17_ile                              -3.476    -3.780     0.304     8.048
66 2FVD_18_val                              -2.632    -2.692     0.060     2.235
67 2FVD_19_ala                              -1.917    -1.773    -0.144    -8.119
68 2FVD_20_lys                              -5.001    -5.495     0.494     8.983
69 2FVD_21_val                              -1.227    -1.148    -0.079    -6.844
70 2FVD_22_phe                              -2.351    -2.355     0.004     0.179
71 2FVD_23_glu                              -8.010    -1.405    -6.605  -470.105
72 2FVD_24_phe                              -2.993    -3.086     0.093     3.004
73 2FVD_25_leu                              -1.176    -1.099    -0.077    -6.985
74 2FVD_26_hie                              -0.491    -0.527     0.036     6.767
75 2FVD_27_gln                              -4.587    -3.566    -1.021   -28.631
76 2FVD_28_asp                             -13.164    -9.816    -3.348   -34.105
77 2FVD_29_lys                             -20.122   -18.966    -1.156    -6.096
78 2FVD_30_asn                              -5.397    -4.527    -0.870   -19.227
79 2FVD_31_leu                              -3.956    -4.344     0.388     8.923
80 2FVD_32_ala                              -1.083    -1.161     0.078     6.741
81 2FVD_33_asp                             -10.715    -9.472    -1.243   -13.120
82 2OBF_01_bbn                              -0.054    -0.518     0.464    89.558
83 2OBF_02_bbn                              -6.922    -7.805     0.883    11.312
84 2OBF_03_bbn                               0.828     0.825     0.003     0.383
85 2OBF_04_bbn                              -3.003    -3.767     0.764    20.285
86 2OBF_05_bbn                              -0.522    -0.402    -0.120   -29.874
87 2OBF_06_bbn                              -1.188    -0.817    -0.371   -45.466
88 2OBF_07_pro                              -1.489    -1.039    -0.450   -43.323
89 2OBF_08_bbn                               0.266     0.362    -0.096   -26.632
90 2OBF_09_bbn                              -0.050    -0.473     0.423    89.427
91 2OBF_10_bbn                              -5.591    -5.683     0.092     1.618
92 2OBF_11_bbn                               0.673     0.668     0.005     0.737
93 2OBF_12_bbn                               2.800     1.836     0.964    52.511
94 2OBF_13_bbn                              -2.611    -2.971     0.360    12.131
95 2OBF_14_tyr                              -7.290    -6.909    -0.381    -5.514
96 2OBF_15_asn                              -7.437    -7.005    -0.432    -6.167
97 2OBF_16_tyr                              -5.493    -5.912     0.419     7.084
98 2OBF_17_arg                              39.754    41.108    -1.354    -3.295
99 2OBF_18_leu                              -0.624    -0.537    -0.087   -16.227
100 2OBF_19_val                             -3.418    -2.422    -0.996   -41.142
101 2OBF_20_ala                             -1.049    -0.973    -0.076    -7.855
102 2OBF_21_leu                             -1.096    -1.240     0.144    11.622
103 2OBF_22_tyr                             -4.325    -3.891    -0.434   -11.159
104 2OBF_23_tyr                             -3.173    -2.925    -0.248    -8.471
105 2OBF_24_phe                             -8.648    -9.337     0.689     7.377
106 2OBF_25_ala                             -0.721    -0.605    -0.116   -19.200
107 2OBF_26_ala                             -1.121    -1.585     0.464    29.296
108 2OBF_27_glu                           -130.813  -135.109     4.296     3.180
109 2OBF_28_tyr                             -6.238    -8.661     2.423    27.972
110 2OBF_29_val                             -0.630    -0.943     0.313    33.190
111 2OBF_30_met                             -0.564    -0.341    -0.223   -65.283
112 2OBF_31_asp                            -80.841   -82.912     2.071     2.498
113 2OBF_32_val                             -1.588    -1.915     0.327    17.063
114 2OBF_33_val                             -1.795    -1.506    -0.289   -19.189
115 2P4Y_01_bbn                              0.548     0.633    -0.085   -13.395
116 2P4Y_02_bbn                             -2.669    -3.158     0.489    15.483
117 2P4Y_03_bbn                             -0.895    -1.621     0.726    44.809
118 2P4Y_04_bbn                              0.003    -0.504     0.507   100.674
119 2P4Y_05_bbn                             -2.608    -3.285     0.677    20.615
120 2P4Y_06_bbn                             -1.038    -1.259     0.221    17.582
121 2P4Y_07_bbn                             -2.608    -1.965    -0.643   -32.736
122 2P4Y_08_bbn                             -1.723    -1.945     0.222    11.439
123 2P4Y_09_bbn                             -0.993    -0.814    -0.179   -22.007
124 2P4Y_10_bbn                             -0.300    -1.060     0.760    71.667
125 2P4Y_11_bbn                             -1.753    -1.549    -0.204   -13.141
126 2P4Y_12_bbn                             -1.775    -1.648    -0.127    -7.726
127 2P4Y_13_bbn                              0.527     0.388     0.139    35.945
128 2P4Y_14_bbn                             -5.951    -7.223     1.272    17.615
129 2P4Y_15_bbn                            -20.647   -22.002     1.355     6.158
130 2P4Y_16_bbn                             -5.557    -6.373     0.816    12.802
131 2P4Y_17_phe                             -0.491    -0.118    -0.373  -316.103
132 2P4Y_18_ile                             -0.933    -0.958     0.025     2.616
133 2P4Y_19_cys                             -5.340    -5.376     0.036     0.672
134 2P4Y_20_phe                             -1.118    -1.502     0.384    25.540
135 2P4Y_21_arg                            -66.122   -70.559     4.437     6.288
136 2P4Y_22_ser                             -2.072    -1.952    -0.120    -6.148
137 2P4Y_23_ala                             -1.955    -2.010     0.055     2.723
138 2P4Y_24_glu                             21.349    19.435     1.914     9.849
139 2P4Y_25_ile                             -1.198    -1.935     0.737    38.101
140 2P4Y_26_ile                             -2.590    -2.787     0.197     7.057
141 2P4Y_27_tyr                             -1.768    -1.841     0.073     3.949
142 2P4Y_28_met                             -2.851    -2.641    -0.210    -7.965
143 2P4Y_29_leu                             -3.865    -4.607     0.742    16.099
144 2P4Y_30_leu                             -2.296    -2.673     0.377    14.120
145 2P4Y_31_val                             -1.884    -1.593    -0.291   -18.287
146 2P4Y_32_ile                             -5.181    -7.524     2.343    31.145
147 2P4Y_33_ser                             -2.489    -3.787     1.298    34.280
148 2P4Y_34_met                             -2.477    -2.077    -0.400   -19.250
149 2P4Y_35_leu                             -1.389    -1.370    -0.019    -1.386
150 2P4Y_36_phe                             -1.424    -1.510     0.086     5.703
151 2P4Y_37_met                             -3.259    -3.066    -0.193    -6.311
152 2P4Y_38_lys                            -29.534   -28.948    -0.586    -2.023
153 2P4Y_39_hie                             -1.401    -1.154    -0.247   -21.392
154 2VOT_01_bbn                              2.654     2.471     0.183     7.422
155 2VOT_02_bbn                              1.106     0.834     0.272    32.661
156 2VOT_03_bbn                              1.653     1.814    -0.161    -8.854
157 2VOT_04_trp                             -2.644    -1.855    -0.789   -42.546
158 2VOT_05_asp                            -99.944  -108.715     8.771     8.068
159 2VOT_06_trp                             -1.799    -0.130    -1.669 -1283.490
160 2VOT_07_arg                             40.511    41.149    -0.638    -1.550
161 2VOT_08_trp                             -1.659    -1.687     0.028     1.665
162 2VOT_09_cys                             -1.887    -1.784    -0.103    -5.795
163 2VOT_10_asn                             -3.931    -3.554    -0.377   -10.599
164 2VOT_11_glu                           -105.066  -109.350     4.284     3.917
165 2VOT_12_glu                            -57.586   -45.354   -12.232   -26.971
166 2VOT_13_trp                             -1.453    -0.448    -1.005  -224.438
167 2VOT_14_trp                              0.242     0.355    -0.113   -31.907
168 2VOT_15_hip                             52.387    52.496    -0.109    -0.207
169 2VOT_16_trp                             -6.100    -7.689     1.589    20.664
170 2VOT_17_tyr                             -2.667    -4.084     1.417    34.699
171 2VOT_18_glu                           -107.213  -111.797     4.584     4.101
172 2VOT_19_ser                              0.678     0.657     0.021     3.223
173 2VOT_20_ser                             -1.298    -1.306     0.008     0.607
174 2VOT_21_trp                            -10.018   -14.338     4.320    30.130
175 2VOT_22_trp                             -4.755    -7.156     2.401    33.554
176 2VW5_01_bbn                             -1.463    -1.602     0.139     8.682
177 2VW5_02_bbn                             -1.946    -2.012     0.066     3.291
178 2VW5_03_bbn                             -0.229    -0.165    -0.064   -39.018
179 2VW5_04_bbn                             -0.435    -0.347    -0.088   -25.332
180 2VW5_05_bbn                             -1.077    -1.513     0.436    28.832
181 2VW5_06_bbn                              0.133     0.010     0.123  1226.932
182 2VW5_07_bbn                             -0.176    -0.062    -0.114  -183.563
183 2VW5_08_bbn                             -0.330    -0.306    -0.024    -7.720
184 2VW5_09_bbn                             -1.872    -1.959     0.087     4.420
185 2VW5_10_bbn                             -0.857    -0.747    -0.110   -14.752
186 2VW5_11_bbn                             -4.317    -3.942    -0.375    -9.506
187 2VW5_12_bbn                             -0.251     0.092    -0.343  -372.421
188 2VW5_13_bbn                             -7.394    -7.609     0.215     2.821
189 2VW5_14_bbn                             -2.932    -2.653    -0.279   -10.530
190 2VW5_15_bbn                              0.044     0.119    -0.075   -63.399
191 2VW5_16_asn                             -4.921    -6.153     1.232    20.018
192 2VW5_17_ala                             -0.516    -0.437    -0.079   -18.135
193 2VW5_18_asp                            -21.060   -27.702     6.642    23.978
194 2VW5_19_ala                             -1.477    -1.574     0.097     6.142
195 2VW5_20_lys                            -14.589   -16.841     2.252    13.373
196 2VW5_21_asp                            -18.230   -20.676     2.446    11.828
197 2VW5_22_ile                             -0.887    -0.966     0.079     8.219
198 2VW5_23_met                             -5.960    -5.847    -0.113    -1.925
199 2VW5_24_glu                             -6.232    -6.855     0.623     9.093
200 2VW5_25_asn                             -1.314    -1.838     0.524    28.500
201 2VW5_26_leu                             -1.055    -1.397     0.342    24.495
202 2VW5_28_val                             -0.596    -0.688     0.092    13.320
203 2VW5_29_phe                             -3.632    -3.685     0.053     1.447
204 2VW5_30_tyr                             -1.146    -1.319     0.173    13.122
205 2VW5_31_val                             -0.473    -0.469    -0.004    -0.925
206 2VW5_32_thr                             -4.290    -4.575     0.285     6.235
207 2VW5_33_leu                             -0.862    -0.905     0.043     4.795
208 2XB8_01_bbn                              4.020     2.947     1.073    36.412
209 2XB8_02_bbn                             -3.916    -3.648    -0.268    -7.345
210 2XB8_03_bbn                             -2.283    -2.281    -0.002    -0.108
211 2XB8_04_bbn                             -3.257    -3.228    -0.029    -0.910
212 2XB8_05_bbn                             -1.988    -1.707    -0.281   -16.448
213 2XB8_06_bbn                              2.136     1.795     0.341    18.996
214 2XB8_07_bbn                              1.043     0.743     0.300    40.359
215 2XB8_08_bbn                             -8.712    -8.427    -0.285    -3.385
216 2XB8_09_bbn                             -4.740    -4.519    -0.221    -4.890
217 2XB8_10_bbn                             -1.707    -1.881     0.174     9.258
218 2XB8_11_bbn                             -2.978    -3.191     0.213     6.668
219 2XB8_12_bbn                            -17.948   -18.509     0.561     3.029
220 2XB8_13_bbn                            -17.140   -18.726     1.586     8.472
221 2XB8_14_bbn                              4.361     3.105     1.256    40.458
222 2XB8_15_bbn                             -1.316    -1.108    -0.208   -18.805
223 2XB8_16_asn                              1.346     0.457     0.889   194.529
224 2XB8_17_leu                             -3.329    -4.157     0.828    19.908
225 2XB8_18_arg                            -30.113   -24.340    -5.773   -23.719
226 2XB8_19_leu                             -0.344    -0.451     0.107    23.736
227 2XB8_20_arg                            -29.316   -19.929    -9.387   -47.103
228 2XB8_21_tyr                             -6.966    -7.905     0.939    11.879
229 2XB8_22_asn                             -6.785    -9.067     2.282    25.169
230 2XB8_23_thr                             -1.117    -1.159     0.042     3.615
231 2XB8_24_hid                             -2.431    -4.787     2.356    49.215
232 2XB8_25_hie                              3.093     3.033     0.060     1.988
233 2XB8_26_ile                             -2.104    -3.670     1.566    42.664
234 2XB8_27_ser                            -11.177   -13.012     1.835    14.102
235 2XB8_28_val                             -1.361    -1.439     0.078     5.440
236 2XB8_29_arg                            -49.913   -51.470     1.557     3.025
237 2XB8_30_arg                            -55.536   -58.856     3.320     5.641
238 2XB8_31_val                             -0.709    -0.697    -0.012    -1.719
239 2XB8_32_asp                             31.102    28.727     2.375     8.267
240 2XB8_33_glu                             22.465    22.273     0.192     0.864
241 2YKI_01_bbn                              0.161     0.150     0.011     7.212
242 2YKI_02_bbn                             -0.523    -0.223    -0.300  -134.430
243 2YKI_03_bbn                             -1.035    -0.885    -0.150   -16.978
244 2YKI_04_bbn                             -0.600    -0.501    -0.099   -19.674
245 2YKI_05_bbn                             -1.061    -1.095     0.034     3.103
246 2YKI_06_bbn                             -0.270    -0.852     0.582    68.330
247 2YKI_07_bbn                             -0.977    -1.001     0.024     2.421
248 2YKI_08_bbn                             -7.719   -10.123     2.404    23.745
249 2YKI_09_bbn                              0.872    -0.006     0.878 14637.303
250 2YKI_10_bbn                             -0.344    -1.105     0.761    68.841
251 2YKI_11_bbn                             -3.951    -4.313     0.362     8.397
252 2YKI_12_bbn                             -0.632    -1.057     0.425    40.186
253 2YKI_13_bbn                             -0.118    -0.391     0.273    69.931
254 2YKI_14_bbn                             -1.640    -1.846     0.206    11.149
255 2YKI_15_bbn                             -0.335    -0.336     0.001     0.368
256 2YKI_16_bbn                             -0.357    -0.240    -0.117   -48.921
257 2YKI_17_bbn                             -2.688    -2.670    -0.018    -0.658
258 2YKI_18_bbn                             -1.833    -1.851     0.018     0.961
259 2YKI_19_bbn                              0.172     0.096     0.076    79.592
260 2YKI_20_bbn                              0.145     0.160    -0.015    -9.682
261 2YKI_21_bbn                             -0.054    -0.036    -0.018   -49.539
262 2YKI_22_phe                             -2.183    -2.016    -0.167    -8.305
263 2YKI_23_gln                             -0.881    -0.677    -0.204   -30.059
264 2YKI_24_ile                             -1.046    -1.114     0.068     6.106
265 2YKI_25_leu                             -0.429    -0.415    -0.014    -3.394
266 2YKI_26_asn                             -8.435    -7.324    -1.111   -15.166
267 2YKI_27_ser                             -0.387     0.118    -0.505  -427.874
268 2YKI_28_ala                             -1.039    -0.284    -0.755  -265.818
269 2YKI_29_asp                            -22.951   -25.837     2.886    11.170
270 2YKI_30_ile                             -0.477    -0.373    -0.104   -27.824
271 2YKI_31_met                             -7.596    -7.012    -0.584    -8.333
272 2YKI_32_leu                             -1.589    -1.697     0.108     6.365
273 2YKI_33_ile                             -0.395    -0.356    -0.039   -10.970
274 2YKI_34_leu                             -5.641    -5.688     0.047     0.828
275 2YKI_35_ile                             -1.046    -1.195     0.149    12.445
276 2YKI_36_ala                             -1.411    -1.598     0.187    11.680
277 2YKI_37_val                             -0.759    -0.790     0.031     3.874
278 2YKI_38_phe                             -7.632    -8.399     0.767     9.136
279 2YKI_40_val                             -1.434    -1.733     0.299    17.257
280 2YKI_41_trp                             -4.218    -6.213     1.995    32.105
281 2YKI_42_phe                             -2.306    -2.736     0.430    15.720
282 2YKI_43_thr                             -3.225    -3.713     0.488    13.141
283 2YKI_44_val                             -0.980    -0.972    -0.008    -0.802
284 2ZX6_01_bbn                              3.522     2.718     0.804    29.583
285 2ZX6_02_bbn                             -0.279    -0.331     0.052    15.853
286 2ZX6_03_bbn                             -0.029    -0.366     0.337    91.985
287 2ZX6_04_bbn                              2.108     1.694     0.414    24.417
288 2ZX6_05_phe                             -2.096    -2.454     0.358    14.577
289 2ZX6_06_hid                            -18.519   -21.607     3.088    14.290
290 2ZX6_07_leu                             -1.156    -1.413     0.257    18.223
291 2ZX6_08_tyr                             -1.989    -3.321     1.332    40.107
292 2ZX6_09_glu                            -75.583   -80.174     4.591     5.726
293 2ZX6_10_trp                             -1.454    -1.055    -0.399   -37.773
294 2ZX6_11_hie                             -0.872    -1.054     0.182    17.278
295 2ZX6_12_hid                            -14.899   -18.071     3.172    17.553
296 2ZX6_13_tyr                              0.513    -0.065     0.578   888.480
297 2ZX6_14_leu                             -0.255    -0.230    -0.025   -10.712
298 2ZX6_15_trp                             -3.745    -3.758     0.013     0.343
299 2ZX6_16_asp                           -108.436  -110.036     1.600     1.454
300 2ZX6_17_met                             -5.285    -4.204    -1.081   -25.714
301 2ZX6_18_arg                             58.889    55.564     3.325     5.984
302 2ZX6_19_glu                           -110.449  -111.740     1.291     1.155
303 2ZX6_20_val                             -1.205    -1.102    -0.103    -9.331
304 2ZX6_21_asn                             -5.924    -5.871    -0.053    -0.901
305 2ZX6_22_thr                             -2.725    -2.562    -0.163    -6.379
306 2ZX6_23_phe                             -5.909    -8.275     2.366    28.592
307 3G0W_01_bbn                              0.139    -0.280     0.419   149.663
308 3G0W_02_bbn                             -1.761    -3.220     1.459    45.303
309 3G0W_03_bbn                              0.312     0.001     0.311 31069.652
310 3G0W_04_bbn                              0.110    -0.022     0.132   599.612
311 3G0W_05_bbn                             -1.043    -0.757    -0.286   -37.753
312 3G0W_06_bbn                              0.126     0.348    -0.222   -63.677
313 3G0W_07_bbn                             -0.685    -0.797     0.112    14.082
314 3G0W_08_bbn                             -0.387    -0.335    -0.052   -15.561
315 3G0W_09_bbn                             -1.277    -1.026    -0.251   -24.488
316 3G0W_10_bbn                              0.120     1.077    -0.957   -88.847
317 3G0W_11_bbn                              2.481     2.491    -0.010    -0.412
318 3G0W_12_bbn                             -0.561    -0.473    -0.088   -18.533
319 3G0W_13_bbn                             -1.886    -1.851    -0.035    -1.869
320 3G0W_14_bbn                             -0.923    -0.879    -0.044    -4.988
321 3G0W_15_bbn                             -0.084    -0.077    -0.007    -8.771
322 3G0W_16_leu                             -1.454    -1.582     0.128     8.065
323 3G0W_17_leu                             -3.657    -4.177     0.520    12.444
324 3G0W_18_asn                            -15.203   -15.230     0.027     0.179
325 3G0W_19_leu                             -2.292    -2.527     0.235     9.308
326 3G0W_20_gln                              0.830     0.770     0.060     7.784
327 3G0W_21_trp                             -1.042    -1.224     0.182    14.839
328 3G0W_22_met                             -3.166    -2.943    -0.223    -7.587
329 3G0W_23_met                             -5.058    -6.038     0.980    16.233
330 3G0W_24_val                             -1.006    -2.021     1.015    50.200
331 3G0W_25_met                             -2.633    -2.591    -0.042    -1.612
332 3G0W_26_arg                            -16.946   -18.754     1.808     9.643
333 3G0W_27_phe                             -3.243    -3.633     0.390    10.747
334 3G0W_28_met                             -2.065    -2.138     0.073     3.423
335 3G0W_29_met                             -1.175    -0.973    -0.202   -20.784
336 3G0W_30_leu                             -1.937    -1.954     0.017     0.864
337 3G0W_31_phe                             -0.724    -0.746     0.022     2.919
338 3G0W_32_thr                             -4.186    -4.362     0.176     4.027
339 3G0W_33_leu                             -1.417    -0.959    -0.458   -47.787
340 3G0W_34_phe                             -2.206    -2.385     0.179     7.505
341 3G0W_35_met                             -0.495    -0.625     0.130    20.821
342 3G0W_36_ile                             -0.650    -0.474    -0.176   -37.213
343 3GCU_01_bbn                             -0.252    -0.282     0.030    10.745
344 3GCU_02_bbn                             -2.709    -3.124     0.415    13.292
345 3GCU_03_bbn                             -1.490    -1.441    -0.049    -3.378
346 3GCU_04_bbn                             -0.383    -1.028     0.645    62.746
347 3GCU_05_bbn                             -0.617    -0.689     0.072    10.478
348 3GCU_06_bbn                             -0.463    -0.328    -0.135   -41.178
349 3GCU_07_bbn                             -2.025    -1.867    -0.158    -8.439
350 3GCU_08_bbn                             -0.076    -0.029    -0.047  -160.936
351 3GCU_09_bbn                             -1.120    -1.389     0.269    19.396
352 3GCU_10_bbn                             -0.654    -0.503    -0.151   -30.119
353 3GCU_11_bbn                             -1.409    -1.166    -0.243   -20.853
354 3GCU_12_bbn                             -0.217    -0.152    -0.065   -42.606
355 3GCU_13_bbn                             -1.215    -1.220     0.005     0.448
356 3GCU_14_bbn                             -1.541    -1.261    -0.280   -22.168
357 3GCU_15_bbn                             -0.737    -0.618    -0.119   -19.308
358 3GCU_16_bbn                             -1.560    -2.654     1.094    41.219
359 3GCU_17_bbn                             -8.359    -8.222    -0.137    -1.671
360 3GCU_18_bbn                             -1.215    -2.033     0.818    40.241
361 3GCU_19_bbn                             -0.457    -0.332    -0.125   -37.508
362 3GCU_20_bbn                             -0.344    -0.237    -0.107   -45.031
363 3GCU_21_bbn                             -1.018    -1.341     0.323    24.111
364 3GCU_22_bbn                             -8.407    -8.470     0.063     0.740
365 3GCU_23_bbn                             -3.044    -3.359     0.315     9.379
366 3GCU_24_val                             -1.702    -1.617    -0.085    -5.275
367 3GCU_25_tyr                             -0.387    -0.332    -0.055   -16.603
368 3GCU_26_val                             -2.725    -2.777     0.052     1.855
369 3GCU_27_ala                             -1.855    -1.853    -0.002    -0.127
370 3GCU_28_lys                              3.561    -1.564     5.125   327.669
371 3GCU_29_arg                              0.895     1.022    -0.127   -12.379
372 3GCU_30_arg                             -0.857    -0.302    -0.555  -183.857
373 3GCU_31_glu                            -37.971   -40.107     2.136     5.325
374 3GCU_32_leu                             -0.930    -1.619     0.689    42.564
375 3GCU_33_leu                             -3.294    -3.539     0.245     6.928
376 3GCU_34_met                             -1.274    -1.363     0.089     6.556
377 3GCU_35_val                             -0.888    -0.854    -0.034    -3.962
378 3GCU_36_ile                             -3.051    -3.419     0.368    10.769
379 3GCU_37_leu                             -1.619    -1.666     0.047     2.836
380 3GCU_38_thr                             -4.591    -6.012     1.421    23.641
381 3GCU_39_leu                             -1.755    -1.675    -0.080    -4.776
382 3GCU_40_met                             -1.543    -1.631     0.088     5.386
383 3GCU_41_ile                             -1.330    -1.316    -0.014    -1.092
384 3GCU_42_ile                             -0.627    -0.576    -0.051    -8.782
385 3GCU_43_hie                             -2.089    -2.070    -0.019    -0.901
386 3GCU_44_ile                             -0.454    -0.486     0.032     6.495
387 3GCU_45_leu                             -3.810    -3.753    -0.057    -1.523
388 3GCU_46_asp                             -6.826    -3.510    -3.316   -94.475
389 3GCU_47_phe                             -3.257    -3.750     0.493    13.159
390 3GCU_48_leu                             -0.638    -0.619    -0.019    -3.071
391 3GNW_01_pro                             -1.437    -1.763     0.326    18.510
392 3GNW_02_bbn                             -0.479    -1.277     0.798    62.508
393 3GNW_03_bbn                             -2.773    -3.254     0.481    14.775
394 3GNW_04_bbn                             -3.664    -2.857    -0.807   -28.230
395 3GNW_05_bbn                             -0.419    -0.513     0.094    18.262
396 3GNW_06_bbn                             -0.212    -0.230     0.018     7.824
397 3GNW_07_bbn                             -1.847    -1.752    -0.095    -5.402
398 3GNW_08_bbn                             -0.349    -0.221    -0.128   -58.047
399 3GNW_09_bbn                             -1.095    -1.049    -0.046    -4.377
400 3GNW_10_bbn                             -0.882    -0.798    -0.084   -10.468
401 3GNW_11_bbn                             -1.539    -2.458     0.919    37.397
402 3GNW_12_bbn                             -1.105    -0.729    -0.376   -51.541
403 3GNW_13_bbn                             -9.222    -7.914    -1.308   -16.528
404 3GNW_14_bbn                             -9.985    -7.893    -2.092   -26.502
405 3GNW_15_bbn                            -10.103    -8.705    -1.398   -16.055
406 3GNW_16_bbn                             -3.238    -2.751    -0.487   -17.700
407 3GNW_17_arg                             -0.619    -1.153     0.534    46.310
408 3GNW_18_phe                             -1.493    -1.633     0.140     8.590
409 3GNW_19_arg                             -6.424    -5.693    -0.731   -12.838
410 3GNW_20_asn                             -2.693    -1.994    -0.699   -35.052
411 3GNW_21_asp                             -6.332    -4.875    -1.457   -29.886
412 3GNW_22_cys                             -3.647    -4.152     0.505    12.154
413 3GNW_23_ser                             -6.979    -8.521     1.542    18.097
414 3GNW_24_ser                             -1.114    -1.549     0.435    28.054
415 3GNW_25_leu                             -2.583    -2.381    -0.202    -8.467
416 3GNW_26_arg                              5.401     3.776     1.625    43.041
417 3GNW_27_ser                             -0.711    -0.516    -0.195   -37.868
418 3GNW_28_asn                             -1.473    -1.264    -0.209   -16.524
419 3GNW_29_met                             -6.373    -6.025    -0.348    -5.783
420 3GNW_30_tyr                             -4.005    -4.562     0.557    12.219
421 3GNW_31_gln                              0.106    -0.305     0.411   134.879
422 3GNW_32_ile                             -0.756    -0.859     0.103    11.979
423 3GNW_33_tyr                             -6.047    -6.613     0.566     8.559
424 3GNW_34_hie                             -0.374    -0.146    -0.228  -156.028
425 3GNW_35_ser                             -5.270    -4.733    -0.537   -11.345
426 3JVS_01_bbn                             -3.147    -1.960    -1.187   -60.577
427 3JVS_02_bbn                            -12.268   -13.696     1.428    10.426
428 3JVS_03_bbn                             -1.129    -1.071    -0.058    -5.440
429 3JVS_04_bbn                             -0.857    -0.504    -0.353   -70.126
430 3JVS_05_bbn                            -12.522   -12.381    -0.141    -1.142
431 3JVS_06_pro                             -4.126    -4.961     0.835    16.822
432 3JVS_07_bbn                              0.538     0.651    -0.113   -17.380
433 3JVS_08_pro                             -2.823    -2.382    -0.441   -18.496
434 3JVS_09_bbn                             -0.836    -0.536    -0.300   -55.975
435 3JVS_10_bbn                             -1.539    -1.080    -0.459   -42.542
436 3JVS_11_bbn                             -0.326    -0.457     0.131    28.572
437 3JVS_12_bbn                             -2.448    -2.491     0.043     1.706
438 3JVS_13_bbn                             -1.134    -1.033    -0.101    -9.730
439 3JVS_14_phe                             -6.787    -7.727     0.940    12.169
440 3JVS_15_asp                            -21.422    -7.306   -14.116  -193.213
441 3JVS_16_arg                             -0.273    -0.422     0.149    35.265
442 3JVS_17_ile                             -3.593    -3.698     0.105     2.851
443 3JVS_18_glu                            -25.543    -8.054   -17.489  -217.144
444 3JVS_19_tyr                             -1.323    -1.071    -0.252   -23.513
445 3JVS_20_ala                             -0.459    -0.589     0.130    22.069
446 3JVS_21_glu                            -22.347    -3.715   -18.632  -501.541
447 3JVS_22_leu                             -1.306    -1.646     0.340    20.675
448 3NOX_01_bbn                              1.231     0.798     0.433    54.281
449 3NOX_02_bbn                             -5.430    -6.207     0.777    12.513
450 3NOX_03_bbn                              0.796     0.757     0.039     5.099
451 3NOX_04_bbn                             -1.461    -1.971     0.510    25.863
452 3NOX_05_bbn                              1.656     1.333     0.323    24.229
453 3NOX_06_bbn                             -1.437    -1.433    -0.004    -0.267
454 3NOX_07_arg                             47.271    45.802     1.469     3.208
455 3NOX_08_glu                           -109.686  -111.564     1.878     1.684
456 3NOX_09_glu                           -121.255  -122.376     1.121     0.916
457 3NOX_10_tyr                             -4.509    -4.538     0.029     0.643
458 3NOX_11_trp                             -1.818    -0.699    -1.119  -160.144
459 3NOX_12_ser                             -5.176    -6.327     1.151    18.188
460 3NOX_13_tyr                             -2.521    -2.286    -0.235   -10.296
461 3NOX_14_val                             -0.486    -0.341    -0.145   -42.402
462 3NOX_15_trp                             -2.668    -2.227    -0.441   -19.822
463 3NOX_16_tyr                            -16.806   -16.022    -0.784    -4.891
464 3NOX_17_asp                            -73.459   -62.357   -11.102   -17.804
465 3NOX_18_tyr                             -6.523    -8.583     2.060    23.996
466 3NOX_19_asn                             -4.676    -4.442    -0.234    -5.267
467 3NOX_20_val                             -1.477    -1.718     0.241    14.043
468 3NOX_21_hid                             -8.700    -8.313    -0.387    -4.652
469 3PE2_01_bbn                             -3.159    -3.063    -0.096    -3.148
470 3PE2_02_bbn                             -0.486    -0.120    -0.366  -305.157
471 3PE2_03_bbn                             -2.102    -1.582    -0.520   -32.856
472 3PE2_04_bbn                             -0.965    -1.140     0.175    15.309
473 3PE2_05_bbn                             -1.923    -2.152     0.229    10.656
474 3PE2_06_bbn                             -2.375    -2.152    -0.223   -10.345
475 3PE2_07_bbn                             -0.502    -1.632     1.130    69.266
476 3PE2_08_bbn                            -10.380    -8.648    -1.732   -20.030
477 3PE2_09_bbn                              1.872     0.102     1.770  1735.373
478 3PE2_10_bbn                             -2.199    -1.706    -0.493   -28.906
479 3PE2_11_bbn                             -2.769    -3.556     0.787    22.127
480 3PE2_12_bbn                            -15.916   -18.392     2.476    13.463
481 3PE2_13_bbn                             -5.350    -6.612     1.262    19.093
482 3PE2_14_leu                             -3.030    -3.361     0.331     9.861
483 3PE2_15_arg                            -32.282   -22.648    -9.634   -42.540
484 3PE2_16_val                             -3.641    -5.128     1.487    28.994
485 3PE2_17_val                             -2.980    -3.574     0.594    16.630
486 3PE2_18_lys                            -96.952  -101.837     4.885     4.797
487 3PE2_19_ile                             -2.561    -3.154     0.593    18.816
488 3PE2_20_phe                             -3.360    -2.992    -0.368   -12.288
489 3PE2_21_hid                             -1.217    -1.757     0.540    30.715
490 3PE2_22_val                             -0.995    -1.155     0.160    13.832
491 3PE2_23_asn                             -1.383    -0.799    -0.584   -73.132
492 3PE2_24_hid                             -2.440    -2.844     0.404    14.209
493 3PE2_25_met                             -3.680    -4.093     0.413    10.079
494 3PE2_26_ile                             -4.420    -5.304     0.884    16.663
495 3PE2_27_asp                             49.390    57.516    -8.126   -14.128
496 3PE2_28_trp                             -2.577    -4.656     2.079    44.654
497 4GID_01_bbn                             -2.218    -2.050    -0.168    -8.188
498 4GID_02_bbn                              1.140     1.595    -0.455   -28.526
499 4GID_03_bbn                             -1.860    -1.725    -0.135    -7.827
500 4GID_04_bbn                             -5.857    -5.236    -0.621   -11.862
501 4GID_05_bbn                              0.351     0.112     0.239   213.503
502 4GID_06_bbn                              3.647     2.493     1.154    46.293
503 4GID_07_bbn                            -14.860   -14.417    -0.443    -3.074
504 4GID_08_bbn                             -0.451    -0.097    -0.354  -365.198
505 4GID_09_pro                             -0.939    -1.047     0.108    10.342
506 4GID_10_bbn                             -3.628    -4.144     0.516    12.445
507 4GID_11_bbn                             -1.646    -2.179     0.533    24.473
508 4GID_12_bbn                             -2.748    -2.931     0.183     6.228
509 4GID_13_bbn                             -4.645    -5.824     1.179    20.238
510 4GID_14_bbn                             -1.909    -2.012     0.103     5.095
511 4GID_15_bbn                             -1.833    -1.966     0.133     6.763
512 4GID_16_bbn                             -3.959    -4.380     0.421     9.614
513 4GID_17_bbn                              0.880     0.779     0.101    12.978
514 4GID_18_bbn                             -3.544    -3.432    -0.112    -3.264
515 4GID_19_bbn                             -1.728    -1.652    -0.076    -4.604
516 4GID_20_bbn                              1.355    -0.379     1.734   457.586
517 4GID_21_bbn                            -16.924   -18.166     1.242     6.838
518 4GID_22_bbn                             -6.846    -6.907     0.061     0.884
519 4GID_23_bbn                             -7.654    -5.857    -1.797   -30.688
520 4GID_24_bbn                              0.568     0.454     0.114    25.183
521 4GID_25_ser                              0.257     0.291    -0.034   -11.592
522 4GID_26_gln                             -1.559    -1.744     0.185    10.600
523 4GID_27_tyr                             -0.557    -0.498    -0.059   -11.947
524 4GID_28_leu                             -1.789    -2.591     0.802    30.962
525 4GID_29_asp                            -78.977   -79.976     0.999     1.249
526 4GID_30_ser                              1.438     0.726     0.712    98.034
527 4GID_31_val                             -0.723    -0.830     0.107    12.850
528 4GID_32_tyr                             -6.057    -8.307     2.250    27.090
529 4GID_33_thr                             -3.396    -1.485    -1.911  -128.681
530 4GID_34_gln                             -2.571    -2.954     0.383    12.952
531 4GID_35_phe                             -3.089    -2.732    -0.357   -13.063
532 4GID_36_ile                             -1.544    -1.625     0.081     4.962
533 4GID_37_trp                             -2.741    -3.718     0.977    26.275
534 4GID_38_ile                             -1.760    -1.892     0.132     6.967
535 4GID_39_ile                             -1.153    -1.303     0.150    11.519
536 4GID_40_arg                             28.206    28.317    -0.111    -0.391
537 4GID_41_tyr                             -4.555    -4.078    -0.477   -11.706
538 4GID_42_ile                             -1.029    -1.315     0.286    21.765
539 4GID_43_asp                           -113.427  -114.321     0.894     0.782
540 4GID_44_thr                             -7.623    -6.629    -0.994   -14.990
541 4GID_45_thr                             -5.761    -4.836    -0.925   -19.126
542 4GID_46_asn                             -5.642    -5.295    -0.347    -6.547
543 4GID_47_arg                             28.148    27.645     0.503     1.818
544 4GID_48_lys                             23.320    23.587    -0.267    -1.130
545 4GID_49_ser                              0.425     0.084     0.341   405.720
546 4GID_50_val                             -0.959    -1.455     0.496    34.084
547 4GID_51_ala                             -0.286    -0.385     0.099    25.683
==========================================================================================
RMSE                2.027   kcal/mol
MUE                 0.862   kcal/mol
------------------------------------------------------------------------------------------
MSE                 0.151   kcal/mol
min               -18.632   kcal/mol
max                 8.771   kcal/mol
range              27.403   kcal/mol
min abs             0.001   kcal/mol
max abs            18.632   kcal/mol
==========================================================================================
RMSE             1474.753   %
MUE               124.848   %
MSE                88.422   %
min             -1283.490   %
max             31069.652   %
range           32353.141   %
min abs             0.108   %
max abs         31069.652   %
------------------------------------------------------------------------------------------
RMSE/|avg|         25.033   %
MUE/|avg|          10.645   %
==========================================================================================
Statistics for groups:
neutral-neutral(225)RMSE      0.503   MSE       0.065   kcal/mol
charged-neutral(280)RMSE      2.128   MSE       0.172   kcal/mol
charged-charged(42) RMSE      4.688   MSE       0.472   kcal/mol
--------------------------------------------------------------------------------
neutral-neutralRMSE/|avg|     22.26 %
charged-neutralRMSE/|avg|     49.88 %
charged-chargedRMSE/|avg|     7.22 %
==========================================================================================

