WARNING: Keyword 'lookup_table' ignored in calculation 'job_01_10GS_01_ab', it belongs to other interface (lookup)
WARNING: Keyword 'lookup_table' ignored in calculation 'job_01_10GS_01_a', it belongs to other interface (lookup)
WARNING: Keyword 'lookup_table' ignored in calculation 'job_01_10GS_01_b', it belongs to other interface (lookup)
WARNING: Keyword 'lookup_table' ignored in calculation 'job_02_10GS_02_ab', it belongs to other interface (lookup)
WARNING: Keyword 'lookup_table' ignored in calculation 'job_02_10GS_02_a', it belongs to other interface (lookup)
WARNING: Keyword 'lookup_table' ignored in calculation 'job_02_10GS_02_b', it belongs to other interface (lookup)
WARNING: Keyword 'lookup_table' ignored in calculation 'job_03_10GS_03_ab', it belongs to other interface (lookup)
WARNING: Keyword 'lookup_table' ignored in calculation 'job_03_10GS_03_a', it belongs to other interface (lookup)
WARNING: Keyword 'lookup_table' ignored in calculation 'job_03_10GS_03_b', it belongs to other interface (lookup)
WARNING: Keyword 'lookup_table' ignored in calculation 'job_04_10GS_04_ab', it belongs to other interface (lookup)
WARNING: Keyword 'lookup_table' ignored in calculation 'job_04_10GS_04_a', it belongs to other interface (lookup)
WARNING: Keyword 'lookup_table' ignored in calculation 'job_04_10GS_04_b', it belongs to other interface (lookup)
WARNING: Keyword 'lookup_table' ignored in calculation 'job_05_10GS_05_ab', it belongs to other interface (lookup)
WARNING: Keyword 'lookup_table' ignored in calculation 'job_05_10GS_05_a', it belongs to other interface (lookup)
WARNING: Keyword 'lookup_table' ignored in calculation 'job_05_10GS_05_b', it belongs to other interface (lookup)
WARNING: Keyword 'lookup_table' ignored in calculation 'job_06_10GS_06_ab', it belongs to other interface (lookup)
WARNING: Keyword 'lookup_table' ignored in calculation 'job_06_10GS_06_a', it belongs to other interface (lookup)
WARNING: Keyword 'lookup_table' ignored in calculation 'job_06_10GS_06_b', it belongs to other interface (lookup)
WARNING: Keyword 'lookup_table' ignored in calculation 'job_07_10GS_07_ab', it belongs to other interface (lookup)
WARNING: Keyword 'lookup_table' ignored in calculation 'job_07_10GS_07_a', it belongs to other interface (lookup)
WARNING: Keyword 'lookup_table' ignored in calculation 'job_07_10GS_07_b', it belongs to other interface (lookup)
WARNING: Keyword 'lookup_table' ignored in calculation 'job_08_10GS_08_ab', it belongs to other interface (lookup)
WARNING: Keyword 'lookup_table' ignored in calculation 'job_08_10GS_08_a', it belongs to other interface (lookup)
WARNING: Keyword 'lookup_table' ignored in calculation 'job_08_10GS_08_b', it belongs to other interface (lookup)
WARNING: Keyword 'lookup_table' ignored in calculation 'job_09_10GS_09_ab', it belongs to other interface (lookup)
WARNING: Keyword 'lookup_table' ignored in calculation 'job_09_10GS_09_a', it belongs to other interface (lookup)
WARNING: Keyword 'lookup_table' ignored in calculation 'job_09_10GS_09_b', it belongs to other interface (lookup)
WARNING: Keyword 'lookup_table' ignored in calculation 'job_10_10GS_10_ab', it belongs to other interface (lookup)
WARNING: Keyword 'lookup_table' ignored in calculation 'job_10_10GS_10_a', it belongs to other interface (lookup)
WARNING: Keyword 'lookup_table' ignored in calculation 'job_10_10GS_10_b', it belongs to other interface (lookup)
WARNING: Keyword 'lookup_table' ignored in calculation 'job_11_10GS_11_ab', it belongs to other interface (lookup)
WARNING: Keyword 'lookup_table' ignored in calculation 'job_11_10GS_11_a', it belongs to other interface (lookup)
WARNING: Keyword 'lookup_table' ignored in calculation 'job_11_10GS_11_b', it belongs to other interface (lookup)
WARNING: Keyword 'lookup_table' ignored in calculation 'job_12_10GS_12_ab', it belongs to other interface (lookup)
WARNING: Keyword 'lookup_table' ignored in calculation 'job_12_10GS_12_a', it belongs to other interface (lookup)
WARNING: Keyword 'lookup_table' ignored in calculation 'job_12_10GS_12_b', it belongs to other interface (lookup)
WARNING: Keyword 'lookup_table' ignored in calculation 'job_13_10GS_13_ab', it belongs to other interface (lookup)
WARNING: Keyword 'lookup_table' ignored in calculation 'job_13_10GS_13_a', it belongs to other interface (lookup)
WARNING: Keyword 'lookup_table' ignored in calculation 'job_13_10GS_13_b', it belongs to other interface (lookup)
WARNING: Keyword 'lookup_table' ignored in calculation 'job_14_10GS_14_ab', it belongs to other interface (lookup)
WARNING: Keyword 'lookup_table' ignored in calculation 'job_14_10GS_14_a', it belongs to other interface (lookup)
WARNING: Keyword 'lookup_table' ignored in calculation 'job_14_10GS_14_b', it belongs to other interface (lookup)
WARNING: Keyword 'lookup_table' ignored in calculation 'job_15_10GS_15_ab', it belongs to other interface (lookup)
WARNING: Keyword 'lookup_table' ignored in calculation 'job_15_10GS_15_a', it belongs to other interface (lookup)
WARNING: Keyword 'lookup_table' ignored in calculation 'job_15_10GS_15_b', it belongs to other interface (lookup)
WARNING: Keyword 'lookup_table' ignored in calculation 'job_16_10GS_16_ab', it belongs to other interface (lookup)
WARNING: Keyword 'lookup_table' ignored in calculation 'job_16_10GS_16_a', it belongs to other interface (lookup)
WARNING: Keyword 'lookup_table' ignored in calculation 'job_16_10GS_16_b', it belongs to other interface (lookup)
WARNING: Keyword 'lookup_table' ignored in calculation 'job_17_10GS_17_ab', it belongs to other interface (lookup)
WARNING: Keyword 'lookup_table' ignored in calculation 'job_17_10GS_17_a', it belongs to other interface (lookup)
WARNING: Keyword 'lookup_table' ignored in calculation 'job_17_10GS_17_b', it belongs to other interface (lookup)
WARNING: Keyword 'lookup_table' ignored in calculation 'job_18_10GS_18_ab', it belongs to other interface (lookup)
WARNING: Keyword 'lookup_table' ignored in calculation 'job_18_10GS_18_a', it belongs to other interface (lookup)
WARNING: Keyword 'lookup_table' ignored in calculation 'job_18_10GS_18_b', it belongs to other interface (lookup)
WARNING: Keyword 'lookup_table' ignored in calculation 'job_19_10GS_19_ab', it belongs to other interface (lookup)
WARNING: Keyword 'lookup_table' ignored in calculation 'job_19_10GS_19_a', it belongs to other interface (lookup)
WARNING: Keyword 'lookup_table' ignored in calculation 'job_19_10GS_19_b', it belongs to other interface (lookup)
WARNING: Keyword 'lookup_table' ignored in calculation 'job_20_10GS_20_ab', it belongs to other interface (lookup)
WARNING: Keyword 'lookup_table' ignored in calculation 'job_20_10GS_20_a', it belongs to other interface (lookup)
WARNING: Keyword 'lookup_table' ignored in calculation 'job_20_10GS_20_b', it belongs to other interface (lookup)
WARNING: Keyword 'lookup_table' ignored in calculation 'job_21_10GS_21_ab', it belongs to other interface (lookup)
WARNING: Keyword 'lookup_table' ignored in calculation 'job_21_10GS_21_a', it belongs to other interface (lookup)
WARNING: Keyword 'lookup_table' ignored in calculation 'job_21_10GS_21_b', it belongs to other interface (lookup)
WARNING: Keyword 'lookup_table' ignored in calculation 'job_22_10GS_22_ab', it belongs to other interface (lookup)
WARNING: Keyword 'lookup_table' ignored in calculation 'job_22_10GS_22_a', it belongs to other interface (lookup)
WARNING: Keyword 'lookup_table' ignored in calculation 'job_22_10GS_22_b', it belongs to other interface (lookup)
WARNING: Keyword 'lookup_table' ignored in calculation 'job_23_10GS_23_ab', it belongs to other interface (lookup)
WARNING: Keyword 'lookup_table' ignored in calculation 'job_23_10GS_23_a', it belongs to other interface (lookup)
WARNING: Keyword 'lookup_table' ignored in calculation 'job_23_10GS_23_b', it belongs to other interface (lookup)
WARNING: Keyword 'lookup_table' ignored in calculation 'job_24_10GS_24_ab', it belongs to other interface (lookup)
WARNING: Keyword 'lookup_table' ignored in calculation 'job_24_10GS_24_a', it belongs to other interface (lookup)
WARNING: Keyword 'lookup_table' ignored in calculation 'job_24_10GS_24_b', it belongs to other interface (lookup)
WARNING: Keyword 'lookup_table' ignored in calculation 'job_25_10GS_25_ab', it belongs to other interface (lookup)
WARNING: Keyword 'lookup_table' ignored in calculation 'job_25_10GS_25_a', it belongs to other interface (lookup)
WARNING: Keyword 'lookup_table' ignored in calculation 'job_25_10GS_25_b', it belongs to other interface (lookup)
WARNING: Keyword 'lookup_table' ignored in calculation 'job_26_2CET_01_ab', it belongs to other interface (lookup)
WARNING: Keyword 'lookup_table' ignored in calculation 'job_26_2CET_01_a', it belongs to other interface (lookup)
WARNING: Keyword 'lookup_table' ignored in calculation 'job_26_2CET_01_b', it belongs to other interface (lookup)
WARNING: Keyword 'lookup_table' ignored in calculation 'job_27_2CET_02_ab', it belongs to other interface (lookup)
WARNING: Keyword 'lookup_table' ignored in calculation 'job_27_2CET_02_a', it belongs to other interface (lookup)
WARNING: Keyword 'lookup_table' ignored in calculation 'job_27_2CET_02_b', it belongs to other interface (lookup)
WARNING: Keyword 'lookup_table' ignored in calculation 'job_28_2CET_03_ab', it belongs to other interface (lookup)
WARNING: Keyword 'lookup_table' ignored in calculation 'job_28_2CET_03_a', it belongs to other interface (lookup)
WARNING: Keyword 'lookup_table' ignored in calculation 'job_28_2CET_03_b', it belongs to other interface (lookup)
WARNING: Keyword 'lookup_table' ignored in calculation 'job_29_2CET_04_ab', it belongs to other interface (lookup)
WARNING: Keyword 'lookup_table' ignored in calculation 'job_29_2CET_04_a', it belongs to other interface (lookup)
WARNING: Keyword 'lookup_table' ignored in calculation 'job_29_2CET_04_b', it belongs to other interface (lookup)
WARNING: Keyword 'lookup_table' ignored in calculation 'job_30_2CET_05_ab', it belongs to other interface (lookup)
WARNING: Keyword 'lookup_table' ignored in calculation 'job_30_2CET_05_a', it belongs to other interface (lookup)
WARNING: Keyword 'lookup_table' ignored in calculation 'job_30_2CET_05_b', it belongs to other interface (lookup)
WARNING: Keyword 'lookup_table' ignored in calculation 'job_31_2CET_06_ab', it belongs to other interface (lookup)
WARNING: Keyword 'lookup_table' ignored in calculation 'job_31_2CET_06_a', it belongs to other interface (lookup)
WARNING: Keyword 'lookup_table' ignored in calculation 'job_31_2CET_06_b', it belongs to other interface (lookup)
WARNING: Keyword 'lookup_table' ignored in calculation 'job_32_2CET_07_ab', it belongs to other interface (lookup)
WARNING: Keyword 'lookup_table' ignored in calculation 'job_32_2CET_07_a', it belongs to other interface (lookup)
WARNING: Keyword 'lookup_table' ignored in calculation 'job_32_2CET_07_b', it belongs to other interface (lookup)
WARNING: Keyword 'lookup_table' ignored in calculation 'job_33_2CET_08_ab', it belongs to other interface (lookup)
WARNING: Keyword 'lookup_table' ignored in calculation 'job_33_2CET_08_a', it belongs to other interface (lookup)
WARNING: Keyword 'lookup_table' ignored in calculation 'job_33_2CET_08_b', it belongs to other interface (lookup)
WARNING: Keyword 'lookup_table' ignored in calculation 'job_34_2CET_09_ab', it belongs to other interface (lookup)
WARNING: Keyword 'lookup_table' ignored in calculation 'job_34_2CET_09_a', it belongs to other interface (lookup)
WARNING: Keyword 'lookup_table' ignored in calculation 'job_34_2CET_09_b', it belongs to other interface (lookup)
WARNING: Keyword 'lookup_table' ignored in calculation 'job_35_2CET_10_ab', it belongs to other interface (lookup)
WARNING: Keyword 'lookup_table' ignored in calculation 'job_35_2CET_10_a', it belongs to other interface (lookup)
WARNING: Keyword 'lookup_table' ignored in calculation 'job_35_2CET_10_b', it belongs to other interface (lookup)
WARNING: Keyword 'lookup_table' ignored in calculation 'job_36_2CET_11_ab', it belongs to other interface (lookup)
WARNING: Keyword 'lookup_table' ignored in calculation 'job_36_2CET_11_a', it belongs to other interface (lookup)
WARNING: Keyword 'lookup_table' ignored in calculation 'job_36_2CET_11_b', it belongs to other interface (lookup)
WARNING: Keyword 'lookup_table' ignored in calculation 'job_37_2CET_12_ab', it belongs to other interface (lookup)
WARNING: Keyword 'lookup_table' ignored in calculation 'job_37_2CET_12_a', it belongs to other interface (lookup)
WARNING: Keyword 'lookup_table' ignored in calculation 'job_37_2CET_12_b', it belongs to other interface (lookup)
WARNING: Keyword 'lookup_table' ignored in calculation 'job_38_2CET_13_ab', it belongs to other interface (lookup)
WARNING: Keyword 'lookup_table' ignored in calculation 'job_38_2CET_13_a', it belongs to other interface (lookup)
WARNING: Keyword 'lookup_table' ignored in calculation 'job_38_2CET_13_b', it belongs to other interface (lookup)
WARNING: Keyword 'lookup_table' ignored in calculation 'job_39_2CET_14_ab', it belongs to other interface (lookup)
WARNING: Keyword 'lookup_table' ignored in calculation 'job_39_2CET_14_a', it belongs to other interface (lookup)
WARNING: Keyword 'lookup_table' ignored in calculation 'job_39_2CET_14_b', it belongs to other interface (lookup)
WARNING: Keyword 'lookup_table' ignored in calculation 'job_40_2CET_15_ab', it belongs to other interface (lookup)
WARNING: Keyword 'lookup_table' ignored in calculation 'job_40_2CET_15_a', it belongs to other interface (lookup)
WARNING: Keyword 'lookup_table' ignored in calculation 'job_40_2CET_15_b', it belongs to other interface (lookup)
WARNING: Keyword 'lookup_table' ignored in calculation 'job_41_2CET_16_ab', it belongs to other interface (lookup)
WARNING: Keyword 'lookup_table' ignored in calculation 'job_41_2CET_16_a', it belongs to other interface (lookup)
WARNING: Keyword 'lookup_table' ignored in calculation 'job_41_2CET_16_b', it belongs to other interface (lookup)
WARNING: Keyword 'lookup_table' ignored in calculation 'job_42_2CET_17_ab', it belongs to other interface (lookup)
WARNING: Keyword 'lookup_table' ignored in calculation 'job_42_2CET_17_a', it belongs to other interface (lookup)
WARNING: Keyword 'lookup_table' ignored in calculation 'job_42_2CET_17_b', it belongs to other interface (lookup)
WARNING: Keyword 'lookup_table' ignored in calculation 'job_43_2CET_18_ab', it belongs to other interface (lookup)
WARNING: Keyword 'lookup_table' ignored in calculation 'job_43_2CET_18_a', it belongs to other interface (lookup)
WARNING: Keyword 'lookup_table' ignored in calculation 'job_43_2CET_18_b', it belongs to other interface (lookup)
WARNING: Keyword 'lookup_table' ignored in calculation 'job_44_2CET_19_ab', it belongs to other interface (lookup)
WARNING: Keyword 'lookup_table' ignored in calculation 'job_44_2CET_19_a', it belongs to other interface (lookup)
WARNING: Keyword 'lookup_table' ignored in calculation 'job_44_2CET_19_b', it belongs to other interface (lookup)
WARNING: Keyword 'lookup_table' ignored in calculation 'job_45_2CET_20_ab', it belongs to other interface (lookup)
WARNING: Keyword 'lookup_table' ignored in calculation 'job_45_2CET_20_a', it belongs to other interface (lookup)
WARNING: Keyword 'lookup_table' ignored in calculation 'job_45_2CET_20_b', it belongs to other interface (lookup)
WARNING: Keyword 'lookup_table' ignored in calculation 'job_46_2CET_21_ab', it belongs to other interface (lookup)
WARNING: Keyword 'lookup_table' ignored in calculation 'job_46_2CET_21_a', it belongs to other interface (lookup)
WARNING: Keyword 'lookup_table' ignored in calculation 'job_46_2CET_21_b', it belongs to other interface (lookup)
WARNING: Keyword 'lookup_table' ignored in calculation 'job_47_2CET_22_ab', it belongs to other interface (lookup)
WARNING: Keyword 'lookup_table' ignored in calculation 'job_47_2CET_22_a', it belongs to other interface (lookup)
WARNING: Keyword 'lookup_table' ignored in calculation 'job_47_2CET_22_b', it belongs to other interface (lookup)
WARNING: Keyword 'lookup_table' ignored in calculation 'job_48_2CET_23_ab', it belongs to other interface (lookup)
WARNING: Keyword 'lookup_table' ignored in calculation 'job_48_2CET_23_a', it belongs to other interface (lookup)
WARNING: Keyword 'lookup_table' ignored in calculation 'job_48_2CET_23_b', it belongs to other interface (lookup)
WARNING: Keyword 'lookup_table' ignored in calculation 'job_49_2FVD_01_ab', it belongs to other interface (lookup)
WARNING: Keyword 'lookup_table' ignored in calculation 'job_49_2FVD_01_a', it belongs to other interface (lookup)
WARNING: Keyword 'lookup_table' ignored in calculation 'job_49_2FVD_01_b', it belongs to other interface (lookup)
WARNING: Keyword 'lookup_table' ignored in calculation 'job_50_2FVD_02_ab', it belongs to other interface (lookup)
WARNING: Keyword 'lookup_table' ignored in calculation 'job_50_2FVD_02_a', it belongs to other interface (lookup)
WARNING: Keyword 'lookup_table' ignored in calculation 'job_50_2FVD_02_b', it belongs to other interface (lookup)
WARNING: Keyword 'lookup_table' ignored in calculation 'job_51_2FVD_03_ab', it belongs to other interface (lookup)
WARNING: Keyword 'lookup_table' ignored in calculation 'job_51_2FVD_03_a', it belongs to other interface (lookup)
WARNING: Keyword 'lookup_table' ignored in calculation 'job_51_2FVD_03_b', it belongs to other interface (lookup)
WARNING: Keyword 'lookup_table' ignored in calculation 'job_52_2FVD_04_ab', it belongs to other interface (lookup)
WARNING: Keyword 'lookup_table' ignored in calculation 'job_52_2FVD_04_a', it belongs to other interface (lookup)
WARNING: Keyword 'lookup_table' ignored in calculation 'job_52_2FVD_04_b', it belongs to other interface (lookup)
WARNING: Keyword 'lookup_table' ignored in calculation 'job_53_2FVD_05_ab', it belongs to other interface (lookup)
WARNING: Keyword 'lookup_table' ignored in calculation 'job_53_2FVD_05_a', it belongs to other interface (lookup)
WARNING: Keyword 'lookup_table' ignored in calculation 'job_53_2FVD_05_b', it belongs to other interface (lookup)
WARNING: Keyword 'lookup_table' ignored in calculation 'job_54_2FVD_06_ab', it belongs to other interface (lookup)
WARNING: Keyword 'lookup_table' ignored in calculation 'job_54_2FVD_06_a', it belongs to other interface (lookup)
WARNING: Keyword 'lookup_table' ignored in calculation 'job_54_2FVD_06_b', it belongs to other interface (lookup)
WARNING: Keyword 'lookup_table' ignored in calculation 'job_55_2FVD_07_ab', it belongs to other interface (lookup)
WARNING: Keyword 'lookup_table' ignored in calculation 'job_55_2FVD_07_a', it belongs to other interface (lookup)
WARNING: Keyword 'lookup_table' ignored in calculation 'job_55_2FVD_07_b', it belongs to other interface (lookup)
WARNING: Keyword 'lookup_table' ignored in calculation 'job_56_2FVD_08_ab', it belongs to other interface (lookup)
WARNING: Keyword 'lookup_table' ignored in calculation 'job_56_2FVD_08_a', it belongs to other interface (lookup)
WARNING: Keyword 'lookup_table' ignored in calculation 'job_56_2FVD_08_b', it belongs to other interface (lookup)
WARNING: Keyword 'lookup_table' ignored in calculation 'job_57_2FVD_09_ab', it belongs to other interface (lookup)
WARNING: Keyword 'lookup_table' ignored in calculation 'job_57_2FVD_09_a', it belongs to other interface (lookup)
WARNING: Keyword 'lookup_table' ignored in calculation 'job_57_2FVD_09_b', it belongs to other interface (lookup)
WARNING: Keyword 'lookup_table' ignored in calculation 'job_58_2FVD_10_ab', it belongs to other interface (lookup)
WARNING: Keyword 'lookup_table' ignored in calculation 'job_58_2FVD_10_a', it belongs to other interface (lookup)
WARNING: Keyword 'lookup_table' ignored in calculation 'job_58_2FVD_10_b', it belongs to other interface (lookup)
WARNING: Keyword 'lookup_table' ignored in calculation 'job_59_2FVD_11_ab', it belongs to other interface (lookup)
WARNING: Keyword 'lookup_table' ignored in calculation 'job_59_2FVD_11_a', it belongs to other interface (lookup)
WARNING: Keyword 'lookup_table' ignored in calculation 'job_59_2FVD_11_b', it belongs to other interface (lookup)
WARNING: Keyword 'lookup_table' ignored in calculation 'job_60_2FVD_12_ab', it belongs to other interface (lookup)
WARNING: Keyword 'lookup_table' ignored in calculation 'job_60_2FVD_12_a', it belongs to other interface (lookup)
WARNING: Keyword 'lookup_table' ignored in calculation 'job_60_2FVD_12_b', it belongs to other interface (lookup)
WARNING: Keyword 'lookup_table' ignored in calculation 'job_61_2FVD_13_ab', it belongs to other interface (lookup)
WARNING: Keyword 'lookup_table' ignored in calculation 'job_61_2FVD_13_a', it belongs to other interface (lookup)
WARNING: Keyword 'lookup_table' ignored in calculation 'job_61_2FVD_13_b', it belongs to other interface (lookup)
WARNING: Keyword 'lookup_table' ignored in calculation 'job_62_2FVD_14_ab', it belongs to other interface (lookup)
WARNING: Keyword 'lookup_table' ignored in calculation 'job_62_2FVD_14_a', it belongs to other interface (lookup)
WARNING: Keyword 'lookup_table' ignored in calculation 'job_62_2FVD_14_b', it belongs to other interface (lookup)
WARNING: Keyword 'lookup_table' ignored in calculation 'job_63_2FVD_15_ab', it belongs to other interface (lookup)
WARNING: Keyword 'lookup_table' ignored in calculation 'job_63_2FVD_15_a', it belongs to other interface (lookup)
WARNING: Keyword 'lookup_table' ignored in calculation 'job_63_2FVD_15_b', it belongs to other interface (lookup)
WARNING: Keyword 'lookup_table' ignored in calculation 'job_64_2FVD_16_ab', it belongs to other interface (lookup)
WARNING: Keyword 'lookup_table' ignored in calculation 'job_64_2FVD_16_a', it belongs to other interface (lookup)
WARNING: Keyword 'lookup_table' ignored in calculation 'job_64_2FVD_16_b', it belongs to other interface (lookup)
WARNING: Keyword 'lookup_table' ignored in calculation 'job_65_2FVD_17_ab', it belongs to other interface (lookup)
WARNING: Keyword 'lookup_table' ignored in calculation 'job_65_2FVD_17_a', it belongs to other interface (lookup)
WARNING: Keyword 'lookup_table' ignored in calculation 'job_65_2FVD_17_b', it belongs to other interface (lookup)
WARNING: Keyword 'lookup_table' ignored in calculation 'job_66_2FVD_18_ab', it belongs to other interface (lookup)
WARNING: Keyword 'lookup_table' ignored in calculation 'job_66_2FVD_18_a', it belongs to other interface (lookup)
WARNING: Keyword 'lookup_table' ignored in calculation 'job_66_2FVD_18_b', it belongs to other interface (lookup)
WARNING: Keyword 'lookup_table' ignored in calculation 'job_67_2FVD_19_ab', it belongs to other interface (lookup)
WARNING: Keyword 'lookup_table' ignored in calculation 'job_67_2FVD_19_a', it belongs to other interface (lookup)
WARNING: Keyword 'lookup_table' ignored in calculation 'job_67_2FVD_19_b', it belongs to other interface (lookup)
WARNING: Keyword 'lookup_table' ignored in calculation 'job_68_2FVD_20_ab', it belongs to other interface (lookup)
WARNING: Keyword 'lookup_table' ignored in calculation 'job_68_2FVD_20_a', it belongs to other interface (lookup)
WARNING: Keyword 'lookup_table' ignored in calculation 'job_68_2FVD_20_b', it belongs to other interface (lookup)
WARNING: Keyword 'lookup_table' ignored in calculation 'job_69_2FVD_21_ab', it belongs to other interface (lookup)
WARNING: Keyword 'lookup_table' ignored in calculation 'job_69_2FVD_21_a', it belongs to other interface (lookup)
WARNING: Keyword 'lookup_table' ignored in calculation 'job_69_2FVD_21_b', it belongs to other interface (lookup)
WARNING: Keyword 'lookup_table' ignored in calculation 'job_70_2FVD_22_ab', it belongs to other interface (lookup)
WARNING: Keyword 'lookup_table' ignored in calculation 'job_70_2FVD_22_a', it belongs to other interface (lookup)
WARNING: Keyword 'lookup_table' ignored in calculation 'job_70_2FVD_22_b', it belongs to other interface (lookup)
WARNING: Keyword 'lookup_table' ignored in calculation 'job_71_2FVD_23_ab', it belongs to other interface (lookup)
WARNING: Keyword 'lookup_table' ignored in calculation 'job_71_2FVD_23_a', it belongs to other interface (lookup)
WARNING: Keyword 'lookup_table' ignored in calculation 'job_71_2FVD_23_b', it belongs to other interface (lookup)
WARNING: Keyword 'lookup_table' ignored in calculation 'job_72_2FVD_24_ab', it belongs to other interface (lookup)
WARNING: Keyword 'lookup_table' ignored in calculation 'job_72_2FVD_24_a', it belongs to other interface (lookup)
WARNING: Keyword 'lookup_table' ignored in calculation 'job_72_2FVD_24_b', it belongs to other interface (lookup)
WARNING: Keyword 'lookup_table' ignored in calculation 'job_73_2FVD_25_ab', it belongs to other interface (lookup)
WARNING: Keyword 'lookup_table' ignored in calculation 'job_73_2FVD_25_a', it belongs to other interface (lookup)
WARNING: Keyword 'lookup_table' ignored in calculation 'job_73_2FVD_25_b', it belongs to other interface (lookup)
WARNING: Keyword 'lookup_table' ignored in calculation 'job_74_2FVD_26_ab', it belongs to other interface (lookup)
WARNING: Keyword 'lookup_table' ignored in calculation 'job_74_2FVD_26_a', it belongs to other interface (lookup)
WARNING: Keyword 'lookup_table' ignored in calculation 'job_74_2FVD_26_b', it belongs to other interface (lookup)
WARNING: Keyword 'lookup_table' ignored in calculation 'job_75_2FVD_27_ab', it belongs to other interface (lookup)
WARNING: Keyword 'lookup_table' ignored in calculation 'job_75_2FVD_27_a', it belongs to other interface (lookup)
WARNING: Keyword 'lookup_table' ignored in calculation 'job_75_2FVD_27_b', it belongs to other interface (lookup)
WARNING: Keyword 'lookup_table' ignored in calculation 'job_76_2FVD_28_ab', it belongs to other interface (lookup)
WARNING: Keyword 'lookup_table' ignored in calculation 'job_76_2FVD_28_a', it belongs to other interface (lookup)
WARNING: Keyword 'lookup_table' ignored in calculation 'job_76_2FVD_28_b', it belongs to other interface (lookup)
WARNING: Keyword 'lookup_table' ignored in calculation 'job_77_2FVD_29_ab', it belongs to other interface (lookup)
WARNING: Keyword 'lookup_table' ignored in calculation 'job_77_2FVD_29_a', it belongs to other interface (lookup)
WARNING: Keyword 'lookup_table' ignored in calculation 'job_77_2FVD_29_b', it belongs to other interface (lookup)
WARNING: Keyword 'lookup_table' ignored in calculation 'job_78_2FVD_30_ab', it belongs to other interface (lookup)
WARNING: Keyword 'lookup_table' ignored in calculation 'job_78_2FVD_30_a', it belongs to other interface (lookup)
WARNING: Keyword 'lookup_table' ignored in calculation 'job_78_2FVD_30_b', it belongs to other interface (lookup)
WARNING: Keyword 'lookup_table' ignored in calculation 'job_79_2FVD_31_ab', it belongs to other interface (lookup)
WARNING: Keyword 'lookup_table' ignored in calculation 'job_79_2FVD_31_a', it belongs to other interface (lookup)
WARNING: Keyword 'lookup_table' ignored in calculation 'job_79_2FVD_31_b', it belongs to other interface (lookup)
WARNING: Keyword 'lookup_table' ignored in calculation 'job_80_2FVD_32_ab', it belongs to other interface (lookup)
WARNING: Keyword 'lookup_table' ignored in calculation 'job_80_2FVD_32_a', it belongs to other interface (lookup)
WARNING: Keyword 'lookup_table' ignored in calculation 'job_80_2FVD_32_b', it belongs to other interface (lookup)
WARNING: Keyword 'lookup_table' ignored in calculation 'job_81_2FVD_33_ab', it belongs to other interface (lookup)
WARNING: Keyword 'lookup_table' ignored in calculation 'job_81_2FVD_33_a', it belongs to other interface (lookup)
WARNING: Keyword 'lookup_table' ignored in calculation 'job_81_2FVD_33_b', it belongs to other interface (lookup)
WARNING: Keyword 'lookup_table' ignored in calculation 'job_82_2OBF_01_ab', it belongs to other interface (lookup)
WARNING: Keyword 'lookup_table' ignored in calculation 'job_82_2OBF_01_a', it belongs to other interface (lookup)
WARNING: Keyword 'lookup_table' ignored in calculation 'job_82_2OBF_01_b', it belongs to other interface (lookup)
WARNING: Keyword 'lookup_table' ignored in calculation 'job_83_2OBF_02_ab', it belongs to other interface (lookup)
WARNING: Keyword 'lookup_table' ignored in calculation 'job_83_2OBF_02_a', it belongs to other interface (lookup)
WARNING: Keyword 'lookup_table' ignored in calculation 'job_83_2OBF_02_b', it belongs to other interface (lookup)
WARNING: Keyword 'lookup_table' ignored in calculation 'job_84_2OBF_03_ab', it belongs to other interface (lookup)
WARNING: Keyword 'lookup_table' ignored in calculation 'job_84_2OBF_03_a', it belongs to other interface (lookup)
WARNING: Keyword 'lookup_table' ignored in calculation 'job_84_2OBF_03_b', it belongs to other interface (lookup)
WARNING: Keyword 'lookup_table' ignored in calculation 'job_85_2OBF_04_ab', it belongs to other interface (lookup)
WARNING: Keyword 'lookup_table' ignored in calculation 'job_85_2OBF_04_a', it belongs to other interface (lookup)
WARNING: Keyword 'lookup_table' ignored in calculation 'job_85_2OBF_04_b', it belongs to other interface (lookup)
WARNING: Keyword 'lookup_table' ignored in calculation 'job_86_2OBF_05_ab', it belongs to other interface (lookup)
WARNING: Keyword 'lookup_table' ignored in calculation 'job_86_2OBF_05_a', it belongs to other interface (lookup)
WARNING: Keyword 'lookup_table' ignored in calculation 'job_86_2OBF_05_b', it belongs to other interface (lookup)
WARNING: Keyword 'lookup_table' ignored in calculation 'job_87_2OBF_06_ab', it belongs to other interface (lookup)
WARNING: Keyword 'lookup_table' ignored in calculation 'job_87_2OBF_06_a', it belongs to other interface (lookup)
WARNING: Keyword 'lookup_table' ignored in calculation 'job_87_2OBF_06_b', it belongs to other interface (lookup)
WARNING: Keyword 'lookup_table' ignored in calculation 'job_88_2OBF_07_ab', it belongs to other interface (lookup)
WARNING: Keyword 'lookup_table' ignored in calculation 'job_88_2OBF_07_a', it belongs to other interface (lookup)
WARNING: Keyword 'lookup_table' ignored in calculation 'job_88_2OBF_07_b', it belongs to other interface (lookup)
WARNING: Keyword 'lookup_table' ignored in calculation 'job_89_2OBF_08_ab', it belongs to other interface (lookup)
WARNING: Keyword 'lookup_table' ignored in calculation 'job_89_2OBF_08_a', it belongs to other interface (lookup)
WARNING: Keyword 'lookup_table' ignored in calculation 'job_89_2OBF_08_b', it belongs to other interface (lookup)
WARNING: Keyword 'lookup_table' ignored in calculation 'job_90_2OBF_09_ab', it belongs to other interface (lookup)
WARNING: Keyword 'lookup_table' ignored in calculation 'job_90_2OBF_09_a', it belongs to other interface (lookup)
WARNING: Keyword 'lookup_table' ignored in calculation 'job_90_2OBF_09_b', it belongs to other interface (lookup)
WARNING: Keyword 'lookup_table' ignored in calculation 'job_91_2OBF_10_ab', it belongs to other interface (lookup)
WARNING: Keyword 'lookup_table' ignored in calculation 'job_91_2OBF_10_a', it belongs to other interface (lookup)
WARNING: Keyword 'lookup_table' ignored in calculation 'job_91_2OBF_10_b', it belongs to other interface (lookup)
WARNING: Keyword 'lookup_table' ignored in calculation 'job_92_2OBF_11_ab', it belongs to other interface (lookup)
WARNING: Keyword 'lookup_table' ignored in calculation 'job_92_2OBF_11_a', it belongs to other interface (lookup)
WARNING: Keyword 'lookup_table' ignored in calculation 'job_92_2OBF_11_b', it belongs to other interface (lookup)
WARNING: Keyword 'lookup_table' ignored in calculation 'job_93_2OBF_12_ab', it belongs to other interface (lookup)
WARNING: Keyword 'lookup_table' ignored in calculation 'job_93_2OBF_12_a', it belongs to other interface (lookup)
WARNING: Keyword 'lookup_table' ignored in calculation 'job_93_2OBF_12_b', it belongs to other interface (lookup)
WARNING: Keyword 'lookup_table' ignored in calculation 'job_94_2OBF_13_ab', it belongs to other interface (lookup)
WARNING: Keyword 'lookup_table' ignored in calculation 'job_94_2OBF_13_a', it belongs to other interface (lookup)
WARNING: Keyword 'lookup_table' ignored in calculation 'job_94_2OBF_13_b', it belongs to other interface (lookup)
WARNING: Keyword 'lookup_table' ignored in calculation 'job_95_2OBF_14_ab', it belongs to other interface (lookup)
WARNING: Keyword 'lookup_table' ignored in calculation 'job_95_2OBF_14_a', it belongs to other interface (lookup)
WARNING: Keyword 'lookup_table' ignored in calculation 'job_95_2OBF_14_b', it belongs to other interface (lookup)
WARNING: Keyword 'lookup_table' ignored in calculation 'job_96_2OBF_15_ab', it belongs to other interface (lookup)
WARNING: Keyword 'lookup_table' ignored in calculation 'job_96_2OBF_15_a', it belongs to other interface (lookup)
WARNING: Keyword 'lookup_table' ignored in calculation 'job_96_2OBF_15_b', it belongs to other interface (lookup)
WARNING: Keyword 'lookup_table' ignored in calculation 'job_97_2OBF_16_ab', it belongs to other interface (lookup)
WARNING: Keyword 'lookup_table' ignored in calculation 'job_97_2OBF_16_a', it belongs to other interface (lookup)
WARNING: Keyword 'lookup_table' ignored in calculation 'job_97_2OBF_16_b', it belongs to other interface (lookup)
WARNING: Keyword 'lookup_table' ignored in calculation 'job_98_2OBF_17_ab', it belongs to other interface (lookup)
WARNING: Keyword 'lookup_table' ignored in calculation 'job_98_2OBF_17_a', it belongs to other interface (lookup)
WARNING: Keyword 'lookup_table' ignored in calculation 'job_98_2OBF_17_b', it belongs to other interface (lookup)
WARNING: Keyword 'lookup_table' ignored in calculation 'job_99_2OBF_18_ab', it belongs to other interface (lookup)
WARNING: Keyword 'lookup_table' ignored in calculation 'job_99_2OBF_18_a', it belongs to other interface (lookup)
WARNING: Keyword 'lookup_table' ignored in calculation 'job_99_2OBF_18_b', it belongs to other interface (lookup)
WARNING: Keyword 'lookup_table' ignored in calculation 'job_100_2OBF_19_ab', it belongs to other interface (lookup)
WARNING: Keyword 'lookup_table' ignored in calculation 'job_100_2OBF_19_a', it belongs to other interface (lookup)
WARNING: Keyword 'lookup_table' ignored in calculation 'job_100_2OBF_19_b', it belongs to other interface (lookup)
WARNING: Keyword 'lookup_table' ignored in calculation 'job_101_2OBF_20_ab', it belongs to other interface (lookup)
WARNING: Keyword 'lookup_table' ignored in calculation 'job_101_2OBF_20_a', it belongs to other interface (lookup)
WARNING: Keyword 'lookup_table' ignored in calculation 'job_101_2OBF_20_b', it belongs to other interface (lookup)
WARNING: Keyword 'lookup_table' ignored in calculation 'job_102_2OBF_21_ab', it belongs to other interface (lookup)
WARNING: Keyword 'lookup_table' ignored in calculation 'job_102_2OBF_21_a', it belongs to other interface (lookup)
WARNING: Keyword 'lookup_table' ignored in calculation 'job_102_2OBF_21_b', it belongs to other interface (lookup)
WARNING: Keyword 'lookup_table' ignored in calculation 'job_103_2OBF_22_ab', it belongs to other interface (lookup)
WARNING: Keyword 'lookup_table' ignored in calculation 'job_103_2OBF_22_a', it belongs to other interface (lookup)
WARNING: Keyword 'lookup_table' ignored in calculation 'job_103_2OBF_22_b', it belongs to other interface (lookup)
WARNING: Keyword 'lookup_table' ignored in calculation 'job_104_2OBF_23_ab', it belongs to other interface (lookup)
WARNING: Keyword 'lookup_table' ignored in calculation 'job_104_2OBF_23_a', it belongs to other interface (lookup)
WARNING: Keyword 'lookup_table' ignored in calculation 'job_104_2OBF_23_b', it belongs to other interface (lookup)
WARNING: Keyword 'lookup_table' ignored in calculation 'job_105_2OBF_24_ab', it belongs to other interface (lookup)
WARNING: Keyword 'lookup_table' ignored in calculation 'job_105_2OBF_24_a', it belongs to other interface (lookup)
WARNING: Keyword 'lookup_table' ignored in calculation 'job_105_2OBF_24_b', it belongs to other interface (lookup)
WARNING: Keyword 'lookup_table' ignored in calculation 'job_106_2OBF_25_ab', it belongs to other interface (lookup)
WARNING: Keyword 'lookup_table' ignored in calculation 'job_106_2OBF_25_a', it belongs to other interface (lookup)
WARNING: Keyword 'lookup_table' ignored in calculation 'job_106_2OBF_25_b', it belongs to other interface (lookup)
WARNING: Keyword 'lookup_table' ignored in calculation 'job_107_2OBF_26_ab', it belongs to other interface (lookup)
WARNING: Keyword 'lookup_table' ignored in calculation 'job_107_2OBF_26_a', it belongs to other interface (lookup)
WARNING: Keyword 'lookup_table' ignored in calculation 'job_107_2OBF_26_b', it belongs to other interface (lookup)
WARNING: Keyword 'lookup_table' ignored in calculation 'job_108_2OBF_27_ab', it belongs to other interface (lookup)
WARNING: Keyword 'lookup_table' ignored in calculation 'job_108_2OBF_27_a', it belongs to other interface (lookup)
WARNING: Keyword 'lookup_table' ignored in calculation 'job_108_2OBF_27_b', it belongs to other interface (lookup)
WARNING: Keyword 'lookup_table' ignored in calculation 'job_109_2OBF_28_ab', it belongs to other interface (lookup)
WARNING: Keyword 'lookup_table' ignored in calculation 'job_109_2OBF_28_a', it belongs to other interface (lookup)
WARNING: Keyword 'lookup_table' ignored in calculation 'job_109_2OBF_28_b', it belongs to other interface (lookup)
WARNING: Keyword 'lookup_table' ignored in calculation 'job_110_2OBF_29_ab', it belongs to other interface (lookup)
WARNING: Keyword 'lookup_table' ignored in calculation 'job_110_2OBF_29_a', it belongs to other interface (lookup)
WARNING: Keyword 'lookup_table' ignored in calculation 'job_110_2OBF_29_b', it belongs to other interface (lookup)
WARNING: Keyword 'lookup_table' ignored in calculation 'job_111_2OBF_30_ab', it belongs to other interface (lookup)
WARNING: Keyword 'lookup_table' ignored in calculation 'job_111_2OBF_30_a', it belongs to other interface (lookup)
WARNING: Keyword 'lookup_table' ignored in calculation 'job_111_2OBF_30_b', it belongs to other interface (lookup)
WARNING: Keyword 'lookup_table' ignored in calculation 'job_112_2OBF_31_ab', it belongs to other interface (lookup)
WARNING: Keyword 'lookup_table' ignored in calculation 'job_112_2OBF_31_a', it belongs to other interface (lookup)
WARNING: Keyword 'lookup_table' ignored in calculation 'job_112_2OBF_31_b', it belongs to other interface (lookup)
WARNING: Keyword 'lookup_table' ignored in calculation 'job_113_2OBF_32_ab', it belongs to other interface (lookup)
WARNING: Keyword 'lookup_table' ignored in calculation 'job_113_2OBF_32_a', it belongs to other interface (lookup)
WARNING: Keyword 'lookup_table' ignored in calculation 'job_113_2OBF_32_b', it belongs to other interface (lookup)
WARNING: Keyword 'lookup_table' ignored in calculation 'job_114_2OBF_33_ab', it belongs to other interface (lookup)
WARNING: Keyword 'lookup_table' ignored in calculation 'job_114_2OBF_33_a', it belongs to other interface (lookup)
WARNING: Keyword 'lookup_table' ignored in calculation 'job_114_2OBF_33_b', it belongs to other interface (lookup)
WARNING: Keyword 'lookup_table' ignored in calculation 'job_115_2P4Y_01_ab', it belongs to other interface (lookup)
WARNING: Keyword 'lookup_table' ignored in calculation 'job_115_2P4Y_01_a', it belongs to other interface (lookup)
WARNING: Keyword 'lookup_table' ignored in calculation 'job_115_2P4Y_01_b', it belongs to other interface (lookup)
WARNING: Keyword 'lookup_table' ignored in calculation 'job_116_2P4Y_02_ab', it belongs to other interface (lookup)
WARNING: Keyword 'lookup_table' ignored in calculation 'job_116_2P4Y_02_a', it belongs to other interface (lookup)
WARNING: Keyword 'lookup_table' ignored in calculation 'job_116_2P4Y_02_b', it belongs to other interface (lookup)
WARNING: Keyword 'lookup_table' ignored in calculation 'job_117_2P4Y_03_ab', it belongs to other interface (lookup)
WARNING: Keyword 'lookup_table' ignored in calculation 'job_117_2P4Y_03_a', it belongs to other interface (lookup)
WARNING: Keyword 'lookup_table' ignored in calculation 'job_117_2P4Y_03_b', it belongs to other interface (lookup)
WARNING: Keyword 'lookup_table' ignored in calculation 'job_118_2P4Y_04_ab', it belongs to other interface (lookup)
WARNING: Keyword 'lookup_table' ignored in calculation 'job_118_2P4Y_04_a', it belongs to other interface (lookup)
WARNING: Keyword 'lookup_table' ignored in calculation 'job_118_2P4Y_04_b', it belongs to other interface (lookup)
WARNING: Keyword 'lookup_table' ignored in calculation 'job_119_2P4Y_05_ab', it belongs to other interface (lookup)
WARNING: Keyword 'lookup_table' ignored in calculation 'job_119_2P4Y_05_a', it belongs to other interface (lookup)
WARNING: Keyword 'lookup_table' ignored in calculation 'job_119_2P4Y_05_b', it belongs to other interface (lookup)
WARNING: Keyword 'lookup_table' ignored in calculation 'job_120_2P4Y_06_ab', it belongs to other interface (lookup)
WARNING: Keyword 'lookup_table' ignored in calculation 'job_120_2P4Y_06_a', it belongs to other interface (lookup)
WARNING: Keyword 'lookup_table' ignored in calculation 'job_120_2P4Y_06_b', it belongs to other interface (lookup)
WARNING: Keyword 'lookup_table' ignored in calculation 'job_121_2P4Y_07_ab', it belongs to other interface (lookup)
WARNING: Keyword 'lookup_table' ignored in calculation 'job_121_2P4Y_07_a', it belongs to other interface (lookup)
WARNING: Keyword 'lookup_table' ignored in calculation 'job_121_2P4Y_07_b', it belongs to other interface (lookup)
WARNING: Keyword 'lookup_table' ignored in calculation 'job_122_2P4Y_08_ab', it belongs to other interface (lookup)
WARNING: Keyword 'lookup_table' ignored in calculation 'job_122_2P4Y_08_a', it belongs to other interface (lookup)
WARNING: Keyword 'lookup_table' ignored in calculation 'job_122_2P4Y_08_b', it belongs to other interface (lookup)
WARNING: Keyword 'lookup_table' ignored in calculation 'job_123_2P4Y_09_ab', it belongs to other interface (lookup)
WARNING: Keyword 'lookup_table' ignored in calculation 'job_123_2P4Y_09_a', it belongs to other interface (lookup)
WARNING: Keyword 'lookup_table' ignored in calculation 'job_123_2P4Y_09_b', it belongs to other interface (lookup)
WARNING: Keyword 'lookup_table' ignored in calculation 'job_124_2P4Y_10_ab', it belongs to other interface (lookup)
WARNING: Keyword 'lookup_table' ignored in calculation 'job_124_2P4Y_10_a', it belongs to other interface (lookup)
WARNING: Keyword 'lookup_table' ignored in calculation 'job_124_2P4Y_10_b', it belongs to other interface (lookup)
WARNING: Keyword 'lookup_table' ignored in calculation 'job_125_2P4Y_11_ab', it belongs to other interface (lookup)
WARNING: Keyword 'lookup_table' ignored in calculation 'job_125_2P4Y_11_a', it belongs to other interface (lookup)
WARNING: Keyword 'lookup_table' ignored in calculation 'job_125_2P4Y_11_b', it belongs to other interface (lookup)
WARNING: Keyword 'lookup_table' ignored in calculation 'job_126_2P4Y_12_ab', it belongs to other interface (lookup)
WARNING: Keyword 'lookup_table' ignored in calculation 'job_126_2P4Y_12_a', it belongs to other interface (lookup)
WARNING: Keyword 'lookup_table' ignored in calculation 'job_126_2P4Y_12_b', it belongs to other interface (lookup)
WARNING: Keyword 'lookup_table' ignored in calculation 'job_127_2P4Y_13_ab', it belongs to other interface (lookup)
WARNING: Keyword 'lookup_table' ignored in calculation 'job_127_2P4Y_13_a', it belongs to other interface (lookup)
WARNING: Keyword 'lookup_table' ignored in calculation 'job_127_2P4Y_13_b', it belongs to other interface (lookup)
WARNING: Keyword 'lookup_table' ignored in calculation 'job_128_2P4Y_14_ab', it belongs to other interface (lookup)
WARNING: Keyword 'lookup_table' ignored in calculation 'job_128_2P4Y_14_a', it belongs to other interface (lookup)
WARNING: Keyword 'lookup_table' ignored in calculation 'job_128_2P4Y_14_b', it belongs to other interface (lookup)
WARNING: Keyword 'lookup_table' ignored in calculation 'job_129_2P4Y_15_ab', it belongs to other interface (lookup)
WARNING: Keyword 'lookup_table' ignored in calculation 'job_129_2P4Y_15_a', it belongs to other interface (lookup)
WARNING: Keyword 'lookup_table' ignored in calculation 'job_129_2P4Y_15_b', it belongs to other interface (lookup)
WARNING: Keyword 'lookup_table' ignored in calculation 'job_130_2P4Y_16_ab', it belongs to other interface (lookup)
WARNING: Keyword 'lookup_table' ignored in calculation 'job_130_2P4Y_16_a', it belongs to other interface (lookup)
WARNING: Keyword 'lookup_table' ignored in calculation 'job_130_2P4Y_16_b', it belongs to other interface (lookup)
WARNING: Keyword 'lookup_table' ignored in calculation 'job_131_2P4Y_17_ab', it belongs to other interface (lookup)
WARNING: Keyword 'lookup_table' ignored in calculation 'job_131_2P4Y_17_a', it belongs to other interface (lookup)
WARNING: Keyword 'lookup_table' ignored in calculation 'job_131_2P4Y_17_b', it belongs to other interface (lookup)
WARNING: Keyword 'lookup_table' ignored in calculation 'job_132_2P4Y_18_ab', it belongs to other interface (lookup)
WARNING: Keyword 'lookup_table' ignored in calculation 'job_132_2P4Y_18_a', it belongs to other interface (lookup)
WARNING: Keyword 'lookup_table' ignored in calculation 'job_132_2P4Y_18_b', it belongs to other interface (lookup)
WARNING: Keyword 'lookup_table' ignored in calculation 'job_133_2P4Y_19_ab', it belongs to other interface (lookup)
WARNING: Keyword 'lookup_table' ignored in calculation 'job_133_2P4Y_19_a', it belongs to other interface (lookup)
WARNING: Keyword 'lookup_table' ignored in calculation 'job_133_2P4Y_19_b', it belongs to other interface (lookup)
WARNING: Keyword 'lookup_table' ignored in calculation 'job_134_2P4Y_20_ab', it belongs to other interface (lookup)
WARNING: Keyword 'lookup_table' ignored in calculation 'job_134_2P4Y_20_a', it belongs to other interface (lookup)
WARNING: Keyword 'lookup_table' ignored in calculation 'job_134_2P4Y_20_b', it belongs to other interface (lookup)
WARNING: Keyword 'lookup_table' ignored in calculation 'job_135_2P4Y_21_ab', it belongs to other interface (lookup)
WARNING: Keyword 'lookup_table' ignored in calculation 'job_135_2P4Y_21_a', it belongs to other interface (lookup)
WARNING: Keyword 'lookup_table' ignored in calculation 'job_135_2P4Y_21_b', it belongs to other interface (lookup)
WARNING: Keyword 'lookup_table' ignored in calculation 'job_136_2P4Y_22_ab', it belongs to other interface (lookup)
WARNING: Keyword 'lookup_table' ignored in calculation 'job_136_2P4Y_22_a', it belongs to other interface (lookup)
WARNING: Keyword 'lookup_table' ignored in calculation 'job_136_2P4Y_22_b', it belongs to other interface (lookup)
WARNING: Keyword 'lookup_table' ignored in calculation 'job_137_2P4Y_23_ab', it belongs to other interface (lookup)
WARNING: Keyword 'lookup_table' ignored in calculation 'job_137_2P4Y_23_a', it belongs to other interface (lookup)
WARNING: Keyword 'lookup_table' ignored in calculation 'job_137_2P4Y_23_b', it belongs to other interface (lookup)
WARNING: Keyword 'lookup_table' ignored in calculation 'job_138_2P4Y_24_ab', it belongs to other interface (lookup)
WARNING: Keyword 'lookup_table' ignored in calculation 'job_138_2P4Y_24_a', it belongs to other interface (lookup)
WARNING: Keyword 'lookup_table' ignored in calculation 'job_138_2P4Y_24_b', it belongs to other interface (lookup)
WARNING: Keyword 'lookup_table' ignored in calculation 'job_139_2P4Y_25_ab', it belongs to other interface (lookup)
WARNING: Keyword 'lookup_table' ignored in calculation 'job_139_2P4Y_25_a', it belongs to other interface (lookup)
WARNING: Keyword 'lookup_table' ignored in calculation 'job_139_2P4Y_25_b', it belongs to other interface (lookup)
WARNING: Keyword 'lookup_table' ignored in calculation 'job_140_2P4Y_26_ab', it belongs to other interface (lookup)
WARNING: Keyword 'lookup_table' ignored in calculation 'job_140_2P4Y_26_a', it belongs to other interface (lookup)
WARNING: Keyword 'lookup_table' ignored in calculation 'job_140_2P4Y_26_b', it belongs to other interface (lookup)
WARNING: Keyword 'lookup_table' ignored in calculation 'job_141_2P4Y_27_ab', it belongs to other interface (lookup)
WARNING: Keyword 'lookup_table' ignored in calculation 'job_141_2P4Y_27_a', it belongs to other interface (lookup)
WARNING: Keyword 'lookup_table' ignored in calculation 'job_141_2P4Y_27_b', it belongs to other interface (lookup)
WARNING: Keyword 'lookup_table' ignored in calculation 'job_142_2P4Y_28_ab', it belongs to other interface (lookup)
WARNING: Keyword 'lookup_table' ignored in calculation 'job_142_2P4Y_28_a', it belongs to other interface (lookup)
WARNING: Keyword 'lookup_table' ignored in calculation 'job_142_2P4Y_28_b', it belongs to other interface (lookup)
WARNING: Keyword 'lookup_table' ignored in calculation 'job_143_2P4Y_29_ab', it belongs to other interface (lookup)
WARNING: Keyword 'lookup_table' ignored in calculation 'job_143_2P4Y_29_a', it belongs to other interface (lookup)
WARNING: Keyword 'lookup_table' ignored in calculation 'job_143_2P4Y_29_b', it belongs to other interface (lookup)
WARNING: Keyword 'lookup_table' ignored in calculation 'job_144_2P4Y_30_ab', it belongs to other interface (lookup)
WARNING: Keyword 'lookup_table' ignored in calculation 'job_144_2P4Y_30_a', it belongs to other interface (lookup)
WARNING: Keyword 'lookup_table' ignored in calculation 'job_144_2P4Y_30_b', it belongs to other interface (lookup)
WARNING: Keyword 'lookup_table' ignored in calculation 'job_145_2P4Y_31_ab', it belongs to other interface (lookup)
WARNING: Keyword 'lookup_table' ignored in calculation 'job_145_2P4Y_31_a', it belongs to other interface (lookup)
WARNING: Keyword 'lookup_table' ignored in calculation 'job_145_2P4Y_31_b', it belongs to other interface (lookup)
WARNING: Keyword 'lookup_table' ignored in calculation 'job_146_2P4Y_32_ab', it belongs to other interface (lookup)
WARNING: Keyword 'lookup_table' ignored in calculation 'job_146_2P4Y_32_a', it belongs to other interface (lookup)
WARNING: Keyword 'lookup_table' ignored in calculation 'job_146_2P4Y_32_b', it belongs to other interface (lookup)
WARNING: Keyword 'lookup_table' ignored in calculation 'job_147_2P4Y_33_ab', it belongs to other interface (lookup)
WARNING: Keyword 'lookup_table' ignored in calculation 'job_147_2P4Y_33_a', it belongs to other interface (lookup)
WARNING: Keyword 'lookup_table' ignored in calculation 'job_147_2P4Y_33_b', it belongs to other interface (lookup)
WARNING: Keyword 'lookup_table' ignored in calculation 'job_148_2P4Y_34_ab', it belongs to other interface (lookup)
WARNING: Keyword 'lookup_table' ignored in calculation 'job_148_2P4Y_34_a', it belongs to other interface (lookup)
WARNING: Keyword 'lookup_table' ignored in calculation 'job_148_2P4Y_34_b', it belongs to other interface (lookup)
WARNING: Keyword 'lookup_table' ignored in calculation 'job_149_2P4Y_35_ab', it belongs to other interface (lookup)
WARNING: Keyword 'lookup_table' ignored in calculation 'job_149_2P4Y_35_a', it belongs to other interface (lookup)
WARNING: Keyword 'lookup_table' ignored in calculation 'job_149_2P4Y_35_b', it belongs to other interface (lookup)
WARNING: Keyword 'lookup_table' ignored in calculation 'job_150_2P4Y_36_ab', it belongs to other interface (lookup)
WARNING: Keyword 'lookup_table' ignored in calculation 'job_150_2P4Y_36_a', it belongs to other interface (lookup)
WARNING: Keyword 'lookup_table' ignored in calculation 'job_150_2P4Y_36_b', it belongs to other interface (lookup)
WARNING: Keyword 'lookup_table' ignored in calculation 'job_151_2P4Y_37_ab', it belongs to other interface (lookup)
WARNING: Keyword 'lookup_table' ignored in calculation 'job_151_2P4Y_37_a', it belongs to other interface (lookup)
WARNING: Keyword 'lookup_table' ignored in calculation 'job_151_2P4Y_37_b', it belongs to other interface (lookup)
WARNING: Keyword 'lookup_table' ignored in calculation 'job_152_2P4Y_38_ab', it belongs to other interface (lookup)
WARNING: Keyword 'lookup_table' ignored in calculation 'job_152_2P4Y_38_a', it belongs to other interface (lookup)
WARNING: Keyword 'lookup_table' ignored in calculation 'job_152_2P4Y_38_b', it belongs to other interface (lookup)
WARNING: Keyword 'lookup_table' ignored in calculation 'job_153_2P4Y_39_ab', it belongs to other interface (lookup)
WARNING: Keyword 'lookup_table' ignored in calculation 'job_153_2P4Y_39_a', it belongs to other interface (lookup)
WARNING: Keyword 'lookup_table' ignored in calculation 'job_153_2P4Y_39_b', it belongs to other interface (lookup)
WARNING: Keyword 'lookup_table' ignored in calculation 'job_154_2VOT_01_ab', it belongs to other interface (lookup)
WARNING: Keyword 'lookup_table' ignored in calculation 'job_154_2VOT_01_a', it belongs to other interface (lookup)
WARNING: Keyword 'lookup_table' ignored in calculation 'job_154_2VOT_01_b', it belongs to other interface (lookup)
WARNING: Keyword 'lookup_table' ignored in calculation 'job_155_2VOT_02_ab', it belongs to other interface (lookup)
WARNING: Keyword 'lookup_table' ignored in calculation 'job_155_2VOT_02_a', it belongs to other interface (lookup)
WARNING: Keyword 'lookup_table' ignored in calculation 'job_155_2VOT_02_b', it belongs to other interface (lookup)
WARNING: Keyword 'lookup_table' ignored in calculation 'job_156_2VOT_03_ab', it belongs to other interface (lookup)
WARNING: Keyword 'lookup_table' ignored in calculation 'job_156_2VOT_03_a', it belongs to other interface (lookup)
WARNING: Keyword 'lookup_table' ignored in calculation 'job_156_2VOT_03_b', it belongs to other interface (lookup)
WARNING: Keyword 'lookup_table' ignored in calculation 'job_157_2VOT_04_ab', it belongs to other interface (lookup)
WARNING: Keyword 'lookup_table' ignored in calculation 'job_157_2VOT_04_a', it belongs to other interface (lookup)
WARNING: Keyword 'lookup_table' ignored in calculation 'job_157_2VOT_04_b', it belongs to other interface (lookup)
WARNING: Keyword 'lookup_table' ignored in calculation 'job_158_2VOT_05_ab', it belongs to other interface (lookup)
WARNING: Keyword 'lookup_table' ignored in calculation 'job_158_2VOT_05_a', it belongs to other interface (lookup)
WARNING: Keyword 'lookup_table' ignored in calculation 'job_158_2VOT_05_b', it belongs to other interface (lookup)
WARNING: Keyword 'lookup_table' ignored in calculation 'job_159_2VOT_06_ab', it belongs to other interface (lookup)
WARNING: Keyword 'lookup_table' ignored in calculation 'job_159_2VOT_06_a', it belongs to other interface (lookup)
WARNING: Keyword 'lookup_table' ignored in calculation 'job_159_2VOT_06_b', it belongs to other interface (lookup)
WARNING: Keyword 'lookup_table' ignored in calculation 'job_160_2VOT_07_ab', it belongs to other interface (lookup)
WARNING: Keyword 'lookup_table' ignored in calculation 'job_160_2VOT_07_a', it belongs to other interface (lookup)
WARNING: Keyword 'lookup_table' ignored in calculation 'job_160_2VOT_07_b', it belongs to other interface (lookup)
WARNING: Keyword 'lookup_table' ignored in calculation 'job_161_2VOT_08_ab', it belongs to other interface (lookup)
WARNING: Keyword 'lookup_table' ignored in calculation 'job_161_2VOT_08_a', it belongs to other interface (lookup)
WARNING: Keyword 'lookup_table' ignored in calculation 'job_161_2VOT_08_b', it belongs to other interface (lookup)
WARNING: Keyword 'lookup_table' ignored in calculation 'job_162_2VOT_09_ab', it belongs to other interface (lookup)
WARNING: Keyword 'lookup_table' ignored in calculation 'job_162_2VOT_09_a', it belongs to other interface (lookup)
WARNING: Keyword 'lookup_table' ignored in calculation 'job_162_2VOT_09_b', it belongs to other interface (lookup)
WARNING: Keyword 'lookup_table' ignored in calculation 'job_163_2VOT_10_ab', it belongs to other interface (lookup)
WARNING: Keyword 'lookup_table' ignored in calculation 'job_163_2VOT_10_a', it belongs to other interface (lookup)
WARNING: Keyword 'lookup_table' ignored in calculation 'job_163_2VOT_10_b', it belongs to other interface (lookup)
WARNING: Keyword 'lookup_table' ignored in calculation 'job_164_2VOT_11_ab', it belongs to other interface (lookup)
WARNING: Keyword 'lookup_table' ignored in calculation 'job_164_2VOT_11_a', it belongs to other interface (lookup)
WARNING: Keyword 'lookup_table' ignored in calculation 'job_164_2VOT_11_b', it belongs to other interface (lookup)
WARNING: Keyword 'lookup_table' ignored in calculation 'job_165_2VOT_12_ab', it belongs to other interface (lookup)
WARNING: Keyword 'lookup_table' ignored in calculation 'job_165_2VOT_12_a', it belongs to other interface (lookup)
WARNING: Keyword 'lookup_table' ignored in calculation 'job_165_2VOT_12_b', it belongs to other interface (lookup)
WARNING: Keyword 'lookup_table' ignored in calculation 'job_166_2VOT_13_ab', it belongs to other interface (lookup)
WARNING: Keyword 'lookup_table' ignored in calculation 'job_166_2VOT_13_a', it belongs to other interface (lookup)
WARNING: Keyword 'lookup_table' ignored in calculation 'job_166_2VOT_13_b', it belongs to other interface (lookup)
WARNING: Keyword 'lookup_table' ignored in calculation 'job_167_2VOT_14_ab', it belongs to other interface (lookup)
WARNING: Keyword 'lookup_table' ignored in calculation 'job_167_2VOT_14_a', it belongs to other interface (lookup)
WARNING: Keyword 'lookup_table' ignored in calculation 'job_167_2VOT_14_b', it belongs to other interface (lookup)
WARNING: Keyword 'lookup_table' ignored in calculation 'job_168_2VOT_15_ab', it belongs to other interface (lookup)
WARNING: Keyword 'lookup_table' ignored in calculation 'job_168_2VOT_15_a', it belongs to other interface (lookup)
WARNING: Keyword 'lookup_table' ignored in calculation 'job_168_2VOT_15_b', it belongs to other interface (lookup)
WARNING: Keyword 'lookup_table' ignored in calculation 'job_169_2VOT_16_ab', it belongs to other interface (lookup)
WARNING: Keyword 'lookup_table' ignored in calculation 'job_169_2VOT_16_a', it belongs to other interface (lookup)
WARNING: Keyword 'lookup_table' ignored in calculation 'job_169_2VOT_16_b', it belongs to other interface (lookup)
WARNING: Keyword 'lookup_table' ignored in calculation 'job_170_2VOT_17_ab', it belongs to other interface (lookup)
WARNING: Keyword 'lookup_table' ignored in calculation 'job_170_2VOT_17_a', it belongs to other interface (lookup)
WARNING: Keyword 'lookup_table' ignored in calculation 'job_170_2VOT_17_b', it belongs to other interface (lookup)
WARNING: Keyword 'lookup_table' ignored in calculation 'job_171_2VOT_18_ab', it belongs to other interface (lookup)
WARNING: Keyword 'lookup_table' ignored in calculation 'job_171_2VOT_18_a', it belongs to other interface (lookup)
WARNING: Keyword 'lookup_table' ignored in calculation 'job_171_2VOT_18_b', it belongs to other interface (lookup)
WARNING: Keyword 'lookup_table' ignored in calculation 'job_172_2VOT_19_ab', it belongs to other interface (lookup)
WARNING: Keyword 'lookup_table' ignored in calculation 'job_172_2VOT_19_a', it belongs to other interface (lookup)
WARNING: Keyword 'lookup_table' ignored in calculation 'job_172_2VOT_19_b', it belongs to other interface (lookup)
WARNING: Keyword 'lookup_table' ignored in calculation 'job_173_2VOT_20_ab', it belongs to other interface (lookup)
WARNING: Keyword 'lookup_table' ignored in calculation 'job_173_2VOT_20_a', it belongs to other interface (lookup)
WARNING: Keyword 'lookup_table' ignored in calculation 'job_173_2VOT_20_b', it belongs to other interface (lookup)
WARNING: Keyword 'lookup_table' ignored in calculation 'job_174_2VOT_21_ab', it belongs to other interface (lookup)
WARNING: Keyword 'lookup_table' ignored in calculation 'job_174_2VOT_21_a', it belongs to other interface (lookup)
WARNING: Keyword 'lookup_table' ignored in calculation 'job_174_2VOT_21_b', it belongs to other interface (lookup)
WARNING: Keyword 'lookup_table' ignored in calculation 'job_175_2VOT_22_ab', it belongs to other interface (lookup)
WARNING: Keyword 'lookup_table' ignored in calculation 'job_175_2VOT_22_a', it belongs to other interface (lookup)
WARNING: Keyword 'lookup_table' ignored in calculation 'job_175_2VOT_22_b', it belongs to other interface (lookup)
WARNING: Keyword 'lookup_table' ignored in calculation 'job_176_2VW5_01_ab', it belongs to other interface (lookup)
WARNING: Keyword 'lookup_table' ignored in calculation 'job_176_2VW5_01_a', it belongs to other interface (lookup)
WARNING: Keyword 'lookup_table' ignored in calculation 'job_176_2VW5_01_b', it belongs to other interface (lookup)
WARNING: Keyword 'lookup_table' ignored in calculation 'job_177_2VW5_02_ab', it belongs to other interface (lookup)
WARNING: Keyword 'lookup_table' ignored in calculation 'job_177_2VW5_02_a', it belongs to other interface (lookup)
WARNING: Keyword 'lookup_table' ignored in calculation 'job_177_2VW5_02_b', it belongs to other interface (lookup)
WARNING: Keyword 'lookup_table' ignored in calculation 'job_178_2VW5_03_ab', it belongs to other interface (lookup)
WARNING: Keyword 'lookup_table' ignored in calculation 'job_178_2VW5_03_a', it belongs to other interface (lookup)
WARNING: Keyword 'lookup_table' ignored in calculation 'job_178_2VW5_03_b', it belongs to other interface (lookup)
WARNING: Keyword 'lookup_table' ignored in calculation 'job_179_2VW5_04_ab', it belongs to other interface (lookup)
WARNING: Keyword 'lookup_table' ignored in calculation 'job_179_2VW5_04_a', it belongs to other interface (lookup)
WARNING: Keyword 'lookup_table' ignored in calculation 'job_179_2VW5_04_b', it belongs to other interface (lookup)
WARNING: Keyword 'lookup_table' ignored in calculation 'job_180_2VW5_05_ab', it belongs to other interface (lookup)
WARNING: Keyword 'lookup_table' ignored in calculation 'job_180_2VW5_05_a', it belongs to other interface (lookup)
WARNING: Keyword 'lookup_table' ignored in calculation 'job_180_2VW5_05_b', it belongs to other interface (lookup)
WARNING: Keyword 'lookup_table' ignored in calculation 'job_181_2VW5_06_ab', it belongs to other interface (lookup)
WARNING: Keyword 'lookup_table' ignored in calculation 'job_181_2VW5_06_a', it belongs to other interface (lookup)
WARNING: Keyword 'lookup_table' ignored in calculation 'job_181_2VW5_06_b', it belongs to other interface (lookup)
WARNING: Keyword 'lookup_table' ignored in calculation 'job_182_2VW5_07_ab', it belongs to other interface (lookup)
WARNING: Keyword 'lookup_table' ignored in calculation 'job_182_2VW5_07_a', it belongs to other interface (lookup)
WARNING: Keyword 'lookup_table' ignored in calculation 'job_182_2VW5_07_b', it belongs to other interface (lookup)
WARNING: Keyword 'lookup_table' ignored in calculation 'job_183_2VW5_08_ab', it belongs to other interface (lookup)
WARNING: Keyword 'lookup_table' ignored in calculation 'job_183_2VW5_08_a', it belongs to other interface (lookup)
WARNING: Keyword 'lookup_table' ignored in calculation 'job_183_2VW5_08_b', it belongs to other interface (lookup)
WARNING: Keyword 'lookup_table' ignored in calculation 'job_184_2VW5_09_ab', it belongs to other interface (lookup)
WARNING: Keyword 'lookup_table' ignored in calculation 'job_184_2VW5_09_a', it belongs to other interface (lookup)
WARNING: Keyword 'lookup_table' ignored in calculation 'job_184_2VW5_09_b', it belongs to other interface (lookup)
WARNING: Keyword 'lookup_table' ignored in calculation 'job_185_2VW5_10_ab', it belongs to other interface (lookup)
WARNING: Keyword 'lookup_table' ignored in calculation 'job_185_2VW5_10_a', it belongs to other interface (lookup)
WARNING: Keyword 'lookup_table' ignored in calculation 'job_185_2VW5_10_b', it belongs to other interface (lookup)
WARNING: Keyword 'lookup_table' ignored in calculation 'job_186_2VW5_11_ab', it belongs to other interface (lookup)
WARNING: Keyword 'lookup_table' ignored in calculation 'job_186_2VW5_11_a', it belongs to other interface (lookup)
WARNING: Keyword 'lookup_table' ignored in calculation 'job_186_2VW5_11_b', it belongs to other interface (lookup)
WARNING: Keyword 'lookup_table' ignored in calculation 'job_187_2VW5_12_ab', it belongs to other interface (lookup)
WARNING: Keyword 'lookup_table' ignored in calculation 'job_187_2VW5_12_a', it belongs to other interface (lookup)
WARNING: Keyword 'lookup_table' ignored in calculation 'job_187_2VW5_12_b', it belongs to other interface (lookup)
WARNING: Keyword 'lookup_table' ignored in calculation 'job_188_2VW5_13_ab', it belongs to other interface (lookup)
WARNING: Keyword 'lookup_table' ignored in calculation 'job_188_2VW5_13_a', it belongs to other interface (lookup)
WARNING: Keyword 'lookup_table' ignored in calculation 'job_188_2VW5_13_b', it belongs to other interface (lookup)
WARNING: Keyword 'lookup_table' ignored in calculation 'job_189_2VW5_14_ab', it belongs to other interface (lookup)
WARNING: Keyword 'lookup_table' ignored in calculation 'job_189_2VW5_14_a', it belongs to other interface (lookup)
WARNING: Keyword 'lookup_table' ignored in calculation 'job_189_2VW5_14_b', it belongs to other interface (lookup)
WARNING: Keyword 'lookup_table' ignored in calculation 'job_190_2VW5_15_ab', it belongs to other interface (lookup)
WARNING: Keyword 'lookup_table' ignored in calculation 'job_190_2VW5_15_a', it belongs to other interface (lookup)
WARNING: Keyword 'lookup_table' ignored in calculation 'job_190_2VW5_15_b', it belongs to other interface (lookup)
WARNING: Keyword 'lookup_table' ignored in calculation 'job_191_2VW5_16_ab', it belongs to other interface (lookup)
WARNING: Keyword 'lookup_table' ignored in calculation 'job_191_2VW5_16_a', it belongs to other interface (lookup)
WARNING: Keyword 'lookup_table' ignored in calculation 'job_191_2VW5_16_b', it belongs to other interface (lookup)
WARNING: Keyword 'lookup_table' ignored in calculation 'job_192_2VW5_17_ab', it belongs to other interface (lookup)
WARNING: Keyword 'lookup_table' ignored in calculation 'job_192_2VW5_17_a', it belongs to other interface (lookup)
WARNING: Keyword 'lookup_table' ignored in calculation 'job_192_2VW5_17_b', it belongs to other interface (lookup)
WARNING: Keyword 'lookup_table' ignored in calculation 'job_193_2VW5_18_ab', it belongs to other interface (lookup)
WARNING: Keyword 'lookup_table' ignored in calculation 'job_193_2VW5_18_a', it belongs to other interface (lookup)
WARNING: Keyword 'lookup_table' ignored in calculation 'job_193_2VW5_18_b', it belongs to other interface (lookup)
WARNING: Keyword 'lookup_table' ignored in calculation 'job_194_2VW5_19_ab', it belongs to other interface (lookup)
WARNING: Keyword 'lookup_table' ignored in calculation 'job_194_2VW5_19_a', it belongs to other interface (lookup)
WARNING: Keyword 'lookup_table' ignored in calculation 'job_194_2VW5_19_b', it belongs to other interface (lookup)
WARNING: Keyword 'lookup_table' ignored in calculation 'job_195_2VW5_20_ab', it belongs to other interface (lookup)
WARNING: Keyword 'lookup_table' ignored in calculation 'job_195_2VW5_20_a', it belongs to other interface (lookup)
WARNING: Keyword 'lookup_table' ignored in calculation 'job_195_2VW5_20_b', it belongs to other interface (lookup)
WARNING: Keyword 'lookup_table' ignored in calculation 'job_196_2VW5_21_ab', it belongs to other interface (lookup)
WARNING: Keyword 'lookup_table' ignored in calculation 'job_196_2VW5_21_a', it belongs to other interface (lookup)
WARNING: Keyword 'lookup_table' ignored in calculation 'job_196_2VW5_21_b', it belongs to other interface (lookup)
WARNING: Keyword 'lookup_table' ignored in calculation 'job_197_2VW5_22_ab', it belongs to other interface (lookup)
WARNING: Keyword 'lookup_table' ignored in calculation 'job_197_2VW5_22_a', it belongs to other interface (lookup)
WARNING: Keyword 'lookup_table' ignored in calculation 'job_197_2VW5_22_b', it belongs to other interface (lookup)
WARNING: Keyword 'lookup_table' ignored in calculation 'job_198_2VW5_23_ab', it belongs to other interface (lookup)
WARNING: Keyword 'lookup_table' ignored in calculation 'job_198_2VW5_23_a', it belongs to other interface (lookup)
WARNING: Keyword 'lookup_table' ignored in calculation 'job_198_2VW5_23_b', it belongs to other interface (lookup)
WARNING: Keyword 'lookup_table' ignored in calculation 'job_199_2VW5_24_ab', it belongs to other interface (lookup)
WARNING: Keyword 'lookup_table' ignored in calculation 'job_199_2VW5_24_a', it belongs to other interface (lookup)
WARNING: Keyword 'lookup_table' ignored in calculation 'job_199_2VW5_24_b', it belongs to other interface (lookup)
WARNING: Keyword 'lookup_table' ignored in calculation 'job_200_2VW5_25_ab', it belongs to other interface (lookup)
WARNING: Keyword 'lookup_table' ignored in calculation 'job_200_2VW5_25_a', it belongs to other interface (lookup)
WARNING: Keyword 'lookup_table' ignored in calculation 'job_200_2VW5_25_b', it belongs to other interface (lookup)
WARNING: Keyword 'lookup_table' ignored in calculation 'job_201_2VW5_26_ab', it belongs to other interface (lookup)
WARNING: Keyword 'lookup_table' ignored in calculation 'job_201_2VW5_26_a', it belongs to other interface (lookup)
WARNING: Keyword 'lookup_table' ignored in calculation 'job_201_2VW5_26_b', it belongs to other interface (lookup)
WARNING: Keyword 'lookup_table' ignored in calculation 'job_202_2VW5_28_ab', it belongs to other interface (lookup)
WARNING: Keyword 'lookup_table' ignored in calculation 'job_202_2VW5_28_a', it belongs to other interface (lookup)
WARNING: Keyword 'lookup_table' ignored in calculation 'job_202_2VW5_28_b', it belongs to other interface (lookup)
WARNING: Keyword 'lookup_table' ignored in calculation 'job_203_2VW5_29_ab', it belongs to other interface (lookup)
WARNING: Keyword 'lookup_table' ignored in calculation 'job_203_2VW5_29_a', it belongs to other interface (lookup)
WARNING: Keyword 'lookup_table' ignored in calculation 'job_203_2VW5_29_b', it belongs to other interface (lookup)
WARNING: Keyword 'lookup_table' ignored in calculation 'job_204_2VW5_30_ab', it belongs to other interface (lookup)
WARNING: Keyword 'lookup_table' ignored in calculation 'job_204_2VW5_30_a', it belongs to other interface (lookup)
WARNING: Keyword 'lookup_table' ignored in calculation 'job_204_2VW5_30_b', it belongs to other interface (lookup)
WARNING: Keyword 'lookup_table' ignored in calculation 'job_205_2VW5_31_ab', it belongs to other interface (lookup)
WARNING: Keyword 'lookup_table' ignored in calculation 'job_205_2VW5_31_a', it belongs to other interface (lookup)
WARNING: Keyword 'lookup_table' ignored in calculation 'job_205_2VW5_31_b', it belongs to other interface (lookup)
WARNING: Keyword 'lookup_table' ignored in calculation 'job_206_2VW5_32_ab', it belongs to other interface (lookup)
WARNING: Keyword 'lookup_table' ignored in calculation 'job_206_2VW5_32_a', it belongs to other interface (lookup)
WARNING: Keyword 'lookup_table' ignored in calculation 'job_206_2VW5_32_b', it belongs to other interface (lookup)
WARNING: Keyword 'lookup_table' ignored in calculation 'job_207_2VW5_33_ab', it belongs to other interface (lookup)
WARNING: Keyword 'lookup_table' ignored in calculation 'job_207_2VW5_33_a', it belongs to other interface (lookup)
WARNING: Keyword 'lookup_table' ignored in calculation 'job_207_2VW5_33_b', it belongs to other interface (lookup)
WARNING: Keyword 'lookup_table' ignored in calculation 'job_208_2XB8_01_ab', it belongs to other interface (lookup)
WARNING: Keyword 'lookup_table' ignored in calculation 'job_208_2XB8_01_a', it belongs to other interface (lookup)
WARNING: Keyword 'lookup_table' ignored in calculation 'job_208_2XB8_01_b', it belongs to other interface (lookup)
WARNING: Keyword 'lookup_table' ignored in calculation 'job_209_2XB8_02_ab', it belongs to other interface (lookup)
WARNING: Keyword 'lookup_table' ignored in calculation 'job_209_2XB8_02_a', it belongs to other interface (lookup)
WARNING: Keyword 'lookup_table' ignored in calculation 'job_209_2XB8_02_b', it belongs to other interface (lookup)
WARNING: Keyword 'lookup_table' ignored in calculation 'job_210_2XB8_03_ab', it belongs to other interface (lookup)
WARNING: Keyword 'lookup_table' ignored in calculation 'job_210_2XB8_03_a', it belongs to other interface (lookup)
WARNING: Keyword 'lookup_table' ignored in calculation 'job_210_2XB8_03_b', it belongs to other interface (lookup)
WARNING: Keyword 'lookup_table' ignored in calculation 'job_211_2XB8_04_ab', it belongs to other interface (lookup)
WARNING: Keyword 'lookup_table' ignored in calculation 'job_211_2XB8_04_a', it belongs to other interface (lookup)
WARNING: Keyword 'lookup_table' ignored in calculation 'job_211_2XB8_04_b', it belongs to other interface (lookup)
WARNING: Keyword 'lookup_table' ignored in calculation 'job_212_2XB8_05_ab', it belongs to other interface (lookup)
WARNING: Keyword 'lookup_table' ignored in calculation 'job_212_2XB8_05_a', it belongs to other interface (lookup)
WARNING: Keyword 'lookup_table' ignored in calculation 'job_212_2XB8_05_b', it belongs to other interface (lookup)
WARNING: Keyword 'lookup_table' ignored in calculation 'job_213_2XB8_06_ab', it belongs to other interface (lookup)
WARNING: Keyword 'lookup_table' ignored in calculation 'job_213_2XB8_06_a', it belongs to other interface (lookup)
WARNING: Keyword 'lookup_table' ignored in calculation 'job_213_2XB8_06_b', it belongs to other interface (lookup)
WARNING: Keyword 'lookup_table' ignored in calculation 'job_214_2XB8_07_ab', it belongs to other interface (lookup)
WARNING: Keyword 'lookup_table' ignored in calculation 'job_214_2XB8_07_a', it belongs to other interface (lookup)
WARNING: Keyword 'lookup_table' ignored in calculation 'job_214_2XB8_07_b', it belongs to other interface (lookup)
WARNING: Keyword 'lookup_table' ignored in calculation 'job_215_2XB8_08_ab', it belongs to other interface (lookup)
WARNING: Keyword 'lookup_table' ignored in calculation 'job_215_2XB8_08_a', it belongs to other interface (lookup)
WARNING: Keyword 'lookup_table' ignored in calculation 'job_215_2XB8_08_b', it belongs to other interface (lookup)
WARNING: Keyword 'lookup_table' ignored in calculation 'job_216_2XB8_09_ab', it belongs to other interface (lookup)
WARNING: Keyword 'lookup_table' ignored in calculation 'job_216_2XB8_09_a', it belongs to other interface (lookup)
WARNING: Keyword 'lookup_table' ignored in calculation 'job_216_2XB8_09_b', it belongs to other interface (lookup)
WARNING: Keyword 'lookup_table' ignored in calculation 'job_217_2XB8_10_ab', it belongs to other interface (lookup)
WARNING: Keyword 'lookup_table' ignored in calculation 'job_217_2XB8_10_a', it belongs to other interface (lookup)
WARNING: Keyword 'lookup_table' ignored in calculation 'job_217_2XB8_10_b', it belongs to other interface (lookup)
WARNING: Keyword 'lookup_table' ignored in calculation 'job_218_2XB8_11_ab', it belongs to other interface (lookup)
WARNING: Keyword 'lookup_table' ignored in calculation 'job_218_2XB8_11_a', it belongs to other interface (lookup)
WARNING: Keyword 'lookup_table' ignored in calculation 'job_218_2XB8_11_b', it belongs to other interface (lookup)
WARNING: Keyword 'lookup_table' ignored in calculation 'job_219_2XB8_12_ab', it belongs to other interface (lookup)
WARNING: Keyword 'lookup_table' ignored in calculation 'job_219_2XB8_12_a', it belongs to other interface (lookup)
WARNING: Keyword 'lookup_table' ignored in calculation 'job_219_2XB8_12_b', it belongs to other interface (lookup)
WARNING: Keyword 'lookup_table' ignored in calculation 'job_220_2XB8_13_ab', it belongs to other interface (lookup)
WARNING: Keyword 'lookup_table' ignored in calculation 'job_220_2XB8_13_a', it belongs to other interface (lookup)
WARNING: Keyword 'lookup_table' ignored in calculation 'job_220_2XB8_13_b', it belongs to other interface (lookup)
WARNING: Keyword 'lookup_table' ignored in calculation 'job_221_2XB8_14_ab', it belongs to other interface (lookup)
WARNING: Keyword 'lookup_table' ignored in calculation 'job_221_2XB8_14_a', it belongs to other interface (lookup)
WARNING: Keyword 'lookup_table' ignored in calculation 'job_221_2XB8_14_b', it belongs to other interface (lookup)
WARNING: Keyword 'lookup_table' ignored in calculation 'job_222_2XB8_15_ab', it belongs to other interface (lookup)
WARNING: Keyword 'lookup_table' ignored in calculation 'job_222_2XB8_15_a', it belongs to other interface (lookup)
WARNING: Keyword 'lookup_table' ignored in calculation 'job_222_2XB8_15_b', it belongs to other interface (lookup)
WARNING: Keyword 'lookup_table' ignored in calculation 'job_223_2XB8_16_ab', it belongs to other interface (lookup)
WARNING: Keyword 'lookup_table' ignored in calculation 'job_223_2XB8_16_a', it belongs to other interface (lookup)
WARNING: Keyword 'lookup_table' ignored in calculation 'job_223_2XB8_16_b', it belongs to other interface (lookup)
WARNING: Keyword 'lookup_table' ignored in calculation 'job_224_2XB8_17_ab', it belongs to other interface (lookup)
WARNING: Keyword 'lookup_table' ignored in calculation 'job_224_2XB8_17_a', it belongs to other interface (lookup)
WARNING: Keyword 'lookup_table' ignored in calculation 'job_224_2XB8_17_b', it belongs to other interface (lookup)
WARNING: Keyword 'lookup_table' ignored in calculation 'job_225_2XB8_18_ab', it belongs to other interface (lookup)
WARNING: Keyword 'lookup_table' ignored in calculation 'job_225_2XB8_18_a', it belongs to other interface (lookup)
WARNING: Keyword 'lookup_table' ignored in calculation 'job_225_2XB8_18_b', it belongs to other interface (lookup)
WARNING: Keyword 'lookup_table' ignored in calculation 'job_226_2XB8_19_ab', it belongs to other interface (lookup)
WARNING: Keyword 'lookup_table' ignored in calculation 'job_226_2XB8_19_a', it belongs to other interface (lookup)
WARNING: Keyword 'lookup_table' ignored in calculation 'job_226_2XB8_19_b', it belongs to other interface (lookup)
WARNING: Keyword 'lookup_table' ignored in calculation 'job_227_2XB8_20_ab', it belongs to other interface (lookup)
WARNING: Keyword 'lookup_table' ignored in calculation 'job_227_2XB8_20_a', it belongs to other interface (lookup)
WARNING: Keyword 'lookup_table' ignored in calculation 'job_227_2XB8_20_b', it belongs to other interface (lookup)
WARNING: Keyword 'lookup_table' ignored in calculation 'job_228_2XB8_21_ab', it belongs to other interface (lookup)
WARNING: Keyword 'lookup_table' ignored in calculation 'job_228_2XB8_21_a', it belongs to other interface (lookup)
WARNING: Keyword 'lookup_table' ignored in calculation 'job_228_2XB8_21_b', it belongs to other interface (lookup)
WARNING: Keyword 'lookup_table' ignored in calculation 'job_229_2XB8_22_ab', it belongs to other interface (lookup)
WARNING: Keyword 'lookup_table' ignored in calculation 'job_229_2XB8_22_a', it belongs to other interface (lookup)
WARNING: Keyword 'lookup_table' ignored in calculation 'job_229_2XB8_22_b', it belongs to other interface (lookup)
WARNING: Keyword 'lookup_table' ignored in calculation 'job_230_2XB8_23_ab', it belongs to other interface (lookup)
WARNING: Keyword 'lookup_table' ignored in calculation 'job_230_2XB8_23_a', it belongs to other interface (lookup)
WARNING: Keyword 'lookup_table' ignored in calculation 'job_230_2XB8_23_b', it belongs to other interface (lookup)
WARNING: Keyword 'lookup_table' ignored in calculation 'job_231_2XB8_24_ab', it belongs to other interface (lookup)
WARNING: Keyword 'lookup_table' ignored in calculation 'job_231_2XB8_24_a', it belongs to other interface (lookup)
WARNING: Keyword 'lookup_table' ignored in calculation 'job_231_2XB8_24_b', it belongs to other interface (lookup)
WARNING: Keyword 'lookup_table' ignored in calculation 'job_232_2XB8_25_ab', it belongs to other interface (lookup)
WARNING: Keyword 'lookup_table' ignored in calculation 'job_232_2XB8_25_a', it belongs to other interface (lookup)
WARNING: Keyword 'lookup_table' ignored in calculation 'job_232_2XB8_25_b', it belongs to other interface (lookup)
WARNING: Keyword 'lookup_table' ignored in calculation 'job_233_2XB8_26_ab', it belongs to other interface (lookup)
WARNING: Keyword 'lookup_table' ignored in calculation 'job_233_2XB8_26_a', it belongs to other interface (lookup)
WARNING: Keyword 'lookup_table' ignored in calculation 'job_233_2XB8_26_b', it belongs to other interface (lookup)
WARNING: Keyword 'lookup_table' ignored in calculation 'job_234_2XB8_27_ab', it belongs to other interface (lookup)
WARNING: Keyword 'lookup_table' ignored in calculation 'job_234_2XB8_27_a', it belongs to other interface (lookup)
WARNING: Keyword 'lookup_table' ignored in calculation 'job_234_2XB8_27_b', it belongs to other interface (lookup)
WARNING: Keyword 'lookup_table' ignored in calculation 'job_235_2XB8_28_ab', it belongs to other interface (lookup)
WARNING: Keyword 'lookup_table' ignored in calculation 'job_235_2XB8_28_a', it belongs to other interface (lookup)
WARNING: Keyword 'lookup_table' ignored in calculation 'job_235_2XB8_28_b', it belongs to other interface (lookup)
WARNING: Keyword 'lookup_table' ignored in calculation 'job_236_2XB8_29_ab', it belongs to other interface (lookup)
WARNING: Keyword 'lookup_table' ignored in calculation 'job_236_2XB8_29_a', it belongs to other interface (lookup)
WARNING: Keyword 'lookup_table' ignored in calculation 'job_236_2XB8_29_b', it belongs to other interface (lookup)
WARNING: Keyword 'lookup_table' ignored in calculation 'job_237_2XB8_30_ab', it belongs to other interface (lookup)
WARNING: Keyword 'lookup_table' ignored in calculation 'job_237_2XB8_30_a', it belongs to other interface (lookup)
WARNING: Keyword 'lookup_table' ignored in calculation 'job_237_2XB8_30_b', it belongs to other interface (lookup)
WARNING: Keyword 'lookup_table' ignored in calculation 'job_238_2XB8_31_ab', it belongs to other interface (lookup)
WARNING: Keyword 'lookup_table' ignored in calculation 'job_238_2XB8_31_a', it belongs to other interface (lookup)
WARNING: Keyword 'lookup_table' ignored in calculation 'job_238_2XB8_31_b', it belongs to other interface (lookup)
WARNING: Keyword 'lookup_table' ignored in calculation 'job_239_2XB8_32_ab', it belongs to other interface (lookup)
WARNING: Keyword 'lookup_table' ignored in calculation 'job_239_2XB8_32_a', it belongs to other interface (lookup)
WARNING: Keyword 'lookup_table' ignored in calculation 'job_239_2XB8_32_b', it belongs to other interface (lookup)
WARNING: Keyword 'lookup_table' ignored in calculation 'job_240_2XB8_33_ab', it belongs to other interface (lookup)
WARNING: Keyword 'lookup_table' ignored in calculation 'job_240_2XB8_33_a', it belongs to other interface (lookup)
WARNING: Keyword 'lookup_table' ignored in calculation 'job_240_2XB8_33_b', it belongs to other interface (lookup)
WARNING: Keyword 'lookup_table' ignored in calculation 'job_241_2YKI_01_ab', it belongs to other interface (lookup)
WARNING: Keyword 'lookup_table' ignored in calculation 'job_241_2YKI_01_a', it belongs to other interface (lookup)
WARNING: Keyword 'lookup_table' ignored in calculation 'job_241_2YKI_01_b', it belongs to other interface (lookup)
WARNING: Keyword 'lookup_table' ignored in calculation 'job_242_2YKI_02_ab', it belongs to other interface (lookup)
WARNING: Keyword 'lookup_table' ignored in calculation 'job_242_2YKI_02_a', it belongs to other interface (lookup)
WARNING: Keyword 'lookup_table' ignored in calculation 'job_242_2YKI_02_b', it belongs to other interface (lookup)
WARNING: Keyword 'lookup_table' ignored in calculation 'job_243_2YKI_03_ab', it belongs to other interface (lookup)
WARNING: Keyword 'lookup_table' ignored in calculation 'job_243_2YKI_03_a', it belongs to other interface (lookup)
WARNING: Keyword 'lookup_table' ignored in calculation 'job_243_2YKI_03_b', it belongs to other interface (lookup)
WARNING: Keyword 'lookup_table' ignored in calculation 'job_244_2YKI_04_ab', it belongs to other interface (lookup)
WARNING: Keyword 'lookup_table' ignored in calculation 'job_244_2YKI_04_a', it belongs to other interface (lookup)
WARNING: Keyword 'lookup_table' ignored in calculation 'job_244_2YKI_04_b', it belongs to other interface (lookup)
WARNING: Keyword 'lookup_table' ignored in calculation 'job_245_2YKI_05_ab', it belongs to other interface (lookup)
WARNING: Keyword 'lookup_table' ignored in calculation 'job_245_2YKI_05_a', it belongs to other interface (lookup)
WARNING: Keyword 'lookup_table' ignored in calculation 'job_245_2YKI_05_b', it belongs to other interface (lookup)
WARNING: Keyword 'lookup_table' ignored in calculation 'job_246_2YKI_06_ab', it belongs to other interface (lookup)
WARNING: Keyword 'lookup_table' ignored in calculation 'job_246_2YKI_06_a', it belongs to other interface (lookup)
WARNING: Keyword 'lookup_table' ignored in calculation 'job_246_2YKI_06_b', it belongs to other interface (lookup)
WARNING: Keyword 'lookup_table' ignored in calculation 'job_247_2YKI_07_ab', it belongs to other interface (lookup)
WARNING: Keyword 'lookup_table' ignored in calculation 'job_247_2YKI_07_a', it belongs to other interface (lookup)
WARNING: Keyword 'lookup_table' ignored in calculation 'job_247_2YKI_07_b', it belongs to other interface (lookup)
WARNING: Keyword 'lookup_table' ignored in calculation 'job_248_2YKI_08_ab', it belongs to other interface (lookup)
WARNING: Keyword 'lookup_table' ignored in calculation 'job_248_2YKI_08_a', it belongs to other interface (lookup)
WARNING: Keyword 'lookup_table' ignored in calculation 'job_248_2YKI_08_b', it belongs to other interface (lookup)
WARNING: Keyword 'lookup_table' ignored in calculation 'job_249_2YKI_09_ab', it belongs to other interface (lookup)
WARNING: Keyword 'lookup_table' ignored in calculation 'job_249_2YKI_09_a', it belongs to other interface (lookup)
WARNING: Keyword 'lookup_table' ignored in calculation 'job_249_2YKI_09_b', it belongs to other interface (lookup)
WARNING: Keyword 'lookup_table' ignored in calculation 'job_250_2YKI_10_ab', it belongs to other interface (lookup)
WARNING: Keyword 'lookup_table' ignored in calculation 'job_250_2YKI_10_a', it belongs to other interface (lookup)
WARNING: Keyword 'lookup_table' ignored in calculation 'job_250_2YKI_10_b', it belongs to other interface (lookup)
WARNING: Keyword 'lookup_table' ignored in calculation 'job_251_2YKI_11_ab', it belongs to other interface (lookup)
WARNING: Keyword 'lookup_table' ignored in calculation 'job_251_2YKI_11_a', it belongs to other interface (lookup)
WARNING: Keyword 'lookup_table' ignored in calculation 'job_251_2YKI_11_b', it belongs to other interface (lookup)
WARNING: Keyword 'lookup_table' ignored in calculation 'job_252_2YKI_12_ab', it belongs to other interface (lookup)
WARNING: Keyword 'lookup_table' ignored in calculation 'job_252_2YKI_12_a', it belongs to other interface (lookup)
WARNING: Keyword 'lookup_table' ignored in calculation 'job_252_2YKI_12_b', it belongs to other interface (lookup)
WARNING: Keyword 'lookup_table' ignored in calculation 'job_253_2YKI_13_ab', it belongs to other interface (lookup)
WARNING: Keyword 'lookup_table' ignored in calculation 'job_253_2YKI_13_a', it belongs to other interface (lookup)
WARNING: Keyword 'lookup_table' ignored in calculation 'job_253_2YKI_13_b', it belongs to other interface (lookup)
WARNING: Keyword 'lookup_table' ignored in calculation 'job_254_2YKI_14_ab', it belongs to other interface (lookup)
WARNING: Keyword 'lookup_table' ignored in calculation 'job_254_2YKI_14_a', it belongs to other interface (lookup)
WARNING: Keyword 'lookup_table' ignored in calculation 'job_254_2YKI_14_b', it belongs to other interface (lookup)
WARNING: Keyword 'lookup_table' ignored in calculation 'job_255_2YKI_15_ab', it belongs to other interface (lookup)
WARNING: Keyword 'lookup_table' ignored in calculation 'job_255_2YKI_15_a', it belongs to other interface (lookup)
WARNING: Keyword 'lookup_table' ignored in calculation 'job_255_2YKI_15_b', it belongs to other interface (lookup)
WARNING: Keyword 'lookup_table' ignored in calculation 'job_256_2YKI_16_ab', it belongs to other interface (lookup)
WARNING: Keyword 'lookup_table' ignored in calculation 'job_256_2YKI_16_a', it belongs to other interface (lookup)
WARNING: Keyword 'lookup_table' ignored in calculation 'job_256_2YKI_16_b', it belongs to other interface (lookup)
WARNING: Keyword 'lookup_table' ignored in calculation 'job_257_2YKI_17_ab', it belongs to other interface (lookup)
WARNING: Keyword 'lookup_table' ignored in calculation 'job_257_2YKI_17_a', it belongs to other interface (lookup)
WARNING: Keyword 'lookup_table' ignored in calculation 'job_257_2YKI_17_b', it belongs to other interface (lookup)
WARNING: Keyword 'lookup_table' ignored in calculation 'job_258_2YKI_18_ab', it belongs to other interface (lookup)
WARNING: Keyword 'lookup_table' ignored in calculation 'job_258_2YKI_18_a', it belongs to other interface (lookup)
WARNING: Keyword 'lookup_table' ignored in calculation 'job_258_2YKI_18_b', it belongs to other interface (lookup)
WARNING: Keyword 'lookup_table' ignored in calculation 'job_259_2YKI_19_ab', it belongs to other interface (lookup)
WARNING: Keyword 'lookup_table' ignored in calculation 'job_259_2YKI_19_a', it belongs to other interface (lookup)
WARNING: Keyword 'lookup_table' ignored in calculation 'job_259_2YKI_19_b', it belongs to other interface (lookup)
WARNING: Keyword 'lookup_table' ignored in calculation 'job_260_2YKI_20_ab', it belongs to other interface (lookup)
WARNING: Keyword 'lookup_table' ignored in calculation 'job_260_2YKI_20_a', it belongs to other interface (lookup)
WARNING: Keyword 'lookup_table' ignored in calculation 'job_260_2YKI_20_b', it belongs to other interface (lookup)
WARNING: Keyword 'lookup_table' ignored in calculation 'job_261_2YKI_21_ab', it belongs to other interface (lookup)
WARNING: Keyword 'lookup_table' ignored in calculation 'job_261_2YKI_21_a', it belongs to other interface (lookup)
WARNING: Keyword 'lookup_table' ignored in calculation 'job_261_2YKI_21_b', it belongs to other interface (lookup)
WARNING: Keyword 'lookup_table' ignored in calculation 'job_262_2YKI_22_ab', it belongs to other interface (lookup)
WARNING: Keyword 'lookup_table' ignored in calculation 'job_262_2YKI_22_a', it belongs to other interface (lookup)
WARNING: Keyword 'lookup_table' ignored in calculation 'job_262_2YKI_22_b', it belongs to other interface (lookup)
WARNING: Keyword 'lookup_table' ignored in calculation 'job_263_2YKI_23_ab', it belongs to other interface (lookup)
WARNING: Keyword 'lookup_table' ignored in calculation 'job_263_2YKI_23_a', it belongs to other interface (lookup)
WARNING: Keyword 'lookup_table' ignored in calculation 'job_263_2YKI_23_b', it belongs to other interface (lookup)
WARNING: Keyword 'lookup_table' ignored in calculation 'job_264_2YKI_24_ab', it belongs to other interface (lookup)
WARNING: Keyword 'lookup_table' ignored in calculation 'job_264_2YKI_24_a', it belongs to other interface (lookup)
WARNING: Keyword 'lookup_table' ignored in calculation 'job_264_2YKI_24_b', it belongs to other interface (lookup)
WARNING: Keyword 'lookup_table' ignored in calculation 'job_265_2YKI_25_ab', it belongs to other interface (lookup)
WARNING: Keyword 'lookup_table' ignored in calculation 'job_265_2YKI_25_a', it belongs to other interface (lookup)
WARNING: Keyword 'lookup_table' ignored in calculation 'job_265_2YKI_25_b', it belongs to other interface (lookup)
WARNING: Keyword 'lookup_table' ignored in calculation 'job_266_2YKI_26_ab', it belongs to other interface (lookup)
WARNING: Keyword 'lookup_table' ignored in calculation 'job_266_2YKI_26_a', it belongs to other interface (lookup)
WARNING: Keyword 'lookup_table' ignored in calculation 'job_266_2YKI_26_b', it belongs to other interface (lookup)
WARNING: Keyword 'lookup_table' ignored in calculation 'job_267_2YKI_27_ab', it belongs to other interface (lookup)
WARNING: Keyword 'lookup_table' ignored in calculation 'job_267_2YKI_27_a', it belongs to other interface (lookup)
WARNING: Keyword 'lookup_table' ignored in calculation 'job_267_2YKI_27_b', it belongs to other interface (lookup)
WARNING: Keyword 'lookup_table' ignored in calculation 'job_268_2YKI_28_ab', it belongs to other interface (lookup)
WARNING: Keyword 'lookup_table' ignored in calculation 'job_268_2YKI_28_a', it belongs to other interface (lookup)
WARNING: Keyword 'lookup_table' ignored in calculation 'job_268_2YKI_28_b', it belongs to other interface (lookup)
WARNING: Keyword 'lookup_table' ignored in calculation 'job_269_2YKI_29_ab', it belongs to other interface (lookup)
WARNING: Keyword 'lookup_table' ignored in calculation 'job_269_2YKI_29_a', it belongs to other interface (lookup)
WARNING: Keyword 'lookup_table' ignored in calculation 'job_269_2YKI_29_b', it belongs to other interface (lookup)
WARNING: Keyword 'lookup_table' ignored in calculation 'job_270_2YKI_30_ab', it belongs to other interface (lookup)
WARNING: Keyword 'lookup_table' ignored in calculation 'job_270_2YKI_30_a', it belongs to other interface (lookup)
WARNING: Keyword 'lookup_table' ignored in calculation 'job_270_2YKI_30_b', it belongs to other interface (lookup)
WARNING: Keyword 'lookup_table' ignored in calculation 'job_271_2YKI_31_ab', it belongs to other interface (lookup)
WARNING: Keyword 'lookup_table' ignored in calculation 'job_271_2YKI_31_a', it belongs to other interface (lookup)
WARNING: Keyword 'lookup_table' ignored in calculation 'job_271_2YKI_31_b', it belongs to other interface (lookup)
WARNING: Keyword 'lookup_table' ignored in calculation 'job_272_2YKI_32_ab', it belongs to other interface (lookup)
WARNING: Keyword 'lookup_table' ignored in calculation 'job_272_2YKI_32_a', it belongs to other interface (lookup)
WARNING: Keyword 'lookup_table' ignored in calculation 'job_272_2YKI_32_b', it belongs to other interface (lookup)
WARNING: Keyword 'lookup_table' ignored in calculation 'job_273_2YKI_33_ab', it belongs to other interface (lookup)
WARNING: Keyword 'lookup_table' ignored in calculation 'job_273_2YKI_33_a', it belongs to other interface (lookup)
WARNING: Keyword 'lookup_table' ignored in calculation 'job_273_2YKI_33_b', it belongs to other interface (lookup)
WARNING: Keyword 'lookup_table' ignored in calculation 'job_274_2YKI_34_ab', it belongs to other interface (lookup)
WARNING: Keyword 'lookup_table' ignored in calculation 'job_274_2YKI_34_a', it belongs to other interface (lookup)
WARNING: Keyword 'lookup_table' ignored in calculation 'job_274_2YKI_34_b', it belongs to other interface (lookup)
WARNING: Keyword 'lookup_table' ignored in calculation 'job_275_2YKI_35_ab', it belongs to other interface (lookup)
WARNING: Keyword 'lookup_table' ignored in calculation 'job_275_2YKI_35_a', it belongs to other interface (lookup)
WARNING: Keyword 'lookup_table' ignored in calculation 'job_275_2YKI_35_b', it belongs to other interface (lookup)
WARNING: Keyword 'lookup_table' ignored in calculation 'job_276_2YKI_36_ab', it belongs to other interface (lookup)
WARNING: Keyword 'lookup_table' ignored in calculation 'job_276_2YKI_36_a', it belongs to other interface (lookup)
WARNING: Keyword 'lookup_table' ignored in calculation 'job_276_2YKI_36_b', it belongs to other interface (lookup)
WARNING: Keyword 'lookup_table' ignored in calculation 'job_277_2YKI_37_ab', it belongs to other interface (lookup)
WARNING: Keyword 'lookup_table' ignored in calculation 'job_277_2YKI_37_a', it belongs to other interface (lookup)
WARNING: Keyword 'lookup_table' ignored in calculation 'job_277_2YKI_37_b', it belongs to other interface (lookup)
WARNING: Keyword 'lookup_table' ignored in calculation 'job_278_2YKI_38_ab', it belongs to other interface (lookup)
WARNING: Keyword 'lookup_table' ignored in calculation 'job_278_2YKI_38_a', it belongs to other interface (lookup)
WARNING: Keyword 'lookup_table' ignored in calculation 'job_278_2YKI_38_b', it belongs to other interface (lookup)
WARNING: Keyword 'lookup_table' ignored in calculation 'job_279_2YKI_40_ab', it belongs to other interface (lookup)
WARNING: Keyword 'lookup_table' ignored in calculation 'job_279_2YKI_40_a', it belongs to other interface (lookup)
WARNING: Keyword 'lookup_table' ignored in calculation 'job_279_2YKI_40_b', it belongs to other interface (lookup)
WARNING: Keyword 'lookup_table' ignored in calculation 'job_280_2YKI_41_ab', it belongs to other interface (lookup)
WARNING: Keyword 'lookup_table' ignored in calculation 'job_280_2YKI_41_a', it belongs to other interface (lookup)
WARNING: Keyword 'lookup_table' ignored in calculation 'job_280_2YKI_41_b', it belongs to other interface (lookup)
WARNING: Keyword 'lookup_table' ignored in calculation 'job_281_2YKI_42_ab', it belongs to other interface (lookup)
WARNING: Keyword 'lookup_table' ignored in calculation 'job_281_2YKI_42_a', it belongs to other interface (lookup)
WARNING: Keyword 'lookup_table' ignored in calculation 'job_281_2YKI_42_b', it belongs to other interface (lookup)
WARNING: Keyword 'lookup_table' ignored in calculation 'job_282_2YKI_43_ab', it belongs to other interface (lookup)
WARNING: Keyword 'lookup_table' ignored in calculation 'job_282_2YKI_43_a', it belongs to other interface (lookup)
WARNING: Keyword 'lookup_table' ignored in calculation 'job_282_2YKI_43_b', it belongs to other interface (lookup)
WARNING: Keyword 'lookup_table' ignored in calculation 'job_283_2YKI_44_ab', it belongs to other interface (lookup)
WARNING: Keyword 'lookup_table' ignored in calculation 'job_283_2YKI_44_a', it belongs to other interface (lookup)
WARNING: Keyword 'lookup_table' ignored in calculation 'job_283_2YKI_44_b', it belongs to other interface (lookup)
WARNING: Keyword 'lookup_table' ignored in calculation 'job_284_2ZX6_01_ab', it belongs to other interface (lookup)
WARNING: Keyword 'lookup_table' ignored in calculation 'job_284_2ZX6_01_a', it belongs to other interface (lookup)
WARNING: Keyword 'lookup_table' ignored in calculation 'job_284_2ZX6_01_b', it belongs to other interface (lookup)
WARNING: Keyword 'lookup_table' ignored in calculation 'job_285_2ZX6_02_ab', it belongs to other interface (lookup)
WARNING: Keyword 'lookup_table' ignored in calculation 'job_285_2ZX6_02_a', it belongs to other interface (lookup)
WARNING: Keyword 'lookup_table' ignored in calculation 'job_285_2ZX6_02_b', it belongs to other interface (lookup)
WARNING: Keyword 'lookup_table' ignored in calculation 'job_286_2ZX6_03_ab', it belongs to other interface (lookup)
WARNING: Keyword 'lookup_table' ignored in calculation 'job_286_2ZX6_03_a', it belongs to other interface (lookup)
WARNING: Keyword 'lookup_table' ignored in calculation 'job_286_2ZX6_03_b', it belongs to other interface (lookup)
WARNING: Keyword 'lookup_table' ignored in calculation 'job_287_2ZX6_04_ab', it belongs to other interface (lookup)
WARNING: Keyword 'lookup_table' ignored in calculation 'job_287_2ZX6_04_a', it belongs to other interface (lookup)
WARNING: Keyword 'lookup_table' ignored in calculation 'job_287_2ZX6_04_b', it belongs to other interface (lookup)
WARNING: Keyword 'lookup_table' ignored in calculation 'job_288_2ZX6_05_ab', it belongs to other interface (lookup)
WARNING: Keyword 'lookup_table' ignored in calculation 'job_288_2ZX6_05_a', it belongs to other interface (lookup)
WARNING: Keyword 'lookup_table' ignored in calculation 'job_288_2ZX6_05_b', it belongs to other interface (lookup)
WARNING: Keyword 'lookup_table' ignored in calculation 'job_289_2ZX6_06_ab', it belongs to other interface (lookup)
WARNING: Keyword 'lookup_table' ignored in calculation 'job_289_2ZX6_06_a', it belongs to other interface (lookup)
WARNING: Keyword 'lookup_table' ignored in calculation 'job_289_2ZX6_06_b', it belongs to other interface (lookup)
WARNING: Keyword 'lookup_table' ignored in calculation 'job_290_2ZX6_07_ab', it belongs to other interface (lookup)
WARNING: Keyword 'lookup_table' ignored in calculation 'job_290_2ZX6_07_a', it belongs to other interface (lookup)
WARNING: Keyword 'lookup_table' ignored in calculation 'job_290_2ZX6_07_b', it belongs to other interface (lookup)
WARNING: Keyword 'lookup_table' ignored in calculation 'job_291_2ZX6_08_ab', it belongs to other interface (lookup)
WARNING: Keyword 'lookup_table' ignored in calculation 'job_291_2ZX6_08_a', it belongs to other interface (lookup)
WARNING: Keyword 'lookup_table' ignored in calculation 'job_291_2ZX6_08_b', it belongs to other interface (lookup)
WARNING: Keyword 'lookup_table' ignored in calculation 'job_292_2ZX6_09_ab', it belongs to other interface (lookup)
WARNING: Keyword 'lookup_table' ignored in calculation 'job_292_2ZX6_09_a', it belongs to other interface (lookup)
WARNING: Keyword 'lookup_table' ignored in calculation 'job_292_2ZX6_09_b', it belongs to other interface (lookup)
WARNING: Keyword 'lookup_table' ignored in calculation 'job_293_2ZX6_10_ab', it belongs to other interface (lookup)
WARNING: Keyword 'lookup_table' ignored in calculation 'job_293_2ZX6_10_a', it belongs to other interface (lookup)
WARNING: Keyword 'lookup_table' ignored in calculation 'job_293_2ZX6_10_b', it belongs to other interface (lookup)
WARNING: Keyword 'lookup_table' ignored in calculation 'job_294_2ZX6_11_ab', it belongs to other interface (lookup)
WARNING: Keyword 'lookup_table' ignored in calculation 'job_294_2ZX6_11_a', it belongs to other interface (lookup)
WARNING: Keyword 'lookup_table' ignored in calculation 'job_294_2ZX6_11_b', it belongs to other interface (lookup)
WARNING: Keyword 'lookup_table' ignored in calculation 'job_295_2ZX6_12_ab', it belongs to other interface (lookup)
WARNING: Keyword 'lookup_table' ignored in calculation 'job_295_2ZX6_12_a', it belongs to other interface (lookup)
WARNING: Keyword 'lookup_table' ignored in calculation 'job_295_2ZX6_12_b', it belongs to other interface (lookup)
WARNING: Keyword 'lookup_table' ignored in calculation 'job_296_2ZX6_13_ab', it belongs to other interface (lookup)
WARNING: Keyword 'lookup_table' ignored in calculation 'job_296_2ZX6_13_a', it belongs to other interface (lookup)
WARNING: Keyword 'lookup_table' ignored in calculation 'job_296_2ZX6_13_b', it belongs to other interface (lookup)
WARNING: Keyword 'lookup_table' ignored in calculation 'job_297_2ZX6_14_ab', it belongs to other interface (lookup)
WARNING: Keyword 'lookup_table' ignored in calculation 'job_297_2ZX6_14_a', it belongs to other interface (lookup)
WARNING: Keyword 'lookup_table' ignored in calculation 'job_297_2ZX6_14_b', it belongs to other interface (lookup)
WARNING: Keyword 'lookup_table' ignored in calculation 'job_298_2ZX6_15_ab', it belongs to other interface (lookup)
WARNING: Keyword 'lookup_table' ignored in calculation 'job_298_2ZX6_15_a', it belongs to other interface (lookup)
WARNING: Keyword 'lookup_table' ignored in calculation 'job_298_2ZX6_15_b', it belongs to other interface (lookup)
WARNING: Keyword 'lookup_table' ignored in calculation 'job_299_2ZX6_16_ab', it belongs to other interface (lookup)
WARNING: Keyword 'lookup_table' ignored in calculation 'job_299_2ZX6_16_a', it belongs to other interface (lookup)
WARNING: Keyword 'lookup_table' ignored in calculation 'job_299_2ZX6_16_b', it belongs to other interface (lookup)
WARNING: Keyword 'lookup_table' ignored in calculation 'job_300_2ZX6_17_ab', it belongs to other interface (lookup)
WARNING: Keyword 'lookup_table' ignored in calculation 'job_300_2ZX6_17_a', it belongs to other interface (lookup)
WARNING: Keyword 'lookup_table' ignored in calculation 'job_300_2ZX6_17_b', it belongs to other interface (lookup)
WARNING: Keyword 'lookup_table' ignored in calculation 'job_301_2ZX6_18_ab', it belongs to other interface (lookup)
WARNING: Keyword 'lookup_table' ignored in calculation 'job_301_2ZX6_18_a', it belongs to other interface (lookup)
WARNING: Keyword 'lookup_table' ignored in calculation 'job_301_2ZX6_18_b', it belongs to other interface (lookup)
WARNING: Keyword 'lookup_table' ignored in calculation 'job_302_2ZX6_19_ab', it belongs to other interface (lookup)
WARNING: Keyword 'lookup_table' ignored in calculation 'job_302_2ZX6_19_a', it belongs to other interface (lookup)
WARNING: Keyword 'lookup_table' ignored in calculation 'job_302_2ZX6_19_b', it belongs to other interface (lookup)
WARNING: Keyword 'lookup_table' ignored in calculation 'job_303_2ZX6_20_ab', it belongs to other interface (lookup)
WARNING: Keyword 'lookup_table' ignored in calculation 'job_303_2ZX6_20_a', it belongs to other interface (lookup)
WARNING: Keyword 'lookup_table' ignored in calculation 'job_303_2ZX6_20_b', it belongs to other interface (lookup)
WARNING: Keyword 'lookup_table' ignored in calculation 'job_304_2ZX6_21_ab', it belongs to other interface (lookup)
WARNING: Keyword 'lookup_table' ignored in calculation 'job_304_2ZX6_21_a', it belongs to other interface (lookup)
WARNING: Keyword 'lookup_table' ignored in calculation 'job_304_2ZX6_21_b', it belongs to other interface (lookup)
WARNING: Keyword 'lookup_table' ignored in calculation 'job_305_2ZX6_22_ab', it belongs to other interface (lookup)
WARNING: Keyword 'lookup_table' ignored in calculation 'job_305_2ZX6_22_a', it belongs to other interface (lookup)
WARNING: Keyword 'lookup_table' ignored in calculation 'job_305_2ZX6_22_b', it belongs to other interface (lookup)
WARNING: Keyword 'lookup_table' ignored in calculation 'job_306_2ZX6_23_ab', it belongs to other interface (lookup)
WARNING: Keyword 'lookup_table' ignored in calculation 'job_306_2ZX6_23_a', it belongs to other interface (lookup)
WARNING: Keyword 'lookup_table' ignored in calculation 'job_306_2ZX6_23_b', it belongs to other interface (lookup)
WARNING: Keyword 'lookup_table' ignored in calculation 'job_307_3G0W_01_ab', it belongs to other interface (lookup)
WARNING: Keyword 'lookup_table' ignored in calculation 'job_307_3G0W_01_a', it belongs to other interface (lookup)
WARNING: Keyword 'lookup_table' ignored in calculation 'job_307_3G0W_01_b', it belongs to other interface (lookup)
WARNING: Keyword 'lookup_table' ignored in calculation 'job_308_3G0W_02_ab', it belongs to other interface (lookup)
WARNING: Keyword 'lookup_table' ignored in calculation 'job_308_3G0W_02_a', it belongs to other interface (lookup)
WARNING: Keyword 'lookup_table' ignored in calculation 'job_308_3G0W_02_b', it belongs to other interface (lookup)
WARNING: Keyword 'lookup_table' ignored in calculation 'job_309_3G0W_03_ab', it belongs to other interface (lookup)
WARNING: Keyword 'lookup_table' ignored in calculation 'job_309_3G0W_03_a', it belongs to other interface (lookup)
WARNING: Keyword 'lookup_table' ignored in calculation 'job_309_3G0W_03_b', it belongs to other interface (lookup)
WARNING: Keyword 'lookup_table' ignored in calculation 'job_310_3G0W_04_ab', it belongs to other interface (lookup)
WARNING: Keyword 'lookup_table' ignored in calculation 'job_310_3G0W_04_a', it belongs to other interface (lookup)
WARNING: Keyword 'lookup_table' ignored in calculation 'job_310_3G0W_04_b', it belongs to other interface (lookup)
WARNING: Keyword 'lookup_table' ignored in calculation 'job_311_3G0W_05_ab', it belongs to other interface (lookup)
WARNING: Keyword 'lookup_table' ignored in calculation 'job_311_3G0W_05_a', it belongs to other interface (lookup)
WARNING: Keyword 'lookup_table' ignored in calculation 'job_311_3G0W_05_b', it belongs to other interface (lookup)
WARNING: Keyword 'lookup_table' ignored in calculation 'job_312_3G0W_06_ab', it belongs to other interface (lookup)
WARNING: Keyword 'lookup_table' ignored in calculation 'job_312_3G0W_06_a', it belongs to other interface (lookup)
WARNING: Keyword 'lookup_table' ignored in calculation 'job_312_3G0W_06_b', it belongs to other interface (lookup)
WARNING: Keyword 'lookup_table' ignored in calculation 'job_313_3G0W_07_ab', it belongs to other interface (lookup)
WARNING: Keyword 'lookup_table' ignored in calculation 'job_313_3G0W_07_a', it belongs to other interface (lookup)
WARNING: Keyword 'lookup_table' ignored in calculation 'job_313_3G0W_07_b', it belongs to other interface (lookup)
WARNING: Keyword 'lookup_table' ignored in calculation 'job_314_3G0W_08_ab', it belongs to other interface (lookup)
WARNING: Keyword 'lookup_table' ignored in calculation 'job_314_3G0W_08_a', it belongs to other interface (lookup)
WARNING: Keyword 'lookup_table' ignored in calculation 'job_314_3G0W_08_b', it belongs to other interface (lookup)
WARNING: Keyword 'lookup_table' ignored in calculation 'job_315_3G0W_09_ab', it belongs to other interface (lookup)
WARNING: Keyword 'lookup_table' ignored in calculation 'job_315_3G0W_09_a', it belongs to other interface (lookup)
WARNING: Keyword 'lookup_table' ignored in calculation 'job_315_3G0W_09_b', it belongs to other interface (lookup)
WARNING: Keyword 'lookup_table' ignored in calculation 'job_316_3G0W_10_ab', it belongs to other interface (lookup)
WARNING: Keyword 'lookup_table' ignored in calculation 'job_316_3G0W_10_a', it belongs to other interface (lookup)
WARNING: Keyword 'lookup_table' ignored in calculation 'job_316_3G0W_10_b', it belongs to other interface (lookup)
WARNING: Keyword 'lookup_table' ignored in calculation 'job_317_3G0W_11_ab', it belongs to other interface (lookup)
WARNING: Keyword 'lookup_table' ignored in calculation 'job_317_3G0W_11_a', it belongs to other interface (lookup)
WARNING: Keyword 'lookup_table' ignored in calculation 'job_317_3G0W_11_b', it belongs to other interface (lookup)
WARNING: Keyword 'lookup_table' ignored in calculation 'job_318_3G0W_12_ab', it belongs to other interface (lookup)
WARNING: Keyword 'lookup_table' ignored in calculation 'job_318_3G0W_12_a', it belongs to other interface (lookup)
WARNING: Keyword 'lookup_table' ignored in calculation 'job_318_3G0W_12_b', it belongs to other interface (lookup)
WARNING: Keyword 'lookup_table' ignored in calculation 'job_319_3G0W_13_ab', it belongs to other interface (lookup)
WARNING: Keyword 'lookup_table' ignored in calculation 'job_319_3G0W_13_a', it belongs to other interface (lookup)
WARNING: Keyword 'lookup_table' ignored in calculation 'job_319_3G0W_13_b', it belongs to other interface (lookup)
WARNING: Keyword 'lookup_table' ignored in calculation 'job_320_3G0W_14_ab', it belongs to other interface (lookup)
WARNING: Keyword 'lookup_table' ignored in calculation 'job_320_3G0W_14_a', it belongs to other interface (lookup)
WARNING: Keyword 'lookup_table' ignored in calculation 'job_320_3G0W_14_b', it belongs to other interface (lookup)
WARNING: Keyword 'lookup_table' ignored in calculation 'job_321_3G0W_15_ab', it belongs to other interface (lookup)
WARNING: Keyword 'lookup_table' ignored in calculation 'job_321_3G0W_15_a', it belongs to other interface (lookup)
WARNING: Keyword 'lookup_table' ignored in calculation 'job_321_3G0W_15_b', it belongs to other interface (lookup)
WARNING: Keyword 'lookup_table' ignored in calculation 'job_322_3G0W_16_ab', it belongs to other interface (lookup)
WARNING: Keyword 'lookup_table' ignored in calculation 'job_322_3G0W_16_a', it belongs to other interface (lookup)
WARNING: Keyword 'lookup_table' ignored in calculation 'job_322_3G0W_16_b', it belongs to other interface (lookup)
WARNING: Keyword 'lookup_table' ignored in calculation 'job_323_3G0W_17_ab', it belongs to other interface (lookup)
WARNING: Keyword 'lookup_table' ignored in calculation 'job_323_3G0W_17_a', it belongs to other interface (lookup)
WARNING: Keyword 'lookup_table' ignored in calculation 'job_323_3G0W_17_b', it belongs to other interface (lookup)
WARNING: Keyword 'lookup_table' ignored in calculation 'job_324_3G0W_18_ab', it belongs to other interface (lookup)
WARNING: Keyword 'lookup_table' ignored in calculation 'job_324_3G0W_18_a', it belongs to other interface (lookup)
WARNING: Keyword 'lookup_table' ignored in calculation 'job_324_3G0W_18_b', it belongs to other interface (lookup)
WARNING: Keyword 'lookup_table' ignored in calculation 'job_325_3G0W_19_ab', it belongs to other interface (lookup)
WARNING: Keyword 'lookup_table' ignored in calculation 'job_325_3G0W_19_a', it belongs to other interface (lookup)
WARNING: Keyword 'lookup_table' ignored in calculation 'job_325_3G0W_19_b', it belongs to other interface (lookup)
WARNING: Keyword 'lookup_table' ignored in calculation 'job_326_3G0W_20_ab', it belongs to other interface (lookup)
WARNING: Keyword 'lookup_table' ignored in calculation 'job_326_3G0W_20_a', it belongs to other interface (lookup)
WARNING: Keyword 'lookup_table' ignored in calculation 'job_326_3G0W_20_b', it belongs to other interface (lookup)
WARNING: Keyword 'lookup_table' ignored in calculation 'job_327_3G0W_21_ab', it belongs to other interface (lookup)
WARNING: Keyword 'lookup_table' ignored in calculation 'job_327_3G0W_21_a', it belongs to other interface (lookup)
WARNING: Keyword 'lookup_table' ignored in calculation 'job_327_3G0W_21_b', it belongs to other interface (lookup)
WARNING: Keyword 'lookup_table' ignored in calculation 'job_328_3G0W_22_ab', it belongs to other interface (lookup)
WARNING: Keyword 'lookup_table' ignored in calculation 'job_328_3G0W_22_a', it belongs to other interface (lookup)
WARNING: Keyword 'lookup_table' ignored in calculation 'job_328_3G0W_22_b', it belongs to other interface (lookup)
WARNING: Keyword 'lookup_table' ignored in calculation 'job_329_3G0W_23_ab', it belongs to other interface (lookup)
WARNING: Keyword 'lookup_table' ignored in calculation 'job_329_3G0W_23_a', it belongs to other interface (lookup)
WARNING: Keyword 'lookup_table' ignored in calculation 'job_329_3G0W_23_b', it belongs to other interface (lookup)
WARNING: Keyword 'lookup_table' ignored in calculation 'job_330_3G0W_24_ab', it belongs to other interface (lookup)
WARNING: Keyword 'lookup_table' ignored in calculation 'job_330_3G0W_24_a', it belongs to other interface (lookup)
WARNING: Keyword 'lookup_table' ignored in calculation 'job_330_3G0W_24_b', it belongs to other interface (lookup)
WARNING: Keyword 'lookup_table' ignored in calculation 'job_331_3G0W_25_ab', it belongs to other interface (lookup)
WARNING: Keyword 'lookup_table' ignored in calculation 'job_331_3G0W_25_a', it belongs to other interface (lookup)
WARNING: Keyword 'lookup_table' ignored in calculation 'job_331_3G0W_25_b', it belongs to other interface (lookup)
WARNING: Keyword 'lookup_table' ignored in calculation 'job_332_3G0W_26_ab', it belongs to other interface (lookup)
WARNING: Keyword 'lookup_table' ignored in calculation 'job_332_3G0W_26_a', it belongs to other interface (lookup)
WARNING: Keyword 'lookup_table' ignored in calculation 'job_332_3G0W_26_b', it belongs to other interface (lookup)
WARNING: Keyword 'lookup_table' ignored in calculation 'job_333_3G0W_27_ab', it belongs to other interface (lookup)
WARNING: Keyword 'lookup_table' ignored in calculation 'job_333_3G0W_27_a', it belongs to other interface (lookup)
WARNING: Keyword 'lookup_table' ignored in calculation 'job_333_3G0W_27_b', it belongs to other interface (lookup)
WARNING: Keyword 'lookup_table' ignored in calculation 'job_334_3G0W_28_ab', it belongs to other interface (lookup)
WARNING: Keyword 'lookup_table' ignored in calculation 'job_334_3G0W_28_a', it belongs to other interface (lookup)
WARNING: Keyword 'lookup_table' ignored in calculation 'job_334_3G0W_28_b', it belongs to other interface (lookup)
WARNING: Keyword 'lookup_table' ignored in calculation 'job_335_3G0W_29_ab', it belongs to other interface (lookup)
WARNING: Keyword 'lookup_table' ignored in calculation 'job_335_3G0W_29_a', it belongs to other interface (lookup)
WARNING: Keyword 'lookup_table' ignored in calculation 'job_335_3G0W_29_b', it belongs to other interface (lookup)
WARNING: Keyword 'lookup_table' ignored in calculation 'job_336_3G0W_30_ab', it belongs to other interface (lookup)
WARNING: Keyword 'lookup_table' ignored in calculation 'job_336_3G0W_30_a', it belongs to other interface (lookup)
WARNING: Keyword 'lookup_table' ignored in calculation 'job_336_3G0W_30_b', it belongs to other interface (lookup)
WARNING: Keyword 'lookup_table' ignored in calculation 'job_337_3G0W_31_ab', it belongs to other interface (lookup)
WARNING: Keyword 'lookup_table' ignored in calculation 'job_337_3G0W_31_a', it belongs to other interface (lookup)
WARNING: Keyword 'lookup_table' ignored in calculation 'job_337_3G0W_31_b', it belongs to other interface (lookup)
WARNING: Keyword 'lookup_table' ignored in calculation 'job_338_3G0W_32_ab', it belongs to other interface (lookup)
WARNING: Keyword 'lookup_table' ignored in calculation 'job_338_3G0W_32_a', it belongs to other interface (lookup)
WARNING: Keyword 'lookup_table' ignored in calculation 'job_338_3G0W_32_b', it belongs to other interface (lookup)
WARNING: Keyword 'lookup_table' ignored in calculation 'job_339_3G0W_33_ab', it belongs to other interface (lookup)
WARNING: Keyword 'lookup_table' ignored in calculation 'job_339_3G0W_33_a', it belongs to other interface (lookup)
WARNING: Keyword 'lookup_table' ignored in calculation 'job_339_3G0W_33_b', it belongs to other interface (lookup)
WARNING: Keyword 'lookup_table' ignored in calculation 'job_340_3G0W_34_ab', it belongs to other interface (lookup)
WARNING: Keyword 'lookup_table' ignored in calculation 'job_340_3G0W_34_a', it belongs to other interface (lookup)
WARNING: Keyword 'lookup_table' ignored in calculation 'job_340_3G0W_34_b', it belongs to other interface (lookup)
WARNING: Keyword 'lookup_table' ignored in calculation 'job_341_3G0W_35_ab', it belongs to other interface (lookup)
WARNING: Keyword 'lookup_table' ignored in calculation 'job_341_3G0W_35_a', it belongs to other interface (lookup)
WARNING: Keyword 'lookup_table' ignored in calculation 'job_341_3G0W_35_b', it belongs to other interface (lookup)
WARNING: Keyword 'lookup_table' ignored in calculation 'job_342_3G0W_36_ab', it belongs to other interface (lookup)
WARNING: Keyword 'lookup_table' ignored in calculation 'job_342_3G0W_36_a', it belongs to other interface (lookup)
WARNING: Keyword 'lookup_table' ignored in calculation 'job_342_3G0W_36_b', it belongs to other interface (lookup)
WARNING: Keyword 'lookup_table' ignored in calculation 'job_343_3GCU_01_ab', it belongs to other interface (lookup)
WARNING: Keyword 'lookup_table' ignored in calculation 'job_343_3GCU_01_a', it belongs to other interface (lookup)
WARNING: Keyword 'lookup_table' ignored in calculation 'job_343_3GCU_01_b', it belongs to other interface (lookup)
WARNING: Keyword 'lookup_table' ignored in calculation 'job_344_3GCU_02_ab', it belongs to other interface (lookup)
WARNING: Keyword 'lookup_table' ignored in calculation 'job_344_3GCU_02_a', it belongs to other interface (lookup)
WARNING: Keyword 'lookup_table' ignored in calculation 'job_344_3GCU_02_b', it belongs to other interface (lookup)
WARNING: Keyword 'lookup_table' ignored in calculation 'job_345_3GCU_03_ab', it belongs to other interface (lookup)
WARNING: Keyword 'lookup_table' ignored in calculation 'job_345_3GCU_03_a', it belongs to other interface (lookup)
WARNING: Keyword 'lookup_table' ignored in calculation 'job_345_3GCU_03_b', it belongs to other interface (lookup)
WARNING: Keyword 'lookup_table' ignored in calculation 'job_346_3GCU_04_ab', it belongs to other interface (lookup)
WARNING: Keyword 'lookup_table' ignored in calculation 'job_346_3GCU_04_a', it belongs to other interface (lookup)
WARNING: Keyword 'lookup_table' ignored in calculation 'job_346_3GCU_04_b', it belongs to other interface (lookup)
WARNING: Keyword 'lookup_table' ignored in calculation 'job_347_3GCU_05_ab', it belongs to other interface (lookup)
WARNING: Keyword 'lookup_table' ignored in calculation 'job_347_3GCU_05_a', it belongs to other interface (lookup)
WARNING: Keyword 'lookup_table' ignored in calculation 'job_347_3GCU_05_b', it belongs to other interface (lookup)
WARNING: Keyword 'lookup_table' ignored in calculation 'job_348_3GCU_06_ab', it belongs to other interface (lookup)
WARNING: Keyword 'lookup_table' ignored in calculation 'job_348_3GCU_06_a', it belongs to other interface (lookup)
WARNING: Keyword 'lookup_table' ignored in calculation 'job_348_3GCU_06_b', it belongs to other interface (lookup)
WARNING: Keyword 'lookup_table' ignored in calculation 'job_349_3GCU_07_ab', it belongs to other interface (lookup)
WARNING: Keyword 'lookup_table' ignored in calculation 'job_349_3GCU_07_a', it belongs to other interface (lookup)
WARNING: Keyword 'lookup_table' ignored in calculation 'job_349_3GCU_07_b', it belongs to other interface (lookup)
WARNING: Keyword 'lookup_table' ignored in calculation 'job_350_3GCU_08_ab', it belongs to other interface (lookup)
WARNING: Keyword 'lookup_table' ignored in calculation 'job_350_3GCU_08_a', it belongs to other interface (lookup)
WARNING: Keyword 'lookup_table' ignored in calculation 'job_350_3GCU_08_b', it belongs to other interface (lookup)
WARNING: Keyword 'lookup_table' ignored in calculation 'job_351_3GCU_09_ab', it belongs to other interface (lookup)
WARNING: Keyword 'lookup_table' ignored in calculation 'job_351_3GCU_09_a', it belongs to other interface (lookup)
WARNING: Keyword 'lookup_table' ignored in calculation 'job_351_3GCU_09_b', it belongs to other interface (lookup)
WARNING: Keyword 'lookup_table' ignored in calculation 'job_352_3GCU_10_ab', it belongs to other interface (lookup)
WARNING: Keyword 'lookup_table' ignored in calculation 'job_352_3GCU_10_a', it belongs to other interface (lookup)
WARNING: Keyword 'lookup_table' ignored in calculation 'job_352_3GCU_10_b', it belongs to other interface (lookup)
WARNING: Keyword 'lookup_table' ignored in calculation 'job_353_3GCU_11_ab', it belongs to other interface (lookup)
WARNING: Keyword 'lookup_table' ignored in calculation 'job_353_3GCU_11_a', it belongs to other interface (lookup)
WARNING: Keyword 'lookup_table' ignored in calculation 'job_353_3GCU_11_b', it belongs to other interface (lookup)
WARNING: Keyword 'lookup_table' ignored in calculation 'job_354_3GCU_12_ab', it belongs to other interface (lookup)
WARNING: Keyword 'lookup_table' ignored in calculation 'job_354_3GCU_12_a', it belongs to other interface (lookup)
WARNING: Keyword 'lookup_table' ignored in calculation 'job_354_3GCU_12_b', it belongs to other interface (lookup)
WARNING: Keyword 'lookup_table' ignored in calculation 'job_355_3GCU_13_ab', it belongs to other interface (lookup)
WARNING: Keyword 'lookup_table' ignored in calculation 'job_355_3GCU_13_a', it belongs to other interface (lookup)
WARNING: Keyword 'lookup_table' ignored in calculation 'job_355_3GCU_13_b', it belongs to other interface (lookup)
WARNING: Keyword 'lookup_table' ignored in calculation 'job_356_3GCU_14_ab', it belongs to other interface (lookup)
WARNING: Keyword 'lookup_table' ignored in calculation 'job_356_3GCU_14_a', it belongs to other interface (lookup)
WARNING: Keyword 'lookup_table' ignored in calculation 'job_356_3GCU_14_b', it belongs to other interface (lookup)
WARNING: Keyword 'lookup_table' ignored in calculation 'job_357_3GCU_15_ab', it belongs to other interface (lookup)
WARNING: Keyword 'lookup_table' ignored in calculation 'job_357_3GCU_15_a', it belongs to other interface (lookup)
WARNING: Keyword 'lookup_table' ignored in calculation 'job_357_3GCU_15_b', it belongs to other interface (lookup)
WARNING: Keyword 'lookup_table' ignored in calculation 'job_358_3GCU_16_ab', it belongs to other interface (lookup)
WARNING: Keyword 'lookup_table' ignored in calculation 'job_358_3GCU_16_a', it belongs to other interface (lookup)
WARNING: Keyword 'lookup_table' ignored in calculation 'job_358_3GCU_16_b', it belongs to other interface (lookup)
WARNING: Keyword 'lookup_table' ignored in calculation 'job_359_3GCU_17_ab', it belongs to other interface (lookup)
WARNING: Keyword 'lookup_table' ignored in calculation 'job_359_3GCU_17_a', it belongs to other interface (lookup)
WARNING: Keyword 'lookup_table' ignored in calculation 'job_359_3GCU_17_b', it belongs to other interface (lookup)
WARNING: Keyword 'lookup_table' ignored in calculation 'job_360_3GCU_18_ab', it belongs to other interface (lookup)
WARNING: Keyword 'lookup_table' ignored in calculation 'job_360_3GCU_18_a', it belongs to other interface (lookup)
WARNING: Keyword 'lookup_table' ignored in calculation 'job_360_3GCU_18_b', it belongs to other interface (lookup)
WARNING: Keyword 'lookup_table' ignored in calculation 'job_361_3GCU_19_ab', it belongs to other interface (lookup)
WARNING: Keyword 'lookup_table' ignored in calculation 'job_361_3GCU_19_a', it belongs to other interface (lookup)
WARNING: Keyword 'lookup_table' ignored in calculation 'job_361_3GCU_19_b', it belongs to other interface (lookup)
WARNING: Keyword 'lookup_table' ignored in calculation 'job_362_3GCU_20_ab', it belongs to other interface (lookup)
WARNING: Keyword 'lookup_table' ignored in calculation 'job_362_3GCU_20_a', it belongs to other interface (lookup)
WARNING: Keyword 'lookup_table' ignored in calculation 'job_362_3GCU_20_b', it belongs to other interface (lookup)
WARNING: Keyword 'lookup_table' ignored in calculation 'job_363_3GCU_21_ab', it belongs to other interface (lookup)
WARNING: Keyword 'lookup_table' ignored in calculation 'job_363_3GCU_21_a', it belongs to other interface (lookup)
WARNING: Keyword 'lookup_table' ignored in calculation 'job_363_3GCU_21_b', it belongs to other interface (lookup)
WARNING: Keyword 'lookup_table' ignored in calculation 'job_364_3GCU_22_ab', it belongs to other interface (lookup)
WARNING: Keyword 'lookup_table' ignored in calculation 'job_364_3GCU_22_a', it belongs to other interface (lookup)
WARNING: Keyword 'lookup_table' ignored in calculation 'job_364_3GCU_22_b', it belongs to other interface (lookup)
WARNING: Keyword 'lookup_table' ignored in calculation 'job_365_3GCU_23_ab', it belongs to other interface (lookup)
WARNING: Keyword 'lookup_table' ignored in calculation 'job_365_3GCU_23_a', it belongs to other interface (lookup)
WARNING: Keyword 'lookup_table' ignored in calculation 'job_365_3GCU_23_b', it belongs to other interface (lookup)
WARNING: Keyword 'lookup_table' ignored in calculation 'job_366_3GCU_24_ab', it belongs to other interface (lookup)
WARNING: Keyword 'lookup_table' ignored in calculation 'job_366_3GCU_24_a', it belongs to other interface (lookup)
WARNING: Keyword 'lookup_table' ignored in calculation 'job_366_3GCU_24_b', it belongs to other interface (lookup)
WARNING: Keyword 'lookup_table' ignored in calculation 'job_367_3GCU_25_ab', it belongs to other interface (lookup)
WARNING: Keyword 'lookup_table' ignored in calculation 'job_367_3GCU_25_a', it belongs to other interface (lookup)
WARNING: Keyword 'lookup_table' ignored in calculation 'job_367_3GCU_25_b', it belongs to other interface (lookup)
WARNING: Keyword 'lookup_table' ignored in calculation 'job_368_3GCU_26_ab', it belongs to other interface (lookup)
WARNING: Keyword 'lookup_table' ignored in calculation 'job_368_3GCU_26_a', it belongs to other interface (lookup)
WARNING: Keyword 'lookup_table' ignored in calculation 'job_368_3GCU_26_b', it belongs to other interface (lookup)
WARNING: Keyword 'lookup_table' ignored in calculation 'job_369_3GCU_27_ab', it belongs to other interface (lookup)
WARNING: Keyword 'lookup_table' ignored in calculation 'job_369_3GCU_27_a', it belongs to other interface (lookup)
WARNING: Keyword 'lookup_table' ignored in calculation 'job_369_3GCU_27_b', it belongs to other interface (lookup)
WARNING: Keyword 'lookup_table' ignored in calculation 'job_370_3GCU_28_ab', it belongs to other interface (lookup)
WARNING: Keyword 'lookup_table' ignored in calculation 'job_370_3GCU_28_a', it belongs to other interface (lookup)
WARNING: Keyword 'lookup_table' ignored in calculation 'job_370_3GCU_28_b', it belongs to other interface (lookup)
WARNING: Keyword 'lookup_table' ignored in calculation 'job_371_3GCU_29_ab', it belongs to other interface (lookup)
WARNING: Keyword 'lookup_table' ignored in calculation 'job_371_3GCU_29_a', it belongs to other interface (lookup)
WARNING: Keyword 'lookup_table' ignored in calculation 'job_371_3GCU_29_b', it belongs to other interface (lookup)
WARNING: Keyword 'lookup_table' ignored in calculation 'job_372_3GCU_30_ab', it belongs to other interface (lookup)
WARNING: Keyword 'lookup_table' ignored in calculation 'job_372_3GCU_30_a', it belongs to other interface (lookup)
WARNING: Keyword 'lookup_table' ignored in calculation 'job_372_3GCU_30_b', it belongs to other interface (lookup)
WARNING: Keyword 'lookup_table' ignored in calculation 'job_373_3GCU_31_ab', it belongs to other interface (lookup)
WARNING: Keyword 'lookup_table' ignored in calculation 'job_373_3GCU_31_a', it belongs to other interface (lookup)
WARNING: Keyword 'lookup_table' ignored in calculation 'job_373_3GCU_31_b', it belongs to other interface (lookup)
WARNING: Keyword 'lookup_table' ignored in calculation 'job_374_3GCU_32_ab', it belongs to other interface (lookup)
WARNING: Keyword 'lookup_table' ignored in calculation 'job_374_3GCU_32_a', it belongs to other interface (lookup)
WARNING: Keyword 'lookup_table' ignored in calculation 'job_374_3GCU_32_b', it belongs to other interface (lookup)
WARNING: Keyword 'lookup_table' ignored in calculation 'job_375_3GCU_33_ab', it belongs to other interface (lookup)
WARNING: Keyword 'lookup_table' ignored in calculation 'job_375_3GCU_33_a', it belongs to other interface (lookup)
WARNING: Keyword 'lookup_table' ignored in calculation 'job_375_3GCU_33_b', it belongs to other interface (lookup)
WARNING: Keyword 'lookup_table' ignored in calculation 'job_376_3GCU_34_ab', it belongs to other interface (lookup)
WARNING: Keyword 'lookup_table' ignored in calculation 'job_376_3GCU_34_a', it belongs to other interface (lookup)
WARNING: Keyword 'lookup_table' ignored in calculation 'job_376_3GCU_34_b', it belongs to other interface (lookup)
WARNING: Keyword 'lookup_table' ignored in calculation 'job_377_3GCU_35_ab', it belongs to other interface (lookup)
WARNING: Keyword 'lookup_table' ignored in calculation 'job_377_3GCU_35_a', it belongs to other interface (lookup)
WARNING: Keyword 'lookup_table' ignored in calculation 'job_377_3GCU_35_b', it belongs to other interface (lookup)
WARNING: Keyword 'lookup_table' ignored in calculation 'job_378_3GCU_36_ab', it belongs to other interface (lookup)
WARNING: Keyword 'lookup_table' ignored in calculation 'job_378_3GCU_36_a', it belongs to other interface (lookup)
WARNING: Keyword 'lookup_table' ignored in calculation 'job_378_3GCU_36_b', it belongs to other interface (lookup)
WARNING: Keyword 'lookup_table' ignored in calculation 'job_379_3GCU_37_ab', it belongs to other interface (lookup)
WARNING: Keyword 'lookup_table' ignored in calculation 'job_379_3GCU_37_a', it belongs to other interface (lookup)
WARNING: Keyword 'lookup_table' ignored in calculation 'job_379_3GCU_37_b', it belongs to other interface (lookup)
WARNING: Keyword 'lookup_table' ignored in calculation 'job_380_3GCU_38_ab', it belongs to other interface (lookup)
WARNING: Keyword 'lookup_table' ignored in calculation 'job_380_3GCU_38_a', it belongs to other interface (lookup)
WARNING: Keyword 'lookup_table' ignored in calculation 'job_380_3GCU_38_b', it belongs to other interface (lookup)
WARNING: Keyword 'lookup_table' ignored in calculation 'job_381_3GCU_39_ab', it belongs to other interface (lookup)
WARNING: Keyword 'lookup_table' ignored in calculation 'job_381_3GCU_39_a', it belongs to other interface (lookup)
WARNING: Keyword 'lookup_table' ignored in calculation 'job_381_3GCU_39_b', it belongs to other interface (lookup)
WARNING: Keyword 'lookup_table' ignored in calculation 'job_382_3GCU_40_ab', it belongs to other interface (lookup)
WARNING: Keyword 'lookup_table' ignored in calculation 'job_382_3GCU_40_a', it belongs to other interface (lookup)
WARNING: Keyword 'lookup_table' ignored in calculation 'job_382_3GCU_40_b', it belongs to other interface (lookup)
WARNING: Keyword 'lookup_table' ignored in calculation 'job_383_3GCU_41_ab', it belongs to other interface (lookup)
WARNING: Keyword 'lookup_table' ignored in calculation 'job_383_3GCU_41_a', it belongs to other interface (lookup)
WARNING: Keyword 'lookup_table' ignored in calculation 'job_383_3GCU_41_b', it belongs to other interface (lookup)
WARNING: Keyword 'lookup_table' ignored in calculation 'job_384_3GCU_42_ab', it belongs to other interface (lookup)
WARNING: Keyword 'lookup_table' ignored in calculation 'job_384_3GCU_42_a', it belongs to other interface (lookup)
WARNING: Keyword 'lookup_table' ignored in calculation 'job_384_3GCU_42_b', it belongs to other interface (lookup)
WARNING: Keyword 'lookup_table' ignored in calculation 'job_385_3GCU_43_ab', it belongs to other interface (lookup)
WARNING: Keyword 'lookup_table' ignored in calculation 'job_385_3GCU_43_a', it belongs to other interface (lookup)
WARNING: Keyword 'lookup_table' ignored in calculation 'job_385_3GCU_43_b', it belongs to other interface (lookup)
WARNING: Keyword 'lookup_table' ignored in calculation 'job_386_3GCU_44_ab', it belongs to other interface (lookup)
WARNING: Keyword 'lookup_table' ignored in calculation 'job_386_3GCU_44_a', it belongs to other interface (lookup)
WARNING: Keyword 'lookup_table' ignored in calculation 'job_386_3GCU_44_b', it belongs to other interface (lookup)
WARNING: Keyword 'lookup_table' ignored in calculation 'job_387_3GCU_45_ab', it belongs to other interface (lookup)
WARNING: Keyword 'lookup_table' ignored in calculation 'job_387_3GCU_45_a', it belongs to other interface (lookup)
WARNING: Keyword 'lookup_table' ignored in calculation 'job_387_3GCU_45_b', it belongs to other interface (lookup)
WARNING: Keyword 'lookup_table' ignored in calculation 'job_388_3GCU_46_ab', it belongs to other interface (lookup)
WARNING: Keyword 'lookup_table' ignored in calculation 'job_388_3GCU_46_a', it belongs to other interface (lookup)
WARNING: Keyword 'lookup_table' ignored in calculation 'job_388_3GCU_46_b', it belongs to other interface (lookup)
WARNING: Keyword 'lookup_table' ignored in calculation 'job_389_3GCU_47_ab', it belongs to other interface (lookup)
WARNING: Keyword 'lookup_table' ignored in calculation 'job_389_3GCU_47_a', it belongs to other interface (lookup)
WARNING: Keyword 'lookup_table' ignored in calculation 'job_389_3GCU_47_b', it belongs to other interface (lookup)
WARNING: Keyword 'lookup_table' ignored in calculation 'job_390_3GCU_48_ab', it belongs to other interface (lookup)
WARNING: Keyword 'lookup_table' ignored in calculation 'job_390_3GCU_48_a', it belongs to other interface (lookup)
WARNING: Keyword 'lookup_table' ignored in calculation 'job_390_3GCU_48_b', it belongs to other interface (lookup)
WARNING: Keyword 'lookup_table' ignored in calculation 'job_391_3GNW_01_ab', it belongs to other interface (lookup)
WARNING: Keyword 'lookup_table' ignored in calculation 'job_391_3GNW_01_a', it belongs to other interface (lookup)
WARNING: Keyword 'lookup_table' ignored in calculation 'job_391_3GNW_01_b', it belongs to other interface (lookup)
WARNING: Keyword 'lookup_table' ignored in calculation 'job_392_3GNW_02_ab', it belongs to other interface (lookup)
WARNING: Keyword 'lookup_table' ignored in calculation 'job_392_3GNW_02_a', it belongs to other interface (lookup)
WARNING: Keyword 'lookup_table' ignored in calculation 'job_392_3GNW_02_b', it belongs to other interface (lookup)
WARNING: Keyword 'lookup_table' ignored in calculation 'job_393_3GNW_03_ab', it belongs to other interface (lookup)
WARNING: Keyword 'lookup_table' ignored in calculation 'job_393_3GNW_03_a', it belongs to other interface (lookup)
WARNING: Keyword 'lookup_table' ignored in calculation 'job_393_3GNW_03_b', it belongs to other interface (lookup)
WARNING: Keyword 'lookup_table' ignored in calculation 'job_394_3GNW_04_ab', it belongs to other interface (lookup)
WARNING: Keyword 'lookup_table' ignored in calculation 'job_394_3GNW_04_a', it belongs to other interface (lookup)
WARNING: Keyword 'lookup_table' ignored in calculation 'job_394_3GNW_04_b', it belongs to other interface (lookup)
WARNING: Keyword 'lookup_table' ignored in calculation 'job_395_3GNW_05_ab', it belongs to other interface (lookup)
WARNING: Keyword 'lookup_table' ignored in calculation 'job_395_3GNW_05_a', it belongs to other interface (lookup)
WARNING: Keyword 'lookup_table' ignored in calculation 'job_395_3GNW_05_b', it belongs to other interface (lookup)
WARNING: Keyword 'lookup_table' ignored in calculation 'job_396_3GNW_06_ab', it belongs to other interface (lookup)
WARNING: Keyword 'lookup_table' ignored in calculation 'job_396_3GNW_06_a', it belongs to other interface (lookup)
WARNING: Keyword 'lookup_table' ignored in calculation 'job_396_3GNW_06_b', it belongs to other interface (lookup)
WARNING: Keyword 'lookup_table' ignored in calculation 'job_397_3GNW_07_ab', it belongs to other interface (lookup)
WARNING: Keyword 'lookup_table' ignored in calculation 'job_397_3GNW_07_a', it belongs to other interface (lookup)
WARNING: Keyword 'lookup_table' ignored in calculation 'job_397_3GNW_07_b', it belongs to other interface (lookup)
WARNING: Keyword 'lookup_table' ignored in calculation 'job_398_3GNW_08_ab', it belongs to other interface (lookup)
WARNING: Keyword 'lookup_table' ignored in calculation 'job_398_3GNW_08_a', it belongs to other interface (lookup)
WARNING: Keyword 'lookup_table' ignored in calculation 'job_398_3GNW_08_b', it belongs to other interface (lookup)
WARNING: Keyword 'lookup_table' ignored in calculation 'job_399_3GNW_09_ab', it belongs to other interface (lookup)
WARNING: Keyword 'lookup_table' ignored in calculation 'job_399_3GNW_09_a', it belongs to other interface (lookup)
WARNING: Keyword 'lookup_table' ignored in calculation 'job_399_3GNW_09_b', it belongs to other interface (lookup)
WARNING: Keyword 'lookup_table' ignored in calculation 'job_400_3GNW_10_ab', it belongs to other interface (lookup)
WARNING: Keyword 'lookup_table' ignored in calculation 'job_400_3GNW_10_a', it belongs to other interface (lookup)
WARNING: Keyword 'lookup_table' ignored in calculation 'job_400_3GNW_10_b', it belongs to other interface (lookup)
WARNING: Keyword 'lookup_table' ignored in calculation 'job_401_3GNW_11_ab', it belongs to other interface (lookup)
WARNING: Keyword 'lookup_table' ignored in calculation 'job_401_3GNW_11_a', it belongs to other interface (lookup)
WARNING: Keyword 'lookup_table' ignored in calculation 'job_401_3GNW_11_b', it belongs to other interface (lookup)
WARNING: Keyword 'lookup_table' ignored in calculation 'job_402_3GNW_12_ab', it belongs to other interface (lookup)
WARNING: Keyword 'lookup_table' ignored in calculation 'job_402_3GNW_12_a', it belongs to other interface (lookup)
WARNING: Keyword 'lookup_table' ignored in calculation 'job_402_3GNW_12_b', it belongs to other interface (lookup)
WARNING: Keyword 'lookup_table' ignored in calculation 'job_403_3GNW_13_ab', it belongs to other interface (lookup)
WARNING: Keyword 'lookup_table' ignored in calculation 'job_403_3GNW_13_a', it belongs to other interface (lookup)
WARNING: Keyword 'lookup_table' ignored in calculation 'job_403_3GNW_13_b', it belongs to other interface (lookup)
WARNING: Keyword 'lookup_table' ignored in calculation 'job_404_3GNW_14_ab', it belongs to other interface (lookup)
WARNING: Keyword 'lookup_table' ignored in calculation 'job_404_3GNW_14_a', it belongs to other interface (lookup)
WARNING: Keyword 'lookup_table' ignored in calculation 'job_404_3GNW_14_b', it belongs to other interface (lookup)
WARNING: Keyword 'lookup_table' ignored in calculation 'job_405_3GNW_15_ab', it belongs to other interface (lookup)
WARNING: Keyword 'lookup_table' ignored in calculation 'job_405_3GNW_15_a', it belongs to other interface (lookup)
WARNING: Keyword 'lookup_table' ignored in calculation 'job_405_3GNW_15_b', it belongs to other interface (lookup)
WARNING: Keyword 'lookup_table' ignored in calculation 'job_406_3GNW_16_ab', it belongs to other interface (lookup)
WARNING: Keyword 'lookup_table' ignored in calculation 'job_406_3GNW_16_a', it belongs to other interface (lookup)
WARNING: Keyword 'lookup_table' ignored in calculation 'job_406_3GNW_16_b', it belongs to other interface (lookup)
WARNING: Keyword 'lookup_table' ignored in calculation 'job_407_3GNW_17_ab', it belongs to other interface (lookup)
WARNING: Keyword 'lookup_table' ignored in calculation 'job_407_3GNW_17_a', it belongs to other interface (lookup)
WARNING: Keyword 'lookup_table' ignored in calculation 'job_407_3GNW_17_b', it belongs to other interface (lookup)
WARNING: Keyword 'lookup_table' ignored in calculation 'job_408_3GNW_18_ab', it belongs to other interface (lookup)
WARNING: Keyword 'lookup_table' ignored in calculation 'job_408_3GNW_18_a', it belongs to other interface (lookup)
WARNING: Keyword 'lookup_table' ignored in calculation 'job_408_3GNW_18_b', it belongs to other interface (lookup)
WARNING: Keyword 'lookup_table' ignored in calculation 'job_409_3GNW_19_ab', it belongs to other interface (lookup)
WARNING: Keyword 'lookup_table' ignored in calculation 'job_409_3GNW_19_a', it belongs to other interface (lookup)
WARNING: Keyword 'lookup_table' ignored in calculation 'job_409_3GNW_19_b', it belongs to other interface (lookup)
WARNING: Keyword 'lookup_table' ignored in calculation 'job_410_3GNW_20_ab', it belongs to other interface (lookup)
WARNING: Keyword 'lookup_table' ignored in calculation 'job_410_3GNW_20_a', it belongs to other interface (lookup)
WARNING: Keyword 'lookup_table' ignored in calculation 'job_410_3GNW_20_b', it belongs to other interface (lookup)
WARNING: Keyword 'lookup_table' ignored in calculation 'job_411_3GNW_21_ab', it belongs to other interface (lookup)
WARNING: Keyword 'lookup_table' ignored in calculation 'job_411_3GNW_21_a', it belongs to other interface (lookup)
WARNING: Keyword 'lookup_table' ignored in calculation 'job_411_3GNW_21_b', it belongs to other interface (lookup)
WARNING: Keyword 'lookup_table' ignored in calculation 'job_412_3GNW_22_ab', it belongs to other interface (lookup)
WARNING: Keyword 'lookup_table' ignored in calculation 'job_412_3GNW_22_a', it belongs to other interface (lookup)
WARNING: Keyword 'lookup_table' ignored in calculation 'job_412_3GNW_22_b', it belongs to other interface (lookup)
WARNING: Keyword 'lookup_table' ignored in calculation 'job_413_3GNW_23_ab', it belongs to other interface (lookup)
WARNING: Keyword 'lookup_table' ignored in calculation 'job_413_3GNW_23_a', it belongs to other interface (lookup)
WARNING: Keyword 'lookup_table' ignored in calculation 'job_413_3GNW_23_b', it belongs to other interface (lookup)
WARNING: Keyword 'lookup_table' ignored in calculation 'job_414_3GNW_24_ab', it belongs to other interface (lookup)
WARNING: Keyword 'lookup_table' ignored in calculation 'job_414_3GNW_24_a', it belongs to other interface (lookup)
WARNING: Keyword 'lookup_table' ignored in calculation 'job_414_3GNW_24_b', it belongs to other interface (lookup)
WARNING: Keyword 'lookup_table' ignored in calculation 'job_415_3GNW_25_ab', it belongs to other interface (lookup)
WARNING: Keyword 'lookup_table' ignored in calculation 'job_415_3GNW_25_a', it belongs to other interface (lookup)
WARNING: Keyword 'lookup_table' ignored in calculation 'job_415_3GNW_25_b', it belongs to other interface (lookup)
WARNING: Keyword 'lookup_table' ignored in calculation 'job_416_3GNW_26_ab', it belongs to other interface (lookup)
WARNING: Keyword 'lookup_table' ignored in calculation 'job_416_3GNW_26_a', it belongs to other interface (lookup)
WARNING: Keyword 'lookup_table' ignored in calculation 'job_416_3GNW_26_b', it belongs to other interface (lookup)
WARNING: Keyword 'lookup_table' ignored in calculation 'job_417_3GNW_27_ab', it belongs to other interface (lookup)
WARNING: Keyword 'lookup_table' ignored in calculation 'job_417_3GNW_27_a', it belongs to other interface (lookup)
WARNING: Keyword 'lookup_table' ignored in calculation 'job_417_3GNW_27_b', it belongs to other interface (lookup)
WARNING: Keyword 'lookup_table' ignored in calculation 'job_418_3GNW_28_ab', it belongs to other interface (lookup)
WARNING: Keyword 'lookup_table' ignored in calculation 'job_418_3GNW_28_a', it belongs to other interface (lookup)
WARNING: Keyword 'lookup_table' ignored in calculation 'job_418_3GNW_28_b', it belongs to other interface (lookup)
WARNING: Keyword 'lookup_table' ignored in calculation 'job_419_3GNW_29_ab', it belongs to other interface (lookup)
WARNING: Keyword 'lookup_table' ignored in calculation 'job_419_3GNW_29_a', it belongs to other interface (lookup)
WARNING: Keyword 'lookup_table' ignored in calculation 'job_419_3GNW_29_b', it belongs to other interface (lookup)
WARNING: Keyword 'lookup_table' ignored in calculation 'job_420_3GNW_30_ab', it belongs to other interface (lookup)
WARNING: Keyword 'lookup_table' ignored in calculation 'job_420_3GNW_30_a', it belongs to other interface (lookup)
WARNING: Keyword 'lookup_table' ignored in calculation 'job_420_3GNW_30_b', it belongs to other interface (lookup)
WARNING: Keyword 'lookup_table' ignored in calculation 'job_421_3GNW_31_ab', it belongs to other interface (lookup)
WARNING: Keyword 'lookup_table' ignored in calculation 'job_421_3GNW_31_a', it belongs to other interface (lookup)
WARNING: Keyword 'lookup_table' ignored in calculation 'job_421_3GNW_31_b', it belongs to other interface (lookup)
WARNING: Keyword 'lookup_table' ignored in calculation 'job_422_3GNW_32_ab', it belongs to other interface (lookup)
WARNING: Keyword 'lookup_table' ignored in calculation 'job_422_3GNW_32_a', it belongs to other interface (lookup)
WARNING: Keyword 'lookup_table' ignored in calculation 'job_422_3GNW_32_b', it belongs to other interface (lookup)
WARNING: Keyword 'lookup_table' ignored in calculation 'job_423_3GNW_33_ab', it belongs to other interface (lookup)
WARNING: Keyword 'lookup_table' ignored in calculation 'job_423_3GNW_33_a', it belongs to other interface (lookup)
WARNING: Keyword 'lookup_table' ignored in calculation 'job_423_3GNW_33_b', it belongs to other interface (lookup)
WARNING: Keyword 'lookup_table' ignored in calculation 'job_424_3GNW_34_ab', it belongs to other interface (lookup)
WARNING: Keyword 'lookup_table' ignored in calculation 'job_424_3GNW_34_a', it belongs to other interface (lookup)
WARNING: Keyword 'lookup_table' ignored in calculation 'job_424_3GNW_34_b', it belongs to other interface (lookup)
WARNING: Keyword 'lookup_table' ignored in calculation 'job_425_3GNW_35_ab', it belongs to other interface (lookup)
WARNING: Keyword 'lookup_table' ignored in calculation 'job_425_3GNW_35_a', it belongs to other interface (lookup)
WARNING: Keyword 'lookup_table' ignored in calculation 'job_425_3GNW_35_b', it belongs to other interface (lookup)
WARNING: Keyword 'lookup_table' ignored in calculation 'job_426_3JVS_01_ab', it belongs to other interface (lookup)
WARNING: Keyword 'lookup_table' ignored in calculation 'job_426_3JVS_01_a', it belongs to other interface (lookup)
WARNING: Keyword 'lookup_table' ignored in calculation 'job_426_3JVS_01_b', it belongs to other interface (lookup)
WARNING: Keyword 'lookup_table' ignored in calculation 'job_427_3JVS_02_ab', it belongs to other interface (lookup)
WARNING: Keyword 'lookup_table' ignored in calculation 'job_427_3JVS_02_a', it belongs to other interface (lookup)
WARNING: Keyword 'lookup_table' ignored in calculation 'job_427_3JVS_02_b', it belongs to other interface (lookup)
WARNING: Keyword 'lookup_table' ignored in calculation 'job_428_3JVS_03_ab', it belongs to other interface (lookup)
WARNING: Keyword 'lookup_table' ignored in calculation 'job_428_3JVS_03_a', it belongs to other interface (lookup)
WARNING: Keyword 'lookup_table' ignored in calculation 'job_428_3JVS_03_b', it belongs to other interface (lookup)
WARNING: Keyword 'lookup_table' ignored in calculation 'job_429_3JVS_04_ab', it belongs to other interface (lookup)
WARNING: Keyword 'lookup_table' ignored in calculation 'job_429_3JVS_04_a', it belongs to other interface (lookup)
WARNING: Keyword 'lookup_table' ignored in calculation 'job_429_3JVS_04_b', it belongs to other interface (lookup)
WARNING: Keyword 'lookup_table' ignored in calculation 'job_430_3JVS_05_ab', it belongs to other interface (lookup)
WARNING: Keyword 'lookup_table' ignored in calculation 'job_430_3JVS_05_a', it belongs to other interface (lookup)
WARNING: Keyword 'lookup_table' ignored in calculation 'job_430_3JVS_05_b', it belongs to other interface (lookup)
WARNING: Keyword 'lookup_table' ignored in calculation 'job_431_3JVS_06_ab', it belongs to other interface (lookup)
WARNING: Keyword 'lookup_table' ignored in calculation 'job_431_3JVS_06_a', it belongs to other interface (lookup)
WARNING: Keyword 'lookup_table' ignored in calculation 'job_431_3JVS_06_b', it belongs to other interface (lookup)
WARNING: Keyword 'lookup_table' ignored in calculation 'job_432_3JVS_07_ab', it belongs to other interface (lookup)
WARNING: Keyword 'lookup_table' ignored in calculation 'job_432_3JVS_07_a', it belongs to other interface (lookup)
WARNING: Keyword 'lookup_table' ignored in calculation 'job_432_3JVS_07_b', it belongs to other interface (lookup)
WARNING: Keyword 'lookup_table' ignored in calculation 'job_433_3JVS_08_ab', it belongs to other interface (lookup)
WARNING: Keyword 'lookup_table' ignored in calculation 'job_433_3JVS_08_a', it belongs to other interface (lookup)
WARNING: Keyword 'lookup_table' ignored in calculation 'job_433_3JVS_08_b', it belongs to other interface (lookup)
WARNING: Keyword 'lookup_table' ignored in calculation 'job_434_3JVS_09_ab', it belongs to other interface (lookup)
WARNING: Keyword 'lookup_table' ignored in calculation 'job_434_3JVS_09_a', it belongs to other interface (lookup)
WARNING: Keyword 'lookup_table' ignored in calculation 'job_434_3JVS_09_b', it belongs to other interface (lookup)
WARNING: Keyword 'lookup_table' ignored in calculation 'job_435_3JVS_10_ab', it belongs to other interface (lookup)
WARNING: Keyword 'lookup_table' ignored in calculation 'job_435_3JVS_10_a', it belongs to other interface (lookup)
WARNING: Keyword 'lookup_table' ignored in calculation 'job_435_3JVS_10_b', it belongs to other interface (lookup)
WARNING: Keyword 'lookup_table' ignored in calculation 'job_436_3JVS_11_ab', it belongs to other interface (lookup)
WARNING: Keyword 'lookup_table' ignored in calculation 'job_436_3JVS_11_a', it belongs to other interface (lookup)
WARNING: Keyword 'lookup_table' ignored in calculation 'job_436_3JVS_11_b', it belongs to other interface (lookup)
WARNING: Keyword 'lookup_table' ignored in calculation 'job_437_3JVS_12_ab', it belongs to other interface (lookup)
WARNING: Keyword 'lookup_table' ignored in calculation 'job_437_3JVS_12_a', it belongs to other interface (lookup)
WARNING: Keyword 'lookup_table' ignored in calculation 'job_437_3JVS_12_b', it belongs to other interface (lookup)
WARNING: Keyword 'lookup_table' ignored in calculation 'job_438_3JVS_13_ab', it belongs to other interface (lookup)
WARNING: Keyword 'lookup_table' ignored in calculation 'job_438_3JVS_13_a', it belongs to other interface (lookup)
WARNING: Keyword 'lookup_table' ignored in calculation 'job_438_3JVS_13_b', it belongs to other interface (lookup)
WARNING: Keyword 'lookup_table' ignored in calculation 'job_439_3JVS_14_ab', it belongs to other interface (lookup)
WARNING: Keyword 'lookup_table' ignored in calculation 'job_439_3JVS_14_a', it belongs to other interface (lookup)
WARNING: Keyword 'lookup_table' ignored in calculation 'job_439_3JVS_14_b', it belongs to other interface (lookup)
WARNING: Keyword 'lookup_table' ignored in calculation 'job_440_3JVS_15_ab', it belongs to other interface (lookup)
WARNING: Keyword 'lookup_table' ignored in calculation 'job_440_3JVS_15_a', it belongs to other interface (lookup)
WARNING: Keyword 'lookup_table' ignored in calculation 'job_440_3JVS_15_b', it belongs to other interface (lookup)
WARNING: Keyword 'lookup_table' ignored in calculation 'job_441_3JVS_16_ab', it belongs to other interface (lookup)
WARNING: Keyword 'lookup_table' ignored in calculation 'job_441_3JVS_16_a', it belongs to other interface (lookup)
WARNING: Keyword 'lookup_table' ignored in calculation 'job_441_3JVS_16_b', it belongs to other interface (lookup)
WARNING: Keyword 'lookup_table' ignored in calculation 'job_442_3JVS_17_ab', it belongs to other interface (lookup)
WARNING: Keyword 'lookup_table' ignored in calculation 'job_442_3JVS_17_a', it belongs to other interface (lookup)
WARNING: Keyword 'lookup_table' ignored in calculation 'job_442_3JVS_17_b', it belongs to other interface (lookup)
WARNING: Keyword 'lookup_table' ignored in calculation 'job_443_3JVS_18_ab', it belongs to other interface (lookup)
WARNING: Keyword 'lookup_table' ignored in calculation 'job_443_3JVS_18_a', it belongs to other interface (lookup)
WARNING: Keyword 'lookup_table' ignored in calculation 'job_443_3JVS_18_b', it belongs to other interface (lookup)
WARNING: Keyword 'lookup_table' ignored in calculation 'job_444_3JVS_19_ab', it belongs to other interface (lookup)
WARNING: Keyword 'lookup_table' ignored in calculation 'job_444_3JVS_19_a', it belongs to other interface (lookup)
WARNING: Keyword 'lookup_table' ignored in calculation 'job_444_3JVS_19_b', it belongs to other interface (lookup)
WARNING: Keyword 'lookup_table' ignored in calculation 'job_445_3JVS_20_ab', it belongs to other interface (lookup)
WARNING: Keyword 'lookup_table' ignored in calculation 'job_445_3JVS_20_a', it belongs to other interface (lookup)
WARNING: Keyword 'lookup_table' ignored in calculation 'job_445_3JVS_20_b', it belongs to other interface (lookup)
WARNING: Keyword 'lookup_table' ignored in calculation 'job_446_3JVS_21_ab', it belongs to other interface (lookup)
WARNING: Keyword 'lookup_table' ignored in calculation 'job_446_3JVS_21_a', it belongs to other interface (lookup)
WARNING: Keyword 'lookup_table' ignored in calculation 'job_446_3JVS_21_b', it belongs to other interface (lookup)
WARNING: Keyword 'lookup_table' ignored in calculation 'job_447_3JVS_22_ab', it belongs to other interface (lookup)
WARNING: Keyword 'lookup_table' ignored in calculation 'job_447_3JVS_22_a', it belongs to other interface (lookup)
WARNING: Keyword 'lookup_table' ignored in calculation 'job_447_3JVS_22_b', it belongs to other interface (lookup)
WARNING: Keyword 'lookup_table' ignored in calculation 'job_448_3NOX_01_ab', it belongs to other interface (lookup)
WARNING: Keyword 'lookup_table' ignored in calculation 'job_448_3NOX_01_a', it belongs to other interface (lookup)
WARNING: Keyword 'lookup_table' ignored in calculation 'job_448_3NOX_01_b', it belongs to other interface (lookup)
WARNING: Keyword 'lookup_table' ignored in calculation 'job_449_3NOX_02_ab', it belongs to other interface (lookup)
WARNING: Keyword 'lookup_table' ignored in calculation 'job_449_3NOX_02_a', it belongs to other interface (lookup)
WARNING: Keyword 'lookup_table' ignored in calculation 'job_449_3NOX_02_b', it belongs to other interface (lookup)
WARNING: Keyword 'lookup_table' ignored in calculation 'job_450_3NOX_03_ab', it belongs to other interface (lookup)
WARNING: Keyword 'lookup_table' ignored in calculation 'job_450_3NOX_03_a', it belongs to other interface (lookup)
WARNING: Keyword 'lookup_table' ignored in calculation 'job_450_3NOX_03_b', it belongs to other interface (lookup)
WARNING: Keyword 'lookup_table' ignored in calculation 'job_451_3NOX_04_ab', it belongs to other interface (lookup)
WARNING: Keyword 'lookup_table' ignored in calculation 'job_451_3NOX_04_a', it belongs to other interface (lookup)
WARNING: Keyword 'lookup_table' ignored in calculation 'job_451_3NOX_04_b', it belongs to other interface (lookup)
WARNING: Keyword 'lookup_table' ignored in calculation 'job_452_3NOX_05_ab', it belongs to other interface (lookup)
WARNING: Keyword 'lookup_table' ignored in calculation 'job_452_3NOX_05_a', it belongs to other interface (lookup)
WARNING: Keyword 'lookup_table' ignored in calculation 'job_452_3NOX_05_b', it belongs to other interface (lookup)
WARNING: Keyword 'lookup_table' ignored in calculation 'job_453_3NOX_06_ab', it belongs to other interface (lookup)
WARNING: Keyword 'lookup_table' ignored in calculation 'job_453_3NOX_06_a', it belongs to other interface (lookup)
WARNING: Keyword 'lookup_table' ignored in calculation 'job_453_3NOX_06_b', it belongs to other interface (lookup)
WARNING: Keyword 'lookup_table' ignored in calculation 'job_454_3NOX_07_ab', it belongs to other interface (lookup)
WARNING: Keyword 'lookup_table' ignored in calculation 'job_454_3NOX_07_a', it belongs to other interface (lookup)
WARNING: Keyword 'lookup_table' ignored in calculation 'job_454_3NOX_07_b', it belongs to other interface (lookup)
WARNING: Keyword 'lookup_table' ignored in calculation 'job_455_3NOX_08_ab', it belongs to other interface (lookup)
WARNING: Keyword 'lookup_table' ignored in calculation 'job_455_3NOX_08_a', it belongs to other interface (lookup)
WARNING: Keyword 'lookup_table' ignored in calculation 'job_455_3NOX_08_b', it belongs to other interface (lookup)
WARNING: Keyword 'lookup_table' ignored in calculation 'job_456_3NOX_09_ab', it belongs to other interface (lookup)
WARNING: Keyword 'lookup_table' ignored in calculation 'job_456_3NOX_09_a', it belongs to other interface (lookup)
WARNING: Keyword 'lookup_table' ignored in calculation 'job_456_3NOX_09_b', it belongs to other interface (lookup)
WARNING: Keyword 'lookup_table' ignored in calculation 'job_457_3NOX_10_ab', it belongs to other interface (lookup)
WARNING: Keyword 'lookup_table' ignored in calculation 'job_457_3NOX_10_a', it belongs to other interface (lookup)
WARNING: Keyword 'lookup_table' ignored in calculation 'job_457_3NOX_10_b', it belongs to other interface (lookup)
WARNING: Keyword 'lookup_table' ignored in calculation 'job_458_3NOX_11_ab', it belongs to other interface (lookup)
WARNING: Keyword 'lookup_table' ignored in calculation 'job_458_3NOX_11_a', it belongs to other interface (lookup)
WARNING: Keyword 'lookup_table' ignored in calculation 'job_458_3NOX_11_b', it belongs to other interface (lookup)
WARNING: Keyword 'lookup_table' ignored in calculation 'job_459_3NOX_12_ab', it belongs to other interface (lookup)
WARNING: Keyword 'lookup_table' ignored in calculation 'job_459_3NOX_12_a', it belongs to other interface (lookup)
WARNING: Keyword 'lookup_table' ignored in calculation 'job_459_3NOX_12_b', it belongs to other interface (lookup)
WARNING: Keyword 'lookup_table' ignored in calculation 'job_460_3NOX_13_ab', it belongs to other interface (lookup)
WARNING: Keyword 'lookup_table' ignored in calculation 'job_460_3NOX_13_a', it belongs to other interface (lookup)
WARNING: Keyword 'lookup_table' ignored in calculation 'job_460_3NOX_13_b', it belongs to other interface (lookup)
WARNING: Keyword 'lookup_table' ignored in calculation 'job_461_3NOX_14_ab', it belongs to other interface (lookup)
WARNING: Keyword 'lookup_table' ignored in calculation 'job_461_3NOX_14_a', it belongs to other interface (lookup)
WARNING: Keyword 'lookup_table' ignored in calculation 'job_461_3NOX_14_b', it belongs to other interface (lookup)
WARNING: Keyword 'lookup_table' ignored in calculation 'job_462_3NOX_15_ab', it belongs to other interface (lookup)
WARNING: Keyword 'lookup_table' ignored in calculation 'job_462_3NOX_15_a', it belongs to other interface (lookup)
WARNING: Keyword 'lookup_table' ignored in calculation 'job_462_3NOX_15_b', it belongs to other interface (lookup)
WARNING: Keyword 'lookup_table' ignored in calculation 'job_463_3NOX_16_ab', it belongs to other interface (lookup)
WARNING: Keyword 'lookup_table' ignored in calculation 'job_463_3NOX_16_a', it belongs to other interface (lookup)
WARNING: Keyword 'lookup_table' ignored in calculation 'job_463_3NOX_16_b', it belongs to other interface (lookup)
WARNING: Keyword 'lookup_table' ignored in calculation 'job_464_3NOX_17_ab', it belongs to other interface (lookup)
WARNING: Keyword 'lookup_table' ignored in calculation 'job_464_3NOX_17_a', it belongs to other interface (lookup)
WARNING: Keyword 'lookup_table' ignored in calculation 'job_464_3NOX_17_b', it belongs to other interface (lookup)
WARNING: Keyword 'lookup_table' ignored in calculation 'job_465_3NOX_18_ab', it belongs to other interface (lookup)
WARNING: Keyword 'lookup_table' ignored in calculation 'job_465_3NOX_18_a', it belongs to other interface (lookup)
WARNING: Keyword 'lookup_table' ignored in calculation 'job_465_3NOX_18_b', it belongs to other interface (lookup)
WARNING: Keyword 'lookup_table' ignored in calculation 'job_466_3NOX_19_ab', it belongs to other interface (lookup)
WARNING: Keyword 'lookup_table' ignored in calculation 'job_466_3NOX_19_a', it belongs to other interface (lookup)
WARNING: Keyword 'lookup_table' ignored in calculation 'job_466_3NOX_19_b', it belongs to other interface (lookup)
WARNING: Keyword 'lookup_table' ignored in calculation 'job_467_3NOX_20_ab', it belongs to other interface (lookup)
WARNING: Keyword 'lookup_table' ignored in calculation 'job_467_3NOX_20_a', it belongs to other interface (lookup)
WARNING: Keyword 'lookup_table' ignored in calculation 'job_467_3NOX_20_b', it belongs to other interface (lookup)
WARNING: Keyword 'lookup_table' ignored in calculation 'job_468_3NOX_21_ab', it belongs to other interface (lookup)
WARNING: Keyword 'lookup_table' ignored in calculation 'job_468_3NOX_21_a', it belongs to other interface (lookup)
WARNING: Keyword 'lookup_table' ignored in calculation 'job_468_3NOX_21_b', it belongs to other interface (lookup)
WARNING: Keyword 'lookup_table' ignored in calculation 'job_469_3PE2_01_ab', it belongs to other interface (lookup)
WARNING: Keyword 'lookup_table' ignored in calculation 'job_469_3PE2_01_a', it belongs to other interface (lookup)
WARNING: Keyword 'lookup_table' ignored in calculation 'job_469_3PE2_01_b', it belongs to other interface (lookup)
WARNING: Keyword 'lookup_table' ignored in calculation 'job_470_3PE2_02_ab', it belongs to other interface (lookup)
WARNING: Keyword 'lookup_table' ignored in calculation 'job_470_3PE2_02_a', it belongs to other interface (lookup)
WARNING: Keyword 'lookup_table' ignored in calculation 'job_470_3PE2_02_b', it belongs to other interface (lookup)
WARNING: Keyword 'lookup_table' ignored in calculation 'job_471_3PE2_03_ab', it belongs to other interface (lookup)
WARNING: Keyword 'lookup_table' ignored in calculation 'job_471_3PE2_03_a', it belongs to other interface (lookup)
WARNING: Keyword 'lookup_table' ignored in calculation 'job_471_3PE2_03_b', it belongs to other interface (lookup)
WARNING: Keyword 'lookup_table' ignored in calculation 'job_472_3PE2_04_ab', it belongs to other interface (lookup)
WARNING: Keyword 'lookup_table' ignored in calculation 'job_472_3PE2_04_a', it belongs to other interface (lookup)
WARNING: Keyword 'lookup_table' ignored in calculation 'job_472_3PE2_04_b', it belongs to other interface (lookup)
WARNING: Keyword 'lookup_table' ignored in calculation 'job_473_3PE2_05_ab', it belongs to other interface (lookup)
WARNING: Keyword 'lookup_table' ignored in calculation 'job_473_3PE2_05_a', it belongs to other interface (lookup)
WARNING: Keyword 'lookup_table' ignored in calculation 'job_473_3PE2_05_b', it belongs to other interface (lookup)
WARNING: Keyword 'lookup_table' ignored in calculation 'job_474_3PE2_06_ab', it belongs to other interface (lookup)
WARNING: Keyword 'lookup_table' ignored in calculation 'job_474_3PE2_06_a', it belongs to other interface (lookup)
WARNING: Keyword 'lookup_table' ignored in calculation 'job_474_3PE2_06_b', it belongs to other interface (lookup)
WARNING: Keyword 'lookup_table' ignored in calculation 'job_475_3PE2_07_ab', it belongs to other interface (lookup)
WARNING: Keyword 'lookup_table' ignored in calculation 'job_475_3PE2_07_a', it belongs to other interface (lookup)
WARNING: Keyword 'lookup_table' ignored in calculation 'job_475_3PE2_07_b', it belongs to other interface (lookup)
WARNING: Keyword 'lookup_table' ignored in calculation 'job_476_3PE2_08_ab', it belongs to other interface (lookup)
WARNING: Keyword 'lookup_table' ignored in calculation 'job_476_3PE2_08_a', it belongs to other interface (lookup)
WARNING: Keyword 'lookup_table' ignored in calculation 'job_476_3PE2_08_b', it belongs to other interface (lookup)
WARNING: Keyword 'lookup_table' ignored in calculation 'job_477_3PE2_09_ab', it belongs to other interface (lookup)
WARNING: Keyword 'lookup_table' ignored in calculation 'job_477_3PE2_09_a', it belongs to other interface (lookup)
WARNING: Keyword 'lookup_table' ignored in calculation 'job_477_3PE2_09_b', it belongs to other interface (lookup)
WARNING: Keyword 'lookup_table' ignored in calculation 'job_478_3PE2_10_ab', it belongs to other interface (lookup)
WARNING: Keyword 'lookup_table' ignored in calculation 'job_478_3PE2_10_a', it belongs to other interface (lookup)
WARNING: Keyword 'lookup_table' ignored in calculation 'job_478_3PE2_10_b', it belongs to other interface (lookup)
WARNING: Keyword 'lookup_table' ignored in calculation 'job_479_3PE2_11_ab', it belongs to other interface (lookup)
WARNING: Keyword 'lookup_table' ignored in calculation 'job_479_3PE2_11_a', it belongs to other interface (lookup)
WARNING: Keyword 'lookup_table' ignored in calculation 'job_479_3PE2_11_b', it belongs to other interface (lookup)
WARNING: Keyword 'lookup_table' ignored in calculation 'job_480_3PE2_12_ab', it belongs to other interface (lookup)
WARNING: Keyword 'lookup_table' ignored in calculation 'job_480_3PE2_12_a', it belongs to other interface (lookup)
WARNING: Keyword 'lookup_table' ignored in calculation 'job_480_3PE2_12_b', it belongs to other interface (lookup)
WARNING: Keyword 'lookup_table' ignored in calculation 'job_481_3PE2_13_ab', it belongs to other interface (lookup)
WARNING: Keyword 'lookup_table' ignored in calculation 'job_481_3PE2_13_a', it belongs to other interface (lookup)
WARNING: Keyword 'lookup_table' ignored in calculation 'job_481_3PE2_13_b', it belongs to other interface (lookup)
WARNING: Keyword 'lookup_table' ignored in calculation 'job_482_3PE2_14_ab', it belongs to other interface (lookup)
WARNING: Keyword 'lookup_table' ignored in calculation 'job_482_3PE2_14_a', it belongs to other interface (lookup)
WARNING: Keyword 'lookup_table' ignored in calculation 'job_482_3PE2_14_b', it belongs to other interface (lookup)
WARNING: Keyword 'lookup_table' ignored in calculation 'job_483_3PE2_15_ab', it belongs to other interface (lookup)
WARNING: Keyword 'lookup_table' ignored in calculation 'job_483_3PE2_15_a', it belongs to other interface (lookup)
WARNING: Keyword 'lookup_table' ignored in calculation 'job_483_3PE2_15_b', it belongs to other interface (lookup)
WARNING: Keyword 'lookup_table' ignored in calculation 'job_484_3PE2_16_ab', it belongs to other interface (lookup)
WARNING: Keyword 'lookup_table' ignored in calculation 'job_484_3PE2_16_a', it belongs to other interface (lookup)
WARNING: Keyword 'lookup_table' ignored in calculation 'job_484_3PE2_16_b', it belongs to other interface (lookup)
WARNING: Keyword 'lookup_table' ignored in calculation 'job_485_3PE2_17_ab', it belongs to other interface (lookup)
WARNING: Keyword 'lookup_table' ignored in calculation 'job_485_3PE2_17_a', it belongs to other interface (lookup)
WARNING: Keyword 'lookup_table' ignored in calculation 'job_485_3PE2_17_b', it belongs to other interface (lookup)
WARNING: Keyword 'lookup_table' ignored in calculation 'job_486_3PE2_18_ab', it belongs to other interface (lookup)
WARNING: Keyword 'lookup_table' ignored in calculation 'job_486_3PE2_18_a', it belongs to other interface (lookup)
WARNING: Keyword 'lookup_table' ignored in calculation 'job_486_3PE2_18_b', it belongs to other interface (lookup)
WARNING: Keyword 'lookup_table' ignored in calculation 'job_487_3PE2_19_ab', it belongs to other interface (lookup)
WARNING: Keyword 'lookup_table' ignored in calculation 'job_487_3PE2_19_a', it belongs to other interface (lookup)
WARNING: Keyword 'lookup_table' ignored in calculation 'job_487_3PE2_19_b', it belongs to other interface (lookup)
WARNING: Keyword 'lookup_table' ignored in calculation 'job_488_3PE2_20_ab', it belongs to other interface (lookup)
WARNING: Keyword 'lookup_table' ignored in calculation 'job_488_3PE2_20_a', it belongs to other interface (lookup)
WARNING: Keyword 'lookup_table' ignored in calculation 'job_488_3PE2_20_b', it belongs to other interface (lookup)
WARNING: Keyword 'lookup_table' ignored in calculation 'job_489_3PE2_21_ab', it belongs to other interface (lookup)
WARNING: Keyword 'lookup_table' ignored in calculation 'job_489_3PE2_21_a', it belongs to other interface (lookup)
WARNING: Keyword 'lookup_table' ignored in calculation 'job_489_3PE2_21_b', it belongs to other interface (lookup)
WARNING: Keyword 'lookup_table' ignored in calculation 'job_490_3PE2_22_ab', it belongs to other interface (lookup)
WARNING: Keyword 'lookup_table' ignored in calculation 'job_490_3PE2_22_a', it belongs to other interface (lookup)
WARNING: Keyword 'lookup_table' ignored in calculation 'job_490_3PE2_22_b', it belongs to other interface (lookup)
WARNING: Keyword 'lookup_table' ignored in calculation 'job_491_3PE2_23_ab', it belongs to other interface (lookup)
WARNING: Keyword 'lookup_table' ignored in calculation 'job_491_3PE2_23_a', it belongs to other interface (lookup)
WARNING: Keyword 'lookup_table' ignored in calculation 'job_491_3PE2_23_b', it belongs to other interface (lookup)
WARNING: Keyword 'lookup_table' ignored in calculation 'job_492_3PE2_24_ab', it belongs to other interface (lookup)
WARNING: Keyword 'lookup_table' ignored in calculation 'job_492_3PE2_24_a', it belongs to other interface (lookup)
WARNING: Keyword 'lookup_table' ignored in calculation 'job_492_3PE2_24_b', it belongs to other interface (lookup)
WARNING: Keyword 'lookup_table' ignored in calculation 'job_493_3PE2_25_ab', it belongs to other interface (lookup)
WARNING: Keyword 'lookup_table' ignored in calculation 'job_493_3PE2_25_a', it belongs to other interface (lookup)
WARNING: Keyword 'lookup_table' ignored in calculation 'job_493_3PE2_25_b', it belongs to other interface (lookup)
WARNING: Keyword 'lookup_table' ignored in calculation 'job_494_3PE2_26_ab', it belongs to other interface (lookup)
WARNING: Keyword 'lookup_table' ignored in calculation 'job_494_3PE2_26_a', it belongs to other interface (lookup)
WARNING: Keyword 'lookup_table' ignored in calculation 'job_494_3PE2_26_b', it belongs to other interface (lookup)
WARNING: Keyword 'lookup_table' ignored in calculation 'job_495_3PE2_27_ab', it belongs to other interface (lookup)
WARNING: Keyword 'lookup_table' ignored in calculation 'job_495_3PE2_27_a', it belongs to other interface (lookup)
WARNING: Keyword 'lookup_table' ignored in calculation 'job_495_3PE2_27_b', it belongs to other interface (lookup)
WARNING: Keyword 'lookup_table' ignored in calculation 'job_496_3PE2_28_ab', it belongs to other interface (lookup)
WARNING: Keyword 'lookup_table' ignored in calculation 'job_496_3PE2_28_a', it belongs to other interface (lookup)
WARNING: Keyword 'lookup_table' ignored in calculation 'job_496_3PE2_28_b', it belongs to other interface (lookup)
WARNING: Keyword 'lookup_table' ignored in calculation 'job_497_4GID_01_ab', it belongs to other interface (lookup)
WARNING: Keyword 'lookup_table' ignored in calculation 'job_497_4GID_01_a', it belongs to other interface (lookup)
WARNING: Keyword 'lookup_table' ignored in calculation 'job_497_4GID_01_b', it belongs to other interface (lookup)
WARNING: Keyword 'lookup_table' ignored in calculation 'job_498_4GID_02_ab', it belongs to other interface (lookup)
WARNING: Keyword 'lookup_table' ignored in calculation 'job_498_4GID_02_a', it belongs to other interface (lookup)
WARNING: Keyword 'lookup_table' ignored in calculation 'job_498_4GID_02_b', it belongs to other interface (lookup)
WARNING: Keyword 'lookup_table' ignored in calculation 'job_499_4GID_03_ab', it belongs to other interface (lookup)
WARNING: Keyword 'lookup_table' ignored in calculation 'job_499_4GID_03_a', it belongs to other interface (lookup)
WARNING: Keyword 'lookup_table' ignored in calculation 'job_499_4GID_03_b', it belongs to other interface (lookup)
WARNING: Keyword 'lookup_table' ignored in calculation 'job_500_4GID_04_ab', it belongs to other interface (lookup)
WARNING: Keyword 'lookup_table' ignored in calculation 'job_500_4GID_04_a', it belongs to other interface (lookup)
WARNING: Keyword 'lookup_table' ignored in calculation 'job_500_4GID_04_b', it belongs to other interface (lookup)
WARNING: Keyword 'lookup_table' ignored in calculation 'job_501_4GID_05_ab', it belongs to other interface (lookup)
WARNING: Keyword 'lookup_table' ignored in calculation 'job_501_4GID_05_a', it belongs to other interface (lookup)
WARNING: Keyword 'lookup_table' ignored in calculation 'job_501_4GID_05_b', it belongs to other interface (lookup)
WARNING: Keyword 'lookup_table' ignored in calculation 'job_502_4GID_06_ab', it belongs to other interface (lookup)
WARNING: Keyword 'lookup_table' ignored in calculation 'job_502_4GID_06_a', it belongs to other interface (lookup)
WARNING: Keyword 'lookup_table' ignored in calculation 'job_502_4GID_06_b', it belongs to other interface (lookup)
WARNING: Keyword 'lookup_table' ignored in calculation 'job_503_4GID_07_ab', it belongs to other interface (lookup)
WARNING: Keyword 'lookup_table' ignored in calculation 'job_503_4GID_07_a', it belongs to other interface (lookup)
WARNING: Keyword 'lookup_table' ignored in calculation 'job_503_4GID_07_b', it belongs to other interface (lookup)
WARNING: Keyword 'lookup_table' ignored in calculation 'job_504_4GID_08_ab', it belongs to other interface (lookup)
WARNING: Keyword 'lookup_table' ignored in calculation 'job_504_4GID_08_a', it belongs to other interface (lookup)
WARNING: Keyword 'lookup_table' ignored in calculation 'job_504_4GID_08_b', it belongs to other interface (lookup)
WARNING: Keyword 'lookup_table' ignored in calculation 'job_505_4GID_09_ab', it belongs to other interface (lookup)
WARNING: Keyword 'lookup_table' ignored in calculation 'job_505_4GID_09_a', it belongs to other interface (lookup)
WARNING: Keyword 'lookup_table' ignored in calculation 'job_505_4GID_09_b', it belongs to other interface (lookup)
WARNING: Keyword 'lookup_table' ignored in calculation 'job_506_4GID_10_ab', it belongs to other interface (lookup)
WARNING: Keyword 'lookup_table' ignored in calculation 'job_506_4GID_10_a', it belongs to other interface (lookup)
WARNING: Keyword 'lookup_table' ignored in calculation 'job_506_4GID_10_b', it belongs to other interface (lookup)
WARNING: Keyword 'lookup_table' ignored in calculation 'job_507_4GID_11_ab', it belongs to other interface (lookup)
WARNING: Keyword 'lookup_table' ignored in calculation 'job_507_4GID_11_a', it belongs to other interface (lookup)
WARNING: Keyword 'lookup_table' ignored in calculation 'job_507_4GID_11_b', it belongs to other interface (lookup)
WARNING: Keyword 'lookup_table' ignored in calculation 'job_508_4GID_12_ab', it belongs to other interface (lookup)
WARNING: Keyword 'lookup_table' ignored in calculation 'job_508_4GID_12_a', it belongs to other interface (lookup)
WARNING: Keyword 'lookup_table' ignored in calculation 'job_508_4GID_12_b', it belongs to other interface (lookup)
WARNING: Keyword 'lookup_table' ignored in calculation 'job_509_4GID_13_ab', it belongs to other interface (lookup)
WARNING: Keyword 'lookup_table' ignored in calculation 'job_509_4GID_13_a', it belongs to other interface (lookup)
WARNING: Keyword 'lookup_table' ignored in calculation 'job_509_4GID_13_b', it belongs to other interface (lookup)
WARNING: Keyword 'lookup_table' ignored in calculation 'job_510_4GID_14_ab', it belongs to other interface (lookup)
WARNING: Keyword 'lookup_table' ignored in calculation 'job_510_4GID_14_a', it belongs to other interface (lookup)
WARNING: Keyword 'lookup_table' ignored in calculation 'job_510_4GID_14_b', it belongs to other interface (lookup)
WARNING: Keyword 'lookup_table' ignored in calculation 'job_511_4GID_15_ab', it belongs to other interface (lookup)
WARNING: Keyword 'lookup_table' ignored in calculation 'job_511_4GID_15_a', it belongs to other interface (lookup)
WARNING: Keyword 'lookup_table' ignored in calculation 'job_511_4GID_15_b', it belongs to other interface (lookup)
WARNING: Keyword 'lookup_table' ignored in calculation 'job_512_4GID_16_ab', it belongs to other interface (lookup)
WARNING: Keyword 'lookup_table' ignored in calculation 'job_512_4GID_16_a', it belongs to other interface (lookup)
WARNING: Keyword 'lookup_table' ignored in calculation 'job_512_4GID_16_b', it belongs to other interface (lookup)
WARNING: Keyword 'lookup_table' ignored in calculation 'job_513_4GID_17_ab', it belongs to other interface (lookup)
WARNING: Keyword 'lookup_table' ignored in calculation 'job_513_4GID_17_a', it belongs to other interface (lookup)
WARNING: Keyword 'lookup_table' ignored in calculation 'job_513_4GID_17_b', it belongs to other interface (lookup)
WARNING: Keyword 'lookup_table' ignored in calculation 'job_514_4GID_18_ab', it belongs to other interface (lookup)
WARNING: Keyword 'lookup_table' ignored in calculation 'job_514_4GID_18_a', it belongs to other interface (lookup)
WARNING: Keyword 'lookup_table' ignored in calculation 'job_514_4GID_18_b', it belongs to other interface (lookup)
WARNING: Keyword 'lookup_table' ignored in calculation 'job_515_4GID_19_ab', it belongs to other interface (lookup)
WARNING: Keyword 'lookup_table' ignored in calculation 'job_515_4GID_19_a', it belongs to other interface (lookup)
WARNING: Keyword 'lookup_table' ignored in calculation 'job_515_4GID_19_b', it belongs to other interface (lookup)
WARNING: Keyword 'lookup_table' ignored in calculation 'job_516_4GID_20_ab', it belongs to other interface (lookup)
WARNING: Keyword 'lookup_table' ignored in calculation 'job_516_4GID_20_a', it belongs to other interface (lookup)
WARNING: Keyword 'lookup_table' ignored in calculation 'job_516_4GID_20_b', it belongs to other interface (lookup)
WARNING: Keyword 'lookup_table' ignored in calculation 'job_517_4GID_21_ab', it belongs to other interface (lookup)
WARNING: Keyword 'lookup_table' ignored in calculation 'job_517_4GID_21_a', it belongs to other interface (lookup)
WARNING: Keyword 'lookup_table' ignored in calculation 'job_517_4GID_21_b', it belongs to other interface (lookup)
WARNING: Keyword 'lookup_table' ignored in calculation 'job_518_4GID_22_ab', it belongs to other interface (lookup)
WARNING: Keyword 'lookup_table' ignored in calculation 'job_518_4GID_22_a', it belongs to other interface (lookup)
WARNING: Keyword 'lookup_table' ignored in calculation 'job_518_4GID_22_b', it belongs to other interface (lookup)
WARNING: Keyword 'lookup_table' ignored in calculation 'job_519_4GID_23_ab', it belongs to other interface (lookup)
WARNING: Keyword 'lookup_table' ignored in calculation 'job_519_4GID_23_a', it belongs to other interface (lookup)
WARNING: Keyword 'lookup_table' ignored in calculation 'job_519_4GID_23_b', it belongs to other interface (lookup)
WARNING: Keyword 'lookup_table' ignored in calculation 'job_520_4GID_24_ab', it belongs to other interface (lookup)
WARNING: Keyword 'lookup_table' ignored in calculation 'job_520_4GID_24_a', it belongs to other interface (lookup)
WARNING: Keyword 'lookup_table' ignored in calculation 'job_520_4GID_24_b', it belongs to other interface (lookup)
WARNING: Keyword 'lookup_table' ignored in calculation 'job_521_4GID_25_ab', it belongs to other interface (lookup)
WARNING: Keyword 'lookup_table' ignored in calculation 'job_521_4GID_25_a', it belongs to other interface (lookup)
WARNING: Keyword 'lookup_table' ignored in calculation 'job_521_4GID_25_b', it belongs to other interface (lookup)
WARNING: Keyword 'lookup_table' ignored in calculation 'job_522_4GID_26_ab', it belongs to other interface (lookup)
WARNING: Keyword 'lookup_table' ignored in calculation 'job_522_4GID_26_a', it belongs to other interface (lookup)
WARNING: Keyword 'lookup_table' ignored in calculation 'job_522_4GID_26_b', it belongs to other interface (lookup)
WARNING: Keyword 'lookup_table' ignored in calculation 'job_523_4GID_27_ab', it belongs to other interface (lookup)
WARNING: Keyword 'lookup_table' ignored in calculation 'job_523_4GID_27_a', it belongs to other interface (lookup)
WARNING: Keyword 'lookup_table' ignored in calculation 'job_523_4GID_27_b', it belongs to other interface (lookup)
WARNING: Keyword 'lookup_table' ignored in calculation 'job_524_4GID_28_ab', it belongs to other interface (lookup)
WARNING: Keyword 'lookup_table' ignored in calculation 'job_524_4GID_28_a', it belongs to other interface (lookup)
WARNING: Keyword 'lookup_table' ignored in calculation 'job_524_4GID_28_b', it belongs to other interface (lookup)
WARNING: Keyword 'lookup_table' ignored in calculation 'job_525_4GID_29_ab', it belongs to other interface (lookup)
WARNING: Keyword 'lookup_table' ignored in calculation 'job_525_4GID_29_a', it belongs to other interface (lookup)
WARNING: Keyword 'lookup_table' ignored in calculation 'job_525_4GID_29_b', it belongs to other interface (lookup)
WARNING: Keyword 'lookup_table' ignored in calculation 'job_526_4GID_30_ab', it belongs to other interface (lookup)
WARNING: Keyword 'lookup_table' ignored in calculation 'job_526_4GID_30_a', it belongs to other interface (lookup)
WARNING: Keyword 'lookup_table' ignored in calculation 'job_526_4GID_30_b', it belongs to other interface (lookup)
WARNING: Keyword 'lookup_table' ignored in calculation 'job_527_4GID_31_ab', it belongs to other interface (lookup)
WARNING: Keyword 'lookup_table' ignored in calculation 'job_527_4GID_31_a', it belongs to other interface (lookup)
WARNING: Keyword 'lookup_table' ignored in calculation 'job_527_4GID_31_b', it belongs to other interface (lookup)
WARNING: Keyword 'lookup_table' ignored in calculation 'job_528_4GID_32_ab', it belongs to other interface (lookup)
WARNING: Keyword 'lookup_table' ignored in calculation 'job_528_4GID_32_a', it belongs to other interface (lookup)
WARNING: Keyword 'lookup_table' ignored in calculation 'job_528_4GID_32_b', it belongs to other interface (lookup)
WARNING: Keyword 'lookup_table' ignored in calculation 'job_529_4GID_33_ab', it belongs to other interface (lookup)
WARNING: Keyword 'lookup_table' ignored in calculation 'job_529_4GID_33_a', it belongs to other interface (lookup)
WARNING: Keyword 'lookup_table' ignored in calculation 'job_529_4GID_33_b', it belongs to other interface (lookup)
WARNING: Keyword 'lookup_table' ignored in calculation 'job_530_4GID_34_ab', it belongs to other interface (lookup)
WARNING: Keyword 'lookup_table' ignored in calculation 'job_530_4GID_34_a', it belongs to other interface (lookup)
WARNING: Keyword 'lookup_table' ignored in calculation 'job_530_4GID_34_b', it belongs to other interface (lookup)
WARNING: Keyword 'lookup_table' ignored in calculation 'job_531_4GID_35_ab', it belongs to other interface (lookup)
WARNING: Keyword 'lookup_table' ignored in calculation 'job_531_4GID_35_a', it belongs to other interface (lookup)
WARNING: Keyword 'lookup_table' ignored in calculation 'job_531_4GID_35_b', it belongs to other interface (lookup)
WARNING: Keyword 'lookup_table' ignored in calculation 'job_532_4GID_36_ab', it belongs to other interface (lookup)
WARNING: Keyword 'lookup_table' ignored in calculation 'job_532_4GID_36_a', it belongs to other interface (lookup)
WARNING: Keyword 'lookup_table' ignored in calculation 'job_532_4GID_36_b', it belongs to other interface (lookup)
WARNING: Keyword 'lookup_table' ignored in calculation 'job_533_4GID_37_ab', it belongs to other interface (lookup)
WARNING: Keyword 'lookup_table' ignored in calculation 'job_533_4GID_37_a', it belongs to other interface (lookup)
WARNING: Keyword 'lookup_table' ignored in calculation 'job_533_4GID_37_b', it belongs to other interface (lookup)
WARNING: Keyword 'lookup_table' ignored in calculation 'job_534_4GID_38_ab', it belongs to other interface (lookup)
WARNING: Keyword 'lookup_table' ignored in calculation 'job_534_4GID_38_a', it belongs to other interface (lookup)
WARNING: Keyword 'lookup_table' ignored in calculation 'job_534_4GID_38_b', it belongs to other interface (lookup)
WARNING: Keyword 'lookup_table' ignored in calculation 'job_535_4GID_39_ab', it belongs to other interface (lookup)
WARNING: Keyword 'lookup_table' ignored in calculation 'job_535_4GID_39_a', it belongs to other interface (lookup)
WARNING: Keyword 'lookup_table' ignored in calculation 'job_535_4GID_39_b', it belongs to other interface (lookup)
WARNING: Keyword 'lookup_table' ignored in calculation 'job_536_4GID_40_ab', it belongs to other interface (lookup)
WARNING: Keyword 'lookup_table' ignored in calculation 'job_536_4GID_40_a', it belongs to other interface (lookup)
WARNING: Keyword 'lookup_table' ignored in calculation 'job_536_4GID_40_b', it belongs to other interface (lookup)
WARNING: Keyword 'lookup_table' ignored in calculation 'job_537_4GID_41_ab', it belongs to other interface (lookup)
WARNING: Keyword 'lookup_table' ignored in calculation 'job_537_4GID_41_a', it belongs to other interface (lookup)
WARNING: Keyword 'lookup_table' ignored in calculation 'job_537_4GID_41_b', it belongs to other interface (lookup)
WARNING: Keyword 'lookup_table' ignored in calculation 'job_538_4GID_42_ab', it belongs to other interface (lookup)
WARNING: Keyword 'lookup_table' ignored in calculation 'job_538_4GID_42_a', it belongs to other interface (lookup)
WARNING: Keyword 'lookup_table' ignored in calculation 'job_538_4GID_42_b', it belongs to other interface (lookup)
WARNING: Keyword 'lookup_table' ignored in calculation 'job_539_4GID_43_ab', it belongs to other interface (lookup)
WARNING: Keyword 'lookup_table' ignored in calculation 'job_539_4GID_43_a', it belongs to other interface (lookup)
WARNING: Keyword 'lookup_table' ignored in calculation 'job_539_4GID_43_b', it belongs to other interface (lookup)
WARNING: Keyword 'lookup_table' ignored in calculation 'job_540_4GID_44_ab', it belongs to other interface (lookup)
WARNING: Keyword 'lookup_table' ignored in calculation 'job_540_4GID_44_a', it belongs to other interface (lookup)
WARNING: Keyword 'lookup_table' ignored in calculation 'job_540_4GID_44_b', it belongs to other interface (lookup)
WARNING: Keyword 'lookup_table' ignored in calculation 'job_541_4GID_45_ab', it belongs to other interface (lookup)
WARNING: Keyword 'lookup_table' ignored in calculation 'job_541_4GID_45_a', it belongs to other interface (lookup)
WARNING: Keyword 'lookup_table' ignored in calculation 'job_541_4GID_45_b', it belongs to other interface (lookup)
WARNING: Keyword 'lookup_table' ignored in calculation 'job_542_4GID_46_ab', it belongs to other interface (lookup)
WARNING: Keyword 'lookup_table' ignored in calculation 'job_542_4GID_46_a', it belongs to other interface (lookup)
WARNING: Keyword 'lookup_table' ignored in calculation 'job_542_4GID_46_b', it belongs to other interface (lookup)
WARNING: Keyword 'lookup_table' ignored in calculation 'job_543_4GID_47_ab', it belongs to other interface (lookup)
WARNING: Keyword 'lookup_table' ignored in calculation 'job_543_4GID_47_a', it belongs to other interface (lookup)
WARNING: Keyword 'lookup_table' ignored in calculation 'job_543_4GID_47_b', it belongs to other interface (lookup)
WARNING: Keyword 'lookup_table' ignored in calculation 'job_544_4GID_48_ab', it belongs to other interface (lookup)
WARNING: Keyword 'lookup_table' ignored in calculation 'job_544_4GID_48_a', it belongs to other interface (lookup)
WARNING: Keyword 'lookup_table' ignored in calculation 'job_544_4GID_48_b', it belongs to other interface (lookup)
WARNING: Keyword 'lookup_table' ignored in calculation 'job_545_4GID_49_ab', it belongs to other interface (lookup)
WARNING: Keyword 'lookup_table' ignored in calculation 'job_545_4GID_49_a', it belongs to other interface (lookup)
WARNING: Keyword 'lookup_table' ignored in calculation 'job_545_4GID_49_b', it belongs to other interface (lookup)
WARNING: Keyword 'lookup_table' ignored in calculation 'job_546_4GID_50_ab', it belongs to other interface (lookup)
WARNING: Keyword 'lookup_table' ignored in calculation 'job_546_4GID_50_a', it belongs to other interface (lookup)
WARNING: Keyword 'lookup_table' ignored in calculation 'job_546_4GID_50_b', it belongs to other interface (lookup)
WARNING: Keyword 'lookup_table' ignored in calculation 'job_547_4GID_51_ab', it belongs to other interface (lookup)
WARNING: Keyword 'lookup_table' ignored in calculation 'job_547_4GID_51_a', it belongs to other interface (lookup)
WARNING: Keyword 'lookup_table' ignored in calculation 'job_547_4GID_51_b', it belongs to other interface (lookup)
        _______  
       /\______\ 
      / /      / 
     / / Cuby /   Dataset calculation
     \/______/   
                 
==========================================================================================
name                                             E      Eref     error  error(%)
------------------------------------------------------------------------------------------
01 10GS_01_bbn                              -1.828    -2.184     0.356    16.287
02 10GS_02_bbn                               0.312    -0.132     0.444   336.735
03 10GS_03_bbn                               0.843     0.428     0.415    96.860
04 10GS_04_bbn                               7.470     4.504     2.966    65.858
05 10GS_05_bbn                              -9.294   -11.437     2.143    18.738
06 10GS_06_pro                              -3.895    -6.883     2.988    43.416
07 10GS_07_bbn                              -4.872    -6.112     1.240    20.291
08 10GS_08_bbn                             -11.238   -14.282     3.044    21.312
09 10GS_09_bbn                              -4.100    -4.063    -0.037    -0.904
10 10GS_10_bbn                              -2.485    -3.957     1.472    37.206
11 10GS_11_bbn                              -0.321    -0.762     0.441    57.912
12 10GS_12_tyr                              -2.787    -7.821     5.034    64.360
13 10GS_13_phe                              -1.104    -5.857     4.753    81.150
14 10GS_14_val                              -0.333    -1.308     0.975    74.510
15 10GS_15_arg                             -48.186   -53.819     5.633    10.466
16 10GS_16_val                              -0.143    -0.618     0.475    76.908
17 10GS_17_trp                             -12.272   -19.558     7.286    37.255
18 10GS_18_lys                             -84.165   -89.344     5.179     5.796
19 10GS_19_gln                             -26.424   -32.038     5.614    17.522
20 10GS_20_leu                              -0.003    -1.287     1.284    99.795
21 10GS_21_gln                              -8.077   -10.897     2.820    25.876
22 10GS_22_ser                              -7.413   -11.270     3.857    34.227
23 10GS_23_tyr                               0.520    -1.617     2.137   132.165
24 10GS_24_asp                              19.701    19.608     0.093     0.473
25 10GS_25_asp                             -13.735   -14.741     1.006     6.826
26 2CET_01_bbn                               0.698     0.231     0.467   202.013
27 2CET_02_bbn                              -0.437    -0.814     0.377    46.295
28 2CET_03_ala                              -0.091    -0.260     0.169    65.088
29 2CET_04_gln                              -6.434    -9.867     3.433    34.790
30 2CET_05_arg                              35.227    34.922     0.305     0.872
31 2CET_06_hie                              -0.377    -1.059     0.682    64.428
32 2CET_07_trp                              -1.488    -5.045     3.557    70.498
33 2CET_08_asn                              -2.151    -2.421     0.270    11.134
34 2CET_09_glu                             -94.999  -103.150     8.151     7.902
35 2CET_10_val                              -0.410    -2.021     1.611    79.729
36 2CET_11_val                              -0.095    -0.645     0.550    85.250
37 2CET_12_hie                               1.054    -0.152     1.206   793.750
38 2CET_13_asn                               1.256    -0.471     1.727   366.707
39 2CET_14_asn                               5.146     3.300     1.846    55.927
40 2CET_15_tyr                              -2.413    -6.712     4.299    64.044
41 2CET_16_met                              -0.147    -0.626     0.479    76.532
42 2CET_17_trp                              -2.536    -4.775     2.239    46.890
43 2CET_18_glu                             -85.686   -92.916     7.230     7.781
44 2CET_19_trp                              -4.731    -9.608     4.877    50.762
45 2CET_20_asn                               0.426     0.300     0.126    41.937
46 2CET_21_glu                             -97.348  -110.346    12.998    11.780
47 2CET_22_trp                              -0.529    -2.321     1.792    77.199
48 2CET_23_phe                              -3.151    -5.529     2.378    43.013
49 2FVD_01_bbn                              -0.295    -1.071     0.776    72.418
50 2FVD_02_bbn                              -0.654    -0.993     0.339    34.153
51 2FVD_03_bbn                              -0.289    -0.802     0.513    63.936
52 2FVD_04_bbn                              -0.230    -0.422     0.192    45.536
53 2FVD_05_bbn                              -5.436    -5.863     0.427     7.281
54 2FVD_06_bbn                              -1.592    -3.338     1.746    52.296
55 2FVD_07_bbn                              -5.490    -8.131     2.641    32.477
56 2FVD_08_bbn                               1.881    -2.300     4.181   181.764
57 2FVD_09_bbn                              -6.807    -7.877     1.070    13.589
58 2FVD_10_bbn                               2.726     1.604     1.122    69.946
59 2FVD_11_bbn                              -1.318    -1.444     0.126     8.692
60 2FVD_12_bbn                               0.778     0.235     0.543   231.106
61 2FVD_13_bbn                              -4.419    -3.477    -0.942   -27.096
62 2FVD_14_bbn                               0.907     0.073     0.834  1142.082
63 2FVD_15_bbn                               0.166    -0.301     0.467   155.163
64 2FVD_16_bbn                              -2.067    -3.018     0.951    31.526
65 2FVD_17_ile                              -0.979    -3.780     2.801    74.100
66 2FVD_18_val                               0.256    -2.692     2.948   109.525
67 2FVD_19_ala                              -0.456    -1.773     1.317    74.258
68 2FVD_20_lys                               0.362    -5.495     5.857   106.591
69 2FVD_21_val                              -0.193    -1.148     0.955    83.172
70 2FVD_22_phe                               0.891    -2.355     3.246   137.828
71 2FVD_23_glu                              -0.391    -1.405     1.014    72.148
72 2FVD_24_phe                              -0.498    -3.086     2.588    83.864
73 2FVD_25_leu                              -0.061    -1.099     1.038    94.432
74 2FVD_26_hie                              -0.183    -0.527     0.344    65.211
75 2FVD_27_gln                              -2.975    -3.566     0.591    16.578
76 2FVD_28_asp                              -7.571    -9.816     2.245    22.868
77 2FVD_29_lys                             -18.971   -18.966    -0.005    -0.028
78 2FVD_30_asn                              -4.285    -4.527     0.242     5.342
79 2FVD_31_leu                              -1.069    -4.344     3.275    75.402
80 2FVD_32_ala                              -0.214    -1.161     0.947    81.606
81 2FVD_33_asp                              -6.306    -9.472     3.166    33.425
82 2OBF_01_bbn                               1.106    -0.518     1.624   313.473
83 2OBF_02_bbn                              -4.715    -7.805     3.090    39.596
84 2OBF_03_bbn                               1.410     0.825     0.585    70.904
85 2OBF_04_bbn                              -2.215    -3.767     1.552    41.209
86 2OBF_05_bbn                               0.112    -0.402     0.514   127.943
87 2OBF_06_bbn                               0.222    -0.817     1.039   127.213
88 2OBF_07_pro                              -0.016    -1.039     1.023    98.414
89 2OBF_08_bbn                               0.653     0.362     0.291    80.403
90 2OBF_09_bbn                               0.465    -0.473     0.938   198.275
91 2OBF_10_bbn                              -4.879    -5.683     0.804    14.154
92 2OBF_11_bbn                               0.931     0.668     0.263    39.397
93 2OBF_12_bbn                               3.015     1.836     1.179    64.220
94 2OBF_13_bbn                              -2.468    -2.971     0.503    16.923
95 2OBF_14_tyr                              -6.192    -6.909     0.717    10.372
96 2OBF_15_asn                              -3.604    -7.005     3.401    48.553
97 2OBF_16_tyr                              -1.906    -5.912     4.006    67.762
98 2OBF_17_arg                              43.006    41.108     1.898     4.618
99 2OBF_18_leu                              -0.073    -0.537     0.464    86.471
100 2OBF_19_val                             -0.059    -2.422     2.363    97.561
101 2OBF_20_ala                             -0.352    -0.973     0.621    63.850
102 2OBF_21_leu                             -0.712    -1.240     0.528    42.613
103 2OBF_22_tyr                             -2.078    -3.891     1.813    46.607
104 2OBF_23_tyr                             -1.804    -2.925     1.121    38.314
105 2OBF_24_phe                             -2.762    -9.337     6.575    70.420
106 2OBF_25_ala                             -0.202    -0.605     0.403    66.676
107 2OBF_26_ala                             -0.540    -1.585     1.045    65.955
108 2OBF_27_glu                           -123.400  -135.109    11.709     8.667
109 2OBF_28_tyr                             -3.805    -8.661     4.856    56.066
110 2OBF_29_val                             -0.230    -0.943     0.713    75.595
111 2OBF_30_met                              0.941    -0.341     1.282   375.991
112 2OBF_31_asp                            -77.876   -82.912     5.036     6.073
113 2OBF_32_val                             -1.171    -1.915     0.744    38.841
114 2OBF_33_val                             -0.351    -1.506     1.155    76.705
115 2P4Y_01_bbn                              1.075     0.633     0.442    69.839
116 2P4Y_02_bbn                             -2.069    -3.158     1.089    34.487
117 2P4Y_03_bbn                              1.561    -1.621     3.182   196.270
118 2P4Y_04_bbn                              1.101    -0.504     1.605   318.361
119 2P4Y_05_bbn                             -1.862    -3.285     1.423    43.328
120 2P4Y_06_bbn                             -1.231    -1.259     0.028     2.241
121 2P4Y_07_bbn                             -1.986    -1.965    -0.021    -1.072
122 2P4Y_08_bbn                             -1.842    -1.945     0.103     5.317
123 2P4Y_09_bbn                             -0.020    -0.814     0.794    97.525
124 2P4Y_10_bbn                              0.042    -1.060     1.102   104.003
125 2P4Y_11_bbn                             -1.019    -1.549     0.530    34.217
126 2P4Y_12_bbn                             -0.219    -1.648     1.429    86.690
127 2P4Y_13_bbn                              0.945     0.388     0.557   143.479
128 2P4Y_14_bbn                             -6.732    -7.223     0.491     6.800
129 2P4Y_15_bbn                            -17.949   -22.002     4.053    18.422
130 2P4Y_16_bbn                             -6.672    -6.373    -0.299    -4.689
131 2P4Y_17_phe                             -0.085    -0.118     0.033    28.220
132 2P4Y_18_ile                             -0.195    -0.958     0.763    79.688
133 2P4Y_19_cys                             -2.384    -5.376     2.992    55.663
134 2P4Y_20_phe                             -0.613    -1.502     0.889    59.210
135 2P4Y_21_arg                            -64.389   -70.559     6.170     8.744
136 2P4Y_22_ser                             -1.881    -1.952     0.071     3.651
137 2P4Y_23_ala                             -0.483    -2.010     1.527    75.974
138 2P4Y_24_glu                             21.811    19.435     2.376    12.227
139 2P4Y_25_ile                             -0.234    -1.935     1.701    87.931
140 2P4Y_26_ile                             -0.456    -2.787     2.331    83.628
141 2P4Y_27_tyr                              0.191    -1.841     2.032   110.354
142 2P4Y_28_met                             -1.019    -2.641     1.622    61.409
143 2P4Y_29_leu                             -0.644    -4.607     3.963    86.019
144 2P4Y_30_leu                             -0.461    -2.673     2.212    82.748
145 2P4Y_31_val                             -0.703    -1.593     0.890    55.858
146 2P4Y_32_ile                             -1.994    -7.524     5.530    73.493
147 2P4Y_33_ser                             -3.929    -3.787    -0.142    -3.740
148 2P4Y_34_met                             -0.551    -2.077     1.526    73.483
149 2P4Y_35_leu                             -0.610    -1.370     0.760    55.453
150 2P4Y_36_phe                             -0.147    -1.510     1.363    90.249
151 2P4Y_37_met                             -0.244    -3.066     2.822    92.048
152 2P4Y_38_lys                            -26.410   -28.948     2.538     8.767
153 2P4Y_39_hie                             -0.271    -1.154     0.883    76.523
154 2VOT_01_bbn                              2.922     2.471     0.451    18.231
155 2VOT_02_bbn                              1.301     0.834     0.467    55.947
156 2VOT_03_bbn                              2.354     1.814     0.540    29.759
157 2VOT_04_trp                             -0.640    -1.855     1.215    65.522
158 2VOT_05_asp                            -95.347  -108.715    13.368    12.296
159 2VOT_06_trp                             -0.273    -0.130    -0.143  -110.246
160 2VOT_07_arg                             41.060    41.149    -0.089    -0.216
161 2VOT_08_trp                             -0.172    -1.687     1.515    89.797
162 2VOT_09_cys                             -0.974    -1.784     0.810    45.378
163 2VOT_10_asn                             -3.034    -3.554     0.520    14.643
164 2VOT_11_glu                           -101.922  -109.350     7.428     6.793
165 2VOT_12_glu                            -44.238   -45.354     1.116     2.461
166 2VOT_13_trp                              0.899    -0.448     1.347   300.658
167 2VOT_14_trp                              0.634     0.355     0.279    78.606
168 2VOT_15_hip                             53.764    52.496     1.268     2.416
169 2VOT_16_trp                             -1.936    -7.689     5.753    74.822
170 2VOT_17_tyr                              0.612    -4.084     4.696   114.991
171 2VOT_18_glu                           -102.792  -111.797     9.005     8.055
172 2VOT_19_ser                              0.944     0.657     0.287    43.641
173 2VOT_20_ser                             -0.917    -1.306     0.389    29.822
174 2VOT_21_trp                             -8.407   -14.338     5.931    41.365
175 2VOT_22_trp                             -3.965    -7.156     3.191    44.589
176 2VW5_01_bbn                             -0.144    -1.602     1.458    90.986
177 2VW5_02_bbn                             -0.691    -2.012     1.321    65.632
178 2VW5_03_bbn                              0.162    -0.165     0.327   198.012
179 2VW5_04_bbn                              0.273    -0.347     0.620   178.732
180 2VW5_05_bbn                             -0.062    -1.513     1.451    95.895
181 2VW5_06_bbn                              0.380     0.010     0.370  3698.000
182 2VW5_07_bbn                              0.259    -0.062     0.321   518.500
183 2VW5_08_bbn                              0.515    -0.306     0.821   268.173
184 2VW5_09_bbn                             -1.331    -1.959     0.628    32.070
185 2VW5_10_bbn                             -0.127    -0.747     0.620    82.997
186 2VW5_11_bbn                             -2.446    -3.942     1.496    37.959
187 2VW5_12_bbn                              0.381     0.092     0.289   314.467
188 2VW5_13_bbn                             -4.846    -7.609     2.763    36.312
189 2VW5_14_bbn                             -2.407    -2.653     0.246     9.288
190 2VW5_15_bbn                              0.422     0.119     0.303   254.681
191 2VW5_16_asn                             -2.199    -6.153     3.954    64.264
192 2VW5_17_ala                             -0.114    -0.437     0.323    73.867
193 2VW5_18_asp                            -17.775   -27.702     9.927    35.835
194 2VW5_19_ala                             -0.377    -1.574     1.197    76.034
195 2VW5_20_lys                            -11.634   -16.841     5.207    30.918
196 2VW5_21_asp                            -17.455   -20.676     3.221    15.579
197 2VW5_22_ile                             -0.213    -0.966     0.753    78.001
198 2VW5_23_met                             -1.944    -5.847     3.903    66.751
199 2VW5_24_glu                             -5.445    -6.855     1.410    20.570
200 2VW5_25_asn                              0.757    -1.838     2.595   141.211
201 2VW5_26_leu                             -0.247    -1.397     1.150    82.311
202 2VW5_28_val                             -0.185    -0.688     0.503    73.124
203 2VW5_29_phe                             -1.671    -3.685     2.014    54.662
204 2VW5_30_tyr                             -0.553    -1.319     0.766    58.052
205 2VW5_31_val                             -0.045    -0.469     0.424    90.407
206 2VW5_32_thr                             -1.833    -4.575     2.742    59.943
207 2VW5_33_leu                             -0.148    -0.905     0.757    83.600
208 2XB8_01_bbn                              4.536     2.947     1.589    53.931
209 2XB8_02_bbn                             -1.702    -3.648     1.946    53.350
210 2XB8_03_bbn                             -1.803    -2.281     0.478    20.957
211 2XB8_04_bbn                             -1.967    -3.228     1.261    39.068
212 2XB8_05_bbn                             -1.522    -1.707     0.185    10.866
213 2XB8_06_bbn                              2.830     1.795     1.035    57.674
214 2XB8_07_bbn                              1.315     0.743     0.572    76.991
215 2XB8_08_bbn                             -7.008    -8.427     1.419    16.835
216 2XB8_09_bbn                             -3.037    -4.519     1.482    32.789
217 2XB8_10_bbn                             -1.984    -1.881    -0.103    -5.498
218 2XB8_11_bbn                             -2.723    -3.191     0.468    14.665
219 2XB8_12_bbn                            -15.889   -18.509     2.620    14.153
220 2XB8_13_bbn                            -15.636   -18.726     3.090    16.501
221 2XB8_14_bbn                              3.287     3.105     0.182     5.849
222 2XB8_15_bbn                             -0.921    -1.108     0.187    16.847
223 2XB8_16_asn                              1.596     0.457     1.139   249.282
224 2XB8_17_leu                             -0.917    -4.157     3.240    77.953
225 2XB8_18_arg                            -22.532   -24.340     1.808     7.428
226 2XB8_19_leu                              0.072    -0.451     0.523   115.967
227 2XB8_20_arg                            -18.914   -19.929     1.015     5.092
228 2XB8_21_tyr                             -1.944    -7.905     5.961    75.408
229 2XB8_22_asn                             -5.550    -9.067     3.517    38.790
230 2XB8_23_thr                             -0.319    -1.159     0.840    72.443
231 2XB8_24_hid                              2.536    -4.787     7.323   152.986
232 2XB8_25_hie                              4.457     3.033     1.424    46.962
233 2XB8_26_ile                             -0.966    -3.670     2.704    73.682
234 2XB8_27_ser                             -7.567   -13.012     5.445    41.845
235 2XB8_28_val                             -0.593    -1.439     0.846    58.797
236 2XB8_29_arg                            -48.161   -51.470     3.309     6.430
237 2XB8_30_arg                            -51.261   -58.856     7.595    12.905
238 2XB8_31_val                             -0.180    -0.697     0.517    74.125
239 2XB8_32_asp                             32.578    28.727     3.851    13.406
240 2XB8_33_glu                             21.394    22.273    -0.879    -3.947
241 2YKI_01_bbn                              0.546     0.150     0.396   263.900
242 2YKI_02_bbn                             -0.058    -0.223     0.165    73.776
243 2YKI_03_bbn                              0.495    -0.885     1.380   155.956
244 2YKI_04_bbn                             -0.171    -0.501     0.330    65.874
245 2YKI_05_bbn                             -0.637    -1.095     0.458    41.859
246 2YKI_06_bbn                             -0.361    -0.852     0.491    57.589
247 2YKI_07_bbn                              0.182    -1.001     1.183   118.191
248 2YKI_08_bbn                             -7.724   -10.123     2.399    23.702
249 2YKI_09_bbn                              1.171    -0.006     1.177 19623.667
250 2YKI_10_bbn                              0.418    -1.105     1.523   137.857
251 2YKI_11_bbn                             -1.185    -4.313     3.128    72.519
252 2YKI_12_bbn                             -0.278    -1.057     0.779    73.706
253 2YKI_13_bbn                              0.050    -0.391     0.441   112.867
254 2YKI_14_bbn                             -0.542    -1.846     1.304    70.658
255 2YKI_15_bbn                              0.061    -0.336     0.397   118.039
256 2YKI_16_bbn                             -0.081    -0.240     0.159    66.333
257 2YKI_17_bbn                             -2.305    -2.670     0.365    13.687
258 2YKI_18_bbn                             -1.034    -1.851     0.817    44.112
259 2YKI_19_bbn                              0.354     0.096     0.258   268.854
260 2YKI_20_bbn                              0.367     0.160     0.207   129.206
261 2YKI_21_bbn                              0.335    -0.036     0.371  1031.028
262 2YKI_22_phe                             -0.445    -2.016     1.571    77.945
263 2YKI_23_gln                             -0.437    -0.677     0.240    35.459
264 2YKI_24_ile                             -0.203    -1.114     0.911    81.770
265 2YKI_25_leu                             -0.056    -0.415     0.359    86.508
266 2YKI_26_asn                             -5.777    -7.324     1.547    21.124
267 2YKI_27_ser                              0.363     0.118     0.245   207.958
268 2YKI_28_ala                              0.108    -0.284     0.392   138.113
269 2YKI_29_asp                            -21.434   -25.837     4.403    17.041
270 2YKI_30_ile                             -0.064    -0.373     0.309    82.925
271 2YKI_31_met                             -2.301    -7.012     4.711    67.192
272 2YKI_32_leu                             -0.295    -1.697     1.402    82.627
273 2YKI_33_ile                             -0.015    -0.356     0.341    95.851
274 2YKI_34_leu                             -1.145    -5.688     4.543    79.878
275 2YKI_35_ile                             -0.146    -1.195     1.049    87.818
276 2YKI_36_ala                             -0.355    -1.598     1.243    77.763
277 2YKI_37_val                             -0.098    -0.790     0.692    87.627
278 2YKI_38_phe                             -2.580    -8.399     5.819    69.283
279 2YKI_40_val                             -0.481    -1.733     1.252    72.274
280 2YKI_41_trp                             -0.529    -6.213     5.684    91.491
281 2YKI_42_phe                             -0.692    -2.736     2.044    74.719
282 2YKI_43_thr                             -1.048    -3.713     2.665    71.783
283 2YKI_44_val                             -0.164    -0.972     0.808    83.172
284 2ZX6_01_bbn                              3.582     2.718     0.864    31.799
285 2ZX6_02_bbn                              1.173    -0.331     1.504   454.372
286 2ZX6_03_bbn                              0.387    -0.366     0.753   205.828
287 2ZX6_04_bbn                              1.995     1.694     0.301    17.776
288 2ZX6_05_phe                             -1.326    -2.454     1.128    45.953
289 2ZX6_06_hid                            -11.588   -21.607    10.019    46.369
290 2ZX6_07_leu                             -0.108    -1.413     1.305    92.358
291 2ZX6_08_tyr                             -0.315    -3.321     3.006    90.513
292 2ZX6_09_glu                            -71.660   -80.174     8.514    10.619
293 2ZX6_10_trp                             -0.098    -1.055     0.957    90.730
294 2ZX6_11_hie                             -0.599    -1.054     0.455    43.186
295 2ZX6_12_hid                             -9.962   -18.071     8.109    44.871
296 2ZX6_13_tyr                              1.210    -0.065     1.275  1960.769
297 2ZX6_14_leu                             -0.069    -0.230     0.161    70.078
298 2ZX6_15_trp                             -2.354    -3.758     1.404    37.370
299 2ZX6_16_asp                           -101.760  -110.036     8.276     7.521
300 2ZX6_17_met                             -1.775    -4.204     2.429    57.788
301 2ZX6_18_arg                             63.966    55.564     8.402    15.121
302 2ZX6_19_glu                           -103.617  -111.740     8.123     7.269
303 2ZX6_20_val                             -0.338    -1.102     0.764    69.311
304 2ZX6_21_asn                             -5.797    -5.871     0.074     1.264
305 2ZX6_22_thr                             -2.050    -2.562     0.512    19.977
306 2ZX6_23_phe                             -4.222    -8.275     4.053    48.978
307 3G0W_01_bbn                              0.945    -0.280     1.225   437.439
308 3G0W_02_bbn                             -0.626    -3.220     2.594    80.567
309 3G0W_03_bbn                              0.753     0.001     0.752 75236.000
310 3G0W_04_bbn                              0.549    -0.022     0.571  2593.273
311 3G0W_05_bbn                              1.386    -0.757     2.143   283.082
312 3G0W_06_bbn                              0.837     0.348     0.489   140.526
313 3G0W_07_bbn                             -0.297    -0.797     0.500    62.698
314 3G0W_08_bbn                              0.508    -0.335     0.843   251.531
315 3G0W_09_bbn                             -0.512    -1.026     0.514    50.084
316 3G0W_10_bbn                              0.432     1.077    -0.645   -59.880
317 3G0W_11_bbn                              2.602     2.491     0.111     4.456
318 3G0W_12_bbn                             -0.236    -0.473     0.237    50.209
319 3G0W_13_bbn                             -1.201    -1.851     0.650    35.139
320 3G0W_14_bbn                             -0.118    -0.879     0.761    86.605
321 3G0W_15_bbn                              0.111    -0.077     0.188   244.260
322 3G0W_16_leu                             -0.437    -1.582     1.145    72.360
323 3G0W_17_leu                             -0.667    -4.177     3.510    84.024
324 3G0W_18_asn                            -11.306   -15.230     3.924    25.766
325 3G0W_19_leu                             -0.725    -2.527     1.802    71.296
326 3G0W_20_gln                              1.689     0.770     0.919   119.408
327 3G0W_21_trp                              0.473    -1.224     1.697   138.650
328 3G0W_22_met                             -0.215    -2.943     2.728    92.692
329 3G0W_23_met                             -1.277    -6.038     4.761    78.855
330 3G0W_24_val                             -0.176    -2.021     1.845    91.309
331 3G0W_25_met                             -1.405    -2.591     1.186    45.766
332 3G0W_26_arg                            -14.906   -18.754     3.848    20.519
333 3G0W_27_phe                             -1.040    -3.633     2.593    71.382
334 3G0W_28_met                             -0.642    -2.138     1.496    69.955
335 3G0W_29_met                             -0.052    -0.973     0.921    94.707
336 3G0W_30_leu                             -0.404    -1.954     1.550    79.347
337 3G0W_31_phe                             -0.088    -0.746     0.658    88.153
338 3G0W_32_thr                             -1.875    -4.362     2.487    57.009
339 3G0W_33_leu                             -0.359    -0.959     0.600    62.576
340 3G0W_34_phe                             -0.701    -2.385     1.684    70.616
341 3G0W_35_met                              0.179    -0.625     0.804   128.664
342 3G0W_36_ile                              0.425    -0.474     0.899   189.667
343 3GCU_01_bbn                              0.071    -0.282     0.353   125.000
344 3GCU_02_bbn                             -2.505    -3.124     0.619    19.805
345 3GCU_03_bbn                             -0.395    -1.441     1.046    72.557
346 3GCU_04_bbn                             -0.247    -1.028     0.781    76.018
347 3GCU_05_bbn                              0.168    -0.689     0.857   124.388
348 3GCU_06_bbn                              0.206    -0.328     0.534   162.808
349 3GCU_07_bbn                             -1.530    -1.867     0.337    18.061
350 3GCU_08_bbn                              0.365    -0.029     0.394  1357.862
351 3GCU_09_bbn                              0.349    -1.389     1.738   125.127
352 3GCU_10_bbn                              0.253    -0.503     0.756   150.229
353 3GCU_11_bbn                             -0.974    -1.166     0.192    16.442
354 3GCU_12_bbn                              0.220    -0.152     0.372   244.776
355 3GCU_13_bbn                             -0.615    -1.220     0.605    49.602
356 3GCU_14_bbn                             -0.659    -1.261     0.602    47.764
357 3GCU_15_bbn                             -0.363    -0.618     0.255    41.188
358 3GCU_16_bbn                             -2.188    -2.654     0.466    17.563
359 3GCU_17_bbn                             -3.894    -8.222     4.328    52.634
360 3GCU_18_bbn                             -1.292    -2.033     0.741    36.426
361 3GCU_19_bbn                             -0.011    -0.332     0.321    96.726
362 3GCU_20_bbn                              0.022    -0.237     0.259   109.143
363 3GCU_21_bbn                             -1.020    -1.341     0.321    23.938
364 3GCU_22_bbn                             -5.525    -8.470     2.945    34.768
365 3GCU_23_bbn                             -1.341    -3.359     2.018    60.064
366 3GCU_24_val                             -0.369    -1.617     1.248    77.181
367 3GCU_25_tyr                              0.120    -0.332     0.452   136.102
368 3GCU_26_val                             -0.482    -2.777     2.295    82.625
369 3GCU_27_ala                             -0.531    -1.853     1.322    71.350
370 3GCU_28_lys                              4.807    -1.564     6.371   407.366
371 3GCU_29_arg                              3.068     1.022     2.046   200.181
372 3GCU_30_arg                              2.136    -0.302     2.438   807.262
373 3GCU_31_glu                            -30.951   -40.107     9.156    22.830
374 3GCU_32_leu                             -0.163    -1.619     1.456    89.962
375 3GCU_33_leu                             -0.706    -3.539     2.833    80.043
376 3GCU_34_met                             -0.212    -1.363     1.151    84.439
377 3GCU_35_val                             -0.132    -0.854     0.722    84.574
378 3GCU_36_ile                             -0.698    -3.419     2.721    79.585
379 3GCU_37_leu                             -0.295    -1.666     1.371    82.295
380 3GCU_38_thr                             -3.142    -6.012     2.870    47.733
381 3GCU_39_leu                             -0.401    -1.675     1.274    76.081
382 3GCU_40_met                             -0.169    -1.631     1.462    89.665
383 3GCU_41_ile                             -0.248    -1.316     1.068    81.158
384 3GCU_42_ile                             -0.078    -0.576     0.498    86.498
385 3GCU_43_hie                             -0.943    -2.070     1.127    54.458
386 3GCU_44_ile                             -0.144    -0.486     0.342    70.432
387 3GCU_45_leu                             -1.023    -3.753     2.730    72.734
388 3GCU_46_asp                              0.350    -3.510     3.860   109.982
389 3GCU_47_phe                             -0.466    -3.750     3.284    87.581
390 3GCU_48_leu                             -0.108    -0.619     0.511    82.546
391 3GNW_01_pro                             -0.386    -1.763     1.377    78.121
392 3GNW_02_bbn                              0.042    -1.277     1.319   103.282
393 3GNW_03_bbn                             -1.638    -3.254     1.616    49.675
394 3GNW_04_bbn                             -0.869    -2.857     1.988    69.571
395 3GNW_05_bbn                              0.479    -0.513     0.992   193.368
396 3GNW_06_bbn                              0.523    -0.230     0.753   327.378
397 3GNW_07_bbn                             -1.225    -1.752     0.527    30.106
398 3GNW_08_bbn                              0.564    -0.221     0.785   355.023
399 3GNW_09_bbn                              0.910    -1.049     1.959   186.775
400 3GNW_10_bbn                              0.011    -0.798     0.809   101.358
401 3GNW_11_bbn                             -1.175    -2.458     1.283    52.216
402 3GNW_12_bbn                             -0.256    -0.729     0.473    64.859
403 3GNW_13_bbn                             -6.764    -7.914     1.150    14.535
404 3GNW_14_bbn                             -7.281    -7.893     0.612     7.748
405 3GNW_15_bbn                             -8.606    -8.705     0.099     1.137
406 3GNW_16_bbn                             -2.206    -2.751     0.545    19.816
407 3GNW_17_arg                              1.686    -1.153     2.839   246.209
408 3GNW_18_phe                              1.090    -1.633     2.723   166.752
409 3GNW_19_arg                             -4.855    -5.693     0.838    14.728
410 3GNW_20_asn                             -1.755    -1.994     0.239    11.978
411 3GNW_21_asp                             -4.217    -4.875     0.658    13.501
412 3GNW_22_cys                              0.150    -4.152     4.302   103.623
413 3GNW_23_ser                             -5.259    -8.521     3.262    38.278
414 3GNW_24_ser                             -0.577    -1.549     0.972    62.757
415 3GNW_25_leu                             -0.333    -2.381     2.048    85.999
416 3GNW_26_arg                              7.053     3.776     3.277    86.791
417 3GNW_27_ser                              0.013    -0.516     0.529   102.448
418 3GNW_28_asn                             -0.051    -1.264     1.213    95.968
419 3GNW_29_met                             -2.135    -6.025     3.890    64.560
420 3GNW_30_tyr                             -1.168    -4.562     3.394    74.403
421 3GNW_31_gln                              1.166    -0.305     1.471   482.325
422 3GNW_32_ile                             -0.066    -0.859     0.793    92.336
423 3GNW_33_tyr                             -2.515    -6.613     4.098    61.976
424 3GNW_34_hie                              0.090    -0.146     0.236   161.589
425 3GNW_35_ser                             -0.688    -4.733     4.045    85.466
426 3JVS_01_bbn                             -1.444    -1.960     0.516    26.332
427 3JVS_02_bbn                            -10.857   -13.696     2.839    20.730
428 3JVS_03_bbn                              0.595    -1.071     1.666   155.565
429 3JVS_04_bbn                              0.814    -0.504     1.318   261.472
430 3JVS_05_bbn                             -8.952   -12.381     3.429    27.697
431 3JVS_06_pro                             -2.502    -4.961     2.459    49.565
432 3JVS_07_bbn                              1.350     0.651     0.699   107.341
433 3JVS_08_pro                             -1.394    -2.382     0.988    41.474
434 3JVS_09_bbn                             -0.089    -0.536     0.447    83.474
435 3JVS_10_bbn                             -1.110    -1.080    -0.030    -2.733
436 3JVS_11_bbn                              0.375    -0.457     0.832   181.952
437 3JVS_12_bbn                             -1.684    -2.491     0.807    32.392
438 3JVS_13_bbn                              0.144    -1.033     1.177   113.963
439 3JVS_14_phe                             -3.320    -7.727     4.407    57.039
440 3JVS_15_asp                             -4.722    -7.306     2.584    35.370
441 3JVS_16_arg                             -0.206    -0.422     0.216    51.140
442 3JVS_17_ile                             -0.879    -3.698     2.819    76.236
443 3JVS_18_glu                             -4.002    -8.054     4.052    50.315
444 3JVS_19_tyr                             -0.566    -1.071     0.505    47.174
445 3JVS_20_ala                             -0.162    -0.589     0.427    72.497
446 3JVS_21_glu                             -3.849    -3.715    -0.134    -3.603
447 3JVS_22_leu                             -0.627    -1.646     1.019    61.891
448 3NOX_01_bbn                              1.802     0.798     1.004   125.843
449 3NOX_02_bbn                             -5.022    -6.207     1.185    19.087
450 3NOX_03_bbn                              1.246     0.757     0.489    64.580
451 3NOX_04_bbn                             -0.572    -1.971     1.399    70.992
452 3NOX_05_bbn                              3.035     1.333     1.702   127.668
453 3NOX_06_bbn                             -0.938    -1.433     0.495    34.532
454 3NOX_07_arg                             50.167    45.802     4.365     9.531
455 3NOX_08_glu                           -100.673  -111.564    10.891     9.762
456 3NOX_09_glu                           -115.768  -122.376     6.608     5.400
457 3NOX_10_tyr                             -1.630    -4.538     2.908    64.078
458 3NOX_11_trp                              1.921    -0.699     2.620   374.820
459 3NOX_12_ser                             -4.311    -6.327     2.016    31.863
460 3NOX_13_tyr                             -0.404    -2.286     1.882    82.325
461 3NOX_14_val                             -0.873    -0.341    -0.532  -156.050
462 3NOX_15_trp                             -1.225    -2.227     1.002    44.975
463 3NOX_16_tyr                            -11.848   -16.022     4.174    26.055
464 3NOX_17_asp                            -63.423   -62.357    -1.066    -1.710
465 3NOX_18_tyr                             -4.142    -8.583     4.441    51.739
466 3NOX_19_asn                             -3.691    -4.442     0.751    16.896
467 3NOX_20_val                             -0.306    -1.718     1.412    82.205
468 3NOX_21_hid                             -5.835    -8.313     2.478    29.809
469 3PE2_01_bbn                             -1.401    -3.063     1.662    54.248
470 3PE2_02_bbn                              0.808    -0.120     0.928   773.742
471 3PE2_03_bbn                             -1.368    -1.582     0.214    13.543
472 3PE2_04_bbn                             -0.741    -1.140     0.399    35.036
473 3PE2_05_bbn                             -1.032    -2.152     1.120    52.043
474 3PE2_06_bbn                             -1.738    -2.152     0.414    19.230
475 3PE2_07_bbn                             -0.253    -1.632     1.379    84.469
476 3PE2_08_bbn                             -3.785    -8.648     4.863    56.236
477 3PE2_09_bbn                              0.367     0.102     0.265   260.284
478 3PE2_10_bbn                             -1.571    -1.706     0.135     7.930
479 3PE2_11_bbn                             -2.919    -3.556     0.637    17.922
480 3PE2_12_bbn                            -14.562   -18.392     3.830    20.825
481 3PE2_13_bbn                             -6.563    -6.612     0.049     0.737
482 3PE2_14_leu                             -0.660    -3.361     2.701    80.364
483 3PE2_15_arg                            -22.006   -22.648     0.642     2.835
484 3PE2_16_val                             -0.965    -5.128     4.163    81.190
485 3PE2_17_val                             -0.612    -3.574     2.962    82.883
486 3PE2_18_lys                            -92.159  -101.837     9.678     9.503
487 3PE2_19_ile                             -0.920    -3.154     2.234    70.822
488 3PE2_20_phe                              0.986    -2.992     3.978   132.963
489 3PE2_21_hid                             -0.390    -1.757     1.367    77.825
490 3PE2_22_val                             -0.148    -1.155     1.007    87.203
491 3PE2_23_asn                             -0.147    -0.799     0.652    81.561
492 3PE2_24_hid                             -1.015    -2.844     1.829    64.302
493 3PE2_25_met                             -1.497    -4.093     2.596    63.430
494 3PE2_26_ile                             -1.315    -5.304     3.989    75.204
495 3PE2_27_asp                             58.595    57.516     1.079     1.877
496 3PE2_28_trp                             -2.632    -4.656     2.024    43.473
497 4GID_01_bbn                             -1.559    -2.050     0.491    23.960
498 4GID_02_bbn                              2.158     1.595     0.563    35.270
499 4GID_03_bbn                             -0.103    -1.725     1.622    94.027
500 4GID_04_bbn                             -2.908    -5.236     2.328    44.452
501 4GID_05_bbn                              1.211     0.112     1.099   981.687
502 4GID_06_bbn                              4.764     2.493     2.271    91.108
503 4GID_07_bbn                            -12.700   -14.417     1.717    11.912
504 4GID_08_bbn                              0.752    -0.097     0.849   874.825
505 4GID_09_pro                             -0.342    -1.047     0.705    67.381
506 4GID_10_bbn                             -3.257    -4.144     0.887    21.399
507 4GID_11_bbn                              0.737    -2.179     2.916   133.832
508 4GID_12_bbn                             -0.715    -2.931     2.216    75.616
509 4GID_13_bbn                             -5.147    -5.824     0.677    11.631
510 4GID_14_bbn                             -1.611    -2.012     0.401    19.954
511 4GID_15_bbn                             -1.360    -1.966     0.606    30.830
512 4GID_16_bbn                             -3.433    -4.380     0.947    21.621
513 4GID_17_bbn                              1.282     0.779     0.503    64.602
514 4GID_18_bbn                             -3.146    -3.432     0.286     8.341
515 4GID_19_bbn                             -0.859    -1.652     0.793    48.018
516 4GID_20_bbn                              3.153    -0.379     3.532   932.018
517 4GID_21_bbn                            -13.576   -18.166     4.590    25.266
518 4GID_22_bbn                             -1.744    -6.907     5.163    74.745
519 4GID_23_bbn                             -5.929    -5.857    -0.072    -1.234
520 4GID_24_bbn                              1.271     0.454     0.817   179.879
521 4GID_25_ser                              0.559     0.291     0.268    92.124
522 4GID_26_gln                             -1.121    -1.744     0.623    35.734
523 4GID_27_tyr                              0.504    -0.498     1.002   201.153
524 4GID_28_leu                             -0.307    -2.591     2.284    88.157
525 4GID_29_asp                            -78.911   -79.976     1.065     1.332
526 4GID_30_ser                              3.022     0.726     2.296   316.263
527 4GID_31_val                             -0.131    -0.830     0.699    84.201
528 4GID_32_tyr                             -1.992    -8.307     6.315    76.023
529 4GID_33_thr                             -4.577    -1.485    -3.092  -208.243
530 4GID_34_gln                              2.140    -2.954     5.094   172.458
531 4GID_35_phe                             -0.677    -2.732     2.055    75.214
532 4GID_36_ile                             -0.287    -1.625     1.338    82.359
533 4GID_37_trp                             -0.754    -3.718     2.964    79.726
534 4GID_38_ile                             -0.415    -1.892     1.477    78.069
535 4GID_39_ile                             -0.349    -1.303     0.954    73.215
536 4GID_40_arg                             29.939    28.317     1.622     5.728
537 4GID_41_tyr                             -2.288    -4.078     1.790    43.904
538 4GID_42_ile                             -0.264    -1.315     1.051    79.898
539 4GID_43_asp                           -108.314  -114.321     6.007     5.255
540 4GID_44_thr                             -4.708    -6.629     1.921    28.985
541 4GID_45_thr                             -2.571    -4.836     2.265    46.840
542 4GID_46_asn                             -2.788    -5.295     2.507    47.354
543 4GID_47_arg                             30.832    27.645     3.187    11.528
544 4GID_48_lys                             23.444    23.587    -0.143    -0.604
545 4GID_49_ser                              1.110     0.084     1.026  1221.714
546 4GID_50_val                             -0.175    -1.455     1.280    87.992
547 4GID_51_ala                             -0.110    -0.385     0.275    71.509
==========================================================================================
RMSE                2.773   kcal/mol
MUE                 1.888   kcal/mol
------------------------------------------------------------------------------------------
MSE                 1.857   kcal/mol
min                -3.092   kcal/mol
max                13.368   kcal/mol
range              16.460   kcal/mol
min abs             0.005   kcal/mol
max abs            13.368   kcal/mol
==========================================================================================
RMSE             3335.597   %
MUE               280.625   %
MSE               278.462   %
min              -208.243   %
max             75236.000   %
range           75444.243   %
min abs             0.028   %
max abs         75236.000   %
------------------------------------------------------------------------------------------
RMSE/|avg|         34.243   %
MUE/|avg|          23.314   %
==========================================================================================
Statistics for groups:
neutral-neutral(225)RMSE      1.793   MSE       1.336   kcal/mol
charged-neutral(280)RMSE      2.610   MSE       1.854   kcal/mol
charged-charged(42) RMSE      6.124   MSE       4.675   kcal/mol
--------------------------------------------------------------------------------
neutral-neutralRMSE/|avg|     79.35 %
charged-neutralRMSE/|avg|     61.19 %
charged-chargedRMSE/|avg|     9.43 %
==========================================================================================

